partition,horizon,precision,recall,threshold
val_calib,10,0.054294175715695954,1.0,3.215653590605072e-25
val_calib,10,0.05432098765432099,1.0,1.1357310936554087e-24
val_calib,10,0.05434782608695652,1.0,5.361508464385954e-21
val_calib,10,0.05437469105289174,1.0,1.6662620587447983e-20
val_calib,10,0.05440158259149357,1.0,5.3688747639823534e-20
val_calib,10,0.05442850074220683,1.0,5.789563282312407e-20
val_calib,10,0.054455445544554455,1.0,7.257246340854765e-20
val_calib,10,0.05448241703813769,1.0,1.6901643010440525e-19
val_calib,10,0.05450941526263627,1.0,3.372987780340188e-19
val_calib,10,0.05453644025780863,1.0,2.2229925559733245e-18
val_calib,10,0.054563492063492064,1.0,6.038622859405327e-18
val_calib,10,0.05459057071960298,1.0,6.1416894372031474e-18
val_calib,10,0.05461767626613704,1.0,9.574757992231467e-18
val_calib,10,0.0546448087431694,1.0,1.1374426045879011e-17
val_calib,10,0.05467196819085487,1.0,1.2171591642400802e-17
val_calib,10,0.05469915464942814,1.0,1.5465665396505267e-17
val_calib,10,0.05472636815920398,1.0,1.555828377069529e-17
val_calib,10,0.0547536087605774,1.0,1.6219013580596725e-17
val_calib,10,0.054780876494023904,1.0,1.746112414339264e-17
val_calib,10,0.05480817140009965,1.0,1.9489007332751976e-17
val_calib,10,0.054835493519441676,1.0,2.0479595167601833e-17
val_calib,10,0.05486284289276808,1.0,2.3737822382171322e-17
val_calib,10,0.054890219560878244,1.0,2.6052803718563902e-17
val_calib,10,0.05491762356465302,1.0,2.6152059894803536e-17
val_calib,10,0.054945054945054944,1.0,2.6482167715107842e-17
val_calib,10,0.054972513743128434,1.0,2.6779220566269866e-17
val_calib,10,0.055,1.0,2.7145436658646805e-17
val_calib,10,0.05502751375687844,1.0,2.7621516893999777e-17
val_calib,10,0.055055055055055056,1.0,2.827017409480137e-17
val_calib,10,0.05508262393590386,1.0,2.851340478490528e-17
val_calib,10,0.05511022044088176,1.0,2.8608851045414213e-17
val_calib,10,0.05513784461152882,1.0,3.106592940825221e-17
val_calib,10,0.055165496489468405,1.0,3.2863405749454514e-17
val_calib,10,0.05519317611640743,1.0,3.3061254487201465e-17
val_calib,10,0.055220883534136546,1.0,3.374604169571795e-17
val_calib,10,0.055248618784530384,1.0,3.419640095054681e-17
val_calib,10,0.05527638190954774,1.0,3.649020150970688e-17
val_calib,10,0.05530417295123177,1.0,3.741039799957127e-17
val_calib,10,0.05533199195171026,1.0,3.874345371985292e-17
val_calib,10,0.055359838953195774,1.0,4.005520563934824e-17
val_calib,10,0.0553877139979859,1.0,4.07408298373649e-17
val_calib,10,0.055415617128463476,1.0,4.332600592140335e-17
val_calib,10,0.055443548387096774,1.0,4.9554486797244826e-17
val_calib,10,0.05547150781643974,1.0,4.975712808380004e-17
val_calib,10,0.055499495459132187,1.0,5.0808381716812596e-17
val_calib,10,0.05552751135790005,1.0,5.131151064725428e-17
val_calib,10,0.05555555555555555,1.0,5.83587639532535e-17
val_calib,10,0.05558362809499747,1.0,5.920310347101375e-17
val_calib,10,0.055611729019211326,1.0,6.462789714174321e-17
val_calib,10,0.0556398583712696,1.0,6.631581664607451e-17
val_calib,10,0.05566801619433198,1.0,6.844240079808498e-17
val_calib,10,0.05569620253164557,1.0,6.894339872005999e-17
val_calib,10,0.05572441742654509,1.0,7.508252148519808e-17
val_calib,10,0.055752660922453116,1.0,7.538736300228399e-17
val_calib,10,0.055780933062880324,1.0,7.707451182518703e-17
val_calib,10,0.05580923389142567,1.0,7.797798278129436e-17
val_calib,10,0.05583756345177665,1.0,7.825219051924329e-17
val_calib,10,0.055865921787709494,1.0,7.904633215042863e-17
val_calib,10,0.05589430894308943,1.0,7.919071766109285e-17
val_calib,10,0.05592272496187087,1.0,8.139134838652003e-17
val_calib,10,0.05595116988809766,1.0,8.53470798791735e-17
val_calib,10,0.05597964376590331,1.0,8.704376239196356e-17
val_calib,10,0.0560081466395112,1.0,8.894278109819125e-17
val_calib,10,0.056036678553234846,1.0,9.232199452724607e-17
val_calib,10,0.05606523955147808,1.0,1.0024756772357296e-16
val_calib,10,0.05609382967873534,1.0,1.6548178103900133e-16
val_calib,10,0.05612244897959184,1.0,1.716553528890773e-16
val_calib,10,0.05615109749872384,1.0,1.986453285541705e-16
val_calib,10,0.056179775280898875,1.0,2.823934520843684e-16
val_calib,10,0.05620848237097598,1.0,2.9211412280756984e-16
val_calib,10,0.05623721881390593,1.0,3.427272156758555e-16
val_calib,10,0.056265984654731455,1.0,4.801936422750574e-16
val_calib,10,0.05629477993858751,1.0,5.74164194057504e-16
val_calib,10,0.05632360471070148,1.0,5.806682860438359e-16
val_calib,10,0.05635245901639344,1.0,6.09118680787391e-16
val_calib,10,0.056381342901076374,1.0,6.340230904167176e-16
val_calib,10,0.05641025641025641,1.0,6.347741683359378e-16
val_calib,10,0.05643919958953309,1.0,6.569926441236287e-16
val_calib,10,0.05646817248459959,1.0,7.937387784886143e-16
val_calib,10,0.05649717514124294,1.0,8.854175165465278e-16
val_calib,10,0.0565262076053443,1.0,1.1285630327131328e-15
val_calib,10,0.056555269922879174,1.0,1.1484754660534763e-15
val_calib,10,0.056584362139917695,1.0,1.2193280040379906e-15
val_calib,10,0.056613484302624806,1.0,1.2533608944954597e-15
val_calib,10,0.05664263645726056,1.0,1.2680445257513484e-15
val_calib,10,0.05667181865018032,1.0,1.2908245161734668e-15
val_calib,10,0.05670103092783505,1.0,1.321344669976419e-15
val_calib,10,0.05673027333677153,1.0,1.3510601823328081e-15
val_calib,10,0.05675954592363261,1.0,1.374813288232581e-15
val_calib,10,0.05678884873515746,1.0,1.4223554378253015e-15
val_calib,10,0.056818181818181816,1.0,1.4278798729082784e-15
val_calib,10,0.056847545219638244,1.0,1.4654093741472276e-15
val_calib,10,0.05687693898655636,1.0,1.4921357531162082e-15
val_calib,10,0.056906363166063116,1.0,1.552166217542899e-15
val_calib,10,0.056935817805383024,1.0,1.5750033737198455e-15
val_calib,10,0.05696530295183842,1.0,1.612785718541899e-15
val_calib,10,0.05699481865284974,1.0,1.6763695161849564e-15
val_calib,10,0.05702436495593572,1.0,1.7267189009682325e-15
val_calib,10,0.05705394190871369,1.0,1.735184256592382e-15
val_calib,10,0.05708354955889985,1.0,1.8403687375837405e-15
val_calib,10,0.05711318795430945,1.0,1.90687130408064e-15
val_calib,10,0.05714285714285714,1.0,1.9784036182593044e-15
val_calib,10,0.057172557172557176,1.0,1.983238463763877e-15
val_calib,10,0.05720228809152366,1.0,1.9839087698397107e-15
val_calib,10,0.05723204994797086,1.0,1.991576067511989e-15
val_calib,10,0.05726184279021343,1.0,2.052848065070287e-15
val_calib,10,0.057291666666666664,1.0,2.0543081313466952e-15
val_calib,10,0.0573215216258468,1.0,2.086308892996531e-15
val_calib,10,0.05735140771637122,1.0,2.183373088315088e-15
val_calib,10,0.05738132498695879,1.0,2.2400735007202145e-15
val_calib,10,0.05741127348643006,1.0,2.261541449000357e-15
val_calib,10,0.057441253263707574,1.0,2.294163678531801e-15
val_calib,10,0.05747126436781609,1.0,2.3049681793172574e-15
val_calib,10,0.057501306847882905,1.0,2.3625291665291437e-15
val_calib,10,0.05753138075313807,1.0,2.4103014222461346e-15
val_calib,10,0.0575614861329147,1.0,2.463610174437136e-15
val_calib,10,0.05759162303664921,1.0,2.517135165018808e-15
val_calib,10,0.057621791513881616,1.0,2.5787550950888106e-15
val_calib,10,0.057651991614255764,1.0,2.5949631056403268e-15
val_calib,10,0.05768222338751967,1.0,2.6449993883870353e-15
val_calib,10,0.05771248688352571,1.0,2.6827789687296077e-15
val_calib,10,0.05774278215223097,1.0,2.7184830109811854e-15
val_calib,10,0.05777310924369748,1.0,2.7301172814922164e-15
val_calib,10,0.057803468208092484,1.0,2.7639761605853816e-15
val_calib,10,0.05783385909568875,1.0,2.7860906473340073e-15
val_calib,10,0.057864281956864806,1.0,2.8517196426147605e-15
val_calib,10,0.05789473684210526,1.0,3.045222577627622e-15
val_calib,10,0.057925223802001054,1.0,3.0720380624542588e-15
val_calib,10,0.05795574288724974,1.0,3.148804473680141e-15
val_calib,10,0.05798629414865577,1.0,3.2805207167325758e-15
val_calib,10,0.0580168776371308,1.0,3.3627150091847975e-15
val_calib,10,0.05804749340369393,1.0,3.539964696632866e-15
val_calib,10,0.05807814149947202,1.0,3.5705035054293006e-15
val_calib,10,0.05810882197569995,1.0,3.596529757082463e-15
val_calib,10,0.05813953488372093,1.0,3.614850946951069e-15
val_calib,10,0.05817028027498678,1.0,3.747141274489762e-15
val_calib,10,0.0582010582010582,1.0,3.775747963207179e-15
val_calib,10,0.058231868713605084,1.0,3.831749401678626e-15
val_calib,10,0.05826271186440678,1.0,3.847656445982531e-15
val_calib,10,0.05829358770535241,1.0,3.9075958980311244e-15
val_calib,10,0.05832449628844114,1.0,4.009288159499144e-15
val_calib,10,0.058355437665782495,1.0,4.021016461126065e-15
val_calib,10,0.058386411889596604,1.0,4.030833457585221e-15
val_calib,10,0.058417419012214554,1.0,4.077697316229676e-15
val_calib,10,0.05844845908607864,1.0,4.186730980071362e-15
val_calib,10,0.05847953216374269,1.0,4.260764919192601e-15
val_calib,10,0.05851063829787234,1.0,4.295814862080994e-15
val_calib,10,0.05854177754124534,1.0,4.442453909397452e-15
val_calib,10,0.058572949946751864,1.0,4.4493254896241126e-15
val_calib,10,0.05860415556739478,1.0,4.459264396281833e-15
val_calib,10,0.05863539445628998,1.0,4.532774762286272e-15
val_calib,10,0.058666666666666666,1.0,4.617463570974135e-15
val_calib,10,0.05869797225186766,1.0,4.633960774529487e-15
val_calib,10,0.05872931126534971,1.0,4.983051058606479e-15
val_calib,10,0.05876068376068376,1.0,5.089451294581185e-15
val_calib,10,0.05879208979155532,1.0,5.2644002356304995e-15
val_calib,10,0.058823529411764705,1.0,5.268930651954591e-15
val_calib,10,0.05885500267522739,1.0,5.331392391872214e-15
val_calib,10,0.058886509635974305,1.0,5.348134542929728e-15
val_calib,10,0.05891805034815212,1.0,5.493127377751405e-15
val_calib,10,0.05894962486602358,1.0,5.604719387949898e-15
val_calib,10,0.058981233243967826,1.0,5.7611509593699604e-15
val_calib,10,0.059012875536480686,1.0,5.883476882355248e-15
val_calib,10,0.059044551798174985,1.0,6.020050992547275e-15
val_calib,10,0.05907626208378088,1.0,6.059619206695735e-15
val_calib,10,0.05910800644814616,1.0,6.2402862207001245e-15
val_calib,10,0.05913978494623656,1.0,6.370260223397378e-15
val_calib,10,0.05917159763313609,1.0,6.4928526094855105e-15
val_calib,10,0.059203444564047365,1.0,6.501634292034819e-15
val_calib,10,0.05923532579429187,1.0,6.52048166623242e-15
val_calib,10,0.059267241379310345,1.0,6.571544819775305e-15
val_calib,10,0.05929919137466307,1.0,6.8597239526366566e-15
val_calib,10,0.0593311758360302,1.0,6.877153482541293e-15
val_calib,10,0.05936319481921209,1.0,6.9018887453475375e-15
val_calib,10,0.05939524838012959,1.0,7.071772307459893e-15
val_calib,10,0.05942733657482442,1.0,7.09811291148265e-15
val_calib,10,0.05945945945945946,1.0,7.466179532959552e-15
val_calib,10,0.05949161709031909,1.0,7.681326150719119e-15
val_calib,10,0.05952380952380952,1.0,7.734244231919734e-15
val_calib,10,0.05955603681645912,1.0,7.825562188327649e-15
val_calib,10,0.059588299024918745,1.0,8.183726716915946e-15
val_calib,10,0.05962059620596206,1.0,8.210009003970079e-15
val_calib,10,0.0596529284164859,1.0,8.644301773064356e-15
val_calib,10,0.05968529571351058,1.0,8.77839961947842e-15
val_calib,10,0.05971769815418024,1.0,8.948395503095874e-15
val_calib,10,0.05975013579576317,1.0,9.378644410031852e-15
val_calib,10,0.059782608695652176,1.0,9.421816535527874e-15
val_calib,10,0.059815116911364874,1.0,9.52047009078283e-15
val_calib,10,0.05984766050054407,1.0,9.52428705817701e-15
val_calib,10,0.059880239520958084,1.0,9.753451628614317e-15
val_calib,10,0.05991285403050109,1.0,9.947106015656451e-15
val_calib,10,0.05994550408719346,1.0,1.0214374689075087e-14
val_calib,10,0.05997818974918211,1.0,1.0285577959976849e-14
val_calib,10,0.06001091107474086,1.0,1.0348243551170361e-14
val_calib,10,0.060043668122270744,1.0,1.039319291635227e-14
val_calib,10,0.060076460950300385,1.0,1.0445488520371439e-14
val_calib,10,0.060109289617486336,1.0,1.0530689102201862e-14
val_calib,10,0.06014215418261345,1.0,1.0705846649105448e-14
val_calib,10,0.060175054704595186,1.0,1.129682318851231e-14
val_calib,10,0.060207991242474,1.0,1.2411183323580191e-14
val_calib,10,0.060240963855421686,1.0,1.3960236541053006e-14
val_calib,10,0.06027397260273973,1.0,1.4874302192397835e-14
val_calib,10,0.06030701754385965,1.0,1.5060420812532827e-14
val_calib,10,0.06034009873834339,1.0,1.5091118407325248e-14
val_calib,10,0.06037321624588365,1.0,1.5104293873805612e-14
val_calib,10,0.06040637012630423,1.0,1.5570541185676697e-14
val_calib,10,0.06043956043956044,1.0,1.604272875169752e-14
val_calib,10,0.060472787245739415,1.0,1.6578208054804595e-14
val_calib,10,0.06050605060506051,1.0,1.68225496874503e-14
val_calib,10,0.06053935057787562,1.0,1.7871094936171998e-14
val_calib,10,0.0605726872246696,1.0,1.8277990122523472e-14
val_calib,10,0.06060606060606061,1.0,1.840228150520551e-14
val_calib,10,0.06063947078280044,1.0,1.8437271213026315e-14
val_calib,10,0.06067291781577496,1.0,1.899973628322708e-14
val_calib,10,0.06070640176600441,1.0,1.9832151676959064e-14
val_calib,10,0.060739922694643844,1.0,2.1742097087307542e-14
val_calib,10,0.06077348066298342,1.0,2.2354506848697356e-14
val_calib,10,0.06080707573244887,1.0,2.2397379781383406e-14
val_calib,10,0.06084070796460177,1.0,2.282518917006888e-14
val_calib,10,0.06087437742114001,1.0,2.5878735382307557e-14
val_calib,10,0.06090808416389812,1.0,2.6372526727690635e-14
val_calib,10,0.060941828254847646,1.0,2.8448152219680905e-14
val_calib,10,0.06097560975609756,1.0,2.913019689014029e-14
val_calib,10,0.06100942872989462,1.0,3.0691600192938334e-14
val_calib,10,0.06104328523862375,1.0,3.1594665071320315e-14
val_calib,10,0.06107717934480844,1.0,3.169067361887918e-14
val_calib,10,0.06111111111111111,1.0,3.263721283131804e-14
val_calib,10,0.061145080600333516,1.0,3.2719135806389675e-14
val_calib,10,0.06117908787541713,1.0,3.5324150387348355e-14
val_calib,10,0.06121313299944352,1.0,3.7045325195302844e-14
val_calib,10,0.061247216035634745,1.0,3.735048098269819e-14
val_calib,10,0.06128133704735376,1.0,3.767360709694665e-14
val_calib,10,0.06131549609810479,1.0,3.971623075376654e-14
val_calib,10,0.06134969325153374,1.0,4.183338756394981e-14
val_calib,10,0.06138392857142857,1.0,4.300227514589064e-14
val_calib,10,0.06141820212171971,1.0,4.4043750851058076e-14
val_calib,10,0.061452513966480445,1.0,4.90505598480912e-14
val_calib,10,0.06148686416992733,1.0,5.110435262825804e-14
val_calib,10,0.06152125279642058,1.0,5.5461499633069787e-14
val_calib,10,0.06155567991046446,1.0,5.65572275386969e-14
val_calib,10,0.06159014557670773,1.0,6.421777552406877e-14
val_calib,10,0.06162464985994398,1.0,6.712222991260867e-14
val_calib,10,0.061659192825112105,1.0,6.754903761475846e-14
val_calib,10,0.06169377453729669,1.0,6.861435580159462e-14
val_calib,10,0.06172839506172839,1.0,6.917451604206897e-14
val_calib,10,0.06176305446378439,1.0,7.069514314506033e-14
val_calib,10,0.06179775280898876,1.0,7.095746380606237e-14
val_calib,10,0.061832490163012926,1.0,7.156277216075984e-14
val_calib,10,0.06186726659167604,1.0,7.187962376073812e-14
val_calib,10,0.061902082160945414,1.0,7.386259399519574e-14
val_calib,10,0.061936936936936936,1.0,7.530973074008284e-14
val_calib,10,0.061971830985915494,1.0,7.580037100052079e-14
val_calib,10,0.06200676437429538,1.0,7.751118674534628e-14
val_calib,10,0.06204173716864072,1.0,7.834395556880663e-14
val_calib,10,0.062076749435665914,1.0,7.936321168675548e-14
val_calib,10,0.062111801242236024,1.0,8.033635431322482e-14
val_calib,10,0.062146892655367235,1.0,8.047473845693303e-14
val_calib,10,0.06218202374222725,1.0,8.643009119874957e-14
val_calib,10,0.06221719457013575,1.0,8.662279868304476e-14
val_calib,10,0.0622524052065648,1.0,8.723873945586001e-14
val_calib,10,0.0622876557191393,1.0,8.919647002519693e-14
val_calib,10,0.06232294617563739,1.0,9.417057517220158e-14
val_calib,10,0.06235827664399093,1.0,1.053826061280901e-13
val_calib,10,0.06239364719228588,1.0,1.0817476065794792e-13
val_calib,10,0.06242905788876277,1.0,1.13389719197227e-13
val_calib,10,0.06246450880181715,1.0,1.1542684773525203e-13
val_calib,10,0.0625,1.0,1.2275115234625642e-13
val_calib,10,0.06253553155201819,1.0,1.4635676675514394e-13
val_calib,10,0.06257110352673492,1.0,1.5573115175486124e-13
val_calib,10,0.06260671599317018,1.0,1.601219037941378e-13
val_calib,10,0.06264236902050115,1.0,1.722502025144723e-13
val_calib,10,0.06267806267806268,1.0,1.7599218861668536e-13
val_calib,10,0.06271379703534778,1.0,1.8391568460416578e-13
val_calib,10,0.06274957216200798,1.0,1.974202031485668e-13
val_calib,10,0.06278538812785388,1.0,1.9829042009000598e-13
val_calib,10,0.0628212450028555,1.0,2.1618599957498355e-13
val_calib,10,0.06285714285714286,1.0,2.1859582538698867e-13
val_calib,10,0.06289308176100629,1.0,2.2602510635679685e-13
val_calib,10,0.06292906178489703,1.0,2.3459173357262926e-13
val_calib,10,0.06296508299942759,1.0,2.4939500901926647e-13
val_calib,10,0.06300114547537228,1.0,2.8117686153749874e-13
val_calib,10,0.06303724928366762,1.0,2.881579363314475e-13
val_calib,10,0.06307339449541284,1.0,2.8839705076625e-13
val_calib,10,0.06310958118187034,1.0,3.082265417204578e-13
val_calib,10,0.06314580941446613,1.0,3.241940274721522e-13
val_calib,10,0.06318207926479034,1.0,3.3523358850130494e-13
val_calib,10,0.06321839080459771,1.0,3.4182469719193557e-13
val_calib,10,0.06325474410580793,1.0,4.5079100641772184e-13
val_calib,10,0.06329113924050633,1.0,4.61883393871311e-13
val_calib,10,0.06332757628094415,1.0,4.69022118698118e-13
val_calib,10,0.06336405529953917,1.0,4.896455351368419e-13
val_calib,10,0.06340057636887608,1.0,4.957994658961314e-13
val_calib,10,0.06343713956170703,1.0,5.035472126900862e-13
val_calib,10,0.06347374495095211,1.0,5.086426099600482e-13
val_calib,10,0.06351039260969978,1.0,5.119986981783074e-13
val_calib,10,0.0635470826112074,1.0,5.222360730367515e-13
val_calib,10,0.06358381502890173,1.0,5.312289479170376e-13
val_calib,10,0.06362058993637941,1.0,5.931188326279805e-13
val_calib,10,0.06365740740740741,1.0,6.33458265010249e-13
val_calib,10,0.06369426751592357,1.0,6.523454651872251e-13
val_calib,10,0.06373117033603708,1.0,6.682473177938364e-13
val_calib,10,0.06376811594202898,1.0,7.201818164534496e-13
val_calib,10,0.06380510440835267,1.0,7.203827354890709e-13
val_calib,10,0.06384213580963435,1.0,7.339037725430805e-13
val_calib,10,0.06387921022067364,1.0,7.569468837851518e-13
val_calib,10,0.06391632771644393,1.0,7.71664999040152e-13
val_calib,10,0.06395348837209303,1.0,8.337437503698296e-13
val_calib,10,0.06399069226294357,1.0,8.580374674838581e-13
val_calib,10,0.0640279394644936,1.0,9.197341793131648e-13
val_calib,10,0.064065230052417,1.0,1.2670411295605842e-12
val_calib,10,0.0641025641025641,1.0,1.3359407829235614e-12
val_calib,10,0.0641399416909621,1.0,1.3459581749684183e-12
val_calib,10,0.06417736289381563,1.0,1.446400312041489e-12
val_calib,10,0.0642148277875073,1.0,1.5455997096392765e-12
val_calib,10,0.06425233644859812,1.0,1.5526071231536969e-12
val_calib,10,0.06428988895382817,1.0,1.6054646173543086e-12
val_calib,10,0.06432748538011696,1.0,1.778033058400964e-12
val_calib,10,0.06436512580456408,1.0,1.7899049469745753e-12
val_calib,10,0.06440281030444965,1.0,1.851647245403632e-12
val_calib,10,0.06444053895723492,1.0,1.8705213014210227e-12
val_calib,10,0.06447831184056271,1.0,1.881914194147343e-12
val_calib,10,0.06451612903225806,1.0,1.887211207841567e-12
val_calib,10,0.06455399061032864,1.0,1.8911260399756033e-12
val_calib,10,0.06459189665296536,1.0,1.8934900859641828e-12
val_calib,10,0.06462984723854288,1.0,1.8944352741360178e-12
val_calib,10,0.06466784244562022,1.0,1.8954649222182535e-12
val_calib,10,0.06470588235294118,1.0,1.918888377358876e-12
val_calib,10,0.06474396703943497,1.0,1.9359061483168342e-12
val_calib,10,0.06478209658421673,1.0,1.9723503841075687e-12
val_calib,10,0.0648202710665881,1.0,2.034493260115943e-12
val_calib,10,0.06485849056603774,1.0,2.075107946402627e-12
val_calib,10,0.06489675516224189,1.0,2.0973195136807926e-12
val_calib,10,0.06493506493506493,1.0,2.2691112777409576e-12
val_calib,10,0.06497341996455995,1.0,2.3071794493755234e-12
val_calib,10,0.06501182033096926,1.0,2.3997867764660734e-12
val_calib,10,0.06505026611472502,1.0,2.4100342292436183e-12
val_calib,10,0.0650887573964497,1.0,2.4728742505198993e-12
val_calib,10,0.06512729425695678,1.0,2.476555803043125e-12
val_calib,10,0.06516587677725119,1.0,2.478692415715492e-12
val_calib,10,0.06520450503852994,1.0,2.487043271719037e-12
val_calib,10,0.06524317912218268,1.0,2.4957396095109164e-12
val_calib,10,0.06528189910979229,1.0,2.5739252084683057e-12
val_calib,10,0.06532066508313539,1.0,2.6067503014668034e-12
val_calib,10,0.06535947712418301,1.0,2.6566859191136957e-12
val_calib,10,0.06539833531510107,1.0,2.774393345762814e-12
val_calib,10,0.06543723973825104,1.0,2.784266486180803e-12
val_calib,10,0.06547619047619048,1.0,2.8026639931046256e-12
val_calib,10,0.06551518761167362,1.0,2.808960482456703e-12
val_calib,10,0.06555423122765197,1.0,2.8616756814763923e-12
val_calib,10,0.06559332140727489,1.0,2.8629134724039893e-12
val_calib,10,0.06563245823389022,1.0,2.8784842120783977e-12
val_calib,10,0.06567164179104477,1.0,2.8935690009253505e-12
val_calib,10,0.06571087216248507,1.0,2.9974448303877276e-12
val_calib,10,0.0657501494321578,1.0,3.0992319096296516e-12
val_calib,10,0.06578947368421052,1.0,3.1277692328495777e-12
val_calib,10,0.06582884500299221,1.0,3.1318360553477334e-12
val_calib,10,0.0658682634730539,1.0,3.141542831207973e-12
val_calib,10,0.0659077291791492,1.0,3.142748512622811e-12
val_calib,10,0.06594724220623502,1.0,3.302491266046587e-12
val_calib,10,0.06598680263947211,1.0,3.315571421551944e-12
val_calib,10,0.06602641056422569,1.0,3.3235571008713002e-12
val_calib,10,0.06606606606606606,1.0,3.3530476568691162e-12
val_calib,10,0.06610576923076923,1.0,3.374176371280624e-12
val_calib,10,0.0661455201443175,1.0,3.477710231106677e-12
val_calib,10,0.06618531889290012,1.0,3.5243784394628623e-12
val_calib,10,0.06622516556291391,1.0,3.5569282556616398e-12
val_calib,10,0.06626506024096386,1.0,3.5616335251422396e-12
val_calib,10,0.06630500301386377,1.0,3.5839255575376093e-12
val_calib,10,0.06634499396863691,1.0,3.6262974755534434e-12
val_calib,10,0.0663850331925166,1.0,3.680089352551329e-12
val_calib,10,0.06642512077294686,1.0,3.6926254888797975e-12
val_calib,10,0.06646525679758308,1.0,3.728122944000554e-12
val_calib,10,0.06650544135429262,1.0,3.7618595977394164e-12
val_calib,10,0.06654567453115548,1.0,3.7697338202483685e-12
val_calib,10,0.06658595641646489,1.0,3.77161801148871e-12
val_calib,10,0.06662628709872805,1.0,3.778761744480435e-12
val_calib,10,0.06666666666666667,1.0,3.7832269279976675e-12
val_calib,10,0.0667070952092177,1.0,3.785283688149939e-12
val_calib,10,0.06674757281553398,1.0,3.799313443528768e-12
val_calib,10,0.06678809957498483,1.0,3.812646990683174e-12
val_calib,10,0.06682867557715674,1.0,3.843836516547284e-12
val_calib,10,0.0668693009118541,1.0,3.89299691132244e-12
val_calib,10,0.06690997566909976,1.0,3.948441921399874e-12
val_calib,10,0.06695069993913573,1.0,3.949311210789596e-12
val_calib,10,0.06699147381242387,1.0,3.9961830391686484e-12
val_calib,10,0.06703229737964655,1.0,3.99800236582729e-12
val_calib,10,0.06707317073170732,1.0,4.045382257980054e-12
val_calib,10,0.06711409395973154,1.0,4.085613655715831e-12
val_calib,10,0.06715506715506715,1.0,4.119764884388218e-12
val_calib,10,0.06719609040928527,1.0,4.15517743302129e-12
val_calib,10,0.06723716381418093,1.0,4.1878961894585744e-12
val_calib,10,0.0672782874617737,1.0,4.194220834994025e-12
val_calib,10,0.06731946144430845,1.0,4.241157636189612e-12
val_calib,10,0.06736068585425597,1.0,4.250699147225184e-12
val_calib,10,0.06740196078431372,1.0,4.259769281291042e-12
val_calib,10,0.0674432863274065,1.0,4.260596682759818e-12
val_calib,10,0.06748466257668712,1.0,4.411330709095242e-12
val_calib,10,0.06752608962553713,1.0,4.446240230728445e-12
val_calib,10,0.06756756756756757,1.0,4.610690609137203e-12
val_calib,10,0.06760909649661954,1.0,4.701552204377182e-12
val_calib,10,0.06765067650676507,1.0,4.772752309255466e-12
val_calib,10,0.06769230769230769,1.0,4.810904546666511e-12
val_calib,10,0.06773399014778325,1.0,4.816967107227849e-12
val_calib,10,0.06777572396796057,1.0,4.895287097160846e-12
val_calib,10,0.06781750924784218,1.0,4.958907405175438e-12
val_calib,10,0.06785934608266501,1.0,4.976762150998752e-12
val_calib,10,0.06790123456790123,1.0,5.0075947270083145e-12
val_calib,10,0.06794317479925881,1.0,5.114148843731961e-12
val_calib,10,0.06798516687268233,1.0,5.205363611645477e-12
val_calib,10,0.06802721088435375,1.0,5.398405536805579e-12
val_calib,10,0.06806930693069307,1.0,5.420793230815472e-12
val_calib,10,0.06811145510835913,1.0,5.471918716693951e-12
val_calib,10,0.06815365551425032,1.0,5.503845374397387e-12
val_calib,10,0.06819590824550527,1.0,5.633801421742241e-12
val_calib,10,0.06823821339950373,1.0,5.6483237966064436e-12
val_calib,10,0.06828057107386716,1.0,5.698571012418714e-12
val_calib,10,0.06832298136645963,1.0,5.8210176021221246e-12
val_calib,10,0.06836544437538844,1.0,5.888787142801527e-12
val_calib,10,0.06840796019900497,1.0,5.90772571058502e-12
val_calib,10,0.06845052893590542,1.0,6.018826401868914e-12
val_calib,10,0.0684931506849315,1.0,6.0423703416932964e-12
val_calib,10,0.06853582554517133,1.0,6.194770564331253e-12
val_calib,10,0.0685785536159601,1.0,6.207086470905105e-12
val_calib,10,0.06862133499688085,1.0,6.28251456644739e-12
val_calib,10,0.0686641697877653,1.0,6.3177201249364835e-12
val_calib,10,0.06870705808869457,1.0,6.52960510931192e-12
val_calib,10,0.06875,1.0,6.5403837796838555e-12
val_calib,10,0.06879299562226392,1.0,6.576839487497525e-12
val_calib,10,0.0688360450563204,1.0,6.581095622970651e-12
val_calib,10,0.06887914840325611,1.0,6.5903611942039706e-12
val_calib,10,0.06892230576441102,1.0,6.601303343693196e-12
val_calib,10,0.06896551724137931,1.0,6.707533831653022e-12
val_calib,10,0.06900878293601004,1.0,6.762625837983356e-12
val_calib,10,0.06905210295040803,1.0,6.7738198114173714e-12
val_calib,10,0.06909547738693467,1.0,6.946572322244067e-12
val_calib,10,0.06913890634820867,1.0,7.003390617080467e-12
val_calib,10,0.06918238993710692,1.0,7.071588211420422e-12
val_calib,10,0.06922592825676527,1.0,7.073792264779395e-12
val_calib,10,0.06926952141057935,1.0,7.132528145775171e-12
val_calib,10,0.06931316950220542,1.0,7.213323224953194e-12
val_calib,10,0.06935687263556116,1.0,7.244444393096598e-12
val_calib,10,0.0694006309148265,1.0,7.343961528797054e-12
val_calib,10,0.06944444444444445,1.0,7.422969594237947e-12
val_calib,10,0.06948831332912192,1.0,7.543228355282269e-12
val_calib,10,0.0695322376738306,1.0,7.599779765259129e-12
val_calib,10,0.06957621758380772,1.0,7.715200195287139e-12
val_calib,10,0.06962025316455696,1.0,7.75637957368447e-12
val_calib,10,0.06966434452184928,1.0,7.764357088664791e-12
val_calib,10,0.0697084917617237,1.0,7.770079094290376e-12
val_calib,10,0.06975269499048826,1.0,7.794076674651962e-12
val_calib,10,0.06979695431472081,1.0,7.882169164221722e-12
val_calib,10,0.06984126984126984,1.0,7.915239393672972e-12
val_calib,10,0.0698856416772554,1.0,7.962419691373477e-12
val_calib,10,0.06993006993006994,1.0,8.256989842280673e-12
val_calib,10,0.06997455470737914,1.0,8.25699079661306e-12
val_calib,10,0.07001909611712286,1.0,8.258293370197377e-12
val_calib,10,0.07006369426751592,1.0,8.261455775959026e-12
val_calib,10,0.07010834926704908,1.0,8.317618981531066e-12
val_calib,10,0.07015306122448979,1.0,8.36778424939525e-12
val_calib,10,0.07019783024888322,1.0,8.447201547158755e-12
val_calib,10,0.070242656449553,1.0,8.47269112271753e-12
val_calib,10,0.07028753993610223,1.0,8.571936148363427e-12
val_calib,10,0.07033248081841433,1.0,8.614596950006069e-12
val_calib,10,0.07037747920665387,1.0,8.792514292205728e-12
val_calib,10,0.07042253521126761,1.0,8.846408393468425e-12
val_calib,10,0.07046764894298527,1.0,8.871219437221254e-12
val_calib,10,0.07051282051282051,1.0,8.983655811754987e-12
val_calib,10,0.07055805003207184,1.0,9.177288360869658e-12
val_calib,10,0.07060333761232349,1.0,9.313791368279191e-12
val_calib,10,0.07064868336544637,1.0,9.45905627364125e-12
val_calib,10,0.07069408740359898,1.0,9.48241471976663e-12
val_calib,10,0.0707395498392283,1.0,9.543780848984193e-12
val_calib,10,0.07078507078507079,1.0,9.665561565591174e-12
val_calib,10,0.07083065035415326,1.0,9.759154956109064e-12
val_calib,10,0.07087628865979381,1.0,9.759500639304272e-12
val_calib,10,0.07092198581560284,1.0,9.782790468711308e-12
val_calib,10,0.07096774193548387,1.0,9.804778003195368e-12
val_calib,10,0.07101355713363461,1.0,9.817177975160242e-12
val_calib,10,0.0710594315245478,1.0,9.868880398039809e-12
val_calib,10,0.07110536522301228,1.0,9.977628031122557e-12
val_calib,10,0.07115135834411385,1.0,9.987048071651641e-12
val_calib,10,0.07119741100323625,1.0,1.002039080500546e-11
val_calib,10,0.07124352331606218,1.0,1.0082277320451928e-11
val_calib,10,0.0712896953985742,1.0,1.0189857031483246e-11
val_calib,10,0.07133592736705577,1.0,1.0197170103864803e-11
val_calib,10,0.07138221933809215,1.0,1.0211424859013103e-11
val_calib,10,0.07142857142857142,1.0,1.0261179415398367e-11
val_calib,10,0.0714749837556855,1.0,1.032731991228928e-11
val_calib,10,0.07152145643693109,1.0,1.0385862529868106e-11
val_calib,10,0.07156798959011061,1.0,1.0731967645866499e-11
val_calib,10,0.07161458333333333,1.0,1.0737539032106018e-11
val_calib,10,0.07166123778501629,1.0,1.0922209911592953e-11
val_calib,10,0.07170795306388526,1.0,1.1132368040658538e-11
val_calib,10,0.07175472928897586,1.0,1.1187790789048723e-11
val_calib,10,0.07180156657963446,1.0,1.1208558125738292e-11
val_calib,10,0.07184846505551927,1.0,1.1308485392744819e-11
val_calib,10,0.0718954248366013,1.0,1.1316205727022154e-11
val_calib,10,0.07194244604316546,1.0,1.131710019893199e-11
val_calib,10,0.07198952879581152,1.0,1.1436854170843478e-11
val_calib,10,0.07203667321545514,1.0,1.146163218041779e-11
val_calib,10,0.07208387942332896,1.0,1.1483932766332955e-11
val_calib,10,0.07213114754098361,1.0,1.1539066929472205e-11
val_calib,10,0.07217847769028872,1.0,1.1586296004099523e-11
val_calib,10,0.07222586999343401,1.0,1.179412896211096e-11
val_calib,10,0.07227332457293036,1.0,1.1850105172293536e-11
val_calib,10,0.07232084155161078,1.0,1.1888772148104234e-11
val_calib,10,0.07236842105263158,1.0,1.1905456520344396e-11
val_calib,10,0.07241606319947334,1.0,1.2102839027866241e-11
val_calib,10,0.07246376811594203,1.0,1.2188002602182488e-11
val_calib,10,0.07251153592617007,1.0,1.220878425671539e-11
val_calib,10,0.07255936675461741,1.0,1.2472634843167547e-11
val_calib,10,0.07260726072607261,1.0,1.2572678912502832e-11
val_calib,10,0.0726552179656539,1.0,1.2622476653792726e-11
val_calib,10,0.07270323859881031,1.0,1.263537178181184e-11
val_calib,10,0.07275132275132275,1.0,1.2849836089784245e-11
val_calib,10,0.07279947054930509,1.0,1.2987159295888053e-11
val_calib,10,0.0728476821192053,1.0,1.3055408030236959e-11
val_calib,10,0.0728959575878065,1.0,1.3422232622726135e-11
val_calib,10,0.07294429708222812,1.0,1.3437944544541366e-11
val_calib,10,0.072992700729927,1.0,1.3504296775132606e-11
val_calib,10,0.07304116865869854,1.0,1.3652710426520477e-11
val_calib,10,0.07308970099667775,1.0,1.3850912995341814e-11
val_calib,10,0.07313829787234043,1.0,1.3895857784882837e-11
val_calib,10,0.07318695941450433,1.0,1.4294976803887276e-11
val_calib,10,0.07323568575233022,1.0,1.4429228394827474e-11
val_calib,10,0.07328447701532312,1.0,1.4433024330914896e-11
val_calib,10,0.07333333333333333,1.0,1.4956267877554677e-11
val_calib,10,0.0733822548365577,1.0,1.5062930147800007e-11
val_calib,10,0.07343124165554073,1.0,1.5103606010232514e-11
val_calib,10,0.07348029392117568,1.0,1.516962429354304e-11
val_calib,10,0.07352941176470588,1.0,1.5252571339471763e-11
val_calib,10,0.07357859531772576,1.0,1.5468327336258338e-11
val_calib,10,0.07362784471218206,1.0,1.5531565922378146e-11
val_calib,10,0.07367716008037509,1.0,1.5941290123743525e-11
val_calib,10,0.07372654155495978,1.0,1.599699484647109e-11
val_calib,10,0.07377598926894702,1.0,1.6054990444320348e-11
val_calib,10,0.0738255033557047,1.0,1.6925415486110006e-11
val_calib,10,0.07387508394895903,1.0,1.714320684475831e-11
val_calib,10,0.0739247311827957,1.0,1.7231448055543382e-11
val_calib,10,0.07397444519166106,1.0,1.7320556310158676e-11
val_calib,10,0.0740242261103634,1.0,1.754184420281199e-11
val_calib,10,0.07407407407407407,1.0,1.7626957941802823e-11
val_calib,10,0.07412398921832884,1.0,1.8146742031322958e-11
val_calib,10,0.07417397167902899,1.0,1.816791030608928e-11
val_calib,10,0.07422402159244265,1.0,1.8275438385523884e-11
val_calib,10,0.07427413909520594,1.0,1.8345817910362123e-11
val_calib,10,0.07432432432432433,1.0,1.837654969913975e-11
val_calib,10,0.07437457741717377,1.0,1.854509333782516e-11
val_calib,10,0.07442489851150202,1.0,1.8912298736830092e-11
val_calib,10,0.07447528774542993,1.0,1.897828841565224e-11
val_calib,10,0.07452574525745258,1.0,1.8991733202634747e-11
val_calib,10,0.07457627118644068,1.0,1.9134397296291253e-11
val_calib,10,0.07462686567164178,1.0,1.9573420721265583e-11
val_calib,10,0.0746775288526816,1.0,1.963429726777781e-11
val_calib,10,0.07472826086956522,1.0,2.1315333024069978e-11
val_calib,10,0.07477906186267845,1.0,2.158838620047165e-11
val_calib,10,0.07482993197278912,1.0,2.1788704191086287e-11
val_calib,10,0.07488087134104833,1.0,2.2755111746369502e-11
val_calib,10,0.07493188010899182,1.0,2.288916604779088e-11
val_calib,10,0.07498295841854125,1.0,2.3379789233338305e-11
val_calib,10,0.07503410641200546,1.0,2.3681729818502647e-11
val_calib,10,0.07508532423208192,1.0,2.4726365929496192e-11
val_calib,10,0.07513661202185792,1.0,2.4739647933545063e-11
val_calib,10,0.07518796992481203,1.0,2.487340632297804e-11
val_calib,10,0.07523939808481532,1.0,2.4939790319621514e-11
val_calib,10,0.07529089664613278,1.0,2.7680050701765393e-11
val_calib,10,0.07534246575342465,1.0,2.7763153139130057e-11
val_calib,10,0.07539410555174778,1.0,2.7843144312015723e-11
val_calib,10,0.07544581618655692,1.0,2.799717997158189e-11
val_calib,10,0.07549759780370624,1.0,2.839186672407953e-11
val_calib,10,0.07554945054945054,1.0,2.8451566245468078e-11
val_calib,10,0.07560137457044673,1.0,2.8458766541236676e-11
val_calib,10,0.07565337001375516,1.0,2.8569599344137862e-11
val_calib,10,0.07570543702684102,1.0,2.9028448177466034e-11
val_calib,10,0.07575757575757576,1.0,2.912737834820259e-11
val_calib,10,0.07580978635423846,1.0,3.002455098190609e-11
val_calib,10,0.07586206896551724,1.0,3.010297430874148e-11
val_calib,10,0.0759144237405107,1.0,3.045445176106289e-11
val_calib,10,0.07596685082872928,1.0,3.0683262601353216e-11
val_calib,10,0.07601935038009675,1.0,3.128292851625634e-11
val_calib,10,0.07607192254495158,1.0,3.1484061939801934e-11
val_calib,10,0.07612456747404844,1.0,3.175741621625861e-11
val_calib,10,0.07617728531855955,1.0,3.2083567653225155e-11
val_calib,10,0.07623007623007623,1.0,3.2814920192568995e-11
val_calib,10,0.07628294036061026,1.0,3.3059252081691874e-11
val_calib,10,0.07633587786259542,1.0,3.3333379346371595e-11
val_calib,10,0.0763888888888889,1.0,3.349517421465465e-11
val_calib,10,0.07644197359277276,1.0,3.433526978249355e-11
val_calib,10,0.07649513212795549,1.0,3.495014922227096e-11
val_calib,10,0.07654836464857341,1.0,3.5127047794166135e-11
val_calib,10,0.0766016713091922,1.0,3.6106089187871196e-11
val_calib,10,0.07665505226480836,1.0,3.6893747249855015e-11
val_calib,10,0.07670850767085077,1.0,3.860338873135561e-11
val_calib,10,0.07676203768318214,1.0,3.9581397166540666e-11
val_calib,10,0.07681564245810056,1.0,3.972281608799676e-11
val_calib,10,0.07686932215234102,1.0,4.0501494719283366e-11
val_calib,10,0.07692307692307693,1.0,4.0529700384661644e-11
val_calib,10,0.07697690692792163,1.0,4.055644157312212e-11
val_calib,10,0.07703081232492998,1.0,4.0577978886196976e-11
val_calib,10,0.07708479327259986,1.0,4.252699313410551e-11
val_calib,10,0.07713884992987377,1.0,4.2805975125779386e-11
val_calib,10,0.07719298245614035,1.0,4.294080423819111e-11
val_calib,10,0.07724719101123595,1.0,4.348285363134085e-11
val_calib,10,0.07730147575544624,1.0,4.354887599878985e-11
val_calib,10,0.07735583684950774,1.0,4.447350534200216e-11
val_calib,10,0.07741027445460943,1.0,4.493209748275786e-11
val_calib,10,0.07746478873239436,1.0,4.8344730411495925e-11
val_calib,10,0.07751937984496124,1.0,5.1646938616660265e-11
val_calib,10,0.07757404795486601,1.0,5.179997369830794e-11
val_calib,10,0.0776287932251235,1.0,5.240728662017792e-11
val_calib,10,0.07768361581920905,1.0,5.252045433863764e-11
val_calib,10,0.07773851590106007,1.0,5.383940825225037e-11
val_calib,10,0.07779349363507779,1.0,5.6242392112119746e-11
val_calib,10,0.07784854918612881,1.0,5.7772792561311006e-11
val_calib,10,0.07790368271954674,1.0,5.79037670449677e-11
val_calib,10,0.07795889440113395,1.0,5.8143835204059075e-11
val_calib,10,0.07801418439716312,1.0,5.884035553799561e-11
val_calib,10,0.07806955287437899,1.0,5.896293747356072e-11
val_calib,10,0.078125,1.0,5.951131201492617e-11
val_calib,10,0.07818052594171997,1.0,5.966975299249827e-11
val_calib,10,0.07823613086770982,1.0,5.999507963025491e-11
val_calib,10,0.07829181494661921,1.0,6.145029087483647e-11
val_calib,10,0.07834757834757834,1.0,6.38092606699811e-11
val_calib,10,0.07840342124019957,1.0,6.551360247506783e-11
val_calib,10,0.07845934379457917,1.0,7.127936644767173e-11
val_calib,10,0.07851534618129907,1.0,7.169382986311827e-11
val_calib,10,0.07857142857142857,1.0,7.208932121983345e-11
val_calib,10,0.07862759113652609,1.0,7.331326709314977e-11
val_calib,10,0.07868383404864092,1.0,7.340462934871221e-11
val_calib,10,0.07874015748031496,1.0,7.397605289440898e-11
val_calib,10,0.07879656160458452,1.0,7.442935471061383e-11
val_calib,10,0.07885304659498207,1.0,7.739733442876984e-11
val_calib,10,0.07890961262553801,1.0,7.808295423046684e-11
val_calib,10,0.07896625987078248,1.0,7.816557884730811e-11
val_calib,10,0.07902298850574713,1.0,7.837830842682959e-11
val_calib,10,0.07907979870596693,1.0,7.892513837902833e-11
val_calib,10,0.07913669064748201,1.0,7.962858807706307e-11
val_calib,10,0.07919366450683946,1.0,8.059052004644121e-11
val_calib,10,0.0792507204610951,1.0,8.06017861756497e-11
val_calib,10,0.07930785868781542,1.0,8.543418319293816e-11
val_calib,10,0.07936507936507936,1.0,8.786006725958156e-11
val_calib,10,0.07942238267148015,1.0,9.10852128761803e-11
val_calib,10,0.07947976878612717,1.0,9.169301373793807e-11
val_calib,10,0.07953723788864786,1.0,9.284080248087542e-11
val_calib,10,0.07959479015918958,1.0,9.569524762085701e-11
val_calib,10,0.07965242577842144,1.0,9.666221713322889e-11
val_calib,10,0.07971014492753623,1.0,9.748634734814338e-11
val_calib,10,0.07976794778825236,1.0,9.887435201790984e-11
val_calib,10,0.07982583454281568,1.0,1.0118969530491044e-10
val_calib,10,0.07988380537400146,1.0,1.0330622863217672e-10
val_calib,10,0.07994186046511628,1.0,1.0338366604998064e-10
val_calib,10,0.08,1.0,1.035882504666659e-10
val_calib,10,0.08005822416302766,1.0,1.0819556814683044e-10
val_calib,10,0.08011653313911143,1.0,1.1004695251394257e-10
val_calib,10,0.08017492711370262,1.0,1.100557483641337e-10
val_calib,10,0.08023340627279359,1.0,1.1098270216052441e-10
val_calib,10,0.08029197080291971,1.0,1.1126529746153315e-10
val_calib,10,0.08035062089116143,1.0,1.1414666920446887e-10
val_calib,10,0.0804093567251462,1.0,1.1423515754506888e-10
val_calib,10,0.08046817849305048,1.0,1.144142535327004e-10
val_calib,10,0.08052708638360176,1.0,1.156744893207087e-10
val_calib,10,0.08058608058608059,1.0,1.1568623360939193e-10
val_calib,10,0.08064516129032258,1.0,1.1619721963349581e-10
val_calib,10,0.08070432868672046,1.0,1.1803926839561754e-10
val_calib,10,0.08076358296622614,1.0,1.1902758722542885e-10
val_calib,10,0.08082292432035268,1.0,1.1942998500438225e-10
val_calib,10,0.08088235294117647,1.0,1.205674361275099e-10
val_calib,10,0.08094186902133922,1.0,1.2120145618892132e-10
val_calib,10,0.08100147275405008,1.0,1.2228001252795795e-10
val_calib,10,0.08106116433308769,1.0,1.2279125857194391e-10
val_calib,10,0.08112094395280237,1.0,1.2304642651506176e-10
val_calib,10,0.08118081180811808,1.0,1.231770546409133e-10
val_calib,10,0.08124076809453472,1.0,1.235924264880679e-10
val_calib,10,0.08130081300813008,1.0,1.2394796614794122e-10
val_calib,10,0.08136094674556213,1.0,1.2452188398479976e-10
val_calib,10,0.08142116950407106,1.0,1.2466161404810528e-10
val_calib,10,0.08148148148148149,1.0,1.248102502801776e-10
val_calib,10,0.08154188287620459,1.0,1.2493481093673944e-10
val_calib,10,0.08160237388724036,1.0,1.2585713141963505e-10
val_calib,10,0.08166295471417966,1.0,1.2732620572369493e-10
val_calib,10,0.08172362555720654,1.0,1.2871728765983162e-10
val_calib,10,0.08178438661710037,1.0,1.2984653570429688e-10
val_calib,10,0.0818452380952381,1.0,1.301875897263505e-10
val_calib,10,0.08190618019359643,1.0,1.3085977510301036e-10
val_calib,10,0.08196721311475409,1.0,1.3116335242043914e-10
val_calib,10,0.08202833706189411,1.0,1.3180876235181274e-10
val_calib,10,0.08208955223880597,1.0,1.3275148723668808e-10
val_calib,10,0.08215085884988797,1.0,1.3287313937318686e-10
val_calib,10,0.08221225710014948,1.0,1.3298363614547392e-10
val_calib,10,0.08227374719521316,1.0,1.3595217462521354e-10
val_calib,10,0.08233532934131736,1.0,1.3637865921730798e-10
val_calib,10,0.08239700374531835,1.0,1.365791946363771e-10
val_calib,10,0.08245877061469266,1.0,1.3847000458983852e-10
val_calib,10,0.08252063015753938,1.0,1.3898540167415435e-10
val_calib,10,0.08258258258258258,1.0,1.3932368260218933e-10
val_calib,10,0.08264462809917356,1.0,1.4257476567786087e-10
val_calib,10,0.08270676691729323,1.0,1.4287247618659e-10
val_calib,10,0.08276899924755456,1.0,1.4292793844528717e-10
val_calib,10,0.08283132530120482,1.0,1.437276762642718e-10
val_calib,10,0.0828937452901281,1.0,1.4482406292075625e-10
val_calib,10,0.08295625942684766,1.0,1.4592943767390845e-10
val_calib,10,0.0830188679245283,1.0,1.4597539127757522e-10
val_calib,10,0.08308157099697885,1.0,1.4602966497893594e-10
val_calib,10,0.08314436885865457,1.0,1.476593518450027e-10
val_calib,10,0.0832072617246596,1.0,1.5028406364485677e-10
val_calib,10,0.08327024981074943,1.0,1.5141031017676013e-10
val_calib,10,0.08333333333333333,1.0,1.5150745850188043e-10
val_calib,10,0.08339651250947688,1.0,1.5310011540308159e-10
val_calib,10,0.0834597875569044,1.0,1.5361184635177866e-10
val_calib,10,0.08352315869400152,1.0,1.5400376033126178e-10
val_calib,10,0.08358662613981763,1.0,1.5419049392728002e-10
val_calib,10,0.08365019011406843,1.0,1.5593800793300643e-10
val_calib,10,0.0837138508371385,1.0,1.5653924808922189e-10
val_calib,10,0.08377760853008377,1.0,1.5778044172738017e-10
val_calib,10,0.08384146341463415,1.0,1.5868630156216177e-10
val_calib,10,0.08390541571319603,1.0,1.5905058559360045e-10
val_calib,10,0.08396946564885496,1.0,1.5969415505212726e-10
val_calib,10,0.08403361344537816,1.0,1.6072266409753982e-10
val_calib,10,0.08409785932721713,1.0,1.6087668968700494e-10
val_calib,10,0.08416220351951033,1.0,1.6094075068473375e-10
val_calib,10,0.08422664624808576,1.0,1.617396991266892e-10
val_calib,10,0.0842911877394636,1.0,1.6295752803210698e-10
val_calib,10,0.0843558282208589,1.0,1.6307768481193443e-10
val_calib,10,0.0844205679201842,1.0,1.6362432918414476e-10
val_calib,10,0.08448540706605223,1.0,1.6391198704751917e-10
val_calib,10,0.08455034588777863,1.0,1.6529315793880407e-10
val_calib,10,0.08461538461538462,1.0,1.6725011174234374e-10
val_calib,10,0.08468052347959969,1.0,1.6763072251188951e-10
val_calib,10,0.0847457627118644,1.0,1.6824910875477461e-10
val_calib,10,0.08481110254433308,1.0,1.6951275698729378e-10
val_calib,10,0.08487654320987655,1.0,1.70057270902743e-10
val_calib,10,0.08494208494208494,1.0,1.7267184465969878e-10
val_calib,10,0.08500772797527048,1.0,1.7285583145735658e-10
val_calib,10,0.08507347254447023,1.0,1.7304478342758026e-10
val_calib,10,0.08513931888544891,1.0,1.7315604685639713e-10
val_calib,10,0.08520526723470179,1.0,1.739428018410075e-10
val_calib,10,0.08527131782945736,1.0,1.74170882919111e-10
val_calib,10,0.08533747090768037,1.0,1.772160900028791e-10
val_calib,10,0.08540372670807453,1.0,1.7770327218597625e-10
val_calib,10,0.08547008547008547,1.0,1.778986680431333e-10
val_calib,10,0.08553654743390357,1.0,1.7907346641858865e-10
val_calib,10,0.08560311284046693,1.0,1.7945275596471216e-10
val_calib,10,0.08566978193146417,1.0,1.8093412090081056e-10
val_calib,10,0.08573655494933749,1.0,1.8123611665800514e-10
val_calib,10,0.08580343213728549,1.0,1.8135740272388059e-10
val_calib,10,0.0858704137392662,1.0,1.8160633872502195e-10
val_calib,10,0.0859375,1.0,1.8192273143180186e-10
val_calib,10,0.08600469116497264,1.0,1.8243074262295958e-10
val_calib,10,0.08607198748043818,1.0,1.8392928392141314e-10
val_calib,10,0.08613938919342208,1.0,1.8547436904989612e-10
val_calib,10,0.08620689655172414,1.0,1.8599801606550065e-10
val_calib,10,0.08627450980392157,1.0,1.8664259175083163e-10
val_calib,10,0.08634222919937205,1.0,1.8784212216132534e-10
val_calib,10,0.08641005498821681,1.0,1.882821746330067e-10
val_calib,10,0.08647798742138364,1.0,1.8833175469856892e-10
val_calib,10,0.08654602675059009,1.0,1.8919014564945118e-10
val_calib,10,0.08661417322834646,1.0,1.9052105720951584e-10
val_calib,10,0.08668242710795902,1.0,1.9058658284169188e-10
val_calib,10,0.08675078864353312,1.0,1.9089730262016834e-10
val_calib,10,0.08681925808997633,1.0,1.9205941302913531e-10
val_calib,10,0.08688783570300158,1.0,1.921524660927928e-10
val_calib,10,0.08695652173913043,1.0,1.9339052558427732e-10
val_calib,10,0.08702531645569621,1.0,1.9444581980992628e-10
val_calib,10,0.08709422011084719,1.0,1.947324141013814e-10
val_calib,10,0.08716323296354993,1.0,1.9532880872036618e-10
val_calib,10,0.08723235527359238,1.0,1.9537582947730815e-10
val_calib,10,0.0873015873015873,1.0,1.9652568063364047e-10
val_calib,10,0.08737092930897537,1.0,1.99536117336001e-10
val_calib,10,0.08744038155802862,1.0,1.9978343131950092e-10
val_calib,10,0.08750994431185362,1.0,2.0187267196209563e-10
val_calib,10,0.0875796178343949,1.0,2.0500968458271084e-10
val_calib,10,0.08764940239043825,1.0,2.0533841931092973e-10
val_calib,10,0.08771929824561403,1.0,2.060623354457312e-10
val_calib,10,0.08778930566640064,1.0,2.06582139835553e-10
val_calib,10,0.0878594249201278,1.0,2.0906498196884933e-10
val_calib,10,0.08792965627498002,1.0,2.1096008066523502e-10
val_calib,10,0.088,1.0,2.110176098221314e-10
val_calib,10,0.08807045636509207,1.0,2.123271915207171e-10
val_calib,10,0.08814102564102565,1.0,2.123811637427752e-10
val_calib,10,0.08821170809943865,1.0,2.1319123719432763e-10
val_calib,10,0.08828250401284109,1.0,2.132998796303192e-10
val_calib,10,0.08835341365461848,1.0,2.1342666640494418e-10
val_calib,10,0.08842443729903537,1.0,2.1349280411818306e-10
val_calib,10,0.08849557522123894,1.0,2.1391575071462518e-10
val_calib,10,0.08856682769726248,1.0,2.1421717409592518e-10
val_calib,10,0.088638195004029,1.0,2.1463472388555556e-10
val_calib,10,0.08870967741935484,1.0,2.1477832610970236e-10
val_calib,10,0.08878127522195318,1.0,2.1517642204381024e-10
val_calib,10,0.0888529886914378,1.0,2.1535643693339526e-10
val_calib,10,0.0889248181083266,1.0,2.1749447063390777e-10
val_calib,10,0.0889967637540453,1.0,2.1750614771752098e-10
val_calib,10,0.08906882591093117,1.0,2.1905777946537996e-10
val_calib,10,0.08914100486223663,1.0,2.2014106586725383e-10
val_calib,10,0.08921330089213302,1.0,2.2426194311956123e-10
val_calib,10,0.08928571428571429,1.0,2.244927864800986e-10
val_calib,10,0.08935824532900082,1.0,2.251729872589958e-10
val_calib,10,0.08943089430894309,1.0,2.256317142301976e-10
val_calib,10,0.08950366151342555,1.0,2.3189405007636163e-10
val_calib,10,0.08957654723127036,1.0,2.321144646456526e-10
val_calib,10,0.08964955175224124,1.0,2.343972572010687e-10
val_calib,10,0.08972267536704731,1.0,2.34447404552951e-10
val_calib,10,0.08979591836734693,1.0,2.352251701254898e-10
val_calib,10,0.08986928104575163,1.0,2.3549544994948326e-10
val_calib,10,0.08994276369582993,1.0,2.3550798639571474e-10
val_calib,10,0.09001636661211129,1.0,2.3664236960044223e-10
val_calib,10,0.09009009009009009,1.0,2.370937755704704e-10
val_calib,10,0.09016393442622951,1.0,2.371533924758058e-10
val_calib,10,0.09023789991796555,1.0,2.413113645804532e-10
val_calib,10,0.090311986863711,1.0,2.417156923108877e-10
val_calib,10,0.09038619556285948,1.0,2.422792127938244e-10
val_calib,10,0.09046052631578948,1.0,2.428346290925297e-10
val_calib,10,0.09053497942386832,1.0,2.446604589040856e-10
val_calib,10,0.09060955518945635,1.0,2.447341025169297e-10
val_calib,10,0.09068425391591096,1.0,2.453745454904432e-10
val_calib,10,0.09075907590759076,1.0,2.456708356301592e-10
val_calib,10,0.09083402146985962,1.0,2.4813886247279267e-10
val_calib,10,0.09090909090909091,1.0,2.4889492105133477e-10
val_calib,10,0.09098428453267163,1.0,2.493702294269522e-10
val_calib,10,0.09105960264900662,1.0,2.52433688040049e-10
val_calib,10,0.09113504556752279,1.0,2.53203111621554e-10
val_calib,10,0.0912106135986733,1.0,2.547540645669153e-10
val_calib,10,0.0912863070539419,1.0,2.578230126391592e-10
val_calib,10,0.09136212624584718,1.0,2.5888142824669195e-10
val_calib,10,0.0914380714879468,1.0,2.6077780160489626e-10
val_calib,10,0.09151414309484193,1.0,2.639017053723378e-10
val_calib,10,0.09159034138218151,1.0,2.647620385923612e-10
val_calib,10,0.09166666666666666,1.0,2.6528752063258083e-10
val_calib,10,0.09174311926605505,1.0,2.658597620123428e-10
val_calib,10,0.09181969949916527,1.0,2.665370018411881e-10
val_calib,10,0.09189640768588136,1.0,2.6721210454457676e-10
val_calib,10,0.09197324414715718,1.0,2.674219415271329e-10
val_calib,10,0.09205020920502092,1.0,2.6749405760206727e-10
val_calib,10,0.09212730318257957,1.0,2.6755307211429375e-10
val_calib,10,0.09220452640402348,1.0,2.6934015272929005e-10
val_calib,10,0.09228187919463088,1.0,2.7036603864886376e-10
val_calib,10,0.09235936188077246,1.0,2.7156907539862225e-10
val_calib,10,0.09243697478991597,1.0,2.717533119793432e-10
val_calib,10,0.09251471825063078,1.0,2.720038713840723e-10
val_calib,10,0.09259259259259259,1.0,2.728561387167717e-10
val_calib,10,0.09267059814658804,1.0,2.734036529136449e-10
val_calib,10,0.09274873524451939,1.0,2.7374049462930486e-10
val_calib,10,0.09282700421940929,1.0,2.7391312031276964e-10
val_calib,10,0.0929054054054054,1.0,2.751194899040867e-10
val_calib,10,0.09298393913778528,1.0,2.753773944651679e-10
val_calib,10,0.09306260575296109,1.0,2.7557483698285087e-10
val_calib,10,0.09314140558848434,1.0,2.7639487203474576e-10
val_calib,10,0.09322033898305085,1.0,2.7779043699852973e-10
val_calib,10,0.09329940627650551,1.0,2.7963492503739204e-10
val_calib,10,0.0933786078098472,1.0,2.81199406354362e-10
val_calib,10,0.09345794392523364,1.0,2.8202140123732065e-10
val_calib,10,0.0935374149659864,1.0,2.8525544265449926e-10
val_calib,10,0.09361702127659574,1.0,2.866269920836429e-10
val_calib,10,0.09369676320272573,1.0,2.8740983324154666e-10
val_calib,10,0.0937766410912191,1.0,2.8775911044960974e-10
val_calib,10,0.09385665529010238,1.0,2.888421647474704e-10
val_calib,10,0.09393680614859094,1.0,2.9394903470873667e-10
val_calib,10,0.09401709401709402,1.0,2.9431111471539036e-10
val_calib,10,0.09409751924721985,1.0,2.9458614609243324e-10
val_calib,10,0.09417808219178082,1.0,2.95735321561225e-10
val_calib,10,0.09425878320479864,1.0,2.9912854376920256e-10
val_calib,10,0.09433962264150944,1.0,3.0478407197305054e-10
val_calib,10,0.0944206008583691,1.0,3.101736447503325e-10
val_calib,10,0.09450171821305842,1.0,3.1221660212764537e-10
val_calib,10,0.09458297506448839,1.0,3.1258601420842267e-10
val_calib,10,0.09466437177280551,1.0,3.1374977601862377e-10
val_calib,10,0.09474590869939707,1.0,3.166930772850519e-10
val_calib,10,0.09482758620689655,1.0,3.189731940259002e-10
val_calib,10,0.09490940465918896,1.0,3.220967446936485e-10
val_calib,10,0.09499136442141623,1.0,3.229465419703354e-10
val_calib,10,0.09507346585998272,1.0,3.2652125892077916e-10
val_calib,10,0.09515570934256055,1.0,3.2867143285909796e-10
val_calib,10,0.09523809523809523,1.0,3.2870099018400884e-10
val_calib,10,0.09532062391681109,1.0,3.2978317446397306e-10
val_calib,10,0.09540329575021683,1.0,3.320856966783107e-10
val_calib,10,0.0954861111111111,1.0,3.324984039684262e-10
val_calib,10,0.09556907037358818,1.0,3.325923799288597e-10
val_calib,10,0.09565217391304348,1.0,3.3341554169706986e-10
val_calib,10,0.09573542210617929,1.0,3.347649439787988e-10
val_calib,10,0.09581881533101046,1.0,3.3645856077324915e-10
val_calib,10,0.0959023539668701,1.0,3.4175772512328493e-10
val_calib,10,0.09598603839441536,1.0,3.4213124666523214e-10
val_calib,10,0.09606986899563319,1.0,3.4415657444706127e-10
val_calib,10,0.09615384615384616,1.0,3.4588968302583216e-10
val_calib,10,0.09623797025371829,1.0,3.462556671385582e-10
val_calib,10,0.09632224168126094,1.0,3.4645914760986586e-10
val_calib,10,0.09640666082383874,1.0,3.466224824153769e-10
val_calib,10,0.09649122807017543,1.0,3.4756236538259065e-10
val_calib,10,0.09657594381035997,1.0,3.5200928068963036e-10
val_calib,10,0.09666080843585237,1.0,3.531765854749023e-10
val_calib,10,0.09674582233948989,1.0,3.537929360916517e-10
val_calib,10,0.09683098591549295,1.0,3.5400114923267983e-10
val_calib,10,0.09691629955947137,1.0,3.547131571000847e-10
val_calib,10,0.09700176366843033,1.0,3.552949083807284e-10
val_calib,10,0.0970873786407767,1.0,3.5794120789526025e-10
val_calib,10,0.09717314487632508,1.0,3.588515165169421e-10
val_calib,10,0.09725906277630415,1.0,3.5951095673293035e-10
val_calib,10,0.09734513274336283,1.0,3.6146145536651394e-10
val_calib,10,0.09743135518157661,1.0,3.7061640405117583e-10
val_calib,10,0.0975177304964539,1.0,3.7094702473368665e-10
val_calib,10,0.09760425909494233,1.0,3.7210442362217156e-10
val_calib,10,0.09769094138543517,1.0,3.7532680937881594e-10
val_calib,10,0.09777777777777778,1.0,3.76194777860564e-10
val_calib,10,0.09786476868327403,1.0,3.794170637901293e-10
val_calib,10,0.09795191451469279,1.0,3.8102499830769666e-10
val_calib,10,0.09803921568627451,1.0,3.8274033833277687e-10
val_calib,10,0.09812667261373774,1.0,3.82992350749046e-10
val_calib,10,0.09821428571428571,1.0,3.849626147919831e-10
val_calib,10,0.09830205540661305,1.0,3.8561786246233526e-10
val_calib,10,0.09838998211091235,1.0,3.8573263038548674e-10
val_calib,10,0.09847806624888093,1.0,3.8651636218424583e-10
val_calib,10,0.0985663082437276,1.0,3.865882520310765e-10
val_calib,10,0.09865470852017937,1.0,3.8714314374550835e-10
val_calib,10,0.09874326750448834,1.0,3.915617569831975e-10
val_calib,10,0.09883198562443846,1.0,3.930689822788619e-10
val_calib,10,0.09892086330935251,1.0,3.9726942331789026e-10
val_calib,10,0.09900990099009901,1.0,4.005276644755724e-10
val_calib,10,0.0990990990990991,1.0,4.039486233724635e-10
val_calib,10,0.09918845807033363,1.0,4.042670115747179e-10
val_calib,10,0.09927797833935018,1.0,4.092745467709948e-10
val_calib,10,0.0993676603432701,1.0,4.096316012266484e-10
val_calib,10,0.09945750452079566,1.0,4.099396149499842e-10
val_calib,10,0.09954751131221719,1.0,4.129319041457085e-10
val_calib,10,0.09963768115942029,1.0,4.1492102074169837e-10
val_calib,10,0.09972801450589303,1.0,4.149410858180541e-10
val_calib,10,0.0998185117967332,1.0,4.155514048470495e-10
val_calib,10,0.09990917347865577,1.0,4.1731772355687337e-10
val_calib,10,0.1,1.0,4.175433837056487e-10
val_calib,10,0.10009099181073704,1.0,4.1814079093761307e-10
val_calib,10,0.10018214936247723,1.0,4.1861585686557465e-10
val_calib,10,0.10027347310847767,1.0,4.191616311952898e-10
val_calib,10,0.10036496350364964,1.0,4.2911043083800704e-10
val_calib,10,0.1004566210045662,1.0,4.302196227377443e-10
val_calib,10,0.10054844606946983,1.0,4.313552549396596e-10
val_calib,10,0.10064043915827996,1.0,4.3148871772165664e-10
val_calib,10,0.10073260073260074,1.0,4.330364620264289e-10
val_calib,10,0.1008249312557287,1.0,4.3499213986855556e-10
val_calib,10,0.10091743119266056,1.0,4.3499760652646895e-10
val_calib,10,0.10101010101010101,1.0,4.3609188877132663e-10
val_calib,10,0.10110294117647059,1.0,4.363301313796691e-10
val_calib,10,0.10119595216191353,1.0,4.3698400434477005e-10
val_calib,10,0.10128913443830571,1.0,4.372421794564139e-10
val_calib,10,0.10138248847926268,1.0,4.386365040883655e-10
val_calib,10,0.1014760147601476,1.0,4.4002330387050755e-10
val_calib,10,0.10156971375807941,1.0,4.4097871605388313e-10
val_calib,10,0.10166358595194085,1.0,4.423349408308268e-10
val_calib,10,0.10175763182238667,1.0,4.4477984472848155e-10
val_calib,10,0.10185185185185185,1.0,4.482688912866216e-10
val_calib,10,0.10194624652455977,1.0,4.5005011531703104e-10
val_calib,10,0.10204081632653061,1.0,4.5390570699280345e-10
val_calib,10,0.1021355617455896,1.0,4.575966418392263e-10
val_calib,10,0.10223048327137546,1.0,4.595065208273811e-10
val_calib,10,0.10232558139534884,1.0,4.607053244285594e-10
val_calib,10,0.10242085661080075,1.0,4.612078854998036e-10
val_calib,10,0.10251630941286113,1.0,4.6157558660504865e-10
val_calib,10,0.10261194029850747,1.0,4.624372331783687e-10
val_calib,10,0.10270774976657329,1.0,4.72955923010454e-10
val_calib,10,0.102803738317757,1.0,4.751726346606229e-10
val_calib,10,0.1028999064546305,1.0,4.783405317022119e-10
val_calib,10,0.10299625468164794,1.0,4.809738639587787e-10
val_calib,10,0.10309278350515463,1.0,4.816292593357908e-10
val_calib,10,0.10318949343339587,1.0,4.856586784820248e-10
val_calib,10,0.10328638497652583,1.0,4.866076353222185e-10
val_calib,10,0.10338345864661654,1.0,4.870885348107411e-10
val_calib,10,0.10348071495766697,1.0,4.8853334788223e-10
val_calib,10,0.10357815442561205,1.0,4.8878993583704e-10
val_calib,10,0.10367577756833177,1.0,4.918991434662517e-10
val_calib,10,0.10377358490566038,1.0,4.943844935163377e-10
val_calib,10,0.10387157695939565,1.0,5.031014226575204e-10
val_calib,10,0.10396975425330812,1.0,5.033888181609217e-10
val_calib,10,0.10406811731315042,1.0,5.063485984995754e-10
val_calib,10,0.10416666666666667,1.0,5.098908175496e-10
val_calib,10,0.10426540284360189,1.0,5.119553903703031e-10
val_calib,10,0.10436432637571158,1.0,5.299771583382954e-10
val_calib,10,0.10446343779677113,1.0,5.311182146344816e-10
val_calib,10,0.10456273764258556,1.0,5.409782987841979e-10
val_calib,10,0.10466222645099905,1.0,5.41573402155101e-10
val_calib,10,0.10476190476190476,1.0,5.452720252717546e-10
val_calib,10,0.10486177311725453,1.0,5.507922537711148e-10
val_calib,10,0.1049618320610687,1.0,5.515631532555629e-10
val_calib,10,0.10506208213944604,1.0,5.530047439889418e-10
val_calib,10,0.10516252390057361,1.0,5.569568999787302e-10
val_calib,10,0.10526315789473684,1.0,5.576233722322629e-10
val_calib,10,0.1053639846743295,1.0,5.634223928706145e-10
val_calib,10,0.10546500479386385,1.0,5.686206224234559e-10
val_calib,10,0.10556621880998081,1.0,5.689600107814202e-10
val_calib,10,0.10566762728146013,1.0,5.707526481476297e-10
val_calib,10,0.10576923076923077,1.0,5.828452017314103e-10
val_calib,10,0.10587102983638114,1.0,5.832551362633795e-10
val_calib,10,0.10597302504816955,1.0,5.931799885159256e-10
val_calib,10,0.10607521697203472,1.0,6.021457248121034e-10
val_calib,10,0.10617760617760617,1.0,6.074279044406961e-10
val_calib,10,0.10628019323671498,1.0,6.11250850014581e-10
val_calib,10,0.10638297872340426,1.0,6.179613518587334e-10
val_calib,10,0.10648596321393998,1.0,6.24332929314762e-10
val_calib,10,0.1065891472868217,1.0,6.323701851894212e-10
val_calib,10,0.1066925315227934,1.0,6.335162493401236e-10
val_calib,10,0.10679611650485436,1.0,6.338749499863732e-10
val_calib,10,0.10689990281827016,1.0,6.398996794675312e-10
val_calib,10,0.10700389105058365,1.0,6.472015717662405e-10
val_calib,10,0.10710808179162609,1.0,6.613371748149293e-10
val_calib,10,0.10721247563352826,1.0,6.62696324463969e-10
val_calib,10,0.1073170731707317,1.0,6.679405626208175e-10
val_calib,10,0.107421875,1.0,6.700713310241864e-10
val_calib,10,0.10752688172043011,1.0,6.723686867497871e-10
val_calib,10,0.10763209393346379,1.0,6.760622091636665e-10
val_calib,10,0.10773751224289912,1.0,6.794506492361998e-10
val_calib,10,0.10784313725490197,1.0,6.873468617355597e-10
val_calib,10,0.10794896957801767,1.0,6.877741770128502e-10
val_calib,10,0.10805500982318271,1.0,7.014868306065064e-10
val_calib,10,0.10816125860373647,1.0,7.021782137378241e-10
val_calib,10,0.10826771653543307,1.0,7.101873162567436e-10
val_calib,10,0.10837438423645321,1.0,7.124073495564626e-10
val_calib,10,0.10848126232741617,1.0,7.151056584078107e-10
val_calib,10,0.10858835143139191,1.0,7.151564643828009e-10
val_calib,10,0.10869565217391304,1.0,7.248904793463817e-10
val_calib,10,0.10880316518298715,1.0,7.477871793903291e-10
val_calib,10,0.10891089108910891,1.0,7.49340513667342e-10
val_calib,10,0.10901883052527254,1.0,7.58385894131611e-10
val_calib,10,0.10912698412698413,1.0,7.654669262114201e-10
val_calib,10,0.10923535253227408,1.0,7.715045347141837e-10
val_calib,10,0.10934393638170974,1.0,7.727537894031532e-10
val_calib,10,0.10945273631840796,1.0,7.851478864844766e-10
val_calib,10,0.10956175298804781,1.0,8.058668392690636e-10
val_calib,10,0.10967098703888335,1.0,8.076624534548482e-10
val_calib,10,0.10978043912175649,1.0,8.079233532145234e-10
val_calib,10,0.10989010989010989,1.0,8.120715417310705e-10
val_calib,10,0.11,1.0,8.24712445604619e-10
val_calib,10,0.11011011011011011,1.0,8.254055312239604e-10
val_calib,10,0.11022044088176353,1.0,8.315295651765395e-10
val_calib,10,0.11033099297893681,1.0,8.358875172864995e-10
val_calib,10,0.11044176706827309,1.0,8.505473350259781e-10
val_calib,10,0.11055276381909548,1.0,8.706900168289959e-10
val_calib,10,0.11066398390342053,1.0,8.809866871166835e-10
val_calib,10,0.1107754279959718,1.0,8.838405366242838e-10
val_calib,10,0.11088709677419355,1.0,9.030268356373795e-10
val_calib,10,0.11099899091826437,1.0,9.273013743199051e-10
val_calib,10,0.1111111111111111,1.0,9.280779162363651e-10
val_calib,10,0.11122345803842265,1.0,9.320381124221708e-10
val_calib,10,0.11133603238866396,1.0,9.58944935322372e-10
val_calib,10,0.11144883485309018,1.0,9.725648165500031e-10
val_calib,10,0.11156186612576065,1.0,9.932948317592033e-10
val_calib,10,0.1116751269035533,1.0,9.984161439685085e-10
val_calib,10,0.11178861788617886,1.0,9.999928945327943e-10
val_calib,10,0.11190233977619532,1.0,1.0021792472407177e-09
val_calib,10,0.1120162932790224,1.0,1.0058040478593515e-09
val_calib,10,0.11213047910295616,1.0,1.0108341586572648e-09
val_calib,10,0.11224489795918367,1.0,1.035012346046167e-09
val_calib,10,0.11235955056179775,1.0,1.0675597021464827e-09
val_calib,10,0.11247443762781185,1.0,1.080542945200021e-09
val_calib,10,0.11258955987717502,1.0,1.1251705103754523e-09
val_calib,10,0.11270491803278689,1.0,1.140210824471552e-09
val_calib,10,0.11282051282051282,1.0,1.1445624121872302e-09
val_calib,10,0.11293634496919917,1.0,1.1542184905988615e-09
val_calib,10,0.1130524152106886,1.0,1.168535335877069e-09
val_calib,10,0.11316872427983539,1.0,1.1830188387977438e-09
val_calib,10,0.11328527291452112,1.0,1.1941767228978986e-09
val_calib,10,0.1134020618556701,1.0,1.1972141666610104e-09
val_calib,10,0.11351909184726522,1.0,1.2149338821831794e-09
val_calib,10,0.11363636363636363,1.0,1.2312605794337196e-09
val_calib,10,0.11375387797311272,1.0,1.2389410276043186e-09
val_calib,10,0.11387163561076605,1.0,1.2542835613147724e-09
val_calib,10,0.11398963730569948,1.0,1.2573671014585492e-09
val_calib,10,0.11410788381742738,1.0,1.2768087629756885e-09
val_calib,10,0.1142263759086189,1.0,1.2769192644797703e-09
val_calib,10,0.11434511434511435,1.0,1.2807635211997301e-09
val_calib,10,0.11446409989594172,1.0,1.2867159994251465e-09
val_calib,10,0.11458333333333333,1.0,1.3135035414105434e-09
val_calib,10,0.11470281543274244,1.0,1.3367869519904449e-09
val_calib,10,0.11482254697286012,1.0,1.3399223706664403e-09
val_calib,10,0.11494252873563218,1.0,1.3410592247001124e-09
val_calib,10,0.11506276150627615,1.0,1.3551436329328633e-09
val_calib,10,0.11518324607329843,1.0,1.3629535232735587e-09
val_calib,10,0.11530398322851153,1.0,1.3696803769277892e-09
val_calib,10,0.11542497376705142,1.0,1.370453380038391e-09
val_calib,10,0.11554621848739496,1.0,1.3862176043048111e-09
val_calib,10,0.1156677181913775,1.0,1.3915492383552946e-09
val_calib,10,0.11578947368421053,1.0,1.4810876468848258e-09
val_calib,10,0.11591148577449947,1.0,1.4916757983691812e-09
val_calib,10,0.1160337552742616,1.0,1.5106049356465735e-09
val_calib,10,0.11615628299894404,1.0,1.5632666913967286e-09
val_calib,10,0.11627906976744186,1.0,1.565999650539396e-09
val_calib,10,0.1164021164021164,1.0,1.5684093457410083e-09
val_calib,10,0.11652542372881355,1.0,1.584012406375722e-09
val_calib,10,0.11664899257688228,1.0,1.6055774530496792e-09
val_calib,10,0.11677282377919321,1.0,1.6175917562992043e-09
val_calib,10,0.11689691817215728,1.0,1.6379459238190535e-09
val_calib,10,0.11702127659574468,1.0,1.655259955486791e-09
val_calib,10,0.11714589989350373,1.0,1.6692514619747834e-09
val_calib,10,0.11727078891257996,1.0,1.6764691807530505e-09
val_calib,10,0.11739594450373532,1.0,1.6772444807064813e-09
val_calib,10,0.11752136752136752,1.0,1.6809285874206327e-09
val_calib,10,0.11764705882352941,1.0,1.6883337033161971e-09
val_calib,10,0.11777301927194861,1.0,1.7052739548780936e-09
val_calib,10,0.11789924973204716,1.0,1.71645636894867e-09
val_calib,10,0.11802575107296137,1.0,1.7204982104358387e-09
val_calib,10,0.11815252416756176,1.0,1.7211760068617978e-09
val_calib,10,0.11827956989247312,1.0,1.7471813040153396e-09
val_calib,10,0.11840688912809473,1.0,1.7478802406109149e-09
val_calib,10,0.11853448275862069,1.0,1.7709902510789959e-09
val_calib,10,0.1186623516720604,1.0,1.7894130354969839e-09
val_calib,10,0.11879049676025918,1.0,1.8379815485240531e-09
val_calib,10,0.11891891891891893,1.0,1.85904271533091e-09
val_calib,10,0.11904761904761904,1.0,1.878961891889521e-09
val_calib,10,0.11917659804983749,1.0,1.886696123602597e-09
val_calib,10,0.1193058568329718,1.0,1.9013414066395625e-09
val_calib,10,0.11943539630836048,1.0,1.9088540677653168e-09
val_calib,10,0.11956521739130435,1.0,1.9145105698942343e-09
val_calib,10,0.11969532100108814,1.0,1.919982494765099e-09
val_calib,10,0.11982570806100218,1.0,1.960889726340493e-09
val_calib,10,0.11995637949836423,1.0,1.964209579177932e-09
val_calib,10,0.12008733624454149,1.0,1.967633358925078e-09
val_calib,10,0.12021857923497267,1.0,1.9988701132857004e-09
val_calib,10,0.12035010940919037,1.0,2.025163134630423e-09
val_calib,10,0.12048192771084337,1.0,2.078612574650602e-09
val_calib,10,0.1206140350877193,1.0,2.0930813364818732e-09
val_calib,10,0.1207464324917673,1.0,2.0962783243830813e-09
val_calib,10,0.12087912087912088,1.0,2.0964559616285253e-09
val_calib,10,0.12101210121012101,1.0,2.1135199447205954e-09
val_calib,10,0.1211453744493392,1.0,2.123883034796274e-09
val_calib,10,0.12127894156560089,1.0,2.1640433101564173e-09
val_calib,10,0.12141280353200883,1.0,2.1641513675668655e-09
val_calib,10,0.12154696132596685,1.0,2.1852870063943227e-09
val_calib,10,0.12168141592920353,1.0,2.2664568819938537e-09
val_calib,10,0.12181616832779624,1.0,2.3063126120520204e-09
val_calib,10,0.12195121951219512,1.0,2.312228672327436e-09
val_calib,10,0.1220865704772475,1.0,2.3282928415134463e-09
val_calib,10,0.12222222222222222,1.0,2.3292237689247446e-09
val_calib,10,0.12235817575083426,1.0,2.3359152827062885e-09
val_calib,10,0.12249443207126949,1.0,2.3417656126654323e-09
val_calib,10,0.12263099219620958,1.0,2.3495496747281722e-09
val_calib,10,0.12276785714285714,1.0,2.368052648788664e-09
val_calib,10,0.12290502793296089,1.0,2.4041415576449075e-09
val_calib,10,0.12304250559284116,1.0,2.4272728264930975e-09
val_calib,10,0.12318029115341546,1.0,2.444354114532951e-09
val_calib,10,0.12331838565022421,1.0,2.449513828824214e-09
val_calib,10,0.12345679012345678,1.0,2.467308964278313e-09
val_calib,10,0.12359550561797752,1.0,2.4890322144287587e-09
val_calib,10,0.12373453318335208,1.0,2.5056006667647866e-09
val_calib,10,0.12387387387387387,1.0,2.526095136165342e-09
val_calib,10,0.12401352874859076,1.0,2.5324435700000806e-09
val_calib,10,0.12415349887133183,1.0,2.546664850167721e-09
val_calib,10,0.12429378531073447,1.0,2.5744644667007596e-09
val_calib,10,0.1244343891402715,1.0,2.578117820501273e-09
val_calib,10,0.1245753114382786,1.0,2.6491925678865383e-09
val_calib,10,0.12471655328798185,1.0,2.6890363862259185e-09
val_calib,10,0.12485811577752554,1.0,2.7873948814894905e-09
val_calib,10,0.125,1.0,2.844923221667495e-09
val_calib,10,0.12514220705346984,1.0,2.896611609648478e-09
val_calib,10,0.1252847380410023,1.0,2.896865152734812e-09
val_calib,10,0.12542759407069556,1.0,2.899814513503704e-09
val_calib,10,0.12557077625570776,1.0,2.909862525813432e-09
val_calib,10,0.12571428571428572,1.0,2.9134710654039954e-09
val_calib,10,0.12585812356979406,1.0,2.9299775139476187e-09
val_calib,10,0.12600229095074456,1.0,2.959202309865773e-09
val_calib,10,0.12614678899082568,1.0,3.0234711118680806e-09
val_calib,10,0.12629161882893225,1.0,3.0264677759953364e-09
val_calib,10,0.12643678160919541,1.0,3.0325635878717943e-09
val_calib,10,0.12658227848101267,1.0,3.0453015708059494e-09
val_calib,10,0.12672811059907835,1.0,3.0752091173893944e-09
val_calib,10,0.12687427912341406,1.0,3.0845963643625173e-09
val_calib,10,0.12702078521939955,1.0,3.111606312619132e-09
val_calib,10,0.12716763005780346,1.0,3.1464289738697486e-09
val_calib,10,0.12731481481481483,1.0,3.1533502514313287e-09
val_calib,10,0.12746234067207415,1.0,3.1723820817580805e-09
val_calib,10,0.12761020881670534,1.0,3.181708607194059e-09
val_calib,10,0.12775842044134728,1.0,3.1939923348999937e-09
val_calib,10,0.12790697674418605,1.0,3.210576997756874e-09
val_calib,10,0.1280558789289872,1.0,3.265167455256977e-09
val_calib,10,0.1282051282051282,1.0,3.2716282555022533e-09
val_calib,10,0.12835472578763127,1.0,3.2844094915347214e-09
val_calib,10,0.12850467289719625,1.0,3.3008563047791888e-09
val_calib,10,0.1286549707602339,1.0,3.301125229196176e-09
val_calib,10,0.1288056206088993,1.0,3.337160287960082e-09
val_calib,10,0.12895662368112543,1.0,3.354165017115127e-09
val_calib,10,0.12910798122065728,1.0,3.3804720388366098e-09
val_calib,10,0.12925969447708577,1.0,3.39382373476377e-09
val_calib,10,0.12941176470588237,1.0,3.415297947373323e-09
val_calib,10,0.12956419316843346,1.0,3.427856424083556e-09
val_calib,10,0.12971698113207547,1.0,3.528566358564448e-09
val_calib,10,0.12987012987012986,1.0,3.533268755067677e-09
val_calib,10,0.13002364066193853,1.0,3.5693072345309734e-09
val_calib,10,0.1301775147928994,1.0,3.6973150899014146e-09
val_calib,10,0.13033175355450238,1.0,3.7172084715571454e-09
val_calib,10,0.13048635824436536,1.0,3.7172322998499187e-09
val_calib,10,0.13064133016627077,1.0,3.761629871479712e-09
val_calib,10,0.13079667063020214,1.0,3.771557971002416e-09
val_calib,10,0.13095238095238096,1.0,3.8030716288066135e-09
val_calib,10,0.13110846245530394,1.0,3.862821278876539e-09
val_calib,10,0.13126491646778043,1.0,3.909875511332406e-09
val_calib,10,0.13142174432497014,1.0,4.011136116242887e-09
val_calib,10,0.13157894736842105,1.0,4.021615121038496e-09
val_calib,10,0.1317365269461078,1.0,4.0339523197275616e-09
val_calib,10,0.13189448441247004,1.0,4.262685735731899e-09
val_calib,10,0.13205282112845138,1.0,4.320627442371486e-09
val_calib,10,0.13221153846153846,1.0,4.417349415634601e-09
val_calib,10,0.13237063778580024,1.0,4.427654907181138e-09
val_calib,10,0.13253012048192772,1.0,4.479773189927494e-09
val_calib,10,0.13268998793727382,1.0,4.522224130368616e-09
val_calib,10,0.13285024154589373,1.0,4.531918483433747e-09
val_calib,10,0.13301088270858524,1.0,4.560767010013035e-09
val_calib,10,0.13317191283292978,1.0,4.5929855494111695e-09
val_calib,10,0.13333333333333333,1.0,4.76842518866334e-09
val_calib,10,0.13349514563106796,1.0,4.8575877723773785e-09
val_calib,10,0.1336573511543135,1.0,4.96462564753926e-09
val_calib,10,0.13381995133819952,1.0,4.9657450342692286e-09
val_calib,10,0.13398294762484775,1.0,4.998294246766638e-09
val_calib,10,0.13414634146341464,1.0,5.007121801691505e-09
val_calib,10,0.1343101343101343,1.0,5.1053051691038294e-09
val_calib,10,0.13447432762836187,1.0,5.177630525149138e-09
val_calib,10,0.1346389228886169,1.0,5.206097626894852e-09
val_calib,10,0.13480392156862744,1.0,5.220949747697821e-09
val_calib,10,0.13496932515337423,1.0,5.315583786026762e-09
val_calib,10,0.13513513513513514,1.0,5.446620026283498e-09
val_calib,10,0.13530135301353013,1.0,5.67723805165477e-09
val_calib,10,0.1354679802955665,1.0,5.716631009417186e-09
val_calib,10,0.13563501849568435,1.0,5.733170344500298e-09
val_calib,10,0.13580246913580246,1.0,5.987064289998281e-09
val_calib,10,0.13597033374536466,1.0,6.02634706142832e-09
val_calib,10,0.13613861386138615,1.0,6.083236807392183e-09
val_calib,10,0.13630731102850063,1.0,6.087604199687348e-09
val_calib,10,0.13647642679900746,1.0,6.159118891532044e-09
val_calib,10,0.13664596273291926,1.0,6.160539950627727e-09
val_calib,10,0.13681592039800994,1.0,6.185763768522818e-09
val_calib,10,0.136986301369863,1.0,6.276949761243042e-09
val_calib,10,0.1371571072319202,1.0,6.2974056360325346e-09
val_calib,10,0.1373283395755306,1.0,6.303906033131606e-09
val_calib,10,0.1375,1.0,6.306321958867084e-09
val_calib,10,0.1376720901126408,1.0,6.437856397849391e-09
val_calib,10,0.13784461152882205,1.0,6.4671064528420074e-09
val_calib,10,0.13801756587202008,1.0,6.50874790729024e-09
val_calib,10,0.13819095477386933,1.0,6.578396949637964e-09
val_calib,10,0.13836477987421383,1.0,6.726886656074662e-09
val_calib,10,0.1385390428211587,1.0,6.766665408119286e-09
val_calib,10,0.13871374527112232,1.0,6.81330878235835e-09
val_calib,10,0.1388888888888889,1.0,7.095308270208692e-09
val_calib,10,0.1390644753476612,1.0,7.228009267094004e-09
val_calib,10,0.13924050632911392,1.0,7.348915419557025e-09
val_calib,10,0.1394169835234474,1.0,7.413360631940672e-09
val_calib,10,0.13959390862944163,1.0,7.533957216517431e-09
val_calib,10,0.1397712833545108,1.0,7.865117864251448e-09
val_calib,10,0.13994910941475827,1.0,7.883222403153987e-09
val_calib,10,0.14012738853503184,1.0,7.883529235814487e-09
val_calib,10,0.14030612244897958,1.0,7.90396673559812e-09
val_calib,10,0.140485312899106,1.0,7.95040097957107e-09
val_calib,10,0.14066496163682865,1.0,8.040452755790763e-09
val_calib,10,0.14084507042253522,1.0,8.09417698903871e-09
val_calib,10,0.14102564102564102,1.0,8.35633165936039e-09
val_calib,10,0.14120667522464697,1.0,8.357715724732614e-09
val_calib,10,0.14138817480719795,1.0,8.467443407402654e-09
val_calib,10,0.14157014157014158,1.0,8.596523075746033e-09
val_calib,10,0.14175257731958762,1.0,8.67853782866841e-09
val_calib,10,0.14193548387096774,1.0,8.688037880387967e-09
val_calib,10,0.1421188630490956,1.0,9.011178960700078e-09
val_calib,10,0.1423027166882277,1.0,9.10516384116583e-09
val_calib,10,0.14248704663212436,1.0,9.146604069782447e-09
val_calib,10,0.14267185473411154,1.0,9.159511750293679e-09
val_calib,10,0.14285714285714285,1.0,9.525578064257051e-09
val_calib,10,0.14304291287386217,1.0,9.615798737730553e-09
val_calib,10,0.14322916666666666,1.0,9.728019040927617e-09
val_calib,10,0.14341590612777053,1.0,9.801648386452166e-09
val_calib,10,0.14360313315926893,1.0,9.828860619776319e-09
val_calib,10,0.1437908496732026,1.0,1.0021274106481158e-08
val_calib,10,0.14397905759162305,1.0,1.0029262797795482e-08
val_calib,10,0.14416775884665792,1.0,1.0436570036240859e-08
val_calib,10,0.14435695538057744,1.0,1.0580400429696814e-08
val_calib,10,0.1445466491458607,1.0,1.0589606742494056e-08
val_calib,10,0.14473684210526316,1.0,1.067376004737182e-08
val_calib,10,0.14492753623188406,1.0,1.0734341086721375e-08
val_calib,10,0.14511873350923482,1.0,1.0912147998875242e-08
val_calib,10,0.1453104359313078,1.0,1.1393801873203946e-08
val_calib,10,0.1455026455026455,1.0,1.1470325348329308e-08
val_calib,10,0.1456953642384106,1.0,1.150751025669347e-08
val_calib,10,0.14588859416445624,1.0,1.159589606751111e-08
val_calib,10,0.1460823373173971,1.0,1.161371675187932e-08
val_calib,10,0.14627659574468085,1.0,1.2075166741218517e-08
val_calib,10,0.14647137150466044,1.0,1.2122828705332705e-08
val_calib,10,0.14666666666666667,1.0,1.23730661008642e-08
val_calib,10,0.14686248331108145,1.0,1.2621757730558943e-08
val_calib,10,0.14705882352941177,1.0,1.2815351577568566e-08
val_calib,10,0.14725568942436412,1.0,1.3068697059093254e-08
val_calib,10,0.14745308310991956,1.0,1.3286811844246772e-08
val_calib,10,0.1476510067114094,1.0,1.3305828884089213e-08
val_calib,10,0.1478494623655914,1.0,1.3460884961635158e-08
val_calib,10,0.1480484522207268,1.0,1.3467023160625839e-08
val_calib,10,0.14824797843665768,1.0,1.3614191692370639e-08
val_calib,10,0.1484480431848853,1.0,1.3970156312298605e-08
val_calib,10,0.14864864864864866,1.0,1.4080489611061933e-08
val_calib,10,0.14884979702300405,1.0,1.4097863093946642e-08
val_calib,10,0.14905149051490515,1.0,1.418939887575632e-08
val_calib,10,0.14925373134328357,1.0,1.4206486963828887e-08
val_calib,10,0.14945652173913043,1.0,1.4250452137510671e-08
val_calib,10,0.14965986394557823,1.0,1.4701039635893868e-08
val_calib,10,0.14986376021798364,1.0,1.4856689106168114e-08
val_calib,10,0.15006821282401092,1.0,1.4876325360392e-08
val_calib,10,0.15027322404371585,1.0,1.5403037773644323e-08
val_calib,10,0.15047879616963064,1.0,1.5581553436906718e-08
val_calib,10,0.1506849315068493,1.0,1.5763790305592647e-08
val_calib,10,0.15089163237311384,1.0,1.595030060706662e-08
val_calib,10,0.1510989010989011,1.0,1.6067629492054276e-08
val_calib,10,0.15130674002751032,1.0,1.6170592761261407e-08
val_calib,10,0.15151515151515152,1.0,1.636627510378652e-08
val_calib,10,0.15172413793103448,1.0,1.655503423010403e-08
val_calib,10,0.15193370165745856,1.0,1.6626150161388322e-08
val_calib,10,0.15214384508990317,1.0,1.705045552387853e-08
val_calib,10,0.1523545706371191,1.0,1.705991214883509e-08
val_calib,10,0.15256588072122051,1.0,1.719040413218525e-08
val_calib,10,0.1527777777777778,1.0,1.7278493189236553e-08
val_calib,10,0.15299026425591097,1.0,1.7379249972706272e-08
val_calib,10,0.1532033426183844,1.0,1.740606992833961e-08
val_calib,10,0.15341701534170155,1.0,1.7531648323642728e-08
val_calib,10,0.15363128491620112,1.0,1.7674327988098306e-08
val_calib,10,0.15384615384615385,1.0,1.8735552696871247e-08
val_calib,10,0.15406162464985995,1.0,1.899661012015224e-08
val_calib,10,0.15427769985974754,1.0,1.8996967471446585e-08
val_calib,10,0.1544943820224719,1.0,1.9589175813827708e-08
val_calib,10,0.15471167369901548,1.0,2.0943380867582886e-08
val_calib,10,0.15492957746478872,1.0,2.0992578222656126e-08
val_calib,10,0.15514809590973203,1.0,2.1329688161000088e-08
val_calib,10,0.1553672316384181,1.0,2.1409887099223204e-08
val_calib,10,0.15558698727015557,1.0,2.1765000335561244e-08
val_calib,10,0.1558073654390935,1.0,2.2057225918188614e-08
val_calib,10,0.15602836879432624,1.0,2.2143960406723086e-08
val_calib,10,0.15625,1.0,2.2328130776403067e-08
val_calib,10,0.15647226173541964,1.0,2.256512669772945e-08
val_calib,10,0.15669515669515668,1.0,2.2638218517510347e-08
val_calib,10,0.15691868758915833,1.0,2.267089255475664e-08
val_calib,10,0.15714285714285714,1.0,2.2970261634074154e-08
val_calib,10,0.15736766809728184,1.0,2.3131009828432865e-08
val_calib,10,0.15759312320916904,1.0,2.3842662597275435e-08
val_calib,10,0.15781922525107603,1.0,2.3887945187760322e-08
val_calib,10,0.15804597701149425,1.0,2.4024802158337872e-08
val_calib,10,0.15827338129496402,1.0,2.4347238102321335e-08
val_calib,10,0.1585014409221902,1.0,2.4380836142291208e-08
val_calib,10,0.15873015873015872,1.0,2.440412205712718e-08
val_calib,10,0.15895953757225434,1.0,2.4509378900058695e-08
val_calib,10,0.15918958031837915,1.0,2.4889207865957743e-08
val_calib,10,0.15942028985507245,1.0,2.501290050332399e-08
val_calib,10,0.15965166908563136,1.0,2.510655759680531e-08
val_calib,10,0.15988372093023256,1.0,2.5195785790940503e-08
val_calib,10,0.16011644832605532,1.0,2.5224011624628057e-08
val_calib,10,0.16034985422740525,1.0,2.5291632451978955e-08
val_calib,10,0.16058394160583941,1.0,2.5533009809575404e-08
val_calib,10,0.1608187134502924,1.0,2.5970878440500737e-08
val_calib,10,0.16105417276720352,1.0,2.6098294017260342e-08
val_calib,10,0.16129032258064516,1.0,2.6309462522556713e-08
val_calib,10,0.16152716593245228,1.0,2.684529556395355e-08
val_calib,10,0.16176470588235295,1.0,2.6847838945593686e-08
val_calib,10,0.16200294550810015,1.0,2.685305527754777e-08
val_calib,10,0.16224188790560473,1.0,2.6853130747639323e-08
val_calib,10,0.16248153618906944,1.0,2.7628928710589428e-08
val_calib,10,0.16272189349112426,1.0,2.8259642793823153e-08
val_calib,10,0.16296296296296298,1.0,2.8452168827900028e-08
val_calib,10,0.1632047477744807,1.0,2.8495269046939636e-08
val_calib,10,0.16344725111441308,1.0,2.914024317875481e-08
val_calib,10,0.1636904761904762,1.0,3.0539473418017484e-08
val_calib,10,0.16393442622950818,1.0,3.0745824523240825e-08
val_calib,10,0.16417910447761194,1.0,3.093889748395855e-08
val_calib,10,0.16442451420029897,1.0,3.1151378059852116e-08
val_calib,10,0.16467065868263472,1.0,3.122315857474288e-08
val_calib,10,0.16491754122938532,1.0,3.122531040101443e-08
val_calib,10,0.16516516516516516,1.0,3.154091511358299e-08
val_calib,10,0.16541353383458646,1.0,3.158830684886812e-08
val_calib,10,0.16566265060240964,1.0,3.196900880513764e-08
val_calib,10,0.16591251885369532,1.0,3.248475546153556e-08
val_calib,10,0.1661631419939577,1.0,3.2875900941215954e-08
val_calib,10,0.1664145234493192,1.0,3.3744768401205316e-08
val_calib,10,0.16666666666666666,1.0,3.391727412519013e-08
val_calib,10,0.1669195751138088,1.0,3.4490951331338036e-08
val_calib,10,0.16717325227963525,1.0,3.4883011518198567e-08
val_calib,10,0.167427701674277,1.0,3.51967318531276e-08
val_calib,10,0.1676829268292683,1.0,3.519913512444846e-08
val_calib,10,0.16793893129770993,1.0,3.574378778099498e-08
val_calib,10,0.16819571865443425,1.0,3.587021662699308e-08
val_calib,10,0.16845329249617153,1.0,3.5957222059535207e-08
val_calib,10,0.1687116564417178,1.0,3.6338456706942615e-08
val_calib,10,0.16897081413210446,1.0,3.78662154169091e-08
val_calib,10,0.16923076923076924,1.0,3.862552633389991e-08
val_calib,10,0.1694915254237288,1.0,3.8985077650430085e-08
val_calib,10,0.1697530864197531,1.0,3.9671407501430176e-08
val_calib,10,0.17001545595054096,1.0,4.0010630471793005e-08
val_calib,10,0.17027863777089783,1.0,4.0292544380984067e-08
val_calib,10,0.17054263565891473,1.0,4.045709722922164e-08
val_calib,10,0.17080745341614906,1.0,4.236458606729571e-08
val_calib,10,0.17107309486780714,1.0,4.306383179828975e-08
val_calib,10,0.17133956386292834,1.0,4.324799649408198e-08
val_calib,10,0.17160686427457097,1.0,4.32990670720803e-08
val_calib,10,0.171875,1.0,4.3708822878426424e-08
val_calib,10,0.17214397496087636,1.0,4.416800066648824e-08
val_calib,10,0.1724137931034483,1.0,4.463089332440968e-08
val_calib,10,0.1726844583987441,1.0,4.5146270259050415e-08
val_calib,10,0.17295597484276728,1.0,4.515404397262452e-08
val_calib,10,0.1732283464566929,1.0,4.587327821916144e-08
val_calib,10,0.17350157728706625,1.0,4.6102674695378945e-08
val_calib,10,0.17377567140600317,1.0,4.720712989553596e-08
val_calib,10,0.17405063291139242,1.0,4.8501790797218965e-08
val_calib,10,0.17432646592709986,1.0,4.8781922231282235e-08
val_calib,10,0.1746031746031746,1.0,4.989547822158013e-08
val_calib,10,0.17488076311605724,1.0,5.165237016332215e-08
val_calib,10,0.1751592356687898,1.0,5.250210600226558e-08
val_calib,10,0.17543859649122806,1.0,5.298853842041723e-08
val_calib,10,0.1757188498402556,1.0,5.384454992969433e-08
val_calib,10,0.176,1.0,5.386956382801025e-08
val_calib,10,0.1762820512820513,1.0,5.577022892402112e-08
val_calib,10,0.17656500802568217,1.0,5.814159643144387e-08
val_calib,10,0.17684887459807075,1.0,5.8718059313239844e-08
val_calib,10,0.17713365539452497,1.0,5.875907786496008e-08
val_calib,10,0.1774193548387097,1.0,6.047603364750631e-08
val_calib,10,0.1777059773828756,1.0,6.076207352476375e-08
val_calib,10,0.1779935275080906,1.0,6.138261387411749e-08
val_calib,10,0.17828200972447325,1.0,6.370493052730276e-08
val_calib,10,0.17857142857142858,1.0,6.491424912183601e-08
val_calib,10,0.17886178861788618,1.0,6.517442205466407e-08
val_calib,10,0.1791530944625407,1.0,6.524088365797905e-08
val_calib,10,0.17944535073409462,1.0,6.5970827627085e-08
val_calib,10,0.17973856209150327,1.0,6.912188242188764e-08
val_calib,10,0.18003273322422259,1.0,7.066191741087378e-08
val_calib,10,0.18032786885245902,1.0,7.093375696965304e-08
val_calib,10,0.180623973727422,1.0,7.645080980811605e-08
val_calib,10,0.18092105263157895,1.0,7.720240291129311e-08
val_calib,10,0.1812191103789127,1.0,7.758902442572562e-08
val_calib,10,0.18151815181518152,1.0,8.010306176264854e-08
val_calib,10,0.18181818181818182,1.0,8.267242466804126e-08
val_calib,10,0.18211920529801323,1.0,8.400738129526414e-08
val_calib,10,0.1824212271973466,1.0,8.511405832823337e-08
val_calib,10,0.18272425249169436,1.0,8.562093881113116e-08
val_calib,10,0.18302828618968386,1.0,8.565092359124184e-08
val_calib,10,0.18333333333333332,1.0,8.795545202394493e-08
val_calib,10,0.18363939899833054,1.0,9.084785085974841e-08
val_calib,10,0.18394648829431437,1.0,9.465503147091796e-08
val_calib,10,0.18425460636515914,1.0,9.578732446221179e-08
val_calib,10,0.18456375838926176,1.0,9.749332992267269e-08
val_calib,10,0.18487394957983194,1.0,9.842729827533926e-08
val_calib,10,0.18518518518518517,1.0,9.885215554165247e-08
val_calib,10,0.18549747048903878,1.0,1.0137589751271237e-07
val_calib,10,0.1858108108108108,1.0,1.0240210241712697e-07
val_calib,10,0.18612521150592218,1.0,1.0327321150927271e-07
val_calib,10,0.1864406779661017,1.0,1.03903004200656e-07
val_calib,10,0.1867572156196944,1.0,1.0519371761015157e-07
val_calib,10,0.1870748299319728,1.0,1.0602392203262159e-07
val_calib,10,0.18739352640545145,1.0,1.119553550929724e-07
val_calib,10,0.18771331058020477,1.0,1.1253153624402622e-07
val_calib,10,0.18803418803418803,1.0,1.171155907719111e-07
val_calib,10,0.18835616438356165,1.0,1.1732690072234526e-07
val_calib,10,0.18867924528301888,1.0,1.2112657125625682e-07
val_calib,10,0.18900343642611683,1.0,1.250586242964712e-07
val_calib,10,0.18932874354561102,1.0,1.2729849231862004e-07
val_calib,10,0.1896551724137931,1.0,1.2854847269502154e-07
val_calib,10,0.18998272884283246,1.0,1.286845669439328e-07
val_calib,10,0.1903114186851211,1.0,1.2923187265842824e-07
val_calib,10,0.19064124783362218,1.0,1.3199100164398127e-07
val_calib,10,0.1909722222222222,1.0,1.350777952625897e-07
val_calib,10,0.19130434782608696,1.0,1.3746920324354206e-07
val_calib,10,0.1916376306620209,1.0,1.430845134953798e-07
val_calib,10,0.19197207678883071,1.0,1.43317700613874e-07
val_calib,10,0.19230769230769232,1.0,1.4707236806084594e-07
val_calib,10,0.19264448336252188,1.0,1.519869029398123e-07
val_calib,10,0.19298245614035087,1.0,1.5403143282264043e-07
val_calib,10,0.19332161687170474,1.0,1.551537354473979e-07
val_calib,10,0.1936619718309859,1.0,1.5539156858563528e-07
val_calib,10,0.19400352733686066,1.0,1.555633373975961e-07
val_calib,10,0.19434628975265017,1.0,1.5917124357153982e-07
val_calib,10,0.19469026548672566,1.0,1.6635768240471377e-07
val_calib,10,0.1950354609929078,1.0,1.6691005371174343e-07
val_calib,10,0.19538188277087035,1.0,1.6926349492588535e-07
val_calib,10,0.19572953736654805,1.0,1.7300385131215893e-07
val_calib,10,0.19607843137254902,1.0,1.7306100447757222e-07
val_calib,10,0.19642857142857142,1.0,1.8425573611583848e-07
val_calib,10,0.1967799642218247,1.0,1.8440758387480003e-07
val_calib,10,0.1971326164874552,1.0,1.8554633125172622e-07
val_calib,10,0.19748653500897667,1.0,1.930765223810924e-07
val_calib,10,0.19784172661870503,1.0,1.947354218087387e-07
val_calib,10,0.1981981981981982,1.0,1.964910727695266e-07
val_calib,10,0.19855595667870035,1.0,1.9998447677036977e-07
val_calib,10,0.19891500904159132,1.0,2.0348054295407708e-07
val_calib,10,0.19927536231884058,1.0,2.0672529496219584e-07
val_calib,10,0.1996370235934664,1.0,2.0974051831820336e-07
val_calib,10,0.2,1.0,2.1024787995969418e-07
val_calib,10,0.20036429872495445,1.0,2.1130529299516427e-07
val_calib,10,0.20072992700729927,1.0,2.1248768789942905e-07
val_calib,10,0.20109689213893966,1.0,2.413411001637823e-07
val_calib,10,0.20146520146520147,1.0,2.45295623255914e-07
val_calib,10,0.2018348623853211,1.0,2.453512601588612e-07
val_calib,10,0.20220588235294118,1.0,2.596965084388229e-07
val_calib,10,0.20257826887661143,1.0,2.605773647978771e-07
val_calib,10,0.2029520295202952,1.0,2.7967089462259233e-07
val_calib,10,0.2033271719038817,1.0,2.8048513044940165e-07
val_calib,10,0.2037037037037037,1.0,2.830199660189061e-07
val_calib,10,0.20408163265306123,1.0,2.889357862988338e-07
val_calib,10,0.20446096654275092,1.0,2.9707316121104766e-07
val_calib,10,0.2048417132216015,1.0,2.9841671490749743e-07
val_calib,10,0.20522388059701493,1.0,3.0534697598663383e-07
val_calib,10,0.205607476635514,1.0,3.107561362721898e-07
val_calib,10,0.20599250936329588,1.0,3.1632423031037517e-07
val_calib,10,0.20637898686679174,1.0,3.220771342934652e-07
val_calib,10,0.20676691729323307,1.0,3.2241365204744914e-07
val_calib,10,0.2071563088512241,1.0,3.3211758677757457e-07
val_calib,10,0.20754716981132076,1.0,3.495685020768345e-07
val_calib,10,0.20793950850661624,1.0,3.7321988597300417e-07
val_calib,10,0.20833333333333334,1.0,3.9878846519553166e-07
val_calib,10,0.20872865275142316,1.0,4.056532749943691e-07
val_calib,10,0.20912547528517111,1.0,4.21804527911336e-07
val_calib,10,0.20952380952380953,1.0,4.3292961010696397e-07
val_calib,10,0.2099236641221374,1.0,4.3998750042563855e-07
val_calib,10,0.21032504780114722,1.0,4.45266951677686e-07
val_calib,10,0.210727969348659,1.0,4.453218948725761e-07
val_calib,10,0.21113243761996162,1.0,4.479299302287882e-07
val_calib,10,0.21153846153846154,1.0,4.552235604449594e-07
val_calib,10,0.2119460500963391,1.0,4.828420789670579e-07
val_calib,10,0.21235521235521235,1.0,4.924988053439003e-07
val_calib,10,0.2127659574468085,1.0,5.031451967494857e-07
val_calib,10,0.2131782945736434,1.0,5.048825813577799e-07
val_calib,10,0.21359223300970873,1.0,5.187769511395407e-07
val_calib,10,0.2140077821011673,1.0,5.19494446732717e-07
val_calib,10,0.21442495126705652,1.0,5.324604252907311e-07
val_calib,10,0.21484375,1.0,5.540392580302813e-07
val_calib,10,0.21526418786692758,1.0,5.613779652410958e-07
val_calib,10,0.21568627450980393,1.0,5.633985116173967e-07
val_calib,10,0.21611001964636542,1.0,5.805802733917898e-07
val_calib,10,0.21653543307086615,1.0,5.874970781427716e-07
val_calib,10,0.21696252465483234,1.0,5.88630629109534e-07
val_calib,10,0.21739130434782608,1.0,6.358646570403417e-07
val_calib,10,0.21782178217821782,1.0,6.367681915983568e-07
val_calib,10,0.21825396825396826,1.0,6.873184160695936e-07
val_calib,10,0.21868787276341947,1.0,6.989764816355583e-07
val_calib,10,0.21912350597609562,1.0,7.272517626158129e-07
val_calib,10,0.21956087824351297,1.0,7.506837434727337e-07
val_calib,10,0.22,1.0,7.553992345523124e-07
val_calib,10,0.22044088176352705,1.0,7.676472004498631e-07
val_calib,10,0.22088353413654618,1.0,7.727535951947437e-07
val_calib,10,0.22132796780684105,1.0,7.761655886867947e-07
val_calib,10,0.2217741935483871,1.0,7.779081932818312e-07
val_calib,10,0.2222222222222222,1.0,7.888938540967207e-07
val_calib,10,0.22267206477732793,1.0,8.090000217651535e-07
val_calib,10,0.2231237322515213,1.0,8.116323553293015e-07
val_calib,10,0.22357723577235772,1.0,8.160701876404692e-07
val_calib,10,0.2240325865580448,1.0,8.192341810104884e-07
val_calib,10,0.22448979591836735,1.0,8.31561252214761e-07
val_calib,10,0.2249488752556237,1.0,8.618195263211819e-07
val_calib,10,0.22540983606557377,1.0,8.619069742162971e-07
val_calib,10,0.22587268993839835,1.0,8.67354979316768e-07
val_calib,10,0.22633744855967078,1.0,8.683572393645014e-07
val_calib,10,0.2268041237113402,1.0,8.88221237427535e-07
val_calib,10,0.22727272727272727,1.0,9.181873996947001e-07
val_calib,10,0.2277432712215321,1.0,9.212960229017831e-07
val_calib,10,0.22821576763485477,1.0,9.323865412114293e-07
val_calib,10,0.2286902286902287,1.0,9.436540036176543e-07
val_calib,10,0.22916666666666666,1.0,9.486993526333162e-07
val_calib,10,0.22964509394572025,1.0,9.584465344382187e-07
val_calib,10,0.2301255230125523,1.0,9.780341572838042e-07
val_calib,10,0.23060796645702306,1.0,9.831691224527363e-07
val_calib,10,0.23109243697478993,1.0,1.0252188802851388e-06
val_calib,10,0.23157894736842105,1.0,1.0384530317602075e-06
val_calib,10,0.2320675105485232,1.0,1.0750884798863744e-06
val_calib,10,0.23255813953488372,1.0,1.121263269400598e-06
val_calib,10,0.2330508474576271,1.0,1.1505824895820156e-06
val_calib,10,0.23354564755838642,1.0,1.2096413464093281e-06
val_calib,10,0.23404255319148937,1.0,1.2908669362789471e-06
val_calib,10,0.2345415778251599,1.0,1.303928523781411e-06
val_calib,10,0.23504273504273504,1.0,1.329883432602597e-06
val_calib,10,0.23554603854389722,1.0,1.33753347902488e-06
val_calib,10,0.23605150214592274,1.0,1.3817940041520404e-06
val_calib,10,0.23655913978494625,1.0,1.4056681539371157e-06
val_calib,10,0.23706896551724138,1.0,1.4411162156950194e-06
val_calib,10,0.23758099352051837,1.0,1.456414628539723e-06
val_calib,10,0.23809523809523808,1.0,1.5441716961400152e-06
val_calib,10,0.2386117136659436,1.0,1.5975114146355344e-06
val_calib,10,0.2391304347826087,1.0,1.6573485405660464e-06
val_calib,10,0.23965141612200436,1.0,1.6765935861808024e-06
val_calib,10,0.24017467248908297,1.0,1.7115983615651797e-06
val_calib,10,0.24070021881838075,1.0,1.7161501545927043e-06
val_calib,10,0.2412280701754386,1.0,1.777980342633097e-06
val_calib,10,0.24175824175824176,1.0,1.8148315503297189e-06
val_calib,10,0.2422907488986784,1.0,1.8812696901425476e-06
val_calib,10,0.24282560706401765,1.0,1.8945544450207276e-06
val_calib,10,0.24336283185840707,1.0,1.9104707223503693e-06
val_calib,10,0.24390243902439024,1.0,1.9265733665942614e-06
val_calib,10,0.24444444444444444,1.0,1.9606883513683936e-06
val_calib,10,0.24498886414253898,1.0,1.9709936070966753e-06
val_calib,10,0.24553571428571427,1.0,2.045710961435949e-06
val_calib,10,0.24608501118568232,1.0,2.201655067026129e-06
val_calib,10,0.24663677130044842,1.0,2.276934980130516e-06
val_calib,10,0.24719101123595505,1.0,2.307621649414652e-06
val_calib,10,0.24774774774774774,1.0,2.4426419174298997e-06
val_calib,10,0.24830699774266365,1.0,2.4621464313310083e-06
val_calib,10,0.248868778280543,1.0,2.4683120404864415e-06
val_calib,10,0.2494331065759637,1.0,2.637069518628918e-06
val_calib,10,0.25,1.0,2.6774244160105774e-06
val_calib,10,0.2505694760820046,1.0,2.6898318329112604e-06
val_calib,10,0.2511415525114155,1.0,3.0146566684217776e-06
val_calib,10,0.2517162471395881,1.0,3.1850883299856886e-06
val_calib,10,0.25229357798165136,1.0,3.2468515513326433e-06
val_calib,10,0.25287356321839083,1.0,3.2620708006571223e-06
val_calib,10,0.2534562211981567,1.0,3.288254131622059e-06
val_calib,10,0.2540415704387991,1.0,3.303354762653994e-06
val_calib,10,0.25462962962962965,1.0,3.4394573618392683e-06
val_calib,10,0.2552204176334107,1.0,3.681112034211314e-06
val_calib,10,0.2558139534883721,1.0,3.6976482107784023e-06
val_calib,10,0.2564102564102564,1.0,3.704826816926769e-06
val_calib,10,0.2570093457943925,1.0,3.862173276699998e-06
val_calib,10,0.2576112412177986,1.0,4.188573187757024e-06
val_calib,10,0.25821596244131456,1.0,4.539128738457888e-06
val_calib,10,0.25882352941176473,1.0,5.1369087160940916e-06
val_calib,10,0.25943396226415094,1.0,5.161533132382306e-06
val_calib,10,0.26004728132387706,1.0,5.209135067411559e-06
val_calib,10,0.26066350710900477,1.0,5.268846300058114e-06
val_calib,10,0.26128266033254155,1.0,5.287701040171609e-06
val_calib,10,0.2619047619047619,1.0,5.296960389534121e-06
val_calib,10,0.26252983293556087,1.0,5.571255034772071e-06
val_calib,10,0.2631578947368421,1.0,5.574768594774391e-06
val_calib,10,0.2637889688249401,1.0,5.744798904135511e-06
val_calib,10,0.2644230769230769,1.0,5.86567217582925e-06
val_calib,10,0.26506024096385544,1.0,5.91858964328293e-06
val_calib,10,0.26570048309178745,1.0,6.012830230172845e-06
val_calib,10,0.26634382566585957,1.0,6.06991725906669e-06
val_calib,10,0.2669902912621359,1.0,6.2367446496609496e-06
val_calib,10,0.26763990267639903,1.0,6.633448762782242e-06
val_calib,10,0.2682926829268293,1.0,6.6686996385094115e-06
val_calib,10,0.26894865525672373,1.0,6.754938163835065e-06
val_calib,10,0.2696078431372549,1.0,6.8942694454439895e-06
val_calib,10,0.2702702702702703,1.0,7.093511295007521e-06
val_calib,10,0.270935960591133,1.0,7.392176965654259e-06
val_calib,10,0.2716049382716049,1.0,7.80234949058998e-06
val_calib,10,0.2722772277227723,1.0,8.154288471445387e-06
val_calib,10,0.2729528535980149,1.0,9.546065329003862e-06
val_calib,10,0.2736318407960199,1.0,9.755706987959553e-06
val_calib,10,0.2743142144638404,1.0,9.779404859784035e-06
val_calib,10,0.275,1.0,1.0323842680958893e-05
val_calib,10,0.2756892230576441,1.0,1.0556116142995266e-05
val_calib,10,0.27638190954773867,1.0,1.0556802362195087e-05
val_calib,10,0.2770780856423174,1.0,1.0599905673285123e-05
val_calib,10,0.2777777777777778,1.0,1.1041631617585467e-05
val_calib,10,0.27848101265822783,1.0,1.1098792877334461e-05
val_calib,10,0.27918781725888325,1.0,1.1241357093109388e-05
val_calib,10,0.27989821882951654,1.0,1.149394214991156e-05
val_calib,10,0.28061224489795916,1.0,1.1615465695827063e-05
val_calib,10,0.2813299232736573,1.0,1.1794156046979133e-05
val_calib,10,0.28205128205128205,1.0,1.2075832182048093e-05
val_calib,10,0.2827763496143959,1.0,1.2171927309829626e-05
val_calib,10,0.28350515463917525,1.0,1.2368342080659984e-05
val_calib,10,0.2842377260981912,1.0,1.2434444992393502e-05
val_calib,10,0.2849740932642487,1.0,1.2694198895187815e-05
val_calib,10,0.2857142857142857,1.0,1.2930724737876313e-05
val_calib,10,0.2864583333333333,1.0,1.2968037377593491e-05
val_calib,10,0.28720626631853785,1.0,1.3102893868423315e-05
val_calib,10,0.2879581151832461,1.0,1.3124330407187709e-05
val_calib,10,0.2887139107611549,1.0,1.3400976246141842e-05
val_calib,10,0.2894736842105263,1.0,1.3402408858368705e-05
val_calib,10,0.29023746701846964,1.0,1.3715518435459764e-05
val_calib,10,0.291005291005291,1.0,1.4081294347056695e-05
val_calib,10,0.2917771883289125,1.0,1.424955897114446e-05
val_calib,10,0.2925531914893617,1.0,1.522272382852472e-05
val_calib,10,0.29333333333333333,1.0,1.5512150617574026e-05
val_calib,10,0.29411764705882354,1.0,1.558563918344366e-05
val_calib,10,0.2949061662198391,1.0,1.6386449546846067e-05
val_calib,10,0.2956989247311828,1.0,1.6479981916086085e-05
val_calib,10,0.29649595687331537,1.0,1.7534193461669263e-05
val_calib,10,0.2972972972972973,1.0,1.7921921849902247e-05
val_calib,10,0.2981029810298103,1.0,1.9250293513264258e-05
val_calib,10,0.29891304347826086,1.0,1.9761355965510624e-05
val_calib,10,0.2997275204359673,1.0,1.9834520797472978e-05
val_calib,10,0.3005464480874317,1.0,2.0167543348274632e-05
val_calib,10,0.3013698630136986,1.0,2.028183606098933e-05
val_calib,10,0.3021978021978022,1.0,2.119967513432442e-05
val_calib,10,0.30303030303030304,1.0,2.1779500575721136e-05
val_calib,10,0.30386740331491713,1.0,2.1988069089942738e-05
val_calib,10,0.3047091412742382,1.0,2.2639070625673486e-05
val_calib,10,0.3055555555555556,1.0,2.3202776009775037e-05
val_calib,10,0.3064066852367688,1.0,2.4123136802835173e-05
val_calib,10,0.30726256983240224,1.0,2.4194607486617104e-05
val_calib,10,0.3081232492997199,1.0,2.4341609263777233e-05
val_calib,10,0.3089887640449438,1.0,2.445558825293737e-05
val_calib,10,0.30985915492957744,1.0,2.4634140440292687e-05
val_calib,10,0.3107344632768362,1.0,2.468404777040313e-05
val_calib,10,0.311614730878187,1.0,2.6824531892466004e-05
val_calib,10,0.3125,1.0,2.808081866692361e-05
val_calib,10,0.31339031339031337,1.0,2.8271426910268557e-05
val_calib,10,0.3142857142857143,1.0,2.8832655169865308e-05
val_calib,10,0.3151862464183381,1.0,2.9882833003332402e-05
val_calib,10,0.3160919540229885,1.0,3.0132730405435206e-05
val_calib,10,0.3170028818443804,1.0,3.088221420122534e-05
val_calib,10,0.3179190751445087,1.0,3.349300446970145e-05
val_calib,10,0.3188405797101449,1.0,3.408520681893617e-05
val_calib,10,0.31976744186046513,1.0,3.589939190563842e-05
val_calib,10,0.3206997084548105,1.0,3.692751335674927e-05
val_calib,10,0.3216374269005848,1.0,4.327881914291535e-05
val_calib,10,0.3225806451612903,1.0,4.4466937579207235e-05
val_calib,10,0.3235294117647059,1.0,4.682587723468055e-05
val_calib,10,0.32448377581120946,1.0,4.8469298428183776e-05
val_calib,10,0.3254437869822485,1.0,4.853613756908857e-05
val_calib,10,0.3264094955489614,1.0,4.865212328219834e-05
val_calib,10,0.3273809523809524,1.0,4.933183046992887e-05
val_calib,10,0.3283582089552239,1.0,5.2884477822715975e-05
val_calib,10,0.32934131736526945,1.0,5.307976013227119e-05
val_calib,10,0.3303303303303303,1.0,5.370792929966578e-05
val_calib,10,0.3313253012048193,1.0,5.433909574005859e-05
val_calib,10,0.3323262839879154,1.0,6.197276599063809e-05
val_calib,10,0.3333333333333333,1.0,6.223648021364316e-05
val_calib,10,0.3343465045592705,1.0,6.234152527464518e-05
val_calib,10,0.3353658536585366,1.0,7.971151796852126e-05
val_calib,10,0.3363914373088685,1.0,8.256729177414571e-05
val_calib,10,0.3374233128834356,1.0,8.932232282263369e-05
val_calib,10,0.3384615384615385,1.0,9.010353703347378e-05
val_calib,10,0.3395061728395062,1.0,9.282319225874509e-05
val_calib,10,0.34055727554179566,1.0,9.355775504583301e-05
val_calib,10,0.3416149068322981,1.0,9.609208701643358e-05
val_calib,10,0.3426791277258567,1.0,9.728291870290463e-05
val_calib,10,0.34375,1.0,9.856550747997075e-05
val_calib,10,0.3448275862068966,1.0,0.00010201206797241535
val_calib,10,0.34591194968553457,1.0,0.00010416906908149129
val_calib,10,0.3470031545741325,1.0,0.00010526939071378797
val_calib,10,0.34810126582278483,1.0,0.00011153174321723445
val_calib,10,0.3492063492063492,1.0,0.00011600795197698853
val_calib,10,0.3503184713375796,1.0,0.0001160096316724598
val_calib,10,0.3514376996805112,1.0,0.00011811779551748927
val_calib,10,0.3525641025641026,1.0,0.0001236667731531565
val_calib,10,0.3536977491961415,1.0,0.00012486986456457718
val_calib,10,0.3548387096774194,1.0,0.0001267476561280781
val_calib,10,0.3559870550161812,1.0,0.0001354724265169507
val_calib,10,0.35714285714285715,1.0,0.00013685141208958404
val_calib,10,0.3583061889250814,1.0,0.00013978125030134037
val_calib,10,0.35947712418300654,1.0,0.00014088224756286728
val_calib,10,0.36065573770491804,1.0,0.00014916952740399325
val_calib,10,0.3618421052631579,1.0,0.00015808760280685744
val_calib,10,0.36303630363036304,1.0,0.0001957967120577366
val_calib,10,0.36423841059602646,1.0,0.00020010642787286298
val_calib,10,0.3654485049833887,1.0,0.00020380068206907236
val_calib,10,0.36666666666666664,1.0,0.00020903593099611575
val_calib,10,0.36789297658862874,1.0,0.00022166236214875556
val_calib,10,0.3691275167785235,1.0,0.00022327941641106893
val_calib,10,0.37037037037037035,1.0,0.00022434327282215007
val_calib,10,0.3716216216216216,1.0,0.00023094219165158318
val_calib,10,0.3728813559322034,1.0,0.00023426748287723676
val_calib,10,0.3741496598639456,1.0,0.0002428996224304287
val_calib,10,0.37542662116040953,1.0,0.00024594073684210837
val_calib,10,0.3767123287671233,1.0,0.0002510718784044773
val_calib,10,0.37800687285223367,1.0,0.0002605824990677121
val_calib,10,0.3793103448275862,1.0,0.0002742848550471372
val_calib,10,0.3806228373702422,1.0,0.0002751049700888891
val_calib,10,0.3819444444444444,1.0,0.0002758361298568857
val_calib,10,0.3832752613240418,1.0,0.00028897922903710794
val_calib,10,0.38461538461538464,1.0,0.0002956151448006948
val_calib,10,0.38596491228070173,1.0,0.0003071558161729323
val_calib,10,0.3873239436619718,1.0,0.00033123196428326036
val_calib,10,0.38869257950530034,1.0,0.0003419995361783748
val_calib,10,0.3900709219858156,1.0,0.00035979984618107584
val_calib,10,0.3914590747330961,1.0,0.0003677909686869261
val_calib,10,0.39285714285714285,1.0,0.0003707818713083297
val_calib,10,0.3942652329749104,1.0,0.0003874953920537868
val_calib,10,0.39568345323741005,1.0,0.0004042249433078563
val_calib,10,0.3971119133574007,1.0,0.0004200809555081771
val_calib,10,0.39855072463768115,1.0,0.0004270793286665791
val_calib,10,0.4,1.0,0.0004302021729759155
val_calib,10,0.40145985401459855,1.0,0.0004751045354931168
val_calib,10,0.40293040293040294,1.0,0.000489196771390717
val_calib,10,0.40441176470588236,1.0,0.000491640030305969
val_calib,10,0.4059040590405904,1.0,0.0004939627260475303
val_calib,10,0.4074074074074074,1.0,0.0005367737678033782
val_calib,10,0.40892193308550184,1.0,0.0005519273434432623
val_calib,10,0.41044776119402987,1.0,0.0005705239005300449
val_calib,10,0.41198501872659177,1.0,0.0005837559749493309
val_calib,10,0.41353383458646614,1.0,0.0005906263176577141
val_calib,10,0.41509433962264153,1.0,0.000677038653460402
val_calib,10,0.4166666666666667,1.0,0.000694925029760955
val_calib,10,0.41825095057034223,1.0,0.0007617688468782615
val_calib,10,0.4198473282442748,1.0,0.0007791200561989681
val_calib,10,0.421455938697318,1.0,0.0008064462265212125
val_calib,10,0.4230769230769231,1.0,0.0008718302968145218
val_calib,10,0.4247104247104247,1.0,0.0009305648077464958
val_calib,10,0.4263565891472868,1.0,0.0010465546504878312
val_calib,10,0.4280155642023346,1.0,0.0010502989643699507
val_calib,10,0.4296875,1.0,0.0010632043966757115
val_calib,10,0.43137254901960786,1.0,0.001151804007750137
val_calib,10,0.4330708661417323,1.0,0.0011735255402186902
val_calib,10,0.43478260869565216,1.0,0.0013550696567170035
val_calib,10,0.4365079365079365,1.0,0.0015800622948394473
val_calib,10,0.43824701195219123,1.0,0.001622733909591124
val_calib,10,0.44,1.0,0.001718497385419188
val_calib,10,0.44176706827309237,1.0,0.0017327303702520062
val_calib,10,0.4435483870967742,1.0,0.0017850439383444833
val_calib,10,0.44534412955465585,1.0,0.001821679092519351
val_calib,10,0.44715447154471544,1.0,0.0018876838836806298
val_calib,10,0.4489795918367347,1.0,0.002037089101884736
val_calib,10,0.45081967213114754,1.0,0.0020637609361359227
val_calib,10,0.45267489711934156,1.0,0.002095102081773645
val_calib,10,0.45454545454545453,1.0,0.0021011427498920303
val_calib,10,0.45643153526970953,1.0,0.0021351513915780895
val_calib,10,0.4583333333333333,1.0,0.0023045303618732427
val_calib,10,0.4602510460251046,1.0,0.0024256242522189358
val_calib,10,0.46218487394957986,1.0,0.0024667729482617693
val_calib,10,0.4641350210970464,1.0,0.002580804623337447
val_calib,10,0.4661016949152542,1.0,0.0026384152536297572
val_calib,10,0.46808510638297873,1.0,0.0027339864633643515
val_calib,10,0.4700854700854701,1.0,0.002771630365991575
val_calib,10,0.4721030042918455,1.0,0.003072703060926046
val_calib,10,0.47413793103448276,1.0,0.0031044748044672774
val_calib,10,0.47619047619047616,1.0,0.003262033657219721
val_calib,10,0.4782608695652174,1.0,0.003386215767540291
val_calib,10,0.48034934497816595,1.0,0.003463336335546127
val_calib,10,0.4824561403508772,1.0,0.0035756193262538975
val_calib,10,0.4845814977973568,1.0,0.0036979799707505087
val_calib,10,0.48672566371681414,1.0,0.0037925958093710274
val_calib,10,0.4888888888888889,1.0,0.0038519375267863296
val_calib,10,0.49107142857142855,1.0,0.0038679403325534664
val_calib,10,0.49327354260089684,1.0,0.0038693952736749914
val_calib,10,0.4954954954954955,1.0,0.004058194992574368
val_calib,10,0.497737556561086,1.0,0.0041519823093890285
val_calib,10,0.5,1.0,0.00501973534820513
val_calib,10,0.502283105022831,1.0,0.005092463386135435
val_calib,10,0.5045871559633027,1.0,0.005827873022348618
val_calib,10,0.5069124423963134,1.0,0.0060115318020878775
val_calib,10,0.5092592592592593,1.0,0.006037845623893255
val_calib,10,0.5116279069767442,1.0,0.00660894956415869
val_calib,10,0.514018691588785,1.0,0.006888100279153895
val_calib,10,0.5164319248826291,1.0,0.007010697066981976
val_calib,10,0.5188679245283019,1.0,0.0075039201047246065
val_calib,10,0.5213270142180095,1.0,0.007649309248502998
val_calib,10,0.5238095238095238,1.0,0.008009638209800767
val_calib,10,0.5263157894736842,1.0,0.008077806715264674
val_calib,10,0.5288461538461539,1.0,0.008611688915621132
val_calib,10,0.5314009661835749,1.0,0.008711665274736179
val_calib,10,0.5339805825242718,1.0,0.009268505838317143
val_calib,10,0.5365853658536586,1.0,0.00928087567478842
val_calib,10,0.5392156862745098,1.0,0.009987049045264887
val_calib,10,0.541871921182266,1.0,0.010084485679290045
val_calib,10,0.5445544554455446,1.0,0.010547577396888191
val_calib,10,0.5472636815920398,1.0,0.011266165674485065
val_calib,10,0.55,1.0,0.011547369800787483
val_calib,10,0.5527638190954773,1.0,0.011931339487581941
val_calib,10,0.5555555555555556,1.0,0.011948576257721064
val_calib,10,0.5583756345177665,1.0,0.01259780311387212
val_calib,10,0.5612244897959183,1.0,0.013115022225738921
val_calib,10,0.5641025641025641,1.0,0.013379976155189039
val_calib,10,0.5670103092783505,1.0,0.01383673063485236
val_calib,10,0.5699481865284974,1.0,0.01415149853322021
val_calib,10,0.5729166666666666,1.0,0.01588727553906191
val_calib,10,0.5759162303664922,1.0,0.016127710003509495
val_calib,10,0.5789473684210527,1.0,0.016800740248190244
val_calib,10,0.582010582010582,1.0,0.01710573732822015
val_calib,10,0.5851063829787234,1.0,0.01756623012532392
val_calib,10,0.5882352941176471,1.0,0.017702189756071216
val_calib,10,0.5913978494623656,1.0,0.018252171232961557
val_calib,10,0.5945945945945946,1.0,0.018434239693198767
val_calib,10,0.5978260869565217,1.0,0.01858976370933792
val_calib,10,0.6010928961748634,1.0,0.019704877346430696
val_calib,10,0.6043956043956044,1.0,0.0205934190070601
val_calib,10,0.6077348066298343,1.0,0.02106206188385447
val_calib,10,0.6111111111111112,1.0,0.02169326617526147
val_calib,10,0.6145251396648045,1.0,0.022043926886527086
val_calib,10,0.6179775280898876,1.0,0.022803073116962815
val_calib,10,0.6214689265536724,1.0,0.023395304616285965
val_calib,10,0.625,1.0,0.02348003757307348
val_calib,10,0.6285714285714286,1.0,0.023584047504379823
val_calib,10,0.632183908045977,1.0,0.027616658126780824
val_calib,10,0.6358381502890174,1.0,0.0285803415603454
val_calib,10,0.6395348837209303,1.0,0.02866199052023132
val_calib,10,0.6432748538011696,1.0,0.035205925377509696
val_calib,10,0.6470588235294118,1.0,0.035283851894474805
val_calib,10,0.650887573964497,1.0,0.037033381646788315
val_calib,10,0.6547619047619048,1.0,0.037815838480334645
val_calib,10,0.6586826347305389,1.0,0.04119376202148235
val_calib,10,0.6626506024096386,1.0,0.04329244140167479
val_calib,10,0.6666666666666666,1.0,0.04368020857736391
val_calib,10,0.6646341463414634,0.990909090909091,0.04961693209389195
val_calib,10,0.6687116564417178,0.990909090909091,0.05024635003176729
val_calib,10,0.6728395061728395,0.990909090909091,0.05804072094105106
val_calib,10,0.6770186335403726,0.990909090909091,0.05984840555914679
val_calib,10,0.68125,0.990909090909091,0.07040418578177246
val_calib,10,0.6855345911949685,0.990909090909091,0.0806179099376748
val_calib,10,0.689873417721519,0.990909090909091,0.09253682640551478
val_calib,10,0.6942675159235668,0.990909090909091,0.0933568820776227
val_calib,10,0.6987179487179487,0.990909090909091,0.09438446957631448
val_calib,10,0.7032258064516129,0.990909090909091,0.10410624608065139
val_calib,10,0.7077922077922078,0.990909090909091,0.10713415613487504
val_calib,10,0.7124183006535948,0.990909090909091,0.11340399728926802
val_calib,10,0.7105263157894737,0.9818181818181818,0.11763386547320266
val_calib,10,0.7152317880794702,0.9818181818181818,0.12223461458003447
val_calib,10,0.72,0.9818181818181818,0.1291273885292741
val_calib,10,0.7248322147651006,0.9818181818181818,0.12929124433934333
val_calib,10,0.7297297297297297,0.9818181818181818,0.12934198492764162
val_calib,10,0.7346938775510204,0.9818181818181818,0.13063364095877503
val_calib,10,0.7397260273972602,0.9818181818181818,0.13810128210812805
val_calib,10,0.7448275862068966,0.9818181818181818,0.14112895340918696
val_calib,10,0.7430555555555556,0.9727272727272728,0.15350123584318187
val_calib,10,0.7482517482517482,0.9727272727272728,0.1545444211024564
val_calib,10,0.7535211267605634,0.9727272727272728,0.1591530963193941
val_calib,10,0.7588652482269503,0.9727272727272728,0.15999646767842246
val_calib,10,0.7571428571428571,0.9636363636363636,0.16147442109960658
val_calib,10,0.762589928057554,0.9636363636363636,0.16166720612935664
val_calib,10,0.7681159420289855,0.9636363636363636,0.1718093948580246
val_calib,10,0.7737226277372263,0.9636363636363636,0.1785149794960336
val_calib,10,0.7794117647058824,0.9636363636363636,0.17889297637395568
val_calib,10,0.7851851851851852,0.9636363636363636,0.18610847572382377
val_calib,10,0.7910447761194029,0.9636363636363636,0.19046603012083654
val_calib,10,0.7969924812030075,0.9636363636363636,0.19435850082148534
val_calib,10,0.803030303030303,0.9636363636363636,0.2053997861267749
val_calib,10,0.8091603053435115,0.9636363636363636,0.20700015998787863
val_calib,10,0.8153846153846154,0.9636363636363636,0.2159630794581314
val_calib,10,0.8217054263565892,0.9636363636363636,0.2398213710640097
val_calib,10,0.8203125,0.9545454545454546,0.27612080857097415
val_calib,10,0.8267716535433071,0.9545454545454546,0.2949765795591653
val_calib,10,0.8333333333333334,0.9545454545454546,0.2970167795451361
val_calib,10,0.84,0.9545454545454546,0.3139963117775555
val_calib,10,0.8387096774193549,0.9454545454545454,0.32082592656292575
val_calib,10,0.8455284552845529,0.9454545454545454,0.3268083044499722
val_calib,10,0.8524590163934426,0.9454545454545454,0.3448708234818497
val_calib,10,0.8512396694214877,0.9363636363636364,0.35468436300822187
val_calib,10,0.85,0.9272727272727272,0.3622584966042551
val_calib,10,0.8571428571428571,0.9272727272727272,0.3748370791025227
val_calib,10,0.8559322033898306,0.9181818181818182,0.3783325307000809
val_calib,10,0.8632478632478633,0.9181818181818182,0.38062065332208744
val_calib,10,0.8620689655172413,0.9090909090909091,0.40394706050957446
val_calib,10,0.8695652173913043,0.9090909090909091,0.40872454195838337
val_calib,10,0.8771929824561403,0.9090909090909091,0.42668724771999106
val_calib,10,0.8849557522123894,0.9090909090909091,0.4842075634741993
val_calib,10,0.8928571428571429,0.9090909090909091,0.4892303680539053
val_calib,10,0.9009009009009009,0.9090909090909091,0.502456650357735
val_calib,10,0.9090909090909091,0.9090909090909091,0.5043078485353117
val_calib,10,0.908256880733945,0.9,0.5213733885399463
val_calib,10,0.9074074074074074,0.8909090909090909,0.5480680633931176
val_calib,10,0.9158878504672897,0.8909090909090909,0.5690909856333829
val_calib,10,0.9150943396226415,0.8818181818181818,0.569361115832056
val_calib,10,0.9142857142857143,0.8727272727272727,0.5930572300746584
val_calib,10,0.9134615384615384,0.8636363636363636,0.5987745071565954
val_calib,10,0.9223300970873787,0.8636363636363636,0.6043781692311994
val_calib,10,0.9215686274509803,0.8545454545454545,0.6078617269988118
val_calib,10,0.9207920792079208,0.8454545454545455,0.6361522030376365
val_calib,10,0.93,0.8454545454545455,0.666520975236554
val_calib,10,0.9292929292929293,0.8363636363636363,0.6769077096393235
val_calib,10,0.9285714285714286,0.8272727272727273,0.6769992047262482
val_calib,10,0.9278350515463918,0.8181818181818182,0.6885153762259714
val_calib,10,0.9375,0.8181818181818182,0.7049335839157753
val_calib,10,0.9368421052631579,0.8090909090909091,0.7212454293251717
val_calib,10,0.9468085106382979,0.8090909090909091,0.7236450369148523
val_calib,10,0.946236559139785,0.8,0.7238299487333135
val_calib,10,0.9456521739130435,0.7909090909090909,0.7296393262611119
val_calib,10,0.945054945054945,0.7818181818181819,0.7403269203407017
val_calib,10,0.9444444444444444,0.7727272727272727,0.7566702396127789
val_calib,10,0.9438202247191011,0.7636363636363637,0.7641592615973443
val_calib,10,0.9431818181818182,0.7545454545454545,0.7682324986951817
val_calib,10,0.9425287356321839,0.7454545454545455,0.7831775762566388
val_calib,10,0.9534883720930233,0.7454545454545455,0.7882444131659185
val_calib,10,0.9529411764705882,0.7363636363636363,0.7916320988077811
val_calib,10,0.9523809523809523,0.7272727272727273,0.8082710722030227
val_calib,10,0.9518072289156626,0.7181818181818181,0.819422472628138
val_calib,10,0.9512195121951219,0.7090909090909091,0.8216892088640071
val_calib,10,0.9629629629629629,0.7090909090909091,0.8246816404949102
val_calib,10,0.9625,0.7,0.8268485639590645
val_calib,10,0.9620253164556962,0.6909090909090909,0.8298479175989348
val_calib,10,0.9615384615384616,0.6818181818181818,0.84217529169796
val_calib,10,0.974025974025974,0.6818181818181818,0.844333156737625
val_calib,10,0.9736842105263158,0.6727272727272727,0.8473213354329566
val_calib,10,0.9733333333333334,0.6636363636363637,0.851736972715266
val_calib,10,0.972972972972973,0.6545454545454545,0.8546441286219513
val_calib,10,0.9726027397260274,0.6454545454545455,0.855874176648284
val_calib,10,0.9722222222222222,0.6363636363636364,0.8638069517403869
val_calib,10,0.971830985915493,0.6272727272727273,0.8693934629621326
val_calib,10,0.9714285714285714,0.6181818181818182,0.881010742718855
val_calib,10,0.9710144927536232,0.6090909090909091,0.8922470683927087
val_calib,10,0.9705882352941176,0.6,0.8929892704792283
val_calib,10,0.9701492537313433,0.5909090909090909,0.8956160801280464
val_calib,10,0.9696969696969697,0.5818181818181818,0.9066972883999891
val_calib,10,0.9692307692307692,0.5727272727272728,0.9079976261653158
val_calib,10,0.96875,0.5636363636363636,0.9115323581625827
val_calib,10,0.9841269841269841,0.5636363636363636,0.9134924335865906
val_calib,10,0.9838709677419355,0.5545454545454546,0.9167557509631952
val_calib,10,1.0,0.5545454545454546,0.9231982114565311
val_calib,10,1.0,0.5454545454545454,0.9346962562165413
val_calib,10,1.0,0.5363636363636364,0.9381036175270637
val_calib,10,1.0,0.5272727272727272,0.939833291570528
val_calib,10,1.0,0.5181818181818182,0.9426896065749003
val_calib,10,1.0,0.509090909090909,0.9481003898488894
val_calib,10,1.0,0.5,0.9516520640135651
val_calib,10,1.0,0.4909090909090909,0.9531377538529832
val_calib,10,1.0,0.4818181818181818,0.9533546222957815
val_calib,10,1.0,0.4727272727272727,0.9548791581704774
val_calib,10,1.0,0.4636363636363636,0.9566782601384523
val_calib,10,1.0,0.45454545454545453,0.9604524174550635
val_calib,10,1.0,0.44545454545454544,0.9604586028314585
val_calib,10,1.0,0.43636363636363634,0.9687273105805632
val_calib,10,1.0,0.42727272727272725,0.9695424252281064
val_calib,10,1.0,0.41818181818181815,0.9729845330526351
val_calib,10,1.0,0.4090909090909091,0.9744330047360908
val_calib,10,1.0,0.4,0.9751870043479699
val_calib,10,1.0,0.39090909090909093,0.9768166136716737
val_calib,10,1.0,0.38181818181818183,0.9788543656549941
val_calib,10,1.0,0.37272727272727274,0.9792976031588567
val_calib,10,1.0,0.36363636363636365,0.9817819412827525
val_calib,10,1.0,0.35454545454545455,0.9820138910784781
val_calib,10,1.0,0.34545454545454546,0.9869707897843036
val_calib,10,1.0,0.33636363636363636,0.9876326511221789
val_calib,10,1.0,0.32727272727272727,0.9888528268492032
val_calib,10,1.0,0.3181818181818182,0.9891883378376094
val_calib,10,1.0,0.3090909090909091,0.9894277443270184
val_calib,10,1.0,0.3,0.9894904365981074
val_calib,10,1.0,0.2909090909090909,0.990576477884918
val_calib,10,1.0,0.2818181818181818,0.9906576837070175
val_calib,10,1.0,0.2727272727272727,0.9921267171760944
val_calib,10,1.0,0.2636363636363636,0.9928087027470816
val_calib,10,1.0,0.2545454545454545,0.9931808767150555
val_calib,10,1.0,0.24545454545454545,0.993328646418619
val_calib,10,1.0,0.23636363636363636,0.9935719896635132
val_calib,10,1.0,0.22727272727272727,0.9936530863435311
val_calib,10,1.0,0.21818181818181817,0.9937225285549811
val_calib,10,1.0,0.20909090909090908,0.995191343987147
val_calib,10,1.0,0.2,0.995458948553588
val_calib,10,1.0,0.19090909090909092,0.9957401756049353
val_calib,10,1.0,0.18181818181818182,0.996554618530229
val_calib,10,1.0,0.17272727272727273,0.9966908430821045
val_calib,10,1.0,0.16363636363636364,0.9972174752977423
val_calib,10,1.0,0.15454545454545454,0.9974519911486477
val_calib,10,1.0,0.14545454545454545,0.9975913824324465
val_calib,10,1.0,0.13636363636363635,0.9978340052111005
val_calib,10,1.0,0.12727272727272726,0.9981117342120105
val_calib,10,1.0,0.11818181818181818,0.9986945457889075
val_calib,10,1.0,0.10909090909090909,0.998723356158861
val_calib,10,1.0,0.1,0.9989019197061597
val_calib,10,1.0,0.09090909090909091,0.9989899380613674
val_calib,10,1.0,0.08181818181818182,0.999060323587635
val_calib,10,1.0,0.07272727272727272,0.999085045991548
val_calib,10,1.0,0.06363636363636363,0.9996288511353555
val_calib,10,1.0,0.05454545454545454,0.9997517325071389
val_calib,10,1.0,0.045454545454545456,0.9998441708725463
val_calib,10,1.0,0.03636363636363636,0.9999773950687426
val_calib,10,1.0,0.02727272727272727,0.999990063239974
val_calib,10,1.0,0.01818181818181818,0.9999986514025903
val_calib,10,1.0,0.00909090909090909,0.9999994964185244
val_calib,10,1.0,0.0,
val_calib,20,0.10365251727541955,1.0,4.8250695889799727e-23
val_calib,20,0.1037037037037037,1.0,1.418232432031199e-22
val_calib,20,0.10375494071146245,1.0,4.9014398179104187e-20
val_calib,20,0.10380622837370242,1.0,7.257246340854765e-20
val_calib,20,0.10385756676557864,1.0,1.4875008487354942e-19
val_calib,20,0.10390895596239486,1.0,1.6901643010440525e-19
val_calib,20,0.10396039603960396,1.0,3.372987780340188e-19
val_calib,20,0.10401188707280833,1.0,3.4712918344128163e-19
val_calib,20,0.10406342913776016,1.0,2.2229925559733245e-18
val_calib,20,0.10411502231036192,1.0,3.712656668120881e-17
val_calib,20,0.10416666666666667,1.0,6.948547664676593e-17
val_calib,20,0.10421836228287841,1.0,9.362272080951837e-17
val_calib,20,0.10427010923535253,1.0,1.986453285541705e-16
val_calib,20,0.10432190760059612,1.0,4.801936422750574e-16
val_calib,20,0.10437375745526839,1.0,9.491673623823101e-16
val_calib,20,0.10442565887618101,1.0,3.584734374822182e-15
val_calib,20,0.1044776119402985,1.0,4.841430070354907e-15
val_calib,20,0.10452961672473868,1.0,1.8046584087085725e-14
val_calib,20,0.10458167330677291,1.0,2.030628381007641e-14
val_calib,20,0.10463378176382661,1.0,4.300227514589064e-14
val_calib,20,0.10468594217347957,1.0,5.110435262825804e-14
val_calib,20,0.10473815461346633,1.0,6.421777552406877e-14
val_calib,20,0.10479041916167664,1.0,7.156277216075984e-14
val_calib,20,0.10484273589615577,1.0,8.033635431322482e-14
val_calib,20,0.1048951048951049,1.0,8.047473845693303e-14
val_calib,20,0.10494752623688156,1.0,8.557550317303419e-14
val_calib,20,0.105,1.0,1.0665851382348996e-13
val_calib,20,0.10505252626313157,1.0,1.13389719197227e-13
val_calib,20,0.10510510510510511,1.0,1.1776594094641721e-13
val_calib,20,0.10515773660490736,1.0,1.3129071257600274e-13
val_calib,20,0.10521042084168336,1.0,1.3378655524313375e-13
val_calib,20,0.10526315789473684,1.0,1.3400461891282955e-13
val_calib,20,0.10531594784353059,1.0,1.5902014104170147e-13
val_calib,20,0.1053687907676869,1.0,1.692374698861919e-13
val_calib,20,0.10542168674698796,1.0,1.9829042009000598e-13
val_calib,20,0.10547463586137619,1.0,2.0107967400760094e-13
val_calib,20,0.10552763819095477,1.0,2.4713891014852956e-13
val_calib,20,0.10558069381598793,1.0,2.7358859196158154e-13
val_calib,20,0.1056338028169014,1.0,2.775130316475886e-13
val_calib,20,0.10568696527428284,1.0,2.923653151482206e-13
val_calib,20,0.10574018126888217,1.0,3.0844366674340306e-13
val_calib,20,0.10579345088161209,1.0,3.4141768762526107e-13
val_calib,20,0.10584677419354839,1.0,3.4719018820672543e-13
val_calib,20,0.1059001512859304,1.0,3.799430614894742e-13
val_calib,20,0.10595358224016145,1.0,3.8502168528746117e-13
val_calib,20,0.10600706713780919,1.0,3.9941418660070817e-13
val_calib,20,0.10606060606060606,1.0,4.020266999388772e-13
val_calib,20,0.10611419909044972,1.0,4.10783416123613e-13
val_calib,20,0.10616784630940344,1.0,4.1773506413286874e-13
val_calib,20,0.1062215477996965,1.0,4.304351405404787e-13
val_calib,20,0.1062753036437247,1.0,4.55692485314426e-13
val_calib,20,0.10632911392405063,1.0,4.67047336970364e-13
val_calib,20,0.10638297872340426,1.0,4.8304844915983e-13
val_calib,20,0.10643689812468322,1.0,4.981783658849286e-13
val_calib,20,0.10649087221095335,1.0,5.309235409507684e-13
val_calib,20,0.106544901065449,1.0,5.883126719613115e-13
val_calib,20,0.1065989847715736,1.0,6.462988891565632e-13
val_calib,20,0.10665312341289995,1.0,7.974013421708516e-13
val_calib,20,0.10670731707317073,1.0,8.509099102975758e-13
val_calib,20,0.10676156583629894,1.0,8.854238824771495e-13
val_calib,20,0.10681586978636826,1.0,9.630891656747168e-13
val_calib,20,0.10687022900763359,1.0,1.000208619333473e-12
val_calib,20,0.10692464358452139,1.0,1.0108768449896049e-12
val_calib,20,0.10697911360163016,1.0,1.0155381311608962e-12
val_calib,20,0.10703363914373089,1.0,1.0191144648324097e-12
val_calib,20,0.10708822029576746,1.0,1.0222801560936888e-12
val_calib,20,0.10714285714285714,1.0,1.0367332173191268e-12
val_calib,20,0.10719754977029096,1.0,1.0749009695398597e-12
val_calib,20,0.10725229826353422,1.0,1.1504915348524194e-12
val_calib,20,0.10730710270822688,1.0,1.2012380148916274e-12
val_calib,20,0.10736196319018405,1.0,1.3711933005606506e-12
val_calib,20,0.10741687979539642,1.0,1.3919495850521122e-12
val_calib,20,0.10747185261003071,1.0,1.4731075349504124e-12
val_calib,20,0.10752688172043011,1.0,1.541235331441518e-12
val_calib,20,0.10758196721311475,1.0,1.7817849332957551e-12
val_calib,20,0.10763710917478217,1.0,1.7822562974127618e-12
val_calib,20,0.1076923076923077,1.0,1.961204101966562e-12
val_calib,20,0.10774756285274499,1.0,1.9723503841075687e-12
val_calib,20,0.10780287474332649,1.0,2.1103502403147776e-12
val_calib,20,0.10785824345146379,1.0,2.278812107039975e-12
val_calib,20,0.1079136690647482,1.0,2.7529162162631283e-12
val_calib,20,0.10796915167095116,1.0,3.166071911754072e-12
val_calib,20,0.10802469135802469,1.0,3.2906192146554585e-12
val_calib,20,0.1080802882141019,1.0,3.689576212513938e-12
val_calib,20,0.10813594232749743,1.0,3.832871593868196e-12
val_calib,20,0.10819165378670788,1.0,3.99800236582729e-12
val_calib,20,0.10824742268041238,1.0,4.259639892148381e-12
val_calib,20,0.10830324909747292,1.0,4.4544293803217675e-12
val_calib,20,0.10835913312693499,1.0,4.566146123207874e-12
val_calib,20,0.10841507485802789,1.0,5.286892068407699e-12
val_calib,20,0.10847107438016529,1.0,5.364438548576131e-12
val_calib,20,0.10852713178294573,1.0,6.2671872437764325e-12
val_calib,20,0.10858324715615306,1.0,6.581095622970651e-12
val_calib,20,0.10863942058975685,1.0,7.226106859490092e-12
val_calib,20,0.10869565217391304,1.0,7.283392574407683e-12
val_calib,20,0.10875194199896426,1.0,8.632090570656762e-12
val_calib,20,0.10880829015544041,1.0,9.103384472348419e-12
val_calib,20,0.1088646967340591,1.0,9.667801676631761e-12
val_calib,20,0.10892116182572614,1.0,1.003088078872756e-11
val_calib,20,0.10897768552153607,1.0,1.0494280200089083e-11
val_calib,20,0.10903426791277258,1.0,1.1305750895417564e-11
val_calib,20,0.10909090909090909,1.0,1.1600642307897906e-11
val_calib,20,0.10914760914760915,1.0,1.235343285134674e-11
val_calib,20,0.10920436817472699,1.0,1.2572678912502832e-11
val_calib,20,0.10926118626430802,1.0,1.2855341722909852e-11
val_calib,20,0.10931806350858927,1.0,1.285659957733524e-11
val_calib,20,0.109375,1.0,1.2871141149604064e-11
val_calib,20,0.10943199583116206,1.0,1.3120414562126627e-11
val_calib,20,0.10948905109489052,1.0,1.3128030882437017e-11
val_calib,20,0.10954616588419405,1.0,1.3878424632679176e-11
val_calib,20,0.10960334029227557,1.0,1.4435939935608737e-11
val_calib,20,0.10966057441253264,1.0,1.5349679798513582e-11
val_calib,20,0.109717868338558,1.0,1.5502989739976322e-11
val_calib,20,0.1097752221641401,1.0,1.5546467273392993e-11
val_calib,20,0.1098326359832636,1.0,1.576370124736556e-11
val_calib,20,0.10989010989010989,1.0,1.6274621802126256e-11
val_calib,20,0.1099476439790576,1.0,1.7488508877490934e-11
val_calib,20,0.11000523834468308,1.0,1.8506449816479737e-11
val_calib,20,0.11006289308176101,1.0,1.874769155708523e-11
val_calib,20,0.11012060828526482,1.0,1.976858271429411e-11
val_calib,20,0.11017838405036726,1.0,2.0794817881675344e-11
val_calib,20,0.11023622047244094,1.0,2.0870360045127697e-11
val_calib,20,0.11029411764705882,1.0,2.1669205686466396e-11
val_calib,20,0.11035207566999475,1.0,2.3624671134895755e-11
val_calib,20,0.11041009463722397,1.0,2.5806733215734394e-11
val_calib,20,0.11046817464492373,1.0,2.6814468924237404e-11
val_calib,20,0.11052631578947368,1.0,2.7024774811332437e-11
val_calib,20,0.11058451816745656,1.0,2.709362677645217e-11
val_calib,20,0.11064278187565858,1.0,2.8710575505766612e-11
val_calib,20,0.11070110701107011,1.0,3.2831831854641905e-11
val_calib,20,0.11075949367088607,1.0,3.298113686648114e-11
val_calib,20,0.11081794195250659,1.0,3.308504995266907e-11
val_calib,20,0.11087645195353749,1.0,3.3461208535465637e-11
val_calib,20,0.1109350237717908,1.0,3.485256662425165e-11
val_calib,20,0.1109936575052854,1.0,3.5514544949519677e-11
val_calib,20,0.1110523532522475,1.0,3.56066048300312e-11
val_calib,20,0.1111111111111111,1.0,3.603677555419093e-11
val_calib,20,0.1111699311805188,1.0,3.648001220221842e-11
val_calib,20,0.11122881355932203,1.0,3.735482782899101e-11
val_calib,20,0.11128775834658187,1.0,3.750070100312586e-11
val_calib,20,0.11134676564156946,1.0,3.8584451313011743e-11
val_calib,20,0.11140583554376658,1.0,4.0351473880625604e-11
val_calib,20,0.11146496815286625,1.0,4.1783143087825936e-11
val_calib,20,0.11152416356877323,1.0,4.1788472326561014e-11
val_calib,20,0.11158342189160468,1.0,4.251215559133354e-11
val_calib,20,0.11164274322169059,1.0,4.446126930082529e-11
val_calib,20,0.11170212765957446,1.0,4.461013526576612e-11
val_calib,20,0.11176157530601384,1.0,4.498038375303924e-11
val_calib,20,0.11182108626198083,1.0,4.49826187935916e-11
val_calib,20,0.11188066062866275,1.0,4.7118838648833334e-11
val_calib,20,0.11194029850746269,1.0,4.9577198090595745e-11
val_calib,20,0.112,1.0,5.0285896577482617e-11
val_calib,20,0.11205976520811099,1.0,5.0599983404975364e-11
val_calib,20,0.11211959423384944,1.0,5.1054314422359186e-11
val_calib,20,0.11217948717948718,1.0,5.145353356575261e-11
val_calib,20,0.1122394441475147,1.0,5.799095796386974e-11
val_calib,20,0.11229946524064172,1.0,5.846901466273728e-11
val_calib,20,0.11235955056179775,1.0,5.911694645373529e-11
val_calib,20,0.11241970021413276,1.0,6.140928112286468e-11
val_calib,20,0.11247991430101767,1.0,6.208482263451934e-11
val_calib,20,0.11254019292604502,1.0,6.319790883550332e-11
val_calib,20,0.1126005361930295,1.0,6.539994428026742e-11
val_calib,20,0.11266094420600858,1.0,6.568164057499144e-11
val_calib,20,0.11272141706924316,1.0,6.5943176374617e-11
val_calib,20,0.11278195488721804,1.0,6.595608200826519e-11
val_calib,20,0.11284255776464266,1.0,6.665631719823341e-11
val_calib,20,0.11290322580645161,1.0,6.715898080751765e-11
val_calib,20,0.11296395911780527,1.0,6.783740479774479e-11
val_calib,20,0.11302475780409042,1.0,6.786096851121414e-11
val_calib,20,0.11308562197092084,1.0,6.883299626979388e-11
val_calib,20,0.11314655172413793,1.0,7.242933304916427e-11
val_calib,20,0.11320754716981132,1.0,7.270768129810889e-11
val_calib,20,0.11326860841423948,1.0,7.384989729166407e-11
val_calib,20,0.11332973556395035,1.0,7.526609596736803e-11
val_calib,20,0.11339092872570194,1.0,7.584264069773052e-11
val_calib,20,0.11345218800648298,1.0,7.865111201320579e-11
val_calib,20,0.11351351351351352,1.0,7.965863726009594e-11
val_calib,20,0.11357490535424554,1.0,8.102956043438432e-11
val_calib,20,0.11363636363636363,1.0,8.121972231060801e-11
val_calib,20,0.1136978884677856,1.0,8.815071657675685e-11
val_calib,20,0.11375947995666305,1.0,8.875895236992413e-11
val_calib,20,0.11382113821138211,1.0,9.350031451728672e-11
val_calib,20,0.113882863340564,1.0,9.566119464301107e-11
val_calib,20,0.11394465545306566,1.0,9.705198447615335e-11
val_calib,20,0.11400651465798045,1.0,9.858121250118731e-11
val_calib,20,0.11406844106463879,1.0,1.0770301676719947e-10
val_calib,20,0.11413043478260869,1.0,1.094187399803978e-10
val_calib,20,0.11419249592169657,1.0,1.187108425175358e-10
val_calib,20,0.11425462459194777,1.0,1.2167440208837275e-10
val_calib,20,0.11431682090364725,1.0,1.2375904859514558e-10
val_calib,20,0.11437908496732026,1.0,1.2430677646481048e-10
val_calib,20,0.11444141689373297,1.0,1.2535794853327667e-10
val_calib,20,0.11450381679389313,1.0,1.3100335956213852e-10
val_calib,20,0.11456628477905073,1.0,1.3160613333752503e-10
val_calib,20,0.1146288209606987,1.0,1.3197651434102856e-10
val_calib,20,0.11469142545057345,1.0,1.3712059704940987e-10
val_calib,20,0.11475409836065574,1.0,1.3795272739346927e-10
val_calib,20,0.11481683980317113,1.0,1.4054125894673277e-10
val_calib,20,0.11487964989059081,1.0,1.42936988364001e-10
val_calib,20,0.11494252873563218,1.0,1.4337615030191388e-10
val_calib,20,0.11500547645125958,1.0,1.5349566232783815e-10
val_calib,20,0.11506849315068493,1.0,1.5403856088114824e-10
val_calib,20,0.11513157894736842,1.0,1.597726835366087e-10
val_calib,20,0.1151947339550192,1.0,1.6070924275231484e-10
val_calib,20,0.11525795828759605,1.0,1.628383992566946e-10
val_calib,20,0.11532125205930807,1.0,1.6371605448135352e-10
val_calib,20,0.11538461538461539,1.0,1.6436369838950836e-10
val_calib,20,0.11544804837822979,1.0,1.6440212212586995e-10
val_calib,20,0.11551155115511551,1.0,1.6888508540254744e-10
val_calib,20,0.11557512383048982,1.0,1.6935444345704616e-10
val_calib,20,0.11563876651982379,1.0,1.718089349071145e-10
val_calib,20,0.11570247933884298,1.0,1.8303835718383867e-10
val_calib,20,0.11576626240352811,1.0,1.8597674905739162e-10
val_calib,20,0.11583011583011583,1.0,1.8629572143802364e-10
val_calib,20,0.11589403973509933,1.0,1.9267669418027028e-10
val_calib,20,0.11595803423522916,1.0,2.0603353591270345e-10
val_calib,20,0.11602209944751381,1.0,2.06809520800768e-10
val_calib,20,0.11608623548922056,1.0,2.0754900559471493e-10
val_calib,20,0.1161504424778761,1.0,2.1900412686420422e-10
val_calib,20,0.11621472053126729,1.0,2.2169016163326347e-10
val_calib,20,0.11627906976744186,1.0,2.321731828177827e-10
val_calib,20,0.11634349030470914,1.0,2.335212463610221e-10
val_calib,20,0.1164079822616408,1.0,2.3672558982060026e-10
val_calib,20,0.11647254575707154,1.0,2.4314241687225125e-10
val_calib,20,0.11653718091009989,1.0,2.4444371807808303e-10
val_calib,20,0.11660188784008883,1.0,2.547054756055258e-10
val_calib,20,0.11666666666666667,1.0,2.580486378065167e-10
val_calib,20,0.11673151750972763,1.0,2.6383858279321245e-10
val_calib,20,0.1167964404894327,1.0,2.705536338702007e-10
val_calib,20,0.11686143572621036,1.0,2.7233164483116103e-10
val_calib,20,0.11692650334075724,1.0,2.744858676490555e-10
val_calib,20,0.116991643454039,1.0,2.7503276822411236e-10
val_calib,20,0.11705685618729098,1.0,2.7570012373706724e-10
val_calib,20,0.11712214166201897,1.0,2.768446184939322e-10
val_calib,20,0.1171875,1.0,2.774027835814913e-10
val_calib,20,0.11725293132328309,1.0,2.804985213158845e-10
val_calib,20,0.11731843575418995,1.0,2.815869077801767e-10
val_calib,20,0.11738401341531582,1.0,2.831197526890862e-10
val_calib,20,0.1174496644295302,1.0,2.877218198942418e-10
val_calib,20,0.11751538891997762,1.0,3.009637689544483e-10
val_calib,20,0.11758118701007839,1.0,3.029763064844829e-10
val_calib,20,0.11764705882352941,1.0,3.035776185205785e-10
val_calib,20,0.11771300448430494,1.0,3.1376594973868485e-10
val_calib,20,0.11777902411665732,1.0,3.2057260412444197e-10
val_calib,20,0.11784511784511785,1.0,3.255552920586144e-10
val_calib,20,0.11791128579449747,1.0,3.5620105732646286e-10
val_calib,20,0.11797752808988764,1.0,3.572130856989349e-10
val_calib,20,0.11804384485666104,1.0,3.6140313803409406e-10
val_calib,20,0.11811023622047244,1.0,3.6907423829192577e-10
val_calib,20,0.11817670230725942,1.0,3.6990830939876567e-10
val_calib,20,0.11824324324324324,1.0,3.75233821124618e-10
val_calib,20,0.11830985915492957,1.0,3.7818780610800616e-10
val_calib,20,0.11837655016910936,1.0,3.787474850390999e-10
val_calib,20,0.11844331641285956,1.0,3.893778603479354e-10
val_calib,20,0.11851015801354402,1.0,3.953761830662827e-10
val_calib,20,0.11857707509881422,1.0,3.960733843584076e-10
val_calib,20,0.11864406779661017,1.0,4.11361627684116e-10
val_calib,20,0.11871113623516111,1.0,4.161758148419736e-10
val_calib,20,0.11877828054298642,1.0,4.202600065839546e-10
val_calib,20,0.11884550084889643,1.0,4.2391486361354334e-10
val_calib,20,0.11891279728199321,1.0,4.2849131420439365e-10
val_calib,20,0.11898016997167139,1.0,4.3001430011861074e-10
val_calib,20,0.11904761904761904,1.0,4.312617843420158e-10
val_calib,20,0.1191151446398185,1.0,4.5028780944611585e-10
val_calib,20,0.1191827468785471,1.0,4.557470622958704e-10
val_calib,20,0.11925042589437819,1.0,4.687519545104878e-10
val_calib,20,0.11931818181818182,1.0,4.831489601452995e-10
val_calib,20,0.11938601478112564,1.0,4.988747430437614e-10
val_calib,20,0.11945392491467577,1.0,5.086309773348064e-10
val_calib,20,0.11952191235059761,1.0,5.086940377015202e-10
val_calib,20,0.11958997722095673,1.0,5.257854023451853e-10
val_calib,20,0.11965811965811966,1.0,5.53641831735236e-10
val_calib,20,0.11972633979475485,1.0,5.63918170682492e-10
val_calib,20,0.11979463776383342,1.0,5.868245617125526e-10
val_calib,20,0.11986301369863013,1.0,6.116354552844131e-10
val_calib,20,0.11993146773272416,1.0,6.157739380075408e-10
val_calib,20,0.12,1.0,6.28375431188886e-10
val_calib,20,0.12006861063464837,1.0,6.318828968098993e-10
val_calib,20,0.12013729977116705,1.0,6.570064061030652e-10
val_calib,20,0.12020606754436176,1.0,6.774008113928472e-10
val_calib,20,0.12027491408934708,1.0,8.027830806200544e-10
val_calib,20,0.12034383954154727,1.0,8.077084125494048e-10
val_calib,20,0.12041284403669725,1.0,8.099327388639245e-10
val_calib,20,0.12048192771084337,1.0,8.251574151358323e-10
val_calib,20,0.12055109070034443,1.0,8.298108396048719e-10
val_calib,20,0.12062033314187248,1.0,8.61338823783813e-10
val_calib,20,0.1206896551724138,1.0,8.639083078885845e-10
val_calib,20,0.12075905692926969,1.0,8.813935690274473e-10
val_calib,20,0.12082853855005754,1.0,9.144885641089072e-10
val_calib,20,0.12089810017271158,1.0,9.459084368232958e-10
val_calib,20,0.12096774193548387,1.0,9.504000959251358e-10
val_calib,20,0.12103746397694524,1.0,9.51876917416929e-10
val_calib,20,0.12110726643598616,1.0,1.0223291390288523e-09
val_calib,20,0.12117714945181765,1.0,1.0304078671664721e-09
val_calib,20,0.12124711316397228,1.0,1.1246668841562814e-09
val_calib,20,0.12131715771230503,1.0,1.1255005928150212e-09
val_calib,20,0.12138728323699421,1.0,1.1435291209993428e-09
val_calib,20,0.1214574898785425,1.0,1.1668012429225127e-09
val_calib,20,0.12152777777777778,1.0,1.2283530825722346e-09
val_calib,20,0.12159814707585408,1.0,1.25457080902709e-09
val_calib,20,0.12166859791425261,1.0,1.2953321982078363e-09
val_calib,20,0.12173913043478261,1.0,1.314188215397172e-09
val_calib,20,0.12180974477958237,1.0,1.3184439191300863e-09
val_calib,20,0.12188044109112015,1.0,1.325151461218189e-09
val_calib,20,0.12195121951219512,1.0,1.327987484049334e-09
val_calib,20,0.12202208018593841,1.0,1.3722435185210835e-09
val_calib,20,0.12209302325581395,1.0,1.5313777988470116e-09
val_calib,20,0.12216404886561955,1.0,1.5445454392205516e-09
val_calib,20,0.12223515715948778,1.0,1.6029255118262556e-09
val_calib,20,0.12230634828188701,1.0,1.6666186875313725e-09
val_calib,20,0.12237762237762238,1.0,1.6832013916302404e-09
val_calib,20,0.12244897959183673,1.0,1.786029405829385e-09
val_calib,20,0.12252042007001167,1.0,1.7862290439814478e-09
val_calib,20,0.12259194395796848,1.0,1.7945289835298756e-09
val_calib,20,0.12266355140186916,1.0,1.800512054005839e-09
val_calib,20,0.12273524254821741,1.0,1.8430262177305439e-09
val_calib,20,0.12280701754385964,1.0,1.8837270150403574e-09
val_calib,20,0.12287887653598596,1.0,1.8877799937712058e-09
val_calib,20,0.12295081967213115,1.0,1.8965309960135124e-09
val_calib,20,0.12302284710017575,1.0,1.9786559774957766e-09
val_calib,20,0.123094958968347,1.0,2.0032606669058725e-09
val_calib,20,0.12316715542521994,1.0,2.0699172898488492e-09
val_calib,20,0.12323943661971831,1.0,2.0783471714769806e-09
val_calib,20,0.12331180270111568,1.0,2.1814169352405274e-09
val_calib,20,0.12338425381903642,1.0,2.3342218072925194e-09
val_calib,20,0.12345679012345678,1.0,2.363119490051857e-09
val_calib,20,0.12352941176470589,1.0,2.3931011791673387e-09
val_calib,20,0.12360211889346674,1.0,2.410972227558014e-09
val_calib,20,0.12367491166077739,1.0,2.4989230644993955e-09
val_calib,20,0.12374779021803183,1.0,2.5195179406725528e-09
val_calib,20,0.12382075471698113,1.0,2.61804567261719e-09
val_calib,20,0.12389380530973451,1.0,2.637147008582056e-09
val_calib,20,0.12396694214876033,1.0,2.7354197868630968e-09
val_calib,20,0.12404016538688718,1.0,2.7638515333221386e-09
val_calib,20,0.12411347517730496,1.0,2.7910788503581372e-09
val_calib,20,0.12418687167356594,1.0,2.856342419922666e-09
val_calib,20,0.1242603550295858,1.0,2.93764170733438e-09
val_calib,20,0.12433392539964476,1.0,3.0633756368791926e-09
val_calib,20,0.12440758293838862,1.0,3.0749870593311274e-09
val_calib,20,0.12448132780082988,1.0,3.1119035727782813e-09
val_calib,20,0.12455516014234876,1.0,3.246875436193971e-09
val_calib,20,0.12462908011869436,1.0,3.2520540390082224e-09
val_calib,20,0.12470308788598575,1.0,3.255233535520752e-09
val_calib,20,0.12477718360071301,1.0,3.260475407995238e-09
val_calib,20,0.1248513674197384,1.0,3.440373842622673e-09
val_calib,20,0.12492563950029745,1.0,3.444048218261117e-09
val_calib,20,0.125,1.0,3.527960518684014e-09
val_calib,20,0.12507444907683143,1.0,3.5635540276923122e-09
val_calib,20,0.12514898688915377,1.0,3.6028092616499762e-09
val_calib,20,0.1252236135957066,1.0,3.866325174478558e-09
val_calib,20,0.12529832935560858,1.0,4.026278605594749e-09
val_calib,20,0.1253731343283582,1.0,4.0516056835593375e-09
val_calib,20,0.12544802867383512,1.0,4.062877508042847e-09
val_calib,20,0.12552301255230125,1.0,4.126804407002387e-09
val_calib,20,0.1255980861244019,1.0,4.236597220565485e-09
val_calib,20,0.12567324955116696,1.0,4.2395344975541526e-09
val_calib,20,0.12574850299401197,1.0,4.320786390570472e-09
val_calib,20,0.12582384661473936,1.0,4.38034243259407e-09
val_calib,20,0.12589928057553956,1.0,4.383584131819781e-09
val_calib,20,0.1259748050389922,1.0,4.452839395160655e-09
val_calib,20,0.12605042016806722,1.0,4.486438013303208e-09
val_calib,20,0.12612612612612611,1.0,4.5701717214166e-09
val_calib,20,0.12620192307692307,1.0,4.798415893867996e-09
val_calib,20,0.12627781118460613,1.0,4.95811090433167e-09
val_calib,20,0.1263537906137184,1.0,4.960771931264596e-09
val_calib,20,0.12642986152919927,1.0,4.990792146573857e-09
val_calib,20,0.12650602409638553,1.0,5.024905608579099e-09
val_calib,20,0.12658227848101267,1.0,5.176845897384124e-09
val_calib,20,0.12665862484921592,1.0,5.562167678828348e-09
val_calib,20,0.12673506336753168,1.0,5.8537418675263e-09
val_calib,20,0.12681159420289856,1.0,5.892829166659975e-09
val_calib,20,0.1268882175226586,1.0,5.920565678352676e-09
val_calib,20,0.12696493349455865,1.0,6.387143513662321e-09
val_calib,20,0.12704174228675136,1.0,6.406423604538187e-09
val_calib,20,0.1271186440677966,1.0,6.648584459658559e-09
val_calib,20,0.12719563900666264,1.0,6.909741833423084e-09
val_calib,20,0.12727272727272726,1.0,7.078291767464363e-09
val_calib,20,0.12734990903577925,1.0,7.123184063472873e-09
val_calib,20,0.12742718446601942,1.0,7.190630367221308e-09
val_calib,20,0.12750455373406194,1.0,7.351125052578095e-09
val_calib,20,0.1275820170109356,1.0,7.453758046947902e-09
val_calib,20,0.1276595744680851,1.0,7.459055458118901e-09
val_calib,20,0.12773722627737227,1.0,7.52741011352207e-09
val_calib,20,0.1278149726110773,1.0,7.554895922644487e-09
val_calib,20,0.1278928136419001,1.0,7.5954744267172e-09
val_calib,20,0.12797074954296161,1.0,7.86972381321735e-09
val_calib,20,0.12804878048780488,1.0,7.938994013044081e-09
val_calib,20,0.12812690665039658,1.0,7.944952210210814e-09
val_calib,20,0.1282051282051282,1.0,8.055485905035787e-09
val_calib,20,0.12828344532681735,1.0,8.184946946827882e-09
val_calib,20,0.12836185819070906,1.0,8.245117009917951e-09
val_calib,20,0.12844036697247707,1.0,8.478516178767077e-09
val_calib,20,0.12851897184822522,1.0,8.52930062983452e-09
val_calib,20,0.12859767299448868,1.0,8.688067863526028e-09
val_calib,20,0.12867647058823528,1.0,8.780210143653562e-09
val_calib,20,0.12875536480686695,1.0,8.921636342937386e-09
val_calib,20,0.12883435582822086,1.0,8.982718771780459e-09
val_calib,20,0.1289134438305709,1.0,9.079112530572337e-09
val_calib,20,0.128992628992629,1.0,9.168298408066952e-09
val_calib,20,0.1290719114935464,1.0,9.402868337116894e-09
val_calib,20,0.12915129151291513,1.0,9.569108334351667e-09
val_calib,20,0.12923076923076923,1.0,9.57909398815169e-09
val_calib,20,0.12931034482758622,1.0,9.606149172309689e-09
val_calib,20,0.12939001848428835,1.0,9.676726427364347e-09
val_calib,20,0.12946979038224415,1.0,9.766329412263749e-09
val_calib,20,0.1295496607032696,1.0,9.82775445453707e-09
val_calib,20,0.12962962962962962,1.0,9.937573538735332e-09
val_calib,20,0.12970969734403953,1.0,1.0084133368433093e-08
val_calib,20,0.12978986402966625,1.0,1.0247286731075282e-08
val_calib,20,0.12987012987012986,1.0,1.040258346123471e-08
val_calib,20,0.12995049504950495,1.0,1.0742808323812736e-08
val_calib,20,0.13003095975232198,1.0,1.093474132142685e-08
val_calib,20,0.13011152416356878,1.0,1.1076869469688202e-08
val_calib,20,0.13019218846869188,1.0,1.1181094263427867e-08
val_calib,20,0.13027295285359802,1.0,1.1258127672949361e-08
val_calib,20,0.1303538175046555,1.0,1.1370939819318852e-08
val_calib,20,0.13043478260869565,1.0,1.1421702152014654e-08
val_calib,20,0.1305158483530143,1.0,1.1464224868278017e-08
val_calib,20,0.13059701492537312,1.0,1.1538253971701343e-08
val_calib,20,0.13067828251400124,1.0,1.1616684199784224e-08
val_calib,20,0.1307596513075965,1.0,1.16758859310756e-08
val_calib,20,0.1308411214953271,1.0,1.1720793699044057e-08
val_calib,20,0.13092269326683292,1.0,1.1857365664705193e-08
val_calib,20,0.13100436681222707,1.0,1.1938928175675406e-08
val_calib,20,0.13108614232209737,1.0,1.1940004726135431e-08
val_calib,20,0.1311680199875078,1.0,1.202244350256259e-08
val_calib,20,0.13125,1.0,1.2193282293123548e-08
val_calib,20,0.13133208255159476,1.0,1.2317957846062753e-08
val_calib,20,0.13141426783479349,1.0,1.2478232485696501e-08
val_calib,20,0.13149655604257984,1.0,1.2514186017594908e-08
val_calib,20,0.13157894736842105,1.0,1.2530877846285224e-08
val_calib,20,0.13166144200626959,1.0,1.2587129977178589e-08
val_calib,20,0.13174404015056462,1.0,1.268976110351716e-08
val_calib,20,0.1318267419962335,1.0,1.2976084119482443e-08
val_calib,20,0.13190954773869346,1.0,1.3042453344797878e-08
val_calib,20,0.13199245757385292,1.0,1.3504187577216589e-08
val_calib,20,0.1320754716981132,1.0,1.3517155238868929e-08
val_calib,20,0.13215859030837004,1.0,1.3578728315085359e-08
val_calib,20,0.13224181360201512,1.0,1.3675727169201978e-08
val_calib,20,0.1323251417769376,1.0,1.3681126632406997e-08
val_calib,20,0.13240857503152584,1.0,1.3767473277588748e-08
val_calib,20,0.13249211356466878,1.0,1.3895506202248537e-08
val_calib,20,0.13257575757575757,1.0,1.4418551038917502e-08
val_calib,20,0.1326595072646873,1.0,1.4583716707324889e-08
val_calib,20,0.13274336283185842,1.0,1.4925795794613154e-08
val_calib,20,0.13282732447817835,1.0,1.5351259355217735e-08
val_calib,20,0.13291139240506328,1.0,1.535735470433887e-08
val_calib,20,0.13299556681443953,1.0,1.5489585824906913e-08
val_calib,20,0.13307984790874525,1.0,1.577048834869955e-08
val_calib,20,0.13316423589093215,1.0,1.606929318026166e-08
val_calib,20,0.13324873096446702,1.0,1.6085386769119616e-08
val_calib,20,0.13333333333333333,1.0,1.6097493983962563e-08
val_calib,20,0.13341804320203304,1.0,1.6216192144697936e-08
val_calib,20,0.13350286077558804,1.0,1.6799805731564717e-08
val_calib,20,0.13358778625954199,1.0,1.6960122486491355e-08
val_calib,20,0.1336728198599618,1.0,1.7004176462596007e-08
val_calib,20,0.1337579617834395,1.0,1.76039157792769e-08
val_calib,20,0.1338432122370937,1.0,1.7847689247192903e-08
val_calib,20,0.13392857142857142,1.0,1.7960724288798864e-08
val_calib,20,0.13401403956604976,1.0,1.806367143739952e-08
val_calib,20,0.13409961685823754,1.0,1.819347141761242e-08
val_calib,20,0.134185303514377,1.0,1.825858185770862e-08
val_calib,20,0.13427109974424553,1.0,1.8487587164334275e-08
val_calib,20,0.1343570057581574,1.0,1.860436337242628e-08
val_calib,20,0.13444302176696543,1.0,1.872766648484464e-08
val_calib,20,0.13452914798206278,1.0,1.9378569909062337e-08
val_calib,20,0.1346153846153846,1.0,1.946866638095925e-08
val_calib,20,0.13470173187940987,1.0,1.9530791543161847e-08
val_calib,20,0.13478818998716302,1.0,1.960788592682412e-08
val_calib,20,0.1348747591522158,1.0,2.0045506917033465e-08
val_calib,20,0.13496143958868895,1.0,2.006874071257792e-08
val_calib,20,0.13504823151125403,1.0,2.02009385355005e-08
val_calib,20,0.13513513513513514,1.0,2.03104924727996e-08
val_calib,20,0.13522215067611076,1.0,2.041577735102778e-08
val_calib,20,0.13530927835051546,1.0,2.058048135446848e-08
val_calib,20,0.13539651837524178,1.0,2.0806264133873236e-08
val_calib,20,0.13548387096774195,1.0,2.1073128880586907e-08
val_calib,20,0.1355713363460297,1.0,2.1119139098918126e-08
val_calib,20,0.13565891472868216,1.0,2.1342818763199985e-08
val_calib,20,0.13574660633484162,1.0,2.1531257851353575e-08
val_calib,20,0.13583441138421734,1.0,2.1555321495413097e-08
val_calib,20,0.13592233009708737,1.0,2.155541230448572e-08
val_calib,20,0.13601036269430053,1.0,2.168350754744246e-08
val_calib,20,0.13609850939727802,1.0,2.199132326095101e-08
val_calib,20,0.13618677042801555,1.0,2.322615276324962e-08
val_calib,20,0.136275146009085,1.0,2.322666563418498e-08
val_calib,20,0.13636363636363635,1.0,2.332894225695028e-08
val_calib,20,0.1364522417153996,1.0,2.3676982292560602e-08
val_calib,20,0.13654096228868662,1.0,2.427413705694297e-08
val_calib,20,0.13662979830839297,1.0,2.4308997266362453e-08
val_calib,20,0.13671875,1.0,2.4587346239776467e-08
val_calib,20,0.13680781758957655,1.0,2.4877763220872606e-08
val_calib,20,0.13689700130378096,1.0,2.4978262375459657e-08
val_calib,20,0.136986301369863,1.0,2.5402155392318964e-08
val_calib,20,0.1370757180156658,1.0,2.546801306919677e-08
val_calib,20,0.13716525146962769,1.0,2.5475969559739878e-08
val_calib,20,0.13725490196078433,1.0,2.549820233904395e-08
val_calib,20,0.13734466971877043,1.0,2.6089708213126404e-08
val_calib,20,0.13743455497382198,1.0,2.6419391595887307e-08
val_calib,20,0.137524557956778,1.0,2.6419646892783222e-08
val_calib,20,0.13761467889908258,1.0,2.6837450577899063e-08
val_calib,20,0.1377049180327869,1.0,2.753656486632539e-08
val_calib,20,0.1377952755905512,1.0,2.7789983711181228e-08
val_calib,20,0.13788575180564674,1.0,2.7819262986137542e-08
val_calib,20,0.13797634691195795,1.0,2.7904909243714273e-08
val_calib,20,0.13806706114398423,1.0,2.8014072194883344e-08
val_calib,20,0.13815789473684212,1.0,2.8320032514776662e-08
val_calib,20,0.1382488479262673,1.0,2.862007250116607e-08
val_calib,20,0.1383399209486166,1.0,2.9084798870701225e-08
val_calib,20,0.13843111404087013,1.0,2.963615905585431e-08
val_calib,20,0.13852242744063326,1.0,3.0856123535249574e-08
val_calib,20,0.13861386138613863,1.0,3.145729469202203e-08
val_calib,20,0.13870541611624834,1.0,3.152351401903062e-08
val_calib,20,0.13879709187045605,1.0,3.161494761558398e-08
val_calib,20,0.1388888888888889,1.0,3.202495523048213e-08
val_calib,20,0.13898080741230973,1.0,3.208021528304566e-08
val_calib,20,0.1390728476821192,1.0,3.215669574588954e-08
val_calib,20,0.13916500994035785,1.0,3.2384955212837175e-08
val_calib,20,0.13925729442970822,1.0,3.2479005434239845e-08
val_calib,20,0.139349701393497,1.0,3.329269691676425e-08
val_calib,20,0.1394422310756972,1.0,3.3540833577343724e-08
val_calib,20,0.13953488372093023,1.0,3.358972547288041e-08
val_calib,20,0.13962765957446807,1.0,3.387135165606459e-08
val_calib,20,0.13972055888223553,1.0,3.4206196116118455e-08
val_calib,20,0.13981358189081225,1.0,3.436722478157307e-08
val_calib,20,0.13990672884743505,1.0,3.4413751563576174e-08
val_calib,20,0.14,1.0,3.4556059173938425e-08
val_calib,20,0.1400933955970647,1.0,3.4837167578551375e-08
val_calib,20,0.14018691588785046,1.0,3.5376817885789626e-08
val_calib,20,0.1402805611222445,1.0,3.553237487475221e-08
val_calib,20,0.14037433155080214,1.0,3.565242167752981e-08
val_calib,20,0.14046822742474915,1.0,3.57428745265112e-08
val_calib,20,0.14056224899598393,1.0,3.588388748102258e-08
val_calib,20,0.1406563965170797,1.0,3.5896824119267246e-08
val_calib,20,0.14075067024128687,1.0,3.6164472506372254e-08
val_calib,20,0.14084507042253522,1.0,3.622709463746345e-08
val_calib,20,0.14093959731543623,1.0,3.630415602740356e-08
val_calib,20,0.14103425117528542,1.0,3.6320001322636697e-08
val_calib,20,0.14112903225806453,1.0,3.6728295815255905e-08
val_calib,20,0.14122394082044384,1.0,3.674654976593482e-08
val_calib,20,0.14131897711978467,1.0,3.722143008789908e-08
val_calib,20,0.1414141414141414,1.0,3.7386349428027364e-08
val_calib,20,0.14150943396226415,1.0,3.8754971042210424e-08
val_calib,20,0.14160485502360082,1.0,3.8914762275830103e-08
val_calib,20,0.1417004048582996,1.0,3.905002896930471e-08
val_calib,20,0.14179608372721134,1.0,3.993675967770751e-08
val_calib,20,0.14189189189189189,1.0,4.032735007626517e-08
val_calib,20,0.14198782961460446,1.0,4.044106428494424e-08
val_calib,20,0.14208389715832206,1.0,4.059841467820405e-08
val_calib,20,0.14218009478672985,1.0,4.1290894813753256e-08
val_calib,20,0.14227642276422764,1.0,4.139907620511527e-08
val_calib,20,0.1423728813559322,1.0,4.1583655337131166e-08
val_calib,20,0.14246947082767977,1.0,4.166384693278942e-08
val_calib,20,0.1425661914460285,1.0,4.180196301893184e-08
val_calib,20,0.14266304347826086,1.0,4.227184756922961e-08
val_calib,20,0.14276002719238612,1.0,4.2457768276832106e-08
val_calib,20,0.14285714285714285,1.0,4.256107078882736e-08
val_calib,20,0.14295439074200136,1.0,4.289905446782304e-08
val_calib,20,0.14305177111716622,1.0,4.5463498360268723e-08
val_calib,20,0.14314928425357873,1.0,4.6373879730284126e-08
val_calib,20,0.1432469304229195,1.0,4.761777316002284e-08
val_calib,20,0.14334470989761092,1.0,4.811182817193899e-08
val_calib,20,0.14344262295081966,1.0,4.852547475165309e-08
val_calib,20,0.14354066985645933,1.0,4.8528612425240853e-08
val_calib,20,0.1436388508891929,1.0,4.8773810033608053e-08
val_calib,20,0.1437371663244353,1.0,4.9589893365172796e-08
val_calib,20,0.14383561643835616,1.0,5.0126944974273454e-08
val_calib,20,0.1439342015078821,1.0,5.060055652074249e-08
val_calib,20,0.1440329218106996,1.0,5.094982490720068e-08
val_calib,20,0.1441317776252574,1.0,5.110448393214948e-08
val_calib,20,0.14423076923076922,1.0,5.111656391022956e-08
val_calib,20,0.14432989690721648,1.0,5.136520957419062e-08
val_calib,20,0.14442916093535077,1.0,5.26582764250029e-08
val_calib,20,0.1445285615966965,1.0,5.280864064806031e-08
val_calib,20,0.1446280991735537,1.0,5.345990070690737e-08
val_calib,20,0.1447277739490007,1.0,5.358536861567899e-08
val_calib,20,0.14482758620689656,1.0,5.366228295966113e-08
val_calib,20,0.14492753623188406,1.0,5.4180604818509755e-08
val_calib,20,0.14502762430939226,1.0,5.434273793162763e-08
val_calib,20,0.14512785072563925,1.0,5.497026656325842e-08
val_calib,20,0.14522821576763487,1.0,5.5123014063108734e-08
val_calib,20,0.1453287197231834,1.0,5.5289359126103e-08
val_calib,20,0.14542936288088643,1.0,5.5640667323749695e-08
val_calib,20,0.14553014553014554,1.0,5.6030385625358965e-08
val_calib,20,0.14563106796116504,1.0,5.6847048859499024e-08
val_calib,20,0.1457321304649549,1.0,5.6935369008054484e-08
val_calib,20,0.14583333333333334,1.0,5.716814771649115e-08
val_calib,20,0.1459346768589298,1.0,5.820751646679237e-08
val_calib,20,0.14603616133518776,1.0,5.8533373680977526e-08
val_calib,20,0.14613778705636743,1.0,5.8836810646089956e-08
val_calib,20,0.14623955431754876,1.0,5.914452046969017e-08
val_calib,20,0.14634146341463414,1.0,5.966777051855328e-08
val_calib,20,0.14644351464435146,1.0,5.973445301883776e-08
val_calib,20,0.1465457083042568,1.0,5.995961322673312e-08
val_calib,20,0.14664804469273743,1.0,6.013636716866885e-08
val_calib,20,0.14675052410901468,1.0,6.023762111676797e-08
val_calib,20,0.14685314685314685,1.0,6.033740061114584e-08
val_calib,20,0.1469559132260322,1.0,6.041300043549036e-08
val_calib,20,0.14705882352941177,1.0,6.102464698298406e-08
val_calib,20,0.14716187806587247,1.0,6.112705204372013e-08
val_calib,20,0.14726507713884993,1.0,6.117082103185516e-08
val_calib,20,0.14736842105263157,1.0,6.121039567031431e-08
val_calib,20,0.14747191011235955,1.0,6.1284844865309e-08
val_calib,20,0.14757554462403374,1.0,6.14215001081842e-08
val_calib,20,0.14767932489451477,1.0,6.157738270571028e-08
val_calib,20,0.1477832512315271,1.0,6.219137159730061e-08
val_calib,20,0.14788732394366197,1.0,6.221938071787984e-08
val_calib,20,0.14799154334038056,1.0,6.229125741095467e-08
val_calib,20,0.14809590973201692,1.0,6.240488972711004e-08
val_calib,20,0.14820042342978124,1.0,6.251999588923339e-08
val_calib,20,0.1483050847457627,1.0,6.324453576680724e-08
val_calib,20,0.14840989399293286,1.0,6.345530204918889e-08
val_calib,20,0.1485148514851485,1.0,6.440169451803332e-08
val_calib,20,0.14861995753715498,1.0,6.443957841967461e-08
val_calib,20,0.14872521246458922,1.0,6.47643692972482e-08
val_calib,20,0.148830616583983,1.0,6.499186807837355e-08
val_calib,20,0.14893617021276595,1.0,6.529417418490818e-08
val_calib,20,0.149041873669269,1.0,6.557804856790639e-08
val_calib,20,0.14914772727272727,1.0,6.597700998008684e-08
val_calib,20,0.14925373134328357,1.0,6.613040718161115e-08
val_calib,20,0.14935988620199148,1.0,6.628174177040177e-08
val_calib,20,0.1494661921708185,1.0,6.636031701355943e-08
val_calib,20,0.14957264957264957,1.0,6.685847888380354e-08
val_calib,20,0.1496792587312901,1.0,6.695066348190412e-08
val_calib,20,0.14978601997146934,1.0,6.703142591631998e-08
val_calib,20,0.14989293361884368,1.0,6.730772382254541e-08
val_calib,20,0.15,1.0,6.744781899679848e-08
val_calib,20,0.1501072194424589,1.0,6.751093264623162e-08
val_calib,20,0.15021459227467812,1.0,6.753525024354794e-08
val_calib,20,0.15032211882605584,1.0,6.775663597437117e-08
val_calib,20,0.1504297994269341,1.0,6.796744423048415e-08
val_calib,20,0.15053763440860216,1.0,6.840300565650437e-08
val_calib,20,0.15064562410329985,1.0,6.842041459901066e-08
val_calib,20,0.1507537688442211,1.0,6.847938923031146e-08
val_calib,20,0.15086206896551724,1.0,6.888666963719348e-08
val_calib,20,0.1509705248023005,1.0,6.963712562550031e-08
val_calib,20,0.1510791366906475,1.0,6.970163986049668e-08
val_calib,20,0.1511879049676026,1.0,6.99332767716763e-08
val_calib,20,0.15129682997118155,1.0,7.024287262221084e-08
val_calib,20,0.1514059120403749,1.0,7.14200723031712e-08
val_calib,20,0.15151515151515152,1.0,7.147501185292127e-08
val_calib,20,0.15162454873646208,1.0,7.25304975052222e-08
val_calib,20,0.15173410404624277,1.0,7.312756454615039e-08
val_calib,20,0.15184381778741865,1.0,7.329234743849532e-08
val_calib,20,0.15195369030390737,1.0,7.343223417391248e-08
val_calib,20,0.15206372194062273,1.0,7.387376760150012e-08
val_calib,20,0.15217391304347827,1.0,7.496640265122453e-08
val_calib,20,0.15228426395939088,1.0,7.537376450523907e-08
val_calib,20,0.15239477503628446,1.0,7.565102772488824e-08
val_calib,20,0.15250544662309368,1.0,7.58758915465075e-08
val_calib,20,0.15261627906976744,1.0,7.676978391566388e-08
val_calib,20,0.15272727272727274,1.0,7.737427021275542e-08
val_calib,20,0.15283842794759825,1.0,7.746821395787636e-08
val_calib,20,0.1529497450837582,1.0,7.785845397662671e-08
val_calib,20,0.15306122448979592,1.0,7.788706185535711e-08
val_calib,20,0.15317286652078774,1.0,7.846564871136248e-08
val_calib,20,0.15328467153284672,1.0,7.892166405124319e-08
val_calib,20,0.15339663988312638,1.0,7.946138462407755e-08
val_calib,20,0.15350877192982457,1.0,7.954098808167818e-08
val_calib,20,0.15362106803218728,1.0,8.126786472268909e-08
val_calib,20,0.15373352855051245,1.0,8.139494139983786e-08
val_calib,20,0.15384615384615385,1.0,8.17229557634423e-08
val_calib,20,0.15395894428152493,1.0,8.1755539191213e-08
val_calib,20,0.15407190022010273,1.0,8.195638365884934e-08
val_calib,20,0.15418502202643172,1.0,8.288033669018011e-08
val_calib,20,0.15429831006612785,1.0,8.417200130084305e-08
val_calib,20,0.15441176470588236,1.0,8.418475007479333e-08
val_calib,20,0.1545253863134658,1.0,8.460619245513095e-08
val_calib,20,0.15463917525773196,1.0,8.480872677645258e-08
val_calib,20,0.15475313190862197,1.0,8.497663107832872e-08
val_calib,20,0.15486725663716813,1.0,8.498468031078901e-08
val_calib,20,0.15498154981549817,1.0,8.562887519823426e-08
val_calib,20,0.155096011816839,1.0,8.563493681841916e-08
val_calib,20,0.15521064301552107,1.0,8.568292402161231e-08
val_calib,20,0.15532544378698224,1.0,8.61722000515535e-08
val_calib,20,0.15544041450777202,1.0,8.63351257442065e-08
val_calib,20,0.15555555555555556,1.0,8.826872387113675e-08
val_calib,20,0.15567086730911786,1.0,8.888324651063304e-08
val_calib,20,0.15578635014836795,1.0,8.88982800779845e-08
val_calib,20,0.155902004454343,1.0,8.959339730434975e-08
val_calib,20,0.15601783060921248,1.0,9.013021587601308e-08
val_calib,20,0.15613382899628253,1.0,9.028239520847187e-08
val_calib,20,0.15625,1.0,9.108942059322419e-08
val_calib,20,0.1563663440059568,1.0,9.11796401852805e-08
val_calib,20,0.15648286140089418,1.0,9.173465581321567e-08
val_calib,20,0.15659955257270694,1.0,9.236657927186215e-08
val_calib,20,0.15671641791044777,1.0,9.378665609653772e-08
val_calib,20,0.15683345780433158,1.0,9.38213305933885e-08
val_calib,20,0.15695067264573992,1.0,9.512349845500613e-08
val_calib,20,0.15706806282722513,1.0,9.591767146407986e-08
val_calib,20,0.15718562874251496,1.0,9.635160007736483e-08
val_calib,20,0.15730337078651685,1.0,9.684192843105822e-08
val_calib,20,0.15742128935532235,1.0,9.699354560760755e-08
val_calib,20,0.15753938484621155,1.0,9.722076658903901e-08
val_calib,20,0.15765765765765766,1.0,9.829864745204546e-08
val_calib,20,0.15777610818933133,1.0,9.831817172581084e-08
val_calib,20,0.15789473684210525,1.0,9.863126405612088e-08
val_calib,20,0.1580135440180587,1.0,9.886487047332656e-08
val_calib,20,0.15813253012048192,1.0,9.916592267671951e-08
val_calib,20,0.15825169555388094,1.0,9.938801216375444e-08
val_calib,20,0.1583710407239819,1.0,9.983708108552687e-08
val_calib,20,0.15849056603773584,1.0,1.0009336281733777e-07
val_calib,20,0.15861027190332327,1.0,1.0034138611941023e-07
val_calib,20,0.15873015873015872,1.0,1.0077488495222374e-07
val_calib,20,0.1588502269288956,1.0,1.0219995946485075e-07
val_calib,20,0.15897047691143074,1.0,1.0254077362582967e-07
val_calib,20,0.1590909090909091,1.0,1.0523094622802045e-07
val_calib,20,0.15921152388172857,1.0,1.0539112842284202e-07
val_calib,20,0.15933232169954475,1.0,1.0702473817690529e-07
val_calib,20,0.15945330296127563,1.0,1.0723964907391277e-07
val_calib,20,0.1595744680851064,1.0,1.0783710255935442e-07
val_calib,20,0.1596958174904943,1.0,1.094433036061668e-07
val_calib,20,0.1598173515981735,1.0,1.1161490415863932e-07
val_calib,20,0.15993907083015993,1.0,1.1161593805334367e-07
val_calib,20,0.1600609756097561,1.0,1.1170859165975843e-07
val_calib,20,0.16018306636155608,1.0,1.1191979751118553e-07
val_calib,20,0.16030534351145037,1.0,1.1252025305389646e-07
val_calib,20,0.16042780748663102,1.0,1.1252995352982402e-07
val_calib,20,0.16055045871559634,1.0,1.1266988198889979e-07
val_calib,20,0.16067329762815608,1.0,1.1346238101475824e-07
val_calib,20,0.16079632465543645,1.0,1.1385221833259518e-07
val_calib,20,0.16091954022988506,1.0,1.142549325336244e-07
val_calib,20,0.16104294478527606,1.0,1.1457667840461921e-07
val_calib,20,0.16116653875671527,1.0,1.1469348288392593e-07
val_calib,20,0.16129032258064516,1.0,1.16591655415098e-07
val_calib,20,0.1614142966948501,1.0,1.1911134945266093e-07
val_calib,20,0.16153846153846155,1.0,1.1990721712350776e-07
val_calib,20,0.16166281755196305,1.0,1.222066576477101e-07
val_calib,20,0.1617873651771957,1.0,1.222718951000521e-07
val_calib,20,0.16191210485736315,1.0,1.2256456601388528e-07
val_calib,20,0.16203703703703703,1.0,1.2357347361089166e-07
val_calib,20,0.16216216216216217,1.0,1.2408970991843144e-07
val_calib,20,0.16228748068006182,1.0,1.2571238910101762e-07
val_calib,20,0.16241299303944315,1.0,1.258609779511571e-07
val_calib,20,0.16253869969040247,1.0,1.2639367298918288e-07
val_calib,20,0.16266460108443068,1.0,1.2652313708631686e-07
val_calib,20,0.16279069767441862,1.0,1.279212565574273e-07
val_calib,20,0.16291698991466252,1.0,1.2883355709885106e-07
val_calib,20,0.16304347826086957,1.0,1.291117869182286e-07
val_calib,20,0.16317016317016317,1.0,1.2996367218162156e-07
val_calib,20,0.16329704510108864,1.0,1.3014583106417635e-07
val_calib,20,0.16342412451361868,1.0,1.3101914655553827e-07
val_calib,20,0.16355140186915887,1.0,1.3112551964752178e-07
val_calib,20,0.1636788776305534,1.0,1.3149619603863452e-07
val_calib,20,0.16380655226209048,1.0,1.3217892530522607e-07
val_calib,20,0.16393442622950818,1.0,1.3221124292885172e-07
val_calib,20,0.1640625,1.0,1.337292316243706e-07
val_calib,20,0.1641907740422205,1.0,1.3462974863074067e-07
val_calib,20,0.1643192488262911,1.0,1.3539572551645148e-07
val_calib,20,0.1644479248238058,1.0,1.3584559973048538e-07
val_calib,20,0.164576802507837,1.0,1.36407708373811e-07
val_calib,20,0.16470588235294117,1.0,1.3651167540894363e-07
val_calib,20,0.16483516483516483,1.0,1.3671239808944988e-07
val_calib,20,0.16496465043205027,1.0,1.3712117164641599e-07
val_calib,20,0.1650943396226415,1.0,1.3944013012630358e-07
val_calib,20,0.16522423288749016,1.0,1.4175866871401813e-07
val_calib,20,0.16535433070866143,1.0,1.4247727451804972e-07
val_calib,20,0.16548463356973994,1.0,1.43146285399417e-07
val_calib,20,0.16561514195583596,1.0,1.4373601142227864e-07
val_calib,20,0.16574585635359115,1.0,1.4496714885681505e-07
val_calib,20,0.16587677725118483,1.0,1.4722157464283367e-07
val_calib,20,0.16600790513833993,1.0,1.4735944761474252e-07
val_calib,20,0.1661392405063291,1.0,1.4752909065825734e-07
val_calib,20,0.166270783847981,1.0,1.4888191259797577e-07
val_calib,20,0.1664025356576862,1.0,1.4934769648061502e-07
val_calib,20,0.16653449643140364,1.0,1.510782232530288e-07
val_calib,20,0.16666666666666666,1.0,1.5110827339739087e-07
val_calib,20,0.16679904686258937,1.0,1.5124007725529286e-07
val_calib,20,0.1669316375198728,1.0,1.564404692348207e-07
val_calib,20,0.16706443914081145,1.0,1.5865173786904088e-07
val_calib,20,0.16719745222929935,1.0,1.6013157466038252e-07
val_calib,20,0.16733067729083664,1.0,1.6172447582845087e-07
val_calib,20,0.1674641148325359,1.0,1.6211834744295862e-07
val_calib,20,0.16759776536312848,1.0,1.640884628105557e-07
val_calib,20,0.16773162939297126,1.0,1.6420920021921048e-07
val_calib,20,0.16786570743405277,1.0,1.6849362683311537e-07
val_calib,20,0.168,1.0,1.6912204252749696e-07
val_calib,20,0.16813450760608487,1.0,1.6914546429270294e-07
val_calib,20,0.16826923076923078,1.0,1.7235863761709444e-07
val_calib,20,0.16840417000801924,1.0,1.7260245991196538e-07
val_calib,20,0.16853932584269662,1.0,1.726037435717792e-07
val_calib,20,0.1686746987951807,1.0,1.727020169258438e-07
val_calib,20,0.16881028938906753,1.0,1.736669024146284e-07
val_calib,20,0.16894609814963799,1.0,1.755709292971201e-07
val_calib,20,0.16908212560386474,1.0,1.7814458557231646e-07
val_calib,20,0.16921837228041903,1.0,1.7837090219753848e-07
val_calib,20,0.1693548387096774,1.0,1.7882197816105824e-07
val_calib,20,0.1694915254237288,1.0,1.791777106793894e-07
val_calib,20,0.16962843295638125,1.0,1.797661165569935e-07
val_calib,20,0.16976556184316896,1.0,1.8135144255003737e-07
val_calib,20,0.16990291262135923,1.0,1.8141249381443745e-07
val_calib,20,0.1700404858299595,1.0,1.8146342025189172e-07
val_calib,20,0.17017828200972449,1.0,1.827576957866181e-07
val_calib,20,0.170316301703163,1.0,1.8408942875596496e-07
val_calib,20,0.17045454545454544,1.0,1.8495481508706434e-07
val_calib,20,0.17059301380991065,1.0,1.8592697395672e-07
val_calib,20,0.17073170731707318,1.0,1.8628965615682104e-07
val_calib,20,0.1708706265256306,1.0,1.863380483506779e-07
val_calib,20,0.17100977198697068,1.0,1.86733683866012e-07
val_calib,20,0.17114914425427874,1.0,1.8683357346591537e-07
val_calib,20,0.17128874388254486,1.0,1.8741674587227177e-07
val_calib,20,0.17142857142857143,1.0,1.890725500031402e-07
val_calib,20,0.1715686274509804,1.0,1.908209896991717e-07
val_calib,20,0.17170891251022077,1.0,1.9222670312654834e-07
val_calib,20,0.1718494271685761,1.0,1.9293948967935659e-07
val_calib,20,0.171990171990172,1.0,1.9337968399518165e-07
val_calib,20,0.1721311475409836,1.0,1.9368318740069864e-07
val_calib,20,0.1722723543888433,1.0,1.9682631100123652e-07
val_calib,20,0.1724137931034483,1.0,1.9689790130874246e-07
val_calib,20,0.1725554642563681,1.0,2.021807056972602e-07
val_calib,20,0.17269736842105263,1.0,2.0227446568255918e-07
val_calib,20,0.1728395061728395,1.0,2.025521100196232e-07
val_calib,20,0.17298187808896212,1.0,2.0459241254559708e-07
val_calib,20,0.1731244847485573,1.0,2.0718477951645902e-07
val_calib,20,0.17326732673267325,1.0,2.1012581585964138e-07
val_calib,20,0.17341040462427745,1.0,2.1201561635104518e-07
val_calib,20,0.17355371900826447,1.0,2.1385954121188094e-07
val_calib,20,0.17369727047146402,1.0,2.1455835290547445e-07
val_calib,20,0.173841059602649,1.0,2.161285195292692e-07
val_calib,20,0.1739850869925435,1.0,2.1840351829798354e-07
val_calib,20,0.17412935323383086,1.0,2.1858530054112798e-07
val_calib,20,0.17427385892116182,1.0,2.1968266363417904e-07
val_calib,20,0.1744186046511628,1.0,2.2017413553258143e-07
val_calib,20,0.1745635910224439,1.0,2.233722737816116e-07
val_calib,20,0.17470881863560733,1.0,2.325710154362728e-07
val_calib,20,0.17485428809325562,1.0,2.3725221760233008e-07
val_calib,20,0.175,1.0,2.3897126769901295e-07
val_calib,20,0.17514595496246874,1.0,2.444810222056874e-07
val_calib,20,0.17529215358931552,1.0,2.445557656319534e-07
val_calib,20,0.17543859649122806,1.0,2.456926873036577e-07
val_calib,20,0.17558528428093645,1.0,2.4625757233671626e-07
val_calib,20,0.17573221757322174,1.0,2.511909598832194e-07
val_calib,20,0.17587939698492464,1.0,2.522759563925255e-07
val_calib,20,0.1760268231349539,1.0,2.5332904296365294e-07
val_calib,20,0.1761744966442953,1.0,2.5733085803669413e-07
val_calib,20,0.17632241813602015,1.0,2.589493989351116e-07
val_calib,20,0.17647058823529413,1.0,2.6091284600478094e-07
val_calib,20,0.17661900756938603,1.0,2.6136244949847534e-07
val_calib,20,0.17676767676767677,1.0,2.6201225207929067e-07
val_calib,20,0.17691659646166807,1.0,2.620334303631333e-07
val_calib,20,0.17706576728499157,1.0,2.6219782985200505e-07
val_calib,20,0.17721518987341772,1.0,2.69553264026571e-07
val_calib,20,0.17736486486486486,1.0,2.7327646869956834e-07
val_calib,20,0.17751479289940827,1.0,2.7444416454046994e-07
val_calib,20,0.17766497461928935,1.0,2.745025581408467e-07
val_calib,20,0.17781541066892464,1.0,2.7578079106980553e-07
val_calib,20,0.17796610169491525,1.0,2.773410162750857e-07
val_calib,20,0.178117048346056,1.0,2.78890105007987e-07
val_calib,20,0.17826825127334464,1.0,2.803327355620665e-07
val_calib,20,0.1784197111299915,1.0,2.810688032306786e-07
val_calib,20,0.17857142857142858,1.0,2.8204656200752005e-07
val_calib,20,0.17872340425531916,1.0,2.822387538446381e-07
val_calib,20,0.1788756388415673,1.0,2.828678763551286e-07
val_calib,20,0.17902813299232737,1.0,2.8371977212409405e-07
val_calib,20,0.17918088737201365,1.0,2.839986613310813e-07
val_calib,20,0.17933390264731,1.0,2.8882279629155154e-07
val_calib,20,0.1794871794871795,1.0,2.909093664665158e-07
val_calib,20,0.17964071856287425,1.0,2.9577223906724333e-07
val_calib,20,0.1797945205479452,1.0,2.998939764094606e-07
val_calib,20,0.17994858611825193,1.0,3.0170225695878146e-07
val_calib,20,0.18010291595197256,1.0,3.024341284693956e-07
val_calib,20,0.18025751072961374,1.0,3.0308784909830413e-07
val_calib,20,0.18041237113402062,1.0,3.0522267248353345e-07
val_calib,20,0.18056749785038692,1.0,3.055290036173202e-07
val_calib,20,0.18072289156626506,1.0,3.0576869212949745e-07
val_calib,20,0.18087855297157623,1.0,3.085805240116179e-07
val_calib,20,0.1810344827586207,1.0,3.0874815276482313e-07
val_calib,20,0.181190681622088,1.0,3.1032004828251937e-07
val_calib,20,0.18134715025906736,1.0,3.118996066732215e-07
val_calib,20,0.1815038893690579,1.0,3.1765280063469193e-07
val_calib,20,0.18166089965397925,1.0,3.192318723899446e-07
val_calib,20,0.18181818181818182,1.0,3.202783772004664e-07
val_calib,20,0.18197573656845753,1.0,3.21326065584823e-07
val_calib,20,0.1821335646140503,1.0,3.2577937778221927e-07
val_calib,20,0.18229166666666666,1.0,3.271721185744506e-07
val_calib,20,0.18245004344048654,1.0,3.273291430860718e-07
val_calib,20,0.1826086956521739,1.0,3.276543352285851e-07
val_calib,20,0.18276762402088773,1.0,3.3090163282819496e-07
val_calib,20,0.18292682926829268,1.0,3.3362305763790154e-07
val_calib,20,0.18308631211857018,1.0,3.337497300710288e-07
val_calib,20,0.18324607329842932,1.0,3.355150735543576e-07
val_calib,20,0.18340611353711792,1.0,3.4171164355090016e-07
val_calib,20,0.18356643356643357,1.0,3.451791559833626e-07
val_calib,20,0.1837270341207349,1.0,3.458741754815322e-07
val_calib,20,0.18388791593695272,1.0,3.4671615746223123e-07
val_calib,20,0.18404907975460122,1.0,3.491333523127364e-07
val_calib,20,0.18421052631578946,1.0,3.520255544495131e-07
val_calib,20,0.18437225636523266,1.0,3.5230629366409105e-07
val_calib,20,0.18453427065026362,1.0,3.556569435434502e-07
val_calib,20,0.18469656992084432,1.0,3.5993103222303617e-07
val_calib,20,0.18485915492957747,1.0,3.610416417446688e-07
val_calib,20,0.18502202643171806,1.0,3.662318631204532e-07
val_calib,20,0.18518518518518517,1.0,3.7450129401328577e-07
val_calib,20,0.1853486319505737,1.0,3.775848308760135e-07
val_calib,20,0.1855123674911661,1.0,3.78773028246646e-07
val_calib,20,0.1856763925729443,1.0,3.798428537222083e-07
val_calib,20,0.18584070796460178,1.0,3.869592846459977e-07
val_calib,20,0.18600531443755536,1.0,3.872133171136618e-07
val_calib,20,0.18617021276595744,1.0,3.8726258163038016e-07
val_calib,20,0.18633540372670807,1.0,3.875523941773495e-07
val_calib,20,0.18650088809946713,1.0,3.9901119532413306e-07
val_calib,20,0.18666666666666668,1.0,4.0371312609373025e-07
val_calib,20,0.18683274021352314,1.0,4.06233563721329e-07
val_calib,20,0.18699910952804988,1.0,4.070655404113679e-07
val_calib,20,0.18716577540106952,1.0,4.1153875286530717e-07
val_calib,20,0.1873327386262266,1.0,4.1332123578981744e-07
val_calib,20,0.1875,1.0,4.1723830358527227e-07
val_calib,20,0.1876675603217158,1.0,4.2060808955127324e-07
val_calib,20,0.18783542039355994,1.0,4.219994398762201e-07
val_calib,20,0.18800358102059087,1.0,4.3017025993703314e-07
val_calib,20,0.1881720430107527,1.0,4.4166819617138974e-07
val_calib,20,0.18834080717488788,1.0,4.4316710926180715e-07
val_calib,20,0.18850987432675045,1.0,4.458197101020695e-07
val_calib,20,0.18867924528301888,1.0,4.4785632164002655e-07
val_calib,20,0.18884892086330934,1.0,4.506218851543392e-07
val_calib,20,0.18901890189018902,1.0,4.507025922826848e-07
val_calib,20,0.1891891891891892,1.0,4.5115293711502594e-07
val_calib,20,0.18935978358881875,1.0,4.5450943278341385e-07
val_calib,20,0.18953068592057762,1.0,4.583287408398162e-07
val_calib,20,0.1897018970189702,1.0,4.6067772829027865e-07
val_calib,20,0.189873417721519,1.0,4.624004164586394e-07
val_calib,20,0.19004524886877827,1.0,4.6507367664768863e-07
val_calib,20,0.19021739130434784,1.0,4.705032097119208e-07
val_calib,20,0.19038984587488667,1.0,4.807599032367191e-07
val_calib,20,0.19056261343012704,1.0,4.832005527702552e-07
val_calib,20,0.1907356948228883,1.0,4.858897583406478e-07
val_calib,20,0.19090909090909092,1.0,4.920416940394853e-07
val_calib,20,0.1910828025477707,1.0,4.974022878300236e-07
val_calib,20,0.1912568306010929,1.0,4.995811036919125e-07
val_calib,20,0.19143117593436645,1.0,5.004848543644854e-07
val_calib,20,0.19160583941605838,1.0,5.015096084778183e-07
val_calib,20,0.1917808219178082,1.0,5.04287371392339e-07
val_calib,20,0.19195612431444242,1.0,5.076590120959187e-07
val_calib,20,0.19213174748398903,1.0,5.14162664764574e-07
val_calib,20,0.19230769230769232,1.0,5.156559622011295e-07
val_calib,20,0.1924839596700275,1.0,5.240556688619305e-07
val_calib,20,0.1926605504587156,1.0,5.259836463306133e-07
val_calib,20,0.1928374655647383,1.0,5.301018972425664e-07
val_calib,20,0.19301470588235295,1.0,5.332845652380049e-07
val_calib,20,0.19319227230910763,1.0,5.350079634179371e-07
val_calib,20,0.19337016574585636,1.0,5.384520544318712e-07
val_calib,20,0.1935483870967742,1.0,5.384978247704419e-07
val_calib,20,0.1937269372693727,1.0,5.411963413778337e-07
val_calib,20,0.19390581717451524,1.0,5.506590434711049e-07
val_calib,20,0.19408502772643252,1.0,5.590934760218793e-07
val_calib,20,0.1942645698427382,1.0,5.630355183223055e-07
val_calib,20,0.19444444444444445,1.0,5.658242401837639e-07
val_calib,20,0.19462465245597776,1.0,5.676435989559303e-07
val_calib,20,0.19480519480519481,1.0,5.735048806286577e-07
val_calib,20,0.19498607242339833,1.0,5.748607678094884e-07
val_calib,20,0.19516728624535315,1.0,5.783134537195361e-07
val_calib,20,0.19534883720930232,1.0,5.808436783715183e-07
val_calib,20,0.19553072625698323,1.0,5.926945806219424e-07
val_calib,20,0.195712954333644,1.0,6.022317533483085e-07
val_calib,20,0.1958955223880597,1.0,6.026575129405854e-07
val_calib,20,0.19607843137254902,1.0,6.027635005861928e-07
val_calib,20,0.19626168224299065,1.0,6.033198984154347e-07
val_calib,20,0.19644527595884004,1.0,6.035689440509276e-07
val_calib,20,0.19662921348314608,1.0,6.037153436879465e-07
val_calib,20,0.19681349578256796,1.0,6.06215511684853e-07
val_calib,20,0.19699812382739212,1.0,6.110007898582236e-07
val_calib,20,0.19718309859154928,1.0,6.115793354410742e-07
val_calib,20,0.19736842105263158,1.0,6.117069172158743e-07
val_calib,20,0.1975540921919097,1.0,6.16333060181865e-07
val_calib,20,0.1977401129943503,1.0,6.207051310470508e-07
val_calib,20,0.19792648444863337,1.0,6.267883991154892e-07
val_calib,20,0.19811320754716982,1.0,6.293855427502e-07
val_calib,20,0.19830028328611898,1.0,6.305197382973145e-07
val_calib,20,0.19848771266540643,1.0,6.336991588169823e-07
val_calib,20,0.1986754966887417,1.0,6.378248907544335e-07
val_calib,20,0.19886363636363635,1.0,6.452905302705597e-07
val_calib,20,0.1990521327014218,1.0,6.472246914070364e-07
val_calib,20,0.19924098671726756,1.0,6.586448966756506e-07
val_calib,20,0.19943019943019943,1.0,6.640911822895111e-07
val_calib,20,0.19961977186311788,1.0,6.654295055591904e-07
val_calib,20,0.19980970504281637,1.0,6.702819133542216e-07
val_calib,20,0.2,1.0,6.771421626525941e-07
val_calib,20,0.2001906577693041,1.0,6.798762452278764e-07
val_calib,20,0.20038167938931298,1.0,6.827880798417498e-07
val_calib,20,0.20057306590257878,1.0,6.878977813657749e-07
val_calib,20,0.20076481835564053,1.0,6.886684842829783e-07
val_calib,20,0.20095693779904306,1.0,6.895046390911037e-07
val_calib,20,0.20114942528735633,1.0,6.896141577775355e-07
val_calib,20,0.20134228187919462,1.0,6.921555224389881e-07
val_calib,20,0.20153550863723607,1.0,6.928141184464237e-07
val_calib,20,0.2017291066282421,1.0,6.941103530994889e-07
val_calib,20,0.20192307692307693,1.0,6.976385455882785e-07
val_calib,20,0.20211742059672763,1.0,7.098817129814105e-07
val_calib,20,0.2023121387283237,1.0,7.254736986525877e-07
val_calib,20,0.20250723240115717,1.0,7.258965045952284e-07
val_calib,20,0.20270270270270271,1.0,7.275220418057591e-07
val_calib,20,0.2028985507246377,1.0,7.280274877900525e-07
val_calib,20,0.20309477756286268,1.0,7.378585959337229e-07
val_calib,20,0.20329138431752178,1.0,7.382709617058293e-07
val_calib,20,0.20348837209302326,1.0,7.462591869882731e-07
val_calib,20,0.20368574199806014,1.0,7.462982216321676e-07
val_calib,20,0.20388349514563106,1.0,7.515863247779408e-07
val_calib,20,0.20408163265306123,1.0,7.618965167216276e-07
val_calib,20,0.20428015564202334,1.0,7.661292897041021e-07
val_calib,20,0.2044790652385589,1.0,7.674461001271996e-07
val_calib,20,0.2046783625730994,1.0,7.67551204761705e-07
val_calib,20,0.2048780487804878,1.0,7.715184143549502e-07
val_calib,20,0.205078125,1.0,7.729645798601156e-07
val_calib,20,0.20527859237536658,1.0,7.763309038705607e-07
val_calib,20,0.2054794520547945,1.0,7.769560171796845e-07
val_calib,20,0.20568070519098922,1.0,7.829006236867837e-07
val_calib,20,0.20588235294117646,1.0,7.830109047982884e-07
val_calib,20,0.20608439646712462,1.0,7.912286066071722e-07
val_calib,20,0.206286836935167,1.0,7.978681808597384e-07
val_calib,20,0.20648967551622419,1.0,7.988105088739438e-07
val_calib,20,0.20669291338582677,1.0,8.197205422784976e-07
val_calib,20,0.20689655172413793,1.0,8.338271237324318e-07
val_calib,20,0.20710059171597633,1.0,8.406606566164109e-07
val_calib,20,0.2073050345508391,1.0,8.489264388873248e-07
val_calib,20,0.2075098814229249,1.0,8.577006990313456e-07
val_calib,20,0.20771513353115728,1.0,8.633034221399262e-07
val_calib,20,0.2079207920792079,1.0,8.675526111623204e-07
val_calib,20,0.20812685827552033,1.0,8.688028961771569e-07
val_calib,20,0.20833333333333334,1.0,8.701623632162006e-07
val_calib,20,0.20854021847070506,1.0,8.712802365984544e-07
val_calib,20,0.20874751491053678,1.0,8.803362932882362e-07
val_calib,20,0.208955223880597,1.0,8.845262802277181e-07
val_calib,20,0.20916334661354583,1.0,8.918807592457148e-07
val_calib,20,0.20937188434695914,1.0,8.988576165279853e-07
val_calib,20,0.20958083832335328,1.0,8.999005353023741e-07
val_calib,20,0.2097902097902098,1.0,9.07524518316047e-07
val_calib,20,0.21,1.0,9.08828520501185e-07
val_calib,20,0.21021021021021022,1.0,9.095482811129652e-07
val_calib,20,0.21042084168336672,1.0,9.110528992662937e-07
val_calib,20,0.21063189568706117,1.0,9.257887655751856e-07
val_calib,20,0.21084337349397592,1.0,9.347589073351795e-07
val_calib,20,0.21105527638190955,1.0,9.579662642386392e-07
val_calib,20,0.2112676056338028,1.0,9.68277506087464e-07
val_calib,20,0.21148036253776434,1.0,9.736683828483572e-07
val_calib,20,0.21169354838709678,1.0,9.77616013641239e-07
val_calib,20,0.2119071644803229,1.0,9.793745628670241e-07
val_calib,20,0.21212121212121213,1.0,9.892231322957448e-07
val_calib,20,0.2123356926188069,1.0,1.013617318342384e-06
val_calib,20,0.2125506072874494,1.0,1.0137310166247222e-06
val_calib,20,0.2127659574468085,1.0,1.036089219137904e-06
val_calib,20,0.2129817444219067,1.0,1.038507130292243e-06
val_calib,20,0.2131979695431472,1.0,1.051489400418193e-06
val_calib,20,0.21341463414634146,1.0,1.056877138170704e-06
val_calib,20,0.2136317395727365,1.0,1.0591536595954022e-06
val_calib,20,0.21384928716904278,1.0,1.0644953783103816e-06
val_calib,20,0.21406727828746178,1.0,1.06747972582035e-06
val_calib,20,0.21428571428571427,1.0,1.0759350410085301e-06
val_calib,20,0.21450459652706844,1.0,1.094584784995113e-06
val_calib,20,0.2147239263803681,1.0,1.1005727216987075e-06
val_calib,20,0.21494370522006143,1.0,1.1038402956848537e-06
val_calib,20,0.2151639344262295,1.0,1.1519863179138888e-06
val_calib,20,0.2153846153846154,1.0,1.1771526174299775e-06
val_calib,20,0.21560574948665298,1.0,1.1781993371244529e-06
val_calib,20,0.2158273381294964,1.0,1.1874999685095146e-06
val_calib,20,0.21604938271604937,1.0,1.2281707340220924e-06
val_calib,20,0.21627188465499486,1.0,1.2468178624331448e-06
val_calib,20,0.21649484536082475,1.0,1.2486722031451955e-06
val_calib,20,0.21671826625386997,1.0,1.30648935511061e-06
val_calib,20,0.21694214876033058,1.0,1.3189763908188252e-06
val_calib,20,0.2171664943123061,1.0,1.3197267069301478e-06
val_calib,20,0.21739130434782608,1.0,1.3319137319374824e-06
val_calib,20,0.21761658031088082,1.0,1.3322152205900697e-06
val_calib,20,0.21784232365145229,1.0,1.3368868961449972e-06
val_calib,20,0.21806853582554517,1.0,1.345832967916236e-06
val_calib,20,0.2182952182952183,1.0,1.3492170340090748e-06
val_calib,20,0.21852237252861603,1.0,1.3786410086514201e-06
val_calib,20,0.21875,1.0,1.3989632072296733e-06
val_calib,20,0.21897810218978103,1.0,1.4040292114052945e-06
val_calib,20,0.21920668058455114,1.0,1.4071370927294632e-06
val_calib,20,0.219435736677116,1.0,1.4423119655332469e-06
val_calib,20,0.2196652719665272,1.0,1.4484267654886973e-06
val_calib,20,0.2198952879581152,1.0,1.4545721761668245e-06
val_calib,20,0.22012578616352202,1.0,1.4558843870698998e-06
val_calib,20,0.2203567681007345,1.0,1.473273458468422e-06
val_calib,20,0.22058823529411764,1.0,1.4832178939058317e-06
val_calib,20,0.22082018927444794,1.0,1.4872718942412647e-06
val_calib,20,0.22105263157894736,1.0,1.5341636897586844e-06
val_calib,20,0.22128556375131717,1.0,1.5374939762806668e-06
val_calib,20,0.22151898734177214,1.0,1.5410124085029242e-06
val_calib,20,0.22175290390707497,1.0,1.5681375385034788e-06
val_calib,20,0.2219873150105708,1.0,1.5757988827768694e-06
val_calib,20,0.2222222222222222,1.0,1.5971071936026253e-06
val_calib,20,0.22245762711864406,1.0,1.6010503950840673e-06
val_calib,20,0.22269353128313893,1.0,1.61443964978326e-06
val_calib,20,0.2229299363057325,1.0,1.6194575879204609e-06
val_calib,20,0.22316684378320936,1.0,1.6259179770564237e-06
val_calib,20,0.22340425531914893,1.0,1.6361483253270358e-06
val_calib,20,0.22364217252396165,1.0,1.6638941577981333e-06
val_calib,20,0.22388059701492538,1.0,1.6704204539517835e-06
val_calib,20,0.22411953041622198,1.0,1.6800781320414967e-06
val_calib,20,0.22435897435897437,1.0,1.6839614389608492e-06
val_calib,20,0.22459893048128343,1.0,1.7133255732554606e-06
val_calib,20,0.22483940042826553,1.0,1.717837757423856e-06
val_calib,20,0.22508038585209003,1.0,1.7190088523977532e-06
val_calib,20,0.22532188841201717,1.0,1.7440146844164034e-06
val_calib,20,0.22556390977443608,1.0,1.7597478398685064e-06
val_calib,20,0.22580645161290322,1.0,1.781173645730406e-06
val_calib,20,0.22604951560818085,1.0,1.784880409321263e-06
val_calib,20,0.22629310344827586,1.0,1.8039948156419592e-06
val_calib,20,0.22653721682847897,1.0,1.8090660713690267e-06
val_calib,20,0.2267818574514039,1.0,1.8106950356301537e-06
val_calib,20,0.22702702702702704,1.0,1.8235267003296263e-06
val_calib,20,0.22727272727272727,1.0,1.8258869029853364e-06
val_calib,20,0.2275189599133261,1.0,1.8259616241183746e-06
val_calib,20,0.227765726681128,1.0,1.8266094012344197e-06
val_calib,20,0.2280130293159609,1.0,1.8342136892485086e-06
val_calib,20,0.22826086956521738,1.0,1.8580078288201607e-06
val_calib,20,0.22850924918389554,1.0,1.8829595373643157e-06
val_calib,20,0.22875816993464052,1.0,1.9024975365941802e-06
val_calib,20,0.22900763358778625,1.0,1.9929388430318887e-06
val_calib,20,0.2292576419213974,1.0,2.0075449049534835e-06
val_calib,20,0.22950819672131148,1.0,2.012077874225181e-06
val_calib,20,0.22975929978118162,1.0,2.0276837041294553e-06
val_calib,20,0.23001095290251916,1.0,2.0668198559670562e-06
val_calib,20,0.23026315789473684,1.0,2.076313623394445e-06
val_calib,20,0.2305159165751921,1.0,2.077147541403627e-06
val_calib,20,0.23076923076923078,1.0,2.1002416412152836e-06
val_calib,20,0.23102310231023102,1.0,2.1039026129259167e-06
val_calib,20,0.23127753303964757,1.0,2.1400872111360444e-06
val_calib,20,0.23153252480705622,1.0,2.1639738682153853e-06
val_calib,20,0.23178807947019867,1.0,2.2107959122452487e-06
val_calib,20,0.23204419889502761,1.0,2.3111356457281995e-06
val_calib,20,0.2323008849557522,1.0,2.3164334329370845e-06
val_calib,20,0.23255813953488372,1.0,2.3173179652590024e-06
val_calib,20,0.2328159645232816,1.0,2.3405544836921088e-06
val_calib,20,0.23307436182019978,1.0,2.3553959078017417e-06
val_calib,20,0.23333333333333334,1.0,2.388680907171217e-06
val_calib,20,0.2335928809788654,1.0,2.40737595551683e-06
val_calib,20,0.23385300668151449,1.0,2.409139262438292e-06
val_calib,20,0.23411371237458195,1.0,2.4262488282400418e-06
val_calib,20,0.234375,1.0,2.4355502472060963e-06
val_calib,20,0.2346368715083799,1.0,2.436144610863278e-06
val_calib,20,0.2348993288590604,1.0,2.437961952248751e-06
val_calib,20,0.23516237402015677,1.0,2.458069122806604e-06
val_calib,20,0.23542600896860988,1.0,2.470597698977518e-06
val_calib,20,0.2356902356902357,1.0,2.494117854536203e-06
val_calib,20,0.23595505617977527,1.0,2.5020868443620577e-06
val_calib,20,0.23622047244094488,1.0,2.5452737211808164e-06
val_calib,20,0.23648648648648649,1.0,2.5510931215223046e-06
val_calib,20,0.23675310033821872,1.0,2.5604032029845768e-06
val_calib,20,0.23702031602708803,1.0,2.572644121705763e-06
val_calib,20,0.23728813559322035,1.0,2.6111697227747795e-06
val_calib,20,0.23755656108597284,1.0,2.6472231107861076e-06
val_calib,20,0.23782559456398641,1.0,2.705735269191406e-06
val_calib,20,0.23809523809523808,1.0,2.7437380907522038e-06
val_calib,20,0.2383654937570942,1.0,2.7846748362553643e-06
val_calib,20,0.23863636363636365,1.0,2.7857567082967446e-06
val_calib,20,0.23890784982935154,1.0,2.845666738035665e-06
val_calib,20,0.23917995444191345,1.0,2.8652356380733226e-06
val_calib,20,0.2394526795895097,1.0,2.886797361996305e-06
val_calib,20,0.23972602739726026,1.0,2.9041129327012435e-06
val_calib,20,0.24,1.0,2.942155004191021e-06
val_calib,20,0.2402745995423341,1.0,2.9666213691027087e-06
val_calib,20,0.24054982817869416,1.0,2.9689174173935985e-06
val_calib,20,0.2408256880733945,1.0,2.973808267941971e-06
val_calib,20,0.24110218140068887,1.0,2.9758915422994204e-06
val_calib,20,0.2413793103448276,1.0,2.9878779017860415e-06
val_calib,20,0.24165707710011508,1.0,3.0650989717721902e-06
val_calib,20,0.24193548387096775,1.0,3.108872187182698e-06
val_calib,20,0.2422145328719723,1.0,3.133402001612654e-06
val_calib,20,0.24249422632794457,1.0,3.1729562999148023e-06
val_calib,20,0.24277456647398843,1.0,3.2305427767007834e-06
val_calib,20,0.24305555555555555,1.0,3.25083042321766e-06
val_calib,20,0.24333719582850522,1.0,3.251742958283084e-06
val_calib,20,0.24361948955916474,1.0,3.254367753293585e-06
val_calib,20,0.24390243902439024,1.0,3.26797506889047e-06
val_calib,20,0.2441860465116279,1.0,3.3179141631862056e-06
val_calib,20,0.24447031431897556,1.0,3.358527952189275e-06
val_calib,20,0.24475524475524477,1.0,3.401433860407464e-06
val_calib,20,0.24504084014002334,1.0,3.4187968457481347e-06
val_calib,20,0.24532710280373832,1.0,3.4229487483837585e-06
val_calib,20,0.24561403508771928,1.0,3.4716742320860254e-06
val_calib,20,0.2459016393442623,1.0,3.4762139461680554e-06
val_calib,20,0.246189917936694,1.0,3.5273708125042835e-06
val_calib,20,0.24647887323943662,1.0,3.5418199826684322e-06
val_calib,20,0.24676850763807284,1.0,3.5952022604842916e-06
val_calib,20,0.24705882352941178,1.0,3.5954834790004638e-06
val_calib,20,0.24734982332155478,1.0,3.680475617940594e-06
val_calib,20,0.24764150943396226,1.0,3.7048178923823564e-06
val_calib,20,0.24793388429752067,1.0,3.7228709077615546e-06
val_calib,20,0.24822695035460993,1.0,3.753997474102282e-06
val_calib,20,0.2485207100591716,1.0,3.8019173206801676e-06
val_calib,20,0.24881516587677724,1.0,3.829008727622113e-06
val_calib,20,0.2491103202846975,1.0,3.847508454696273e-06
val_calib,20,0.2494061757719715,1.0,3.864764179032605e-06
val_calib,20,0.2497027348394768,1.0,3.865915648742221e-06
val_calib,20,0.25,1.0,3.892954992751805e-06
val_calib,20,0.25029797377830754,1.0,3.95474563350154e-06
val_calib,20,0.25059665871121717,1.0,3.961079745937601e-06
val_calib,20,0.25089605734767023,1.0,3.994821140271272e-06
val_calib,20,0.2511961722488038,1.0,4.069853604842301e-06
val_calib,20,0.25149700598802394,1.0,4.071002349599279e-06
val_calib,20,0.2517985611510791,1.0,4.155345155285622e-06
val_calib,20,0.25210084033613445,1.0,4.1912042262889895e-06
val_calib,20,0.25240384615384615,1.0,4.2501898628529624e-06
val_calib,20,0.2527075812274368,1.0,4.2609750611500904e-06
val_calib,20,0.25301204819277107,1.0,4.302997013649675e-06
val_calib,20,0.25331724969843183,1.0,4.375932333336077e-06
val_calib,20,0.2536231884057971,1.0,4.42956698553984e-06
val_calib,20,0.2539298669891173,1.0,4.4499397213752686e-06
val_calib,20,0.2542372881355932,1.0,4.455888433097169e-06
val_calib,20,0.2545454545454545,1.0,4.4568861041581606e-06
val_calib,20,0.25485436893203883,1.0,4.505251840508451e-06
val_calib,20,0.2551640340218712,1.0,4.523190273649632e-06
val_calib,20,0.25547445255474455,1.0,4.640385400642637e-06
val_calib,20,0.2557856272838002,1.0,4.672049532819971e-06
val_calib,20,0.25609756097560976,1.0,4.6816357919313e-06
val_calib,20,0.2564102564102564,1.0,4.739825225656108e-06
val_calib,20,0.2567237163814181,1.0,4.778292619513365e-06
val_calib,20,0.25703794369645044,1.0,4.803765962030191e-06
val_calib,20,0.25735294117647056,1.0,4.875566815106065e-06
val_calib,20,0.25766871165644173,1.0,4.984192920229336e-06
val_calib,20,0.257985257985258,1.0,5.10638330098912e-06
val_calib,20,0.25830258302583026,1.0,5.211937982218531e-06
val_calib,20,0.25862068965517243,1.0,5.3205255789395226e-06
val_calib,20,0.2589395807644883,1.0,5.390325408737548e-06
val_calib,20,0.25925925925925924,1.0,5.3926375812715246e-06
val_calib,20,0.2595797280593325,1.0,5.396607924242676e-06
val_calib,20,0.2599009900990099,1.0,5.421759574530062e-06
val_calib,20,0.26022304832713755,1.0,5.427673321369632e-06
val_calib,20,0.26054590570719605,1.0,5.5454310089297865e-06
val_calib,20,0.2608695652173913,1.0,5.635480578697269e-06
val_calib,20,0.26119402985074625,1.0,5.866701433325861e-06
val_calib,20,0.261519302615193,1.0,5.927132855875507e-06
val_calib,20,0.26184538653366585,1.0,5.944236247206399e-06
val_calib,20,0.26217228464419473,1.0,5.9781582675095845e-06
val_calib,20,0.2625,1.0,6.002730331730681e-06
val_calib,20,0.26282853566958697,1.0,6.02092003173061e-06
val_calib,20,0.2631578947368421,1.0,6.0282260972911806e-06
val_calib,20,0.26348808030112925,1.0,6.03088751521223e-06
val_calib,20,0.2638190954773869,1.0,6.137150974453492e-06
val_calib,20,0.2641509433962264,1.0,6.18687612840357e-06
val_calib,20,0.26448362720403024,1.0,6.199634501002e-06
val_calib,20,0.2648171500630517,1.0,6.2453575919654765e-06
val_calib,20,0.26515151515151514,1.0,6.327975378814296e-06
val_calib,20,0.26548672566371684,1.0,6.355299553911507e-06
val_calib,20,0.26582278481012656,1.0,6.390535833698648e-06
val_calib,20,0.2661596958174905,1.0,6.4379815332381084e-06
val_calib,20,0.26649746192893403,1.0,6.540055911326458e-06
val_calib,20,0.2668360864040661,1.0,6.6015406181538356e-06
val_calib,20,0.26717557251908397,1.0,6.6589957424331414e-06
val_calib,20,0.267515923566879,1.0,6.765013432730751e-06
val_calib,20,0.26785714285714285,1.0,6.76896414517091e-06
val_calib,20,0.2681992337164751,1.0,6.8256218749687015e-06
val_calib,20,0.26854219948849106,1.0,7.0495114782513896e-06
val_calib,20,0.26888604353393086,1.0,7.093944774252594e-06
val_calib,20,0.2692307692307692,1.0,7.201893078955662e-06
val_calib,20,0.26957637997432604,1.0,7.226028696744979e-06
val_calib,20,0.2699228791773779,1.0,7.363152679412731e-06
val_calib,20,0.2702702702702703,1.0,7.363580575001643e-06
val_calib,20,0.2706185567010309,1.0,7.458354978677805e-06
val_calib,20,0.2709677419354839,1.0,7.4886812775156945e-06
val_calib,20,0.2713178294573643,1.0,7.489139186663455e-06
val_calib,20,0.2716688227684347,1.0,7.506987278119561e-06
val_calib,20,0.27202072538860106,1.0,7.617694234993871e-06
val_calib,20,0.2723735408560311,1.0,7.636323110371796e-06
val_calib,20,0.2727272727272727,1.0,7.680029478050364e-06
val_calib,20,0.27308192457737324,1.0,7.712172510279238e-06
val_calib,20,0.2734375,1.0,7.723131763542785e-06
val_calib,20,0.2737940026075619,1.0,7.77449843013475e-06
val_calib,20,0.2741514360313316,1.0,7.834932422936426e-06
val_calib,20,0.27450980392156865,1.0,7.852945798708183e-06
val_calib,20,0.27486910994764396,1.0,7.86331535467881e-06
val_calib,20,0.27522935779816515,1.0,7.887065142416371e-06
val_calib,20,0.2755905511811024,1.0,7.963666038800048e-06
val_calib,20,0.2759526938239159,1.0,7.968264911276947e-06
val_calib,20,0.27631578947368424,1.0,8.15453844013895e-06
val_calib,20,0.2766798418972332,1.0,8.22708830562148e-06
val_calib,20,0.2770448548812665,1.0,8.348331658230573e-06
val_calib,20,0.2774108322324967,1.0,8.484123666595287e-06
val_calib,20,0.2777777777777778,1.0,8.551712727218291e-06
val_calib,20,0.2781456953642384,1.0,8.577616903896244e-06
val_calib,20,0.27851458885941643,1.0,8.615873714345557e-06
val_calib,20,0.2788844621513944,1.0,8.719729084590658e-06
val_calib,20,0.27925531914893614,1.0,8.76392944051283e-06
val_calib,20,0.2796271637816245,1.0,8.796373384344578e-06
val_calib,20,0.28,1.0,8.850816895894775e-06
val_calib,20,0.2803738317757009,1.0,9.07027671007733e-06
val_calib,20,0.2807486631016043,1.0,9.10527432811323e-06
val_calib,20,0.28112449799196787,1.0,9.130019906619068e-06
val_calib,20,0.28150134048257375,1.0,9.147207357981818e-06
val_calib,20,0.28187919463087246,1.0,9.50314069014259e-06
val_calib,20,0.28225806451612906,1.0,9.518026482145754e-06
val_calib,20,0.28263795423956933,1.0,9.542740316154482e-06
val_calib,20,0.2830188679245283,1.0,9.612481764343566e-06
val_calib,20,0.2834008097165992,1.0,9.620603227968027e-06
val_calib,20,0.28378378378378377,1.0,9.757802003691589e-06
val_calib,20,0.28416779431664413,1.0,9.842358132583464e-06
val_calib,20,0.2845528455284553,1.0,1.001500321333001e-05
val_calib,20,0.28493894165535955,1.0,1.0204135901263788e-05
val_calib,20,0.28532608695652173,1.0,1.0288435459198254e-05
val_calib,20,0.2857142857142857,1.0,1.0357981002738545e-05
val_calib,20,0.28610354223433243,1.0,1.041133944276746e-05
val_calib,20,0.286493860845839,1.0,1.0471687347216257e-05
val_calib,20,0.28688524590163933,1.0,1.0501871684577555e-05
val_calib,20,0.2872777017783858,1.0,1.0609262476090192e-05
val_calib,20,0.2876712328767123,1.0,1.0661059955330168e-05
val_calib,20,0.2880658436213992,1.0,1.0744751632244325e-05
val_calib,20,0.28846153846153844,1.0,1.1019302469537637e-05
val_calib,20,0.28885832187070154,1.0,1.1027363031153217e-05
val_calib,20,0.2892561983471074,1.0,1.1214952056082692e-05
val_calib,20,0.2896551724137931,1.0,1.1263669275135917e-05
val_calib,20,0.2900552486187845,1.0,1.1355374519097747e-05
val_calib,20,0.29045643153526973,1.0,1.1420736223850505e-05
val_calib,20,0.29085872576177285,1.0,1.1709501842778419e-05
val_calib,20,0.2912621359223301,1.0,1.1752649160788264e-05
val_calib,20,0.2916666666666667,1.0,1.2456944556395741e-05
val_calib,20,0.29207232267037553,1.0,1.250251186880897e-05
val_calib,20,0.2924791086350975,1.0,1.2599236454564278e-05
val_calib,20,0.2928870292887029,1.0,1.2927757762476026e-05
val_calib,20,0.29329608938547486,1.0,1.2976615451207729e-05
val_calib,20,0.2937062937062937,1.0,1.3181103247650553e-05
val_calib,20,0.29411764705882354,1.0,1.3594995001800488e-05
val_calib,20,0.29453015427769985,1.0,1.3688451455628814e-05
val_calib,20,0.2949438202247191,1.0,1.3715017719441103e-05
val_calib,20,0.29535864978902954,1.0,1.3866739014762487e-05
val_calib,20,0.29577464788732394,1.0,1.3883836849179115e-05
val_calib,20,0.29619181946403383,1.0,1.3988328280145405e-05
val_calib,20,0.2966101694915254,1.0,1.4000018642891782e-05
val_calib,20,0.297029702970297,1.0,1.420479998543632e-05
val_calib,20,0.29745042492917845,1.0,1.4214461106438413e-05
val_calib,20,0.2978723404255319,1.0,1.4286650369517633e-05
val_calib,20,0.29829545454545453,1.0,1.4533497607820767e-05
val_calib,20,0.29871977240398295,1.0,1.4572046171984783e-05
val_calib,20,0.29914529914529914,1.0,1.4697132577095386e-05
val_calib,20,0.2995720399429387,1.0,1.4926669600396139e-05
val_calib,20,0.3,1.0,1.4939066979450168e-05
val_calib,20,0.30042918454935624,1.0,1.5009345890476918e-05
val_calib,20,0.3008595988538682,1.0,1.5173547562685054e-05
val_calib,20,0.3012912482065997,1.0,1.5199082496625882e-05
val_calib,20,0.3017241379310345,1.0,1.5362288070867436e-05
val_calib,20,0.302158273381295,1.0,1.539960495117106e-05
val_calib,20,0.3025936599423631,1.0,1.5414038388201304e-05
val_calib,20,0.30303030303030304,1.0,1.5506713389827484e-05
val_calib,20,0.30346820809248554,1.0,1.5541837969378917e-05
val_calib,20,0.30390738060781475,1.0,1.5802432375316684e-05
val_calib,20,0.30434782608695654,1.0,1.5829683069880613e-05
val_calib,20,0.3047895500725689,1.0,1.589138672453783e-05
val_calib,20,0.30523255813953487,1.0,1.6184271311020206e-05
val_calib,20,0.3056768558951965,1.0,1.654335534700013e-05
val_calib,20,0.30612244897959184,1.0,1.6922568746769825e-05
val_calib,20,0.30656934306569344,1.0,1.729283369494154e-05
val_calib,20,0.30701754385964913,1.0,1.7778237782792674e-05
val_calib,20,0.3074670571010249,1.0,1.7937945071355044e-05
val_calib,20,0.30791788856304986,1.0,1.846335076819088e-05
val_calib,20,0.30837004405286345,1.0,1.855151686165402e-05
val_calib,20,0.3088235294117647,1.0,1.8609806518298528e-05
val_calib,20,0.30927835051546393,1.0,1.8638507624585853e-05
val_calib,20,0.30973451327433627,1.0,1.9233936811629224e-05
val_calib,20,0.310192023633678,1.0,1.9630893105160427e-05
val_calib,20,0.3106508875739645,1.0,1.9720709832372017e-05
val_calib,20,0.3111111111111111,1.0,1.978840394846894e-05
val_calib,20,0.3115727002967359,1.0,1.9835258344168665e-05
val_calib,20,0.31203566121842496,1.0,1.9850130027283955e-05
val_calib,20,0.3125,1.0,1.9923229598340786e-05
val_calib,20,0.31296572280178836,1.0,2.0045035526627618e-05
val_calib,20,0.31343283582089554,1.0,2.014297510913395e-05
val_calib,20,0.31390134529147984,1.0,2.039736273340998e-05
val_calib,20,0.3143712574850299,1.0,2.045713059693407e-05
val_calib,20,0.3148425787106447,1.0,2.05733046238822e-05
val_calib,20,0.3153153153153153,1.0,2.0697047409138446e-05
val_calib,20,0.3157894736842105,1.0,2.0987871364457085e-05
val_calib,20,0.31626506024096385,1.0,2.1047881682780144e-05
val_calib,20,0.3167420814479638,1.0,2.1063329302407088e-05
val_calib,20,0.31722054380664655,1.0,2.1290548098846363e-05
val_calib,20,0.3177004538577912,1.0,2.1624813139637832e-05
val_calib,20,0.3181818181818182,1.0,2.1796865186449498e-05
val_calib,20,0.3186646433990895,1.0,2.187721272372966e-05
val_calib,20,0.3191489361702128,1.0,2.2217768125864527e-05
val_calib,20,0.319634703196347,1.0,2.2324898795170165e-05
val_calib,20,0.3201219512195122,1.0,2.2560609303994077e-05
val_calib,20,0.32061068702290074,1.0,2.2666109361752838e-05
val_calib,20,0.3211009174311927,1.0,2.2812927927103938e-05
val_calib,20,0.3215926493108729,1.0,2.2889280112869962e-05
val_calib,20,0.3220858895705521,1.0,2.2960893643108925e-05
val_calib,20,0.3225806451612903,1.0,2.3493806299736654e-05
val_calib,20,0.3230769230769231,1.0,2.3865835862386165e-05
val_calib,20,0.3235747303543914,1.0,2.3892539064271924e-05
val_calib,20,0.32407407407407407,1.0,2.4008488404530887e-05
val_calib,20,0.32457496136012365,1.0,2.4263556792698154e-05
val_calib,20,0.32507739938080493,1.0,2.4468451456750036e-05
val_calib,20,0.32558139534883723,1.0,2.4550187958566463e-05
val_calib,20,0.32608695652173914,1.0,2.5336820175739064e-05
val_calib,20,0.3265940902021773,1.0,2.55071520729304e-05
val_calib,20,0.32710280373831774,1.0,2.5776862939912807e-05
val_calib,20,0.32761310452418096,1.0,2.580203476546905e-05
val_calib,20,0.328125,1.0,2.655894144451887e-05
val_calib,20,0.3286384976525822,1.0,2.6587575769713995e-05
val_calib,20,0.329153605015674,1.0,2.7240119151083104e-05
val_calib,20,0.32967032967032966,1.0,2.8082112381630782e-05
val_calib,20,0.330188679245283,1.0,2.80928428510755e-05
val_calib,20,0.33070866141732286,1.0,2.8122866604505515e-05
val_calib,20,0.3312302839116719,1.0,2.814339714170605e-05
val_calib,20,0.33175355450236965,1.0,2.826973306041127e-05
val_calib,20,0.3322784810126582,1.0,2.8279692708807275e-05
val_calib,20,0.3328050713153724,1.0,2.8996407338891534e-05
val_calib,20,0.3333333333333333,1.0,2.90697667950493e-05
val_calib,20,0.3338632750397456,1.0,2.9618835582877714e-05
val_calib,20,0.3343949044585987,1.0,2.9820848976962718e-05
val_calib,20,0.3349282296650718,1.0,3.0226649588127034e-05
val_calib,20,0.3354632587859425,1.0,3.0559874588960556e-05
val_calib,20,0.336,1.0,3.092588826450737e-05
val_calib,20,0.33653846153846156,1.0,3.119189237971987e-05
val_calib,20,0.33707865168539325,1.0,3.123601667458723e-05
val_calib,20,0.33762057877813506,1.0,3.1283692762380086e-05
val_calib,20,0.33816425120772947,1.0,3.14795897906382e-05
val_calib,20,0.3387096774193548,1.0,3.214283358222465e-05
val_calib,20,0.3392568659127625,1.0,3.259270951615442e-05
val_calib,20,0.33980582524271846,1.0,3.296440794044883e-05
val_calib,20,0.34035656401944897,1.0,3.357253544218738e-05
val_calib,20,0.3409090909090909,1.0,3.4153017264457316e-05
val_calib,20,0.34146341463414637,1.0,3.475526096610088e-05
val_calib,20,0.34201954397394135,1.0,3.493701802768493e-05
val_calib,20,0.3425774877650897,1.0,3.5143126711436935e-05
val_calib,20,0.3431372549019608,1.0,3.571732493292721e-05
val_calib,20,0.3436988543371522,1.0,3.647311436657666e-05
val_calib,20,0.3442622950819672,1.0,3.6878049299986885e-05
val_calib,20,0.3448275862068966,1.0,3.6906662659344574e-05
val_calib,20,0.34539473684210525,1.0,3.802903047247102e-05
val_calib,20,0.34596375617792424,1.0,3.900940329416262e-05
val_calib,20,0.3465346534653465,1.0,3.952250503566205e-05
val_calib,20,0.34710743801652894,1.0,4.1707986590882225e-05
val_calib,20,0.347682119205298,1.0,4.228428352865742e-05
val_calib,20,0.3482587064676617,1.0,4.3536370411457425e-05
val_calib,20,0.3488372093023256,1.0,4.7365854702787737e-05
val_calib,20,0.34941763727121466,1.0,4.9135035947657065e-05
val_calib,20,0.35,1.0,5.031242270388446e-05
val_calib,20,0.35058430717863104,1.0,5.0934255186081275e-05
val_calib,20,0.3511705685618729,1.0,5.27704468659173e-05
val_calib,20,0.35175879396984927,1.0,5.452624082266816e-05
val_calib,20,0.3523489932885906,1.0,5.502637954164915e-05
val_calib,20,0.35294117647058826,1.0,5.5928790967232335e-05
val_calib,20,0.35353535353535354,1.0,5.650070493230307e-05
val_calib,20,0.35413153456998314,1.0,5.8559399730700674e-05
val_calib,20,0.3547297297297297,1.0,5.922902654581227e-05
val_calib,20,0.3553299492385787,1.0,5.935845292945884e-05
val_calib,20,0.3559322033898305,1.0,5.972018988398146e-05
val_calib,20,0.3565365025466893,1.0,6.0386584670905055e-05
val_calib,20,0.35714285714285715,1.0,6.36270355723184e-05
val_calib,20,0.3577512776831346,1.0,6.420868800618728e-05
val_calib,20,0.3583617747440273,1.0,6.491712500102918e-05
val_calib,20,0.358974358974359,1.0,6.567998105310047e-05
val_calib,20,0.3595890410958904,1.0,6.662027971756676e-05
val_calib,20,0.3602058319039451,1.0,6.668547624632955e-05
val_calib,20,0.36082474226804123,1.0,6.703494772024349e-05
val_calib,20,0.3614457831325301,1.0,6.790837420726969e-05
val_calib,20,0.3620689655172414,1.0,7.0632082828418e-05
val_calib,20,0.3626943005181347,1.0,7.3080461650074e-05
val_calib,20,0.3633217993079585,1.0,7.318545577867923e-05
val_calib,20,0.36395147313691506,1.0,7.392911792495545e-05
val_calib,20,0.3645833333333333,1.0,7.762719260654332e-05
val_calib,20,0.3652173913043478,1.0,7.87359518070963e-05
val_calib,20,0.36585365853658536,1.0,8.164080943219531e-05
val_calib,20,0.36649214659685864,1.0,8.237684279641142e-05
val_calib,20,0.36713286713286714,1.0,8.238714649645625e-05
val_calib,20,0.36777583187390545,1.0,8.277795107798816e-05
val_calib,20,0.3684210526315789,1.0,8.456388005005094e-05
val_calib,20,0.36906854130052724,1.0,9.20804744204468e-05
val_calib,20,0.36971830985915494,1.0,9.547154071699537e-05
val_calib,20,0.37037037037037035,1.0,9.732354683975217e-05
val_calib,20,0.3710247349823322,1.0,9.801708555516616e-05
val_calib,20,0.37168141592920356,1.0,9.935206729369047e-05
val_calib,20,0.3723404255319149,1.0,0.00010266471460899228
val_calib,20,0.37300177619893427,1.0,0.00010329880190942965
val_calib,20,0.3736654804270463,1.0,0.00010415880040019232
val_calib,20,0.37433155080213903,1.0,0.0001082779799988144
val_calib,20,0.375,1.0,0.00010861630302677269
val_calib,20,0.3756708407871199,1.0,0.00010988542836711185
val_calib,20,0.3763440860215054,1.0,0.00011044319548496564
val_calib,20,0.3770197486535009,1.0,0.00011497340810082613
val_calib,20,0.3776978417266187,1.0,0.00011714262427869395
val_calib,20,0.3783783783783784,1.0,0.00011733737021028969
val_calib,20,0.37906137184115524,1.0,0.00012086035364963873
val_calib,20,0.379746835443038,1.0,0.00012137004014145731
val_calib,20,0.3804347826086957,1.0,0.00012752562479935163
val_calib,20,0.3811252268602541,1.0,0.00013348970137966928
val_calib,20,0.38181818181818183,1.0,0.00013360751160946567
val_calib,20,0.3825136612021858,1.0,0.00013371760442610088
val_calib,20,0.38321167883211676,1.0,0.0001353692709473696
val_calib,20,0.38391224862888484,1.0,0.00013854892799230778
val_calib,20,0.38461538461538464,1.0,0.00013986830900600256
val_calib,20,0.3853211009174312,1.0,0.00014545052439462545
val_calib,20,0.3860294117647059,1.0,0.00014884148276524267
val_calib,20,0.3867403314917127,1.0,0.00014965434182367507
val_calib,20,0.3874538745387454,1.0,0.00015126519704061517
val_calib,20,0.38817005545286504,1.0,0.00015309888887462514
val_calib,20,0.3888888888888889,1.0,0.00015846791814512368
val_calib,20,0.38961038961038963,1.0,0.0001616920838504479
val_calib,20,0.3903345724907063,1.0,0.00016347181932111624
val_calib,20,0.39106145251396646,1.0,0.0001669807235628202
val_calib,20,0.3917910447761194,1.0,0.0001793503774622268
val_calib,20,0.3925233644859813,1.0,0.00019817860666033834
val_calib,20,0.39325842696629215,1.0,0.00020196397548535538
val_calib,20,0.39399624765478425,1.0,0.0002091111917475118
val_calib,20,0.39473684210526316,1.0,0.00021350020383131444
val_calib,20,0.3954802259887006,1.0,0.0002216109661706659
val_calib,20,0.39622641509433965,1.0,0.00022685801430019913
val_calib,20,0.39697542533081287,1.0,0.00023715592782362095
val_calib,20,0.3977272727272727,1.0,0.0002425428501879065
val_calib,20,0.3984819734345351,1.0,0.0002444248275374259
val_calib,20,0.39923954372623577,1.0,0.00024779815768773426
val_calib,20,0.4,1.0,0.000257630952755664
val_calib,20,0.40076335877862596,1.0,0.00025826891730229985
val_calib,20,0.40152963671128106,1.0,0.00026225774921832384
val_calib,20,0.40229885057471265,1.0,0.00026437802383388854
val_calib,20,0.40307101727447214,1.0,0.00026635894988020885
val_calib,20,0.40384615384615385,1.0,0.00026858394557476196
val_calib,20,0.4046242774566474,1.0,0.00027509378574343556
val_calib,20,0.40540540540540543,1.0,0.0002761218620661661
val_calib,20,0.40618955512572535,1.0,0.0002880283758928305
val_calib,20,0.4069767441860465,1.0,0.00029186595841395485
val_calib,20,0.4077669902912621,1.0,0.0003064905646216688
val_calib,20,0.4085603112840467,1.0,0.00035481142478261275
val_calib,20,0.4093567251461988,1.0,0.00035802291119861677
val_calib,20,0.41015625,1.0,0.0003619483828736762
val_calib,20,0.410958904109589,1.0,0.0003844977118445073
val_calib,20,0.4117647058823529,1.0,0.0003889723189667687
val_calib,20,0.412573673870334,1.0,0.00039587366686256255
val_calib,20,0.41338582677165353,1.0,0.000399323145728799
val_calib,20,0.41420118343195267,1.0,0.00040110102854851
val_calib,20,0.4150197628458498,1.0,0.00040558190223268593
val_calib,20,0.4158415841584158,1.0,0.0004097193307416236
val_calib,20,0.4166666666666667,1.0,0.00041384164055731425
val_calib,20,0.41749502982107356,1.0,0.0004173223779104428
val_calib,20,0.41832669322709165,1.0,0.00042008293510959805
val_calib,20,0.41916167664670656,1.0,0.000427928849937401
val_calib,20,0.42,1.0,0.00043543584259992144
val_calib,20,0.42084168336673344,1.0,0.0004392196830894321
val_calib,20,0.42168674698795183,1.0,0.0004455471359508697
val_calib,20,0.4225352112676056,1.0,0.00046042312845542024
val_calib,20,0.42338709677419356,1.0,0.00046494751837543525
val_calib,20,0.42424242424242425,1.0,0.0004704451955569962
val_calib,20,0.4251012145748988,1.0,0.00047148616447590774
val_calib,20,0.4259634888438134,1.0,0.0004812975583296726
val_calib,20,0.4268292682926829,1.0,0.0004887378337361648
val_calib,20,0.42769857433808556,1.0,0.0005040743533496267
val_calib,20,0.42857142857142855,1.0,0.0005128605986390531
val_calib,20,0.4294478527607362,1.0,0.0005488741307037339
val_calib,20,0.430327868852459,1.0,0.0005543323690402101
val_calib,20,0.43121149897330596,1.0,0.0005590783967524198
val_calib,20,0.43209876543209874,1.0,0.0005680983121397653
val_calib,20,0.4329896907216495,1.0,0.0005896299554518979
val_calib,20,0.43388429752066116,1.0,0.0005936281811742307
val_calib,20,0.43478260869565216,1.0,0.0006125870671259649
val_calib,20,0.43568464730290457,1.0,0.0006506104542086981
val_calib,20,0.4365904365904366,1.0,0.0006708692225349621
val_calib,20,0.4375,1.0,0.0006743638987777141
val_calib,20,0.4384133611691023,1.0,0.0007000918170447154
val_calib,20,0.4393305439330544,1.0,0.0007074783193006352
val_calib,20,0.44025157232704404,1.0,0.0007278952108655308
val_calib,20,0.4411764705882353,1.0,0.0007629012112295424
val_calib,20,0.4421052631578947,1.0,0.0007867651370848553
val_calib,20,0.4430379746835443,1.0,0.0007962128944425824
val_calib,20,0.4439746300211416,1.0,0.0008089333947118846
val_calib,20,0.4449152542372881,1.0,0.0008224692668251731
val_calib,20,0.445859872611465,1.0,0.0008333628576841598
val_calib,20,0.44680851063829785,1.0,0.0008346258322758584
val_calib,20,0.44776119402985076,1.0,0.000864830657101345
val_calib,20,0.44871794871794873,1.0,0.0008778354555702962
val_calib,20,0.44967880085653106,1.0,0.0008779948037815289
val_calib,20,0.45064377682403434,1.0,0.0008827127090677971
val_calib,20,0.45161290322580644,1.0,0.0008936956960566075
val_calib,20,0.4525862068965517,1.0,0.0009322601501754881
val_calib,20,0.4535637149028078,1.0,0.000954957788430665
val_calib,20,0.45454545454545453,1.0,0.0009580381106690614
val_calib,20,0.455531453362256,1.0,0.0009654893405718617
val_calib,20,0.45652173913043476,1.0,0.0009862431565539774
val_calib,20,0.45751633986928103,1.0,0.0010012366783386586
val_calib,20,0.4585152838427948,1.0,0.0010732052551971362
val_calib,20,0.45951859956236324,1.0,0.001086817137278788
val_calib,20,0.4605263157894737,1.0,0.0010879856401312968
val_calib,20,0.46153846153846156,1.0,0.0010881085942014842
val_calib,20,0.46255506607929514,1.0,0.001119368352322378
val_calib,20,0.46357615894039733,1.0,0.0011448900904221441
val_calib,20,0.4646017699115044,1.0,0.0011628970636731785
val_calib,20,0.4656319290465632,1.0,0.0011697318106198631
val_calib,20,0.4666666666666667,1.0,0.0011698931187057544
val_calib,20,0.46770601336302897,1.0,0.0011702153874316047
val_calib,20,0.46875,1.0,0.0011719723876698273
val_calib,20,0.4697986577181208,1.0,0.0011924867098245522
val_calib,20,0.47085201793721976,1.0,0.0011952796180014769
val_calib,20,0.47191011235955055,1.0,0.0012085755483009785
val_calib,20,0.47297297297297297,1.0,0.0012158675570774742
val_calib,20,0.47404063205417607,1.0,0.0012167969113636773
val_calib,20,0.4751131221719457,1.0,0.0012299783006808392
val_calib,20,0.47619047619047616,1.0,0.0012426646663542893
val_calib,20,0.4772727272727273,1.0,0.0013218057191810985
val_calib,20,0.4783599088838269,1.0,0.001341017307466193
val_calib,20,0.4794520547945205,1.0,0.0013587086533038686
val_calib,20,0.4805491990846682,1.0,0.0013635171173458844
val_calib,20,0.481651376146789,1.0,0.0013711274348299962
val_calib,20,0.4827586206896552,1.0,0.0013969050208749892
val_calib,20,0.4838709677419355,1.0,0.0014138263522372875
val_calib,20,0.48498845265588914,1.0,0.0014164634310809042
val_calib,20,0.4861111111111111,1.0,0.001434727032161585
val_calib,20,0.4872389791183295,1.0,0.0014405408495129152
val_calib,20,0.4883720930232558,1.0,0.0015031511750687304
val_calib,20,0.48951048951048953,1.0,0.001514815696427627
val_calib,20,0.49065420560747663,1.0,0.0015818667458524648
val_calib,20,0.4918032786885246,1.0,0.001595872841180927
val_calib,20,0.49295774647887325,1.0,0.001596370244685408
val_calib,20,0.49411764705882355,1.0,0.001619343075718356
val_calib,20,0.49528301886792453,1.0,0.0016396340606883574
val_calib,20,0.49645390070921985,1.0,0.0016424830936694857
val_calib,20,0.4976303317535545,1.0,0.0016568672098340991
val_calib,20,0.498812351543943,1.0,0.0016656470239575694
val_calib,20,0.5,1.0,0.0017189344832531828
val_calib,20,0.5011933174224343,1.0,0.001742284034898348
val_calib,20,0.5023923444976076,1.0,0.0018377984480760156
val_calib,20,0.5035971223021583,1.0,0.001900942520483034
val_calib,20,0.5048076923076923,1.0,0.0019064936327455458
val_calib,20,0.5060240963855421,1.0,0.0019287366808971292
val_calib,20,0.5072463768115942,1.0,0.0019433574148688365
val_calib,20,0.5084745762711864,1.0,0.0019989507960556517
val_calib,20,0.5097087378640777,1.0,0.002007935960307002
val_calib,20,0.5109489051094891,1.0,0.0020649861489364604
val_calib,20,0.5121951219512195,1.0,0.002120028375839494
val_calib,20,0.5134474327628362,1.0,0.0021479343020430635
val_calib,20,0.5147058823529411,1.0,0.0021774454688624346
val_calib,20,0.515970515970516,1.0,0.0022481662712666274
val_calib,20,0.5172413793103449,1.0,0.0023024711562447345
val_calib,20,0.5185185185185185,1.0,0.0023920409923169875
val_calib,20,0.5198019801980198,1.0,0.0024917856370233332
val_calib,20,0.5210918114143921,1.0,0.002560778597385687
val_calib,20,0.5223880597014925,1.0,0.002593487291104218
val_calib,20,0.5236907730673317,1.0,0.0026409352880042373
val_calib,20,0.525,1.0,0.0027261324366795185
val_calib,20,0.5263157894736842,1.0,0.002783894394184936
val_calib,20,0.5276381909547738,1.0,0.002846463902762663
val_calib,20,0.5289672544080605,1.0,0.0028811063675879198
val_calib,20,0.5303030303030303,1.0,0.0030954869171844522
val_calib,20,0.5316455696202531,1.0,0.0031324900300874615
val_calib,20,0.5329949238578681,1.0,0.003182129320671754
val_calib,20,0.5343511450381679,1.0,0.003199359443556309
val_calib,20,0.5357142857142857,1.0,0.00328817944183075
val_calib,20,0.5370843989769821,1.0,0.003350341689025769
val_calib,20,0.5384615384615384,1.0,0.0035114616689928334
val_calib,20,0.5398457583547558,1.0,0.003520934692880081
val_calib,20,0.5412371134020618,1.0,0.003770233389257376
val_calib,20,0.5426356589147286,1.0,0.0038806555499330876
val_calib,20,0.5440414507772021,1.0,0.003888185699861871
val_calib,20,0.5454545454545454,1.0,0.0039843160741302895
val_calib,20,0.546875,1.0,0.004071642561842485
val_calib,20,0.5483028720626631,1.0,0.004240204579080649
val_calib,20,0.5497382198952879,1.0,0.004245054264957218
val_calib,20,0.5511811023622047,1.0,0.004475103543917681
val_calib,20,0.5526315789473685,1.0,0.004488237713797741
val_calib,20,0.554089709762533,1.0,0.004594087148158943
val_calib,20,0.5555555555555556,1.0,0.005020718827234114
val_calib,20,0.5570291777188329,1.0,0.0056394664470457495
val_calib,20,0.5585106382978723,1.0,0.005681689877492044
val_calib,20,0.56,1.0,0.005764780931619226
val_calib,20,0.5614973262032086,1.0,0.00609672991441372
val_calib,20,0.5630026809651475,1.0,0.0062630012615970945
val_calib,20,0.5645161290322581,1.0,0.006300228396570712
val_calib,20,0.5660377358490566,1.0,0.00654947453870823
val_calib,20,0.5675675675675675,1.0,0.006597714499836196
val_calib,20,0.5691056910569106,1.0,0.007218063084647927
val_calib,20,0.5706521739130435,1.0,0.007818519835310627
val_calib,20,0.5722070844686649,1.0,0.00794817943176722
val_calib,20,0.5737704918032787,1.0,0.008149022412125801
val_calib,20,0.5753424657534246,1.0,0.008719547508578675
val_calib,20,0.5769230769230769,1.0,0.008740924060792658
val_calib,20,0.5785123966942148,1.0,0.00879901134658456
val_calib,20,0.580110497237569,1.0,0.009012138127158745
val_calib,20,0.5817174515235457,1.0,0.009017837578455102
val_calib,20,0.5833333333333334,1.0,0.00913667004072954
val_calib,20,0.584958217270195,1.0,0.009253452408286646
val_calib,20,0.5865921787709497,1.0,0.009990161569556535
val_calib,20,0.5882352941176471,1.0,0.010295081795147123
val_calib,20,0.5898876404494382,1.0,0.010535526147621509
val_calib,20,0.5915492957746479,1.0,0.011153050478915273
val_calib,20,0.5932203389830508,1.0,0.011514240520275111
val_calib,20,0.5949008498583569,1.0,0.012026096451120894
val_calib,20,0.5965909090909091,1.0,0.013546439418470196
val_calib,20,0.5982905982905983,1.0,0.014413104067256191
val_calib,20,0.6,1.0,0.016522612986343523
val_calib,20,0.6017191977077364,1.0,0.016672101930580836
val_calib,20,0.603448275862069,1.0,0.017419183476915817
val_calib,20,0.6051873198847262,1.0,0.017634827820189842
val_calib,20,0.6069364161849711,1.0,0.018883045897609203
val_calib,20,0.6086956521739131,1.0,0.019258418774793003
val_calib,20,0.6104651162790697,1.0,0.02230489674862801
val_calib,20,0.6122448979591837,1.0,0.022640965572384476
val_calib,20,0.6140350877192983,1.0,0.022724463540178916
val_calib,20,0.6158357771260997,1.0,0.02302741360368459
val_calib,20,0.6176470588235294,1.0,0.02313709560642614
val_calib,20,0.6194690265486725,1.0,0.024033212479452986
val_calib,20,0.621301775147929,1.0,0.024280813813908998
val_calib,20,0.6231454005934718,1.0,0.02499264916203167
val_calib,20,0.625,1.0,0.026073450346227222
val_calib,20,0.6268656716417911,1.0,0.0262335222004168
val_calib,20,0.6287425149700598,1.0,0.026901545156976358
val_calib,20,0.6306306306306306,1.0,0.029311207920962274
val_calib,20,0.6325301204819277,1.0,0.03015419546075436
val_calib,20,0.6344410876132931,1.0,0.030530572660910724
val_calib,20,0.6363636363636364,1.0,0.0336638868541912
val_calib,20,0.6352583586626139,0.9952380952380953,0.034326419998709445
val_calib,20,0.6371951219512195,0.9952380952380953,0.03460542475594928
val_calib,20,0.6391437308868502,0.9952380952380953,0.034740687324273205
val_calib,20,0.6411042944785276,0.9952380952380953,0.03599140860453211
val_calib,20,0.6430769230769231,0.9952380952380953,0.03621841096776662
val_calib,20,0.6450617283950617,0.9952380952380953,0.03721729350943919
val_calib,20,0.6470588235294118,0.9952380952380953,0.03733637179131283
val_calib,20,0.6490683229813664,0.9952380952380953,0.037779677570604825
val_calib,20,0.6510903426791277,0.9952380952380953,0.0390627140553414
val_calib,20,0.653125,0.9952380952380953,0.039231485804830234
val_calib,20,0.6551724137931034,0.9952380952380953,0.040011181906403966
val_calib,20,0.6572327044025157,0.9952380952380953,0.04528637193833229
val_calib,20,0.6593059936908517,0.9952380952380953,0.045371773009597584
val_calib,20,0.6613924050632911,0.9952380952380953,0.04615526797709488
val_calib,20,0.6634920634920635,0.9952380952380953,0.04936268433722662
val_calib,20,0.6656050955414012,0.9952380952380953,0.04995010360544457
val_calib,20,0.6677316293929713,0.9952380952380953,0.051059113467100584
val_calib,20,0.6698717948717948,0.9952380952380953,0.052365434786903864
val_calib,20,0.6720257234726688,0.9952380952380953,0.05621118390570363
val_calib,20,0.6709677419354839,0.9904761904761905,0.05643217655540366
val_calib,20,0.6731391585760518,0.9904761904761905,0.0572082360811788
val_calib,20,0.6753246753246753,0.9904761904761905,0.057670345067771085
val_calib,20,0.6775244299674267,0.9904761904761905,0.05944506058118703
val_calib,20,0.6797385620915033,0.9904761904761905,0.06543081975267545
val_calib,20,0.6819672131147541,0.9904761904761905,0.068055119167391
val_calib,20,0.6842105263157895,0.9904761904761905,0.06830700065078298
val_calib,20,0.6864686468646864,0.9904761904761905,0.06935171662375929
val_calib,20,0.6887417218543046,0.9904761904761905,0.07208027062206465
val_calib,20,0.6910299003322259,0.9904761904761905,0.07224276200007633
val_calib,20,0.6933333333333334,0.9904761904761905,0.0750518415518812
val_calib,20,0.6956521739130435,0.9904761904761905,0.07935709715014322
val_calib,20,0.697986577181208,0.9904761904761905,0.08072743415517843
val_calib,20,0.7003367003367004,0.9904761904761905,0.0824071078244977
val_calib,20,0.7027027027027027,0.9904761904761905,0.08862873755059189
val_calib,20,0.7050847457627119,0.9904761904761905,0.08877500621641264
val_calib,20,0.7074829931972789,0.9904761904761905,0.09036356120184309
val_calib,20,0.7098976109215017,0.9904761904761905,0.09160052001416494
val_calib,20,0.7123287671232876,0.9904761904761905,0.09350013136604834
val_calib,20,0.7147766323024055,0.9904761904761905,0.09695894308521898
val_calib,20,0.7172413793103448,0.9904761904761905,0.09813728047933486
val_calib,20,0.7197231833910035,0.9904761904761905,0.09836038404766258
val_calib,20,0.7222222222222222,0.9904761904761905,0.10797241762803579
val_calib,20,0.7247386759581882,0.9904761904761905,0.10864285490496897
val_calib,20,0.7272727272727273,0.9904761904761905,0.12083153170688467
val_calib,20,0.7298245614035088,0.9904761904761905,0.12154495292447495
val_calib,20,0.7323943661971831,0.9904761904761905,0.1261888405158949
val_calib,20,0.734982332155477,0.9904761904761905,0.1262041042522592
val_calib,20,0.7375886524822695,0.9904761904761905,0.1388074353419647
val_calib,20,0.7402135231316725,0.9904761904761905,0.14111730407264278
val_calib,20,0.7428571428571429,0.9904761904761905,0.14915475413788332
val_calib,20,0.7455197132616488,0.9904761904761905,0.15193242624931083
val_calib,20,0.7482014388489209,0.9904761904761905,0.15255254921512593
val_calib,20,0.7509025270758123,0.9904761904761905,0.15465404536177374
val_calib,20,0.7536231884057971,0.9904761904761905,0.15525051895264555
val_calib,20,0.7563636363636363,0.9904761904761905,0.16157148242040723
val_calib,20,0.7591240875912408,0.9904761904761905,0.16500412527276187
val_calib,20,0.7619047619047619,0.9904761904761905,0.16636840196343153
val_calib,20,0.7647058823529411,0.9904761904761905,0.16870964654754642
val_calib,20,0.7675276752767528,0.9904761904761905,0.17316637840196192
val_calib,20,0.7703703703703704,0.9904761904761905,0.17570396662794166
val_calib,20,0.7732342007434945,0.9904761904761905,0.1757096238530816
val_calib,20,0.7761194029850746,0.9904761904761905,0.17590850436539196
val_calib,20,0.7790262172284644,0.9904761904761905,0.18304605974885677
val_calib,20,0.7819548872180451,0.9904761904761905,0.18454390494566894
val_calib,20,0.7849056603773585,0.9904761904761905,0.18532086548243476
val_calib,20,0.7878787878787878,0.9904761904761905,0.18984207248804733
val_calib,20,0.7908745247148289,0.9904761904761905,0.20593618725466042
val_calib,20,0.7938931297709924,0.9904761904761905,0.21129827637419002
val_calib,20,0.7969348659003831,0.9904761904761905,0.22290462955112206
val_calib,20,0.7961538461538461,0.9857142857142858,0.2272748022666503
val_calib,20,0.7992277992277992,0.9857142857142858,0.23267353441277122
val_calib,20,0.8023255813953488,0.9857142857142858,0.24612968613159647
val_calib,20,0.8054474708171206,0.9857142857142858,0.2480752526204191
val_calib,20,0.80859375,0.9857142857142858,0.2494495401686331
val_calib,20,0.8117647058823529,0.9857142857142858,0.2511662404722858
val_calib,20,0.8149606299212598,0.9857142857142858,0.25654177538214273
val_calib,20,0.8181818181818182,0.9857142857142858,0.2581829252727799
val_calib,20,0.8214285714285714,0.9857142857142858,0.2626794186262798
val_calib,20,0.8247011952191236,0.9857142857142858,0.2684173554124044
val_calib,20,0.828,0.9857142857142858,0.2762737023673883
val_calib,20,0.8273092369477911,0.9809523809523809,0.2839349559170142
val_calib,20,0.8306451612903226,0.9809523809523809,0.2873393860122506
val_calib,20,0.8340080971659919,0.9809523809523809,0.29018631096896536
val_calib,20,0.8373983739837398,0.9809523809523809,0.29081831856601437
val_calib,20,0.8408163265306122,0.9809523809523809,0.30772869191814783
val_calib,20,0.8442622950819673,0.9809523809523809,0.3243582581191686
val_calib,20,0.8477366255144033,0.9809523809523809,0.3272156214078155
val_calib,20,0.8512396694214877,0.9809523809523809,0.3329803201289502
val_calib,20,0.8506224066390041,0.9761904761904762,0.33321830554242204
val_calib,20,0.8541666666666666,0.9761904761904762,0.33457875030643386
val_calib,20,0.8577405857740585,0.9761904761904762,0.3358181995420565
val_calib,20,0.8613445378151261,0.9761904761904762,0.33854562295145046
val_calib,20,0.8649789029535865,0.9761904761904762,0.34350934807937394
val_calib,20,0.864406779661017,0.9714285714285714,0.34700161483468017
val_calib,20,0.8680851063829788,0.9714285714285714,0.35166089167219294
val_calib,20,0.8717948717948718,0.9714285714285714,0.3547271125487012
val_calib,20,0.8755364806866953,0.9714285714285714,0.3638903842633444
val_calib,20,0.8793103448275862,0.9714285714285714,0.37110335332488636
val_calib,20,0.8831168831168831,0.9714285714285714,0.37459383594474016
val_calib,20,0.8869565217391304,0.9714285714285714,0.3875254613029448
val_calib,20,0.8908296943231441,0.9714285714285714,0.39998903855853607
val_calib,20,0.8947368421052632,0.9714285714285714,0.40025910033990597
val_calib,20,0.8986784140969163,0.9714285714285714,0.40874872099364407
val_calib,20,0.9026548672566371,0.9714285714285714,0.410643020710129
val_calib,20,0.9022222222222223,0.9666666666666667,0.4266415741228777
val_calib,20,0.9017857142857143,0.9619047619047619,0.43135877306999176
val_calib,20,0.9013452914798207,0.9571428571428572,0.43518130917636216
val_calib,20,0.9009009009009009,0.9523809523809523,0.4408224276795589
val_calib,20,0.9049773755656109,0.9523809523809523,0.45063943248315125
val_calib,20,0.9090909090909091,0.9523809523809523,0.4673507752332945
val_calib,20,0.91324200913242,0.9523809523809523,0.47467896738380816
val_calib,20,0.9174311926605505,0.9523809523809523,0.48217232454614395
val_calib,20,0.9216589861751152,0.9523809523809523,0.49341681652635694
val_calib,20,0.9212962962962963,0.9476190476190476,0.5115339431800294
val_calib,20,0.9255813953488372,0.9476190476190476,0.5188401322077215
val_calib,20,0.9299065420560748,0.9476190476190476,0.531220434708323
val_calib,20,0.9295774647887324,0.9428571428571428,0.5355940565774178
val_calib,20,0.9292452830188679,0.9380952380952381,0.550241022862616
val_calib,20,0.933649289099526,0.9380952380952381,0.5516114518884123
val_calib,20,0.9333333333333333,0.9333333333333333,0.5517163334651344
val_calib,20,0.937799043062201,0.9333333333333333,0.5570974114829639
val_calib,20,0.9423076923076923,0.9333333333333333,0.5709426296063664
val_calib,20,0.9420289855072463,0.9285714285714286,0.5779741578197073
val_calib,20,0.941747572815534,0.9238095238095239,0.5816522065266031
val_calib,20,0.9463414634146341,0.9238095238095239,0.5835781902686807
val_calib,20,0.946078431372549,0.919047619047619,0.5882704250450339
val_calib,20,0.9458128078817734,0.9142857142857143,0.6009796129303564
val_calib,20,0.9455445544554455,0.9095238095238095,0.6267946187042374
val_calib,20,0.945273631840796,0.9047619047619048,0.629268561701472
val_calib,20,0.945,0.9,0.6451842718988966
val_calib,20,0.9447236180904522,0.8952380952380953,0.6476504759098067
val_calib,20,0.9444444444444444,0.8904761904761904,0.649772000741909
val_calib,20,0.9441624365482234,0.8857142857142857,0.6515452033565842
val_calib,20,0.9489795918367347,0.8857142857142857,0.6636294261995123
val_calib,20,0.9487179487179487,0.8809523809523809,0.6707652323817397
val_calib,20,0.9484536082474226,0.8761904761904762,0.6879972002264414
val_calib,20,0.9481865284974094,0.8714285714285714,0.6914534755265761
val_calib,20,0.9479166666666666,0.8666666666666667,0.7112572559921908
val_calib,20,0.9476439790575916,0.861904761904762,0.7135481362629752
val_calib,20,0.9473684210526315,0.8571428571428571,0.7171120986003364
val_calib,20,0.9470899470899471,0.8523809523809524,0.7182153092627944
val_calib,20,0.9468085106382979,0.8476190476190476,0.7291593602874371
val_calib,20,0.946524064171123,0.8428571428571429,0.7296788482275702
val_calib,20,0.9516129032258065,0.8428571428571429,0.740048940596511
val_calib,20,0.9567567567567568,0.8428571428571429,0.7558826838366215
val_calib,20,0.9565217391304348,0.8380952380952381,0.7639594427476613
val_calib,20,0.9562841530054644,0.8333333333333334,0.7686279333615305
val_calib,20,0.9560439560439561,0.8285714285714286,0.7723559134183829
val_calib,20,0.9558011049723757,0.8238095238095238,0.774734346375657
val_calib,20,0.9555555555555556,0.819047619047619,0.7828062862331148
val_calib,20,0.9553072625698324,0.8142857142857143,0.7934233934170848
val_calib,20,0.9550561797752809,0.8095238095238095,0.8126995947477358
val_calib,20,0.9548022598870056,0.8047619047619048,0.8190960298675175
val_calib,20,0.9602272727272727,0.8047619047619048,0.8221602092919515
val_calib,20,0.9657142857142857,0.8047619047619048,0.8312577868434573
val_calib,20,0.9655172413793104,0.8,0.840524999079778
val_calib,20,0.9653179190751445,0.7952380952380952,0.8453181058685318
val_calib,20,0.9651162790697675,0.7904761904761904,0.8463166063784229
val_calib,20,0.9649122807017544,0.7857142857142857,0.8469502498447248
val_calib,20,0.9647058823529412,0.780952380952381,0.8477713025748895
val_calib,20,0.9704142011834319,0.780952380952381,0.8486961125154235
val_calib,20,0.9702380952380952,0.7761904761904762,0.8499466146693891
val_calib,20,0.9700598802395209,0.7714285714285715,0.8621058879817303
val_calib,20,0.9698795180722891,0.7666666666666667,0.870945455397373
val_calib,20,0.9757575757575757,0.7666666666666667,0.8742274593677056
val_calib,20,0.975609756097561,0.7619047619047619,0.8760222932554721
val_calib,20,0.9754601226993865,0.7571428571428571,0.8865345734984836
val_calib,20,0.9753086419753086,0.7523809523809524,0.8967358555366097
val_calib,20,0.9813664596273292,0.7523809523809524,0.8991583122442011
val_calib,20,0.98125,0.7476190476190476,0.9093974486697531
val_calib,20,0.9811320754716981,0.7428571428571429,0.9101266398703292
val_calib,20,0.9810126582278481,0.7380952380952381,0.9153614827439348
val_calib,20,0.9808917197452229,0.7333333333333333,0.9156211614884733
val_calib,20,0.9807692307692307,0.7285714285714285,0.9195396528438853
val_calib,20,0.9806451612903225,0.7238095238095238,0.9232861358533294
val_calib,20,0.9805194805194806,0.719047619047619,0.9280357884287387
val_calib,20,0.9803921568627451,0.7142857142857143,0.928127995103948
val_calib,20,0.9802631578947368,0.7095238095238096,0.9282224113918263
val_calib,20,0.9801324503311258,0.7047619047619048,0.9298155103184583
val_calib,20,0.98,0.7,0.9506492944531602
val_calib,20,0.9798657718120806,0.6952380952380952,0.953756925403515
val_calib,20,0.9797297297297297,0.6904761904761905,0.9558457863243099
val_calib,20,0.9863945578231292,0.6904761904761905,0.9568460686018864
val_calib,20,0.9863013698630136,0.6857142857142857,0.9573895142175506
val_calib,20,0.9862068965517241,0.680952380952381,0.9580365273999009
val_calib,20,0.9861111111111112,0.6761904761904762,0.9589354925262443
val_calib,20,0.986013986013986,0.6714285714285714,0.960120539294047
val_calib,20,0.9859154929577465,0.6666666666666666,0.9608104904193302
val_calib,20,0.9858156028368794,0.6619047619047619,0.9629419941033643
val_calib,20,0.9857142857142858,0.6571428571428571,0.9642166988898608
val_calib,20,0.9856115107913669,0.6523809523809524,0.9652451138995665
val_calib,20,0.9855072463768116,0.6476190476190476,0.9680031179456394
val_calib,20,0.9854014598540146,0.6428571428571429,0.9693271557408916
val_calib,20,0.9852941176470589,0.638095238095238,0.9697287706841344
val_calib,20,0.9851851851851852,0.6333333333333333,0.9755751414289615
val_calib,20,0.9850746268656716,0.6285714285714286,0.9760579300107224
val_calib,20,0.9849624060150376,0.6238095238095238,0.9772965475177072
val_calib,20,0.9848484848484849,0.6190476190476191,0.9794251782681628
val_calib,20,0.9847328244274809,0.6142857142857143,0.979474325287096
val_calib,20,0.9846153846153847,0.6095238095238096,0.9801260686949408
val_calib,20,0.9844961240310077,0.6047619047619047,0.9803771245496237
val_calib,20,0.984375,0.6,0.982271217818406
val_calib,20,0.984251968503937,0.5952380952380952,0.9825879320996384
val_calib,20,0.9841269841269841,0.5904761904761905,0.9844074341078457
val_calib,20,0.984,0.5857142857142857,0.9846860885625801
val_calib,20,0.9838709677419355,0.580952380952381,0.9851367147864066
val_calib,20,0.983739837398374,0.5761904761904761,0.9854291959939208
val_calib,20,0.9836065573770492,0.5714285714285714,0.9863419293774441
val_calib,20,0.9834710743801653,0.5666666666666667,0.9864633058995351
val_calib,20,0.9833333333333333,0.5619047619047619,0.9870590260417422
val_calib,20,0.9831932773109243,0.5571428571428572,0.987179110836687
val_calib,20,0.9830508474576272,0.5523809523809524,0.9877817358782859
val_calib,20,0.9829059829059829,0.5476190476190477,0.9878332087540928
val_calib,20,0.9827586206896551,0.5428571428571428,0.9879045390571856
val_calib,20,0.9826086956521739,0.5380952380952381,0.988743051435985
val_calib,20,0.9824561403508771,0.5333333333333333,0.9888696767818055
val_calib,20,0.9823008849557522,0.5285714285714286,0.9890708295868317
val_calib,20,0.9821428571428571,0.5238095238095238,0.989306626960301
val_calib,20,0.9819819819819819,0.5190476190476191,0.9893983478900934
val_calib,20,0.9818181818181818,0.5142857142857142,0.9896311222782759
val_calib,20,0.981651376146789,0.5095238095238095,0.9896845392748179
val_calib,20,0.9814814814814815,0.5047619047619047,0.9899519928562147
val_calib,20,0.9813084112149533,0.5,0.9902709107204148
val_calib,20,0.9811320754716981,0.49523809523809526,0.9905525748917646
val_calib,20,0.9809523809523809,0.49047619047619045,0.9906269527490933
val_calib,20,0.9807692307692307,0.4857142857142857,0.9906919617864416
val_calib,20,0.9805825242718447,0.48095238095238096,0.9913682887233035
val_calib,20,0.9803921568627451,0.47619047619047616,0.9916179782655002
val_calib,20,0.9801980198019802,0.4714285714285714,0.9917504491023628
val_calib,20,0.98,0.4666666666666667,0.9921655256189963
val_calib,20,0.9797979797979798,0.46190476190476193,0.992186453511884
val_calib,20,0.9795918367346939,0.45714285714285713,0.9934570769188591
val_calib,20,0.979381443298969,0.4523809523809524,0.9935690031038931
val_calib,20,0.9791666666666666,0.44761904761904764,0.9939814717324259
val_calib,20,0.9789473684210527,0.44285714285714284,0.9940778527221743
val_calib,20,0.9787234042553191,0.4380952380952381,0.994218286723669
val_calib,20,0.978494623655914,0.43333333333333335,0.9943498133943616
val_calib,20,0.9782608695652174,0.42857142857142855,0.995244650606102
val_calib,20,0.978021978021978,0.4238095238095238,0.9955758210055384
val_calib,20,0.9777777777777777,0.41904761904761906,0.9955853572522921
val_calib,20,0.9775280898876404,0.4142857142857143,0.9957046568656899
val_calib,20,0.9772727272727273,0.4095238095238095,0.9957361765149555
val_calib,20,0.9770114942528736,0.40476190476190477,0.9958057520879341
val_calib,20,0.9767441860465116,0.4,0.9958899323469413
val_calib,20,0.9764705882352941,0.3952380952380952,0.996005748238384
val_calib,20,0.9761904761904762,0.3904761904761905,0.9962003551791225
val_calib,20,0.9759036144578314,0.38571428571428573,0.9963317902340635
val_calib,20,0.975609756097561,0.38095238095238093,0.9969791216639537
val_calib,20,0.9753086419753086,0.3761904761904762,0.997042155032115
val_calib,20,0.975,0.37142857142857144,0.9971423594816988
val_calib,20,0.9746835443037974,0.36666666666666664,0.997205850401216
val_calib,20,0.9743589743589743,0.3619047619047619,0.9973355096348396
val_calib,20,0.974025974025974,0.35714285714285715,0.9974596076413527
val_calib,20,0.9736842105263158,0.3523809523809524,0.9979979204233255
val_calib,20,0.9733333333333334,0.3476190476190476,0.9980405794243278
val_calib,20,0.972972972972973,0.34285714285714286,0.9981570968359266
val_calib,20,0.9726027397260274,0.3380952380952381,0.9981909403824555
val_calib,20,0.9722222222222222,0.3333333333333333,0.9982572850433129
val_calib,20,0.971830985915493,0.32857142857142857,0.9983064078282612
val_calib,20,0.9714285714285714,0.3238095238095238,0.9983475054645765
val_calib,20,0.9710144927536232,0.319047619047619,0.9986519333274142
val_calib,20,0.9705882352941176,0.3142857142857143,0.9990697019030546
val_calib,20,0.9701492537313433,0.30952380952380953,0.9990960471273449
val_calib,20,0.9696969696969697,0.3047619047619048,0.9991399596803519
val_calib,20,0.9692307692307692,0.3,0.9991759255343176
val_calib,20,0.96875,0.29523809523809524,0.9991816224648675
val_calib,20,0.9682539682539683,0.2904761904761905,0.9993093376273113
val_calib,20,0.967741935483871,0.2857142857142857,0.9993245138748676
val_calib,20,0.9672131147540983,0.28095238095238095,0.9993419408121723
val_calib,20,0.9666666666666667,0.2761904761904762,0.9993915913097541
val_calib,20,0.9661016949152542,0.2714285714285714,0.9993956586105714
val_calib,20,0.9655172413793104,0.26666666666666666,0.9994069854384904
val_calib,20,0.9649122807017544,0.2619047619047619,0.9994130154599579
val_calib,20,0.9642857142857143,0.2571428571428571,0.9994475913511054
val_calib,20,0.9636363636363636,0.2523809523809524,0.9994801593201245
val_calib,20,0.9629629629629629,0.24761904761904763,0.9995191692015407
val_calib,20,0.9622641509433962,0.24285714285714285,0.9995324583722621
val_calib,20,0.9615384615384616,0.23809523809523808,0.9995763818151279
val_calib,20,0.9607843137254902,0.23333333333333334,0.9997242112815218
val_calib,20,0.96,0.22857142857142856,0.9997315411540695
val_calib,20,0.9591836734693877,0.22380952380952382,0.9997377196690836
val_calib,20,0.9583333333333334,0.21904761904761905,0.9997459536420865
val_calib,20,0.9574468085106383,0.21428571428571427,0.9998057601952565
val_calib,20,0.9565217391304348,0.20952380952380953,0.9998200129453835
val_calib,20,0.9555555555555556,0.20476190476190476,0.9998310286624932
val_calib,20,0.9545454545454546,0.2,0.9998453056327458
val_calib,20,0.9534883720930233,0.19523809523809524,0.999866336216231
val_calib,20,0.9523809523809523,0.19047619047619047,0.9998677193219753
val_calib,20,0.9512195121951219,0.18571428571428572,0.9998902313359077
val_calib,20,0.975,0.18571428571428572,0.9998986914591991
val_calib,20,0.9743589743589743,0.18095238095238095,0.9999020127673468
val_calib,20,0.9736842105263158,0.1761904761904762,0.9999035793496385
val_calib,20,0.972972972972973,0.17142857142857143,0.999912045945138
val_calib,20,0.9722222222222222,0.16666666666666666,0.9999241851409735
val_calib,20,0.9714285714285714,0.1619047619047619,0.999924756591437
val_calib,20,0.9705882352941176,0.15714285714285714,0.9999275057227074
val_calib,20,0.9696969696969697,0.1523809523809524,0.9999385515353173
val_calib,20,0.96875,0.14761904761904762,0.9999460335113084
val_calib,20,0.967741935483871,0.14285714285714285,0.9999622761307447
val_calib,20,0.9666666666666667,0.1380952380952381,0.9999624229728501
val_calib,20,0.9655172413793104,0.13333333333333333,0.9999708290562787
val_calib,20,0.9642857142857143,0.12857142857142856,0.9999766486952436
val_calib,20,0.9629629629629629,0.12380952380952381,0.99999010656394
val_calib,20,0.9615384615384616,0.11904761904761904,0.9999918893499726
val_calib,20,0.96,0.11428571428571428,0.9999938247191369
val_calib,20,0.9583333333333334,0.10952380952380952,0.9999946730395903
val_calib,20,0.9565217391304348,0.10476190476190476,0.999997091912218
val_calib,20,0.9545454545454546,0.1,0.9999980637507158
val_calib,20,0.9523809523809523,0.09523809523809523,0.9999984482880715
val_calib,20,0.95,0.09047619047619047,0.9999987269119487
val_calib,20,0.9473684210526315,0.08571428571428572,0.9999991102516586
val_calib,20,0.9444444444444444,0.08095238095238096,0.9999992056529907
val_calib,20,0.9411764705882353,0.0761904761904762,0.9999992965260643
val_calib,20,0.9375,0.07142857142857142,0.999999390137376
val_calib,20,0.9333333333333333,0.06666666666666667,0.9999993966979166
val_calib,20,0.9285714285714286,0.06190476190476191,0.9999994996275763
val_calib,20,0.9230769230769231,0.05714285714285714,0.9999995792856998
val_calib,20,0.9166666666666666,0.05238095238095238,0.9999997428808405
val_calib,20,0.9090909090909091,0.047619047619047616,0.999999787179952
val_calib,20,0.9,0.04285714285714286,0.999999815742594
val_calib,20,0.8888888888888888,0.0380952380952381,0.9999999581249259
val_calib,20,0.875,0.03333333333333333,0.9999999629108688
val_calib,20,0.8571428571428571,0.02857142857142857,0.9999999912267713
val_calib,20,0.8333333333333334,0.023809523809523808,0.9999999998080598
val_calib,20,0.8,0.01904761904761905,0.9999999999666824
val_calib,20,0.75,0.014285714285714285,0.9999999999888589
val_calib,20,0.6666666666666666,0.009523809523809525,0.9999999999980629
val_calib,20,0.5,0.004761904761904762,0.9999999999994325
val_calib,20,0.0,0.0,1.0
val_calib,20,1.0,0.0,
val_calib,30,0.15301085883514315,1.0,2.5380628236631153e-18
val_calib,30,0.15308641975308643,1.0,2.297123854262648e-17
val_calib,30,0.15316205533596838,1.0,3.6746648177604107e-16
val_calib,30,0.1532377656945131,1.0,4.801936422750574e-16
val_calib,30,0.1533135509396637,1.0,1.5350260203088857e-15
val_calib,30,0.15338941118258287,1.0,2.162649718438625e-15
val_calib,30,0.15346534653465346,1.0,2.479703233951261e-15
val_calib,30,0.15354135710747896,1.0,2.87883195606235e-15
val_calib,30,0.15361744301288405,1.0,8.017570587001982e-15
val_calib,30,0.1536936043629152,1.0,8.19239275733992e-15
val_calib,30,0.15376984126984128,1.0,8.303729687526964e-15
val_calib,30,0.15384615384615385,1.0,6.421777552406877e-14
val_calib,30,0.15392254220456802,1.0,8.033635431322482e-14
val_calib,30,0.15399900645802286,1.0,1.13389719197227e-13
val_calib,30,0.1540755467196819,1.0,1.6408453675576758e-13
val_calib,30,0.15415216310293386,1.0,1.3424318250764684e-12
val_calib,30,0.15422885572139303,1.0,4.881427097592203e-12
val_calib,30,0.15430562468889994,1.0,7.12010787346186e-12
val_calib,30,0.15438247011952191,1.0,8.684907566313776e-12
val_calib,30,0.15445939212755355,1.0,9.125637188578924e-12
val_calib,30,0.15453639082751744,1.0,2.2898252564341164e-11
val_calib,30,0.1546134663341646,1.0,2.9925774488227766e-11
val_calib,30,0.15469061876247506,1.0,4.9714711895346597e-11
val_calib,30,0.15476784822765852,1.0,5.54195295934064e-11
val_calib,30,0.15484515484515485,1.0,5.592836462045379e-11
val_calib,30,0.1549225387306347,1.0,7.342147451882043e-11
val_calib,30,0.155,1.0,9.439373796108367e-11
val_calib,30,0.15507753876938468,1.0,1.230491931476346e-10
val_calib,30,0.15515515515515516,1.0,1.490523314131059e-10
val_calib,30,0.15523284927391087,1.0,1.6817687743748226e-10
val_calib,30,0.15531062124248496,1.0,1.790689637115973e-10
val_calib,30,0.15538847117794485,1.0,1.8970393363841052e-10
val_calib,30,0.15546639919759278,1.0,2.2169016163326347e-10
val_calib,30,0.15554440541896639,1.0,6.511217511096985e-10
val_calib,30,0.15562248995983935,1.0,8.929023634602136e-10
val_calib,30,0.155700652938222,1.0,1.3628119509572874e-09
val_calib,30,0.15577889447236182,1.0,1.5280340675441015e-09
val_calib,30,0.1558572146807441,1.0,1.5795747001006276e-09
val_calib,30,0.15593561368209255,1.0,1.7649158010204293e-09
val_calib,30,0.1560140915953699,1.0,1.8340154345670488e-09
val_calib,30,0.15609264853977844,1.0,1.9358824654020684e-09
val_calib,30,0.1561712846347607,1.0,2.0808809087141226e-09
val_calib,30,0.15625,1.0,2.385796338566836e-09
val_calib,30,0.15632879475542108,1.0,2.6812363056300715e-09
val_calib,30,0.15640766902119072,1.0,3.0546309768499267e-09
val_calib,30,0.15648662291771834,1.0,3.0802212805029786e-09
val_calib,30,0.15656565656565657,1.0,3.2313380379943444e-09
val_calib,30,0.15664477008590197,1.0,4.0418848552243995e-09
val_calib,30,0.15672396359959556,1.0,4.110323752553925e-09
val_calib,30,0.15680323722812342,1.0,4.7732658077457675e-09
val_calib,30,0.15688259109311742,1.0,4.814656427859266e-09
val_calib,30,0.1569620253164557,1.0,4.877939026870168e-09
val_calib,30,0.15704154002026344,1.0,4.930325679107173e-09
val_calib,30,0.15712113532691332,1.0,5.647842604788489e-09
val_calib,30,0.15720081135902636,1.0,6.046200600787516e-09
val_calib,30,0.15728056823947234,1.0,7.97708921596133e-09
val_calib,30,0.15736040609137056,1.0,8.977707974145375e-09
val_calib,30,0.1574403250380904,1.0,9.888401044999141e-09
val_calib,30,0.15752032520325204,1.0,1.0130854981043414e-08
val_calib,30,0.157600406710727,1.0,1.069796315511911e-08
val_calib,30,0.15768056968463887,1.0,1.265474742125543e-08
val_calib,30,0.15776081424936386,1.0,1.3172279622976813e-08
val_calib,30,0.15784114052953158,1.0,1.4110514136019181e-08
val_calib,30,0.15792154865002547,1.0,1.7892142951348947e-08
val_calib,30,0.1580020387359837,1.0,1.814385716667327e-08
val_calib,30,0.1580826109127996,1.0,2.169117054883442e-08
val_calib,30,0.15816326530612246,1.0,2.3850232340366524e-08
val_calib,30,0.1582440020418581,1.0,2.387044385798383e-08
val_calib,30,0.15832482124616956,1.0,2.400578434949808e-08
val_calib,30,0.15840572304547776,1.0,2.428520862739587e-08
val_calib,30,0.15848670756646216,1.0,2.600031297120609e-08
val_calib,30,0.1585677749360614,1.0,2.7829631682614637e-08
val_calib,30,0.1586489252814739,1.0,2.856010142513165e-08
val_calib,30,0.15873015873015872,1.0,3.322047664150981e-08
val_calib,30,0.15881147540983606,1.0,3.361029562302504e-08
val_calib,30,0.15889287544848796,1.0,3.5826328625281764e-08
val_calib,30,0.15897435897435896,1.0,4.0424152835946736e-08
val_calib,30,0.1590559261159569,1.0,4.080350115102926e-08
val_calib,30,0.1591375770020534,1.0,4.334696635545139e-08
val_calib,30,0.15921931176168463,1.0,4.566913584122491e-08
val_calib,30,0.1593011305241521,1.0,4.688121113484003e-08
val_calib,30,0.15938303341902313,1.0,4.8033750298590574e-08
val_calib,30,0.15946502057613168,1.0,4.862680065015734e-08
val_calib,30,0.159547092125579,1.0,4.894583886950009e-08
val_calib,30,0.1596292481977343,1.0,5.00584900080021e-08
val_calib,30,0.15971148892323545,1.0,5.247158077329205e-08
val_calib,30,0.15979381443298968,1.0,5.247963777800897e-08
val_calib,30,0.15987622485817432,1.0,5.309174442276432e-08
val_calib,30,0.15995872033023736,1.0,5.661994160135973e-08
val_calib,30,0.1600413009808983,1.0,5.924228156882285e-08
val_calib,30,0.16012396694214875,1.0,6.063052577580916e-08
val_calib,30,0.16020671834625322,1.0,6.125666353535447e-08
val_calib,30,0.16028955532574973,1.0,6.276309317982283e-08
val_calib,30,0.1603724780134506,1.0,6.345320257443616e-08
val_calib,30,0.16045548654244307,1.0,6.566037259366646e-08
val_calib,30,0.16053858104609012,1.0,6.958401861451174e-08
val_calib,30,0.16062176165803108,1.0,7.00366188205304e-08
val_calib,30,0.1607050285121825,1.0,7.132563296266656e-08
val_calib,30,0.1607883817427386,1.0,7.872302619077899e-08
val_calib,30,0.16087182148417228,1.0,8.319253192066214e-08
val_calib,30,0.16095534787123572,1.0,8.38598573137562e-08
val_calib,30,0.16103896103896104,1.0,9.56072331350882e-08
val_calib,30,0.16112266112266113,1.0,9.724886416201543e-08
val_calib,30,0.16120644825793032,1.0,9.928922440291645e-08
val_calib,30,0.16129032258064516,1.0,1.0309888986152042e-07
val_calib,30,0.16137428422696512,1.0,1.0358242917843426e-07
val_calib,30,0.16145833333333334,1.0,1.0452965486009278e-07
val_calib,30,0.16154247003647734,1.0,1.063526936072857e-07
val_calib,30,0.1616266944734098,1.0,1.072556267039675e-07
val_calib,30,0.16171100678142933,1.0,1.0844253240737606e-07
val_calib,30,0.1617954070981211,1.0,1.0929951675462692e-07
val_calib,30,0.1618798955613577,1.0,1.1091749224097916e-07
val_calib,30,0.1619644723092999,1.0,1.1489888803679394e-07
val_calib,30,0.1620491374803973,1.0,1.2353669751020952e-07
val_calib,30,0.16213389121338911,1.0,1.2546676777313406e-07
val_calib,30,0.16221873364730507,1.0,1.293311953420242e-07
val_calib,30,0.16230366492146597,1.0,1.2982209814685843e-07
val_calib,30,0.16238868517548455,1.0,1.4839703562847864e-07
val_calib,30,0.16247379454926625,1.0,1.4862015656446612e-07
val_calib,30,0.16255899318300995,1.0,1.5296355055395063e-07
val_calib,30,0.1626442812172088,1.0,1.5431601625502753e-07
val_calib,30,0.16272965879265092,1.0,1.5774289458653212e-07
val_calib,30,0.16281512605042017,1.0,1.710477031749917e-07
val_calib,30,0.162900683131897,1.0,1.7304890526532206e-07
val_calib,30,0.16298633017875921,1.0,1.7548721285135167e-07
val_calib,30,0.16307206733298263,1.0,1.7564979776537613e-07
val_calib,30,0.1631578947368421,1.0,1.7569040135949074e-07
val_calib,30,0.16324381253291206,1.0,1.773618805523111e-07
val_calib,30,0.16332982086406744,1.0,1.8438945574934353e-07
val_calib,30,0.16341591987348444,1.0,1.8449461778564987e-07
val_calib,30,0.16350210970464135,1.0,1.8503856429290905e-07
val_calib,30,0.16358839050131926,1.0,1.8698624373315785e-07
val_calib,30,0.16367476240760295,1.0,1.9615374248539352e-07
val_calib,30,0.16376122556788167,1.0,2.1032090200699698e-07
val_calib,30,0.1638477801268499,1.0,2.1348485700884423e-07
val_calib,30,0.16393442622950818,1.0,2.1543568136079128e-07
val_calib,30,0.164021164021164,1.0,2.1915070032446132e-07
val_calib,30,0.1641079936474325,1.0,2.2736861886474474e-07
val_calib,30,0.1641949152542373,1.0,2.3621760544190696e-07
val_calib,30,0.16428192898781135,1.0,2.3641353683884203e-07
val_calib,30,0.16436903499469777,1.0,2.5377386647539425e-07
val_calib,30,0.16445623342175067,1.0,2.8395409714003015e-07
val_calib,30,0.16454352441613587,1.0,2.8581607144857964e-07
val_calib,30,0.1646309081253319,1.0,3.0270478266995347e-07
val_calib,30,0.1647183846971307,1.0,3.072952206491596e-07
val_calib,30,0.16480595427963848,1.0,3.2476524416683195e-07
val_calib,30,0.16489361702127658,1.0,3.2613865656350617e-07
val_calib,30,0.16498137307078234,1.0,3.298477080407472e-07
val_calib,30,0.1650692225772098,1.0,3.3312191759183963e-07
val_calib,30,0.16515716568993075,1.0,3.6824090376206825e-07
val_calib,30,0.1652452025586354,1.0,3.6892398726340703e-07
val_calib,30,0.16533333333333333,1.0,3.7935143383309685e-07
val_calib,30,0.16542155816435433,1.0,4.000138643810306e-07
val_calib,30,0.16550987720234916,1.0,4.072664199119333e-07
val_calib,30,0.1655982905982906,1.0,4.099236500217218e-07
val_calib,30,0.16568679850347406,1.0,4.10288301647023e-07
val_calib,30,0.1657754010695187,1.0,4.253317579655307e-07
val_calib,30,0.1658640984483681,1.0,4.294108253498794e-07
val_calib,30,0.16595289079229122,1.0,4.511921142505131e-07
val_calib,30,0.16604177825388325,1.0,4.5186416535365435e-07
val_calib,30,0.16613076098606644,1.0,4.551217491908462e-07
val_calib,30,0.16621983914209115,1.0,4.609204493848458e-07
val_calib,30,0.16630901287553648,1.0,4.7185162672364884e-07
val_calib,30,0.16639828234031132,1.0,4.958039909588662e-07
val_calib,30,0.16648764769065522,1.0,5.081792087029791e-07
val_calib,30,0.16657710908113918,1.0,5.230340653149989e-07
val_calib,30,0.16666666666666666,1.0,5.300915944205717e-07
val_calib,30,0.16675632060247444,1.0,5.928228871896885e-07
val_calib,30,0.1668460710441335,1.0,6.000456406209586e-07
val_calib,30,0.16693591814754982,1.0,6.064173296435903e-07
val_calib,30,0.16702586206896552,1.0,6.153300643644017e-07
val_calib,30,0.16711590296495957,1.0,6.177935711318222e-07
val_calib,30,0.16720604099244876,1.0,6.262696457376496e-07
val_calib,30,0.16729627630868862,1.0,6.300669053088674e-07
val_calib,30,0.1673866090712743,1.0,6.362037286828553e-07
val_calib,30,0.16747703943814155,1.0,6.36703572363896e-07
val_calib,30,0.16756756756756758,1.0,6.446317802736976e-07
val_calib,30,0.167658193618172,1.0,6.46573595351951e-07
val_calib,30,0.16774891774891776,1.0,6.54438540688653e-07
val_calib,30,0.16783974011911207,1.0,6.617066827573315e-07
val_calib,30,0.16793066088840736,1.0,6.621844971059379e-07
val_calib,30,0.16802168021680217,1.0,6.63294768779038e-07
val_calib,30,0.1681127982646421,1.0,6.646628602505702e-07
val_calib,30,0.16820401519262074,1.0,6.870914413311562e-07
val_calib,30,0.16829533116178066,1.0,6.900586007363792e-07
val_calib,30,0.1683867463335144,1.0,7.005760575456548e-07
val_calib,30,0.16847826086956522,1.0,7.099550198298028e-07
val_calib,30,0.16856987493202827,1.0,7.722743157951057e-07
val_calib,30,0.16866158868335146,1.0,8.016660687667543e-07
val_calib,30,0.16875340228633642,1.0,8.102292703867699e-07
val_calib,30,0.16884531590413943,1.0,8.282126758720504e-07
val_calib,30,0.16893732970027248,1.0,8.315285511405542e-07
val_calib,30,0.16902944383860413,1.0,8.579616458416786e-07
val_calib,30,0.1691216584833606,1.0,8.63863029599534e-07
val_calib,30,0.16921397379912664,1.0,8.690369501765511e-07
val_calib,30,0.16930638995084654,1.0,8.712725312596179e-07
val_calib,30,0.16939890710382513,1.0,9.040362226882101e-07
val_calib,30,0.1694915254237288,1.0,9.135822099210021e-07
val_calib,30,0.16958424507658643,1.0,9.578175949722268e-07
val_calib,30,0.16967706622879036,1.0,9.73690269625434e-07
val_calib,30,0.16976998904709747,1.0,1.0003348425146576e-06
val_calib,30,0.16986301369863013,1.0,1.0072970158054624e-06
val_calib,30,0.1699561403508772,1.0,1.0179452747812057e-06
val_calib,30,0.170049369171695,1.0,1.0339062607421228e-06
val_calib,30,0.17014270032930845,1.0,1.0565166155544286e-06
val_calib,30,0.1702361339923119,1.0,1.0774668374194746e-06
val_calib,30,0.17032967032967034,1.0,1.0869863586143386e-06
val_calib,30,0.17042330951072018,1.0,1.09429954856585e-06
val_calib,30,0.1705170517051705,1.0,1.1129144144721984e-06
val_calib,30,0.170610897083104,1.0,1.1275325672325183e-06
val_calib,30,0.17070484581497797,1.0,1.163784372325102e-06
val_calib,30,0.17079889807162535,1.0,1.1871603681637034e-06
val_calib,30,0.17089305402425578,1.0,1.2601415598336931e-06
val_calib,30,0.1709873138444567,1.0,1.2753147069909835e-06
val_calib,30,0.17108167770419427,1.0,1.3048058694398005e-06
val_calib,30,0.17117614577581447,1.0,1.304981895314905e-06
val_calib,30,0.1712707182320442,1.0,1.3226692147857029e-06
val_calib,30,0.17136539524599226,1.0,1.3339665453955027e-06
val_calib,30,0.17146017699115043,1.0,1.339033289791894e-06
val_calib,30,0.17155506364139458,1.0,1.3408753138007539e-06
val_calib,30,0.1716500553709856,1.0,1.3421480556651383e-06
val_calib,30,0.17174515235457063,1.0,1.3512059192720901e-06
val_calib,30,0.17184035476718404,1.0,1.383933889194773e-06
val_calib,30,0.1719356627842485,1.0,1.3846650408820644e-06
val_calib,30,0.17203107658157601,1.0,1.3972617863382218e-06
val_calib,30,0.17212659633536925,1.0,1.417177789241047e-06
val_calib,30,0.17222222222222222,1.0,1.4181639939569405e-06
val_calib,30,0.17231795441912173,1.0,1.4214960985738721e-06
val_calib,30,0.1724137931034483,1.0,1.4270076031998214e-06
val_calib,30,0.17250973845297718,1.0,1.431821681276718e-06
val_calib,30,0.17260579064587972,1.0,1.4372932181985923e-06
val_calib,30,0.17270194986072424,1.0,1.4486306046394004e-06
val_calib,30,0.17279821627647715,1.0,1.496286899735445e-06
val_calib,30,0.17289459007250418,1.0,1.5124080090430118e-06
val_calib,30,0.17299107142857142,1.0,1.5236373009212713e-06
val_calib,30,0.17308766052484645,1.0,1.5443610065971286e-06
val_calib,30,0.17318435754189945,1.0,1.5513921899389845e-06
val_calib,30,0.1732811626607043,1.0,1.5629482825209906e-06
val_calib,30,0.17337807606263983,1.0,1.581611133298785e-06
val_calib,30,0.17347509792949076,1.0,1.616266751576325e-06
val_calib,30,0.17357222844344905,1.0,1.6164159379431716e-06
val_calib,30,0.17366946778711484,1.0,1.623976336859642e-06
val_calib,30,0.17376681614349776,1.0,1.6284152056890087e-06
val_calib,30,0.17386427369601795,1.0,1.6600154845526132e-06
val_calib,30,0.1739618406285073,1.0,1.6603795567941264e-06
val_calib,30,0.17405951712521056,1.0,1.6759259805929725e-06
val_calib,30,0.17415730337078653,1.0,1.6889091863199732e-06
val_calib,30,0.17425519955030916,1.0,1.7169858790453592e-06
val_calib,30,0.17435320584926883,1.0,1.725062428472626e-06
val_calib,30,0.17445132245357345,1.0,1.726439890590474e-06
val_calib,30,0.17454954954954954,1.0,1.7753105778451692e-06
val_calib,30,0.17464788732394365,1.0,1.8247426204883688e-06
val_calib,30,0.17474633596392333,1.0,1.8658415375095397e-06
val_calib,30,0.1748448956570784,1.0,1.8848778422080125e-06
val_calib,30,0.17494356659142213,1.0,1.9123128201819933e-06
val_calib,30,0.17504234895539245,1.0,1.913062407711467e-06
val_calib,30,0.1751412429378531,1.0,1.917385189639673e-06
val_calib,30,0.17524024872809496,1.0,1.931342851861144e-06
val_calib,30,0.1753393665158371,1.0,1.939858690910676e-06
val_calib,30,0.17543859649122806,1.0,1.9548702144785663e-06
val_calib,30,0.1755379388448471,1.0,1.969968929495431e-06
val_calib,30,0.17563739376770537,1.0,1.9922001082011734e-06
val_calib,30,0.17573696145124718,1.0,1.9961928368522103e-06
val_calib,30,0.1758366420873511,1.0,2.0138580308028084e-06
val_calib,30,0.17593643586833144,1.0,2.0196234441795947e-06
val_calib,30,0.17603634298693924,1.0,2.0301645997674627e-06
val_calib,30,0.17613636363636365,1.0,2.0935890358672227e-06
val_calib,30,0.17623649801023308,1.0,2.1682677269224795e-06
val_calib,30,0.17633674630261661,1.0,2.1786306980483448e-06
val_calib,30,0.17643710870802504,1.0,2.196071870916277e-06
val_calib,30,0.1765375854214123,1.0,2.2256021568496237e-06
val_calib,30,0.17663817663817663,1.0,2.2360553509770856e-06
val_calib,30,0.17673888255416192,1.0,2.2491274083903357e-06
val_calib,30,0.17683970336565888,1.0,2.249938302672783e-06
val_calib,30,0.1769406392694064,1.0,2.2603292741619e-06
val_calib,30,0.1770416904625928,1.0,2.324998549741903e-06
val_calib,30,0.17714285714285713,1.0,2.353201169263404e-06
val_calib,30,0.17724413950829046,1.0,2.3599540949409236e-06
val_calib,30,0.17734553775743708,1.0,2.3667594204650348e-06
val_calib,30,0.17744705208929593,1.0,2.3679385142725417e-06
val_calib,30,0.1775486827033219,1.0,2.369670686571079e-06
val_calib,30,0.17765042979942694,1.0,2.3795298149695078e-06
val_calib,30,0.17775229357798164,1.0,2.381815828953585e-06
val_calib,30,0.1778542742398164,1.0,2.3835089732961663e-06
val_calib,30,0.17795637198622274,1.0,2.477704135316467e-06
val_calib,30,0.17805858701895463,1.0,2.4922219765553213e-06
val_calib,30,0.1781609195402299,1.0,2.495255390937969e-06
val_calib,30,0.17826336975273147,1.0,2.496778406611916e-06
val_calib,30,0.17836593785960875,1.0,2.55823794593542e-06
val_calib,30,0.178468624064479,1.0,2.566224411030312e-06
val_calib,30,0.17857142857142858,1.0,2.6586871139016537e-06
val_calib,30,0.1786743515850144,1.0,2.6772044197779367e-06
val_calib,30,0.1787773933102653,1.0,2.7074348850922537e-06
val_calib,30,0.1788805539526832,1.0,2.75503528865021e-06
val_calib,30,0.1789838337182448,1.0,2.7611695588441965e-06
val_calib,30,0.17908723281340266,1.0,2.7813486213464674e-06
val_calib,30,0.1791907514450867,1.0,2.8159541271466065e-06
val_calib,30,0.1792943898207056,1.0,2.820184001828591e-06
val_calib,30,0.17939814814814814,1.0,2.841792464058796e-06
val_calib,30,0.1795020266357846,1.0,2.855069284925063e-06
val_calib,30,0.17960602549246812,1.0,2.90065015254241e-06
val_calib,30,0.17971014492753623,1.0,2.902250372306802e-06
val_calib,30,0.17981438515081208,1.0,2.904726838480385e-06
val_calib,30,0.1799187463726059,1.0,2.9097575154783557e-06
val_calib,30,0.1800232288037166,1.0,2.9699621756600225e-06
val_calib,30,0.1801278326554329,1.0,3.03380245437056e-06
val_calib,30,0.18023255813953487,1.0,3.0379543958867264e-06
val_calib,30,0.18033740546829552,1.0,3.0645811956497953e-06
val_calib,30,0.18044237485448195,1.0,3.110210901215778e-06
val_calib,30,0.18054746651135703,1.0,3.132023995935292e-06
val_calib,30,0.18065268065268064,1.0,3.1352947818399982e-06
val_calib,30,0.18075801749271136,1.0,3.1443672067702623e-06
val_calib,30,0.1808634772462077,1.0,3.1684771256804505e-06
val_calib,30,0.18096906012842964,1.0,3.2099333168854206e-06
val_calib,30,0.1810747663551402,1.0,3.2234496696356194e-06
val_calib,30,0.18118059614260668,1.0,3.240031848086494e-06
val_calib,30,0.18128654970760233,1.0,3.2740839660313912e-06
val_calib,30,0.18139262726740785,1.0,3.4044529118503907e-06
val_calib,30,0.18149882903981265,1.0,3.438391522319043e-06
val_calib,30,0.18160515524311657,1.0,3.477585058003993e-06
val_calib,30,0.1817116060961313,1.0,3.622429097045809e-06
val_calib,30,0.18181818181818182,1.0,3.638481594309387e-06
val_calib,30,0.18192488262910797,1.0,3.660038907638178e-06
val_calib,30,0.182031708749266,1.0,3.6811397605632803e-06
val_calib,30,0.18213866039952997,1.0,3.7216363646079196e-06
val_calib,30,0.18224573780129336,1.0,3.7750536714491086e-06
val_calib,30,0.18235294117647058,1.0,3.7773638852603515e-06
val_calib,30,0.18246027074749852,1.0,3.7827553010414474e-06
val_calib,30,0.18256772673733804,1.0,3.845417042132001e-06
val_calib,30,0.18267530936947554,1.0,3.922153957363333e-06
val_calib,30,0.18278301886792453,1.0,4.002310292588363e-06
val_calib,30,0.18289085545722714,1.0,4.027658794207772e-06
val_calib,30,0.18299881936245574,1.0,4.028925238867564e-06
val_calib,30,0.1831069108092144,1.0,4.19980036331227e-06
val_calib,30,0.18321513002364065,1.0,4.325196194168872e-06
val_calib,30,0.18332347723240686,1.0,4.392819078434192e-06
val_calib,30,0.1834319526627219,1.0,4.393985730509901e-06
val_calib,30,0.18354055654233273,1.0,4.4191658398030205e-06
val_calib,30,0.18364928909952608,1.0,4.428660131996652e-06
val_calib,30,0.18375815056312983,1.0,4.449684029304741e-06
val_calib,30,0.18386714116251482,1.0,4.451430409867388e-06
val_calib,30,0.18397626112759644,1.0,4.49714179481988e-06
val_calib,30,0.1840855106888361,1.0,4.540238599987242e-06
val_calib,30,0.18419489007724302,1.0,4.554042654640858e-06
val_calib,30,0.18430439952437574,1.0,4.588746327043427e-06
val_calib,30,0.18441403926234384,1.0,4.708766251022154e-06
val_calib,30,0.18452380952380953,1.0,4.724580520267121e-06
val_calib,30,0.18463371054198927,1.0,4.779055685273631e-06
val_calib,30,0.18474374255065554,1.0,4.823791977597971e-06
val_calib,30,0.18485390578413835,1.0,4.885317247449319e-06
val_calib,30,0.18496420047732698,1.0,4.896423449440958e-06
val_calib,30,0.18507462686567164,1.0,4.940272604919475e-06
val_calib,30,0.18518518518518517,1.0,4.963201660263613e-06
val_calib,30,0.1852958756724447,1.0,4.983974025455555e-06
val_calib,30,0.1854066985645933,1.0,5.007818643128421e-06
val_calib,30,0.1855176540993417,1.0,5.0128300317841965e-06
val_calib,30,0.18562874251497005,1.0,5.018668011841199e-06
val_calib,30,0.18573996405032953,1.0,5.122310427056389e-06
val_calib,30,0.18585131894484413,1.0,5.3578676812545e-06
val_calib,30,0.1859628074385123,1.0,5.412907923659559e-06
val_calib,30,0.18607442977190877,1.0,5.452911220969126e-06
val_calib,30,0.18618618618618618,1.0,5.483538259642262e-06
val_calib,30,0.18629807692307693,1.0,5.509382374488656e-06
val_calib,30,0.18641010222489476,1.0,5.523011922139263e-06
val_calib,30,0.1865222623345367,1.0,5.553563790741428e-06
val_calib,30,0.18663455749548466,1.0,5.581636319533969e-06
val_calib,30,0.18674698795180722,1.0,5.65231983759014e-06
val_calib,30,0.18685955394816153,1.0,5.6781460373006475e-06
val_calib,30,0.18697225572979492,1.0,5.809661113943933e-06
val_calib,30,0.18708509354254677,1.0,5.840845550584756e-06
val_calib,30,0.18719806763285024,1.0,6.010489336569582e-06
val_calib,30,0.18731117824773413,1.0,6.014388243012528e-06
val_calib,30,0.18742442563482467,1.0,6.128189667193195e-06
val_calib,30,0.18753781004234724,1.0,6.182771480894126e-06
val_calib,30,0.18765133171912832,1.0,6.305296149151533e-06
val_calib,30,0.18776499091459722,1.0,6.331005799662488e-06
val_calib,30,0.18787878787878787,1.0,6.353753701447748e-06
val_calib,30,0.1879927228623408,1.0,6.39742622536731e-06
val_calib,30,0.18810679611650485,1.0,6.425269454334442e-06
val_calib,30,0.18822100789313903,1.0,6.475345419303261e-06
val_calib,30,0.18833535844471447,1.0,6.479250596717451e-06
val_calib,30,0.1884498480243161,1.0,6.555586932644719e-06
val_calib,30,0.18856447688564476,1.0,6.574710442574447e-06
val_calib,30,0.18867924528301888,1.0,6.639146233387215e-06
val_calib,30,0.18879415347137637,1.0,6.660619088690993e-06
val_calib,30,0.18890920170627665,1.0,6.763462262903849e-06
val_calib,30,0.18902439024390244,1.0,6.961501674056264e-06
val_calib,30,0.18913971934106164,1.0,6.974858169397614e-06
val_calib,30,0.18925518925518925,1.0,7.048919355644778e-06
val_calib,30,0.1893708002443494,1.0,7.089826894406746e-06
val_calib,30,0.18948655256723718,1.0,7.128833206628447e-06
val_calib,30,0.18960244648318042,1.0,7.348519213249255e-06
val_calib,30,0.189718482252142,1.0,7.3984094382381966e-06
val_calib,30,0.18983466013472136,1.0,7.476833742208365e-06
val_calib,30,0.18995098039215685,1.0,7.505577452010246e-06
val_calib,30,0.1900674432863274,1.0,7.700300718731225e-06
val_calib,30,0.1901840490797546,1.0,7.919384715730071e-06
val_calib,30,0.19030079803560468,1.0,7.920607033152272e-06
val_calib,30,0.1904176904176904,1.0,7.983862865822468e-06
val_calib,30,0.19053472649047326,1.0,8.098227474689454e-06
val_calib,30,0.1906519065190652,1.0,8.14027687786765e-06
val_calib,30,0.19076923076923077,1.0,8.168161386205757e-06
val_calib,30,0.19088669950738915,1.0,8.236604991491458e-06
val_calib,30,0.19100431300061615,1.0,8.246730630814668e-06
val_calib,30,0.19112207151664612,1.0,8.281416976737785e-06
val_calib,30,0.19123997532387416,1.0,8.407111876001965e-06
val_calib,30,0.19135802469135801,1.0,8.45151656516755e-06
val_calib,30,0.19147621988882027,1.0,8.551689466859591e-06
val_calib,30,0.1915945611866502,1.0,8.70801811788629e-06
val_calib,30,0.191713048855906,1.0,8.743537030388149e-06
val_calib,30,0.19183168316831684,1.0,8.837532516374374e-06
val_calib,30,0.19195046439628483,1.0,9.074443361139333e-06
val_calib,30,0.19206939281288724,1.0,9.170911226339845e-06
val_calib,30,0.1921884686918785,1.0,9.232534151534197e-06
val_calib,30,0.19230769230769232,1.0,9.252193208586304e-06
val_calib,30,0.19242706393544382,1.0,9.268652860191931e-06
val_calib,30,0.19254658385093168,1.0,9.388322298531732e-06
val_calib,30,0.19266625233064014,1.0,9.67251290525492e-06
val_calib,30,0.1927860696517413,1.0,9.751383155999021e-06
val_calib,30,0.19290603609209708,1.0,9.894091659845708e-06
val_calib,30,0.1930261519302615,1.0,9.9153623625951e-06
val_calib,30,0.19314641744548286,1.0,1.0101998614580874e-05
val_calib,30,0.19326683291770574,1.0,1.0148232139297289e-05
val_calib,30,0.1933873986275733,1.0,1.0226136265838247e-05
val_calib,30,0.19350811485642946,1.0,1.0470737810869554e-05
val_calib,30,0.19362898188632105,1.0,1.0518662055841414e-05
val_calib,30,0.19375,1.0,1.0726281355237216e-05
val_calib,30,0.1938711694809256,1.0,1.0891731300246974e-05
val_calib,30,0.1939924906132666,1.0,1.1144201307451452e-05
val_calib,30,0.19411396368190356,1.0,1.1299167567206956e-05
val_calib,30,0.19423558897243107,1.0,1.15492365558767e-05
val_calib,30,0.19435736677115986,1.0,1.1709042048188518e-05
val_calib,30,0.1944792973651192,1.0,1.176077644392261e-05
val_calib,30,0.194601381042059,1.0,1.1862382423095906e-05
val_calib,30,0.19472361809045227,1.0,1.1924354714523157e-05
val_calib,30,0.19484600879949718,1.0,1.209039704078012e-05
val_calib,30,0.1949685534591195,1.0,1.2277452122814742e-05
val_calib,30,0.19509125235997482,1.0,1.2399078554247104e-05
val_calib,30,0.1952141057934509,1.0,1.2768983501653013e-05
val_calib,30,0.1953371140516698,1.0,1.2859638000259323e-05
val_calib,30,0.19546027742749053,1.0,1.2865918779827067e-05
val_calib,30,0.19558359621451105,1.0,1.3020097433357495e-05
val_calib,30,0.19570707070707072,1.0,1.3071385720941197e-05
val_calib,30,0.19583070120025267,1.0,1.3267653043225306e-05
val_calib,30,0.1959544879898862,1.0,1.3274627022350386e-05
val_calib,30,0.19607843137254902,1.0,1.3361257178721935e-05
val_calib,30,0.1962025316455696,1.0,1.3388322076331074e-05
val_calib,30,0.19632678910702978,1.0,1.3411604785592214e-05
val_calib,30,0.1964512040557668,1.0,1.3445723971079766e-05
val_calib,30,0.19657577679137603,1.0,1.3509572989987432e-05
val_calib,30,0.1967005076142132,1.0,1.3509659115426569e-05
val_calib,30,0.19682539682539682,1.0,1.3669992807880822e-05
val_calib,30,0.19695044472681067,1.0,1.3732896395696726e-05
val_calib,30,0.19707565162110616,1.0,1.3828512738311695e-05
val_calib,30,0.19720101781170485,1.0,1.4202107727212114e-05
val_calib,30,0.19732654360280077,1.0,1.4270269558844791e-05
val_calib,30,0.19745222929936307,1.0,1.4426153445557564e-05
val_calib,30,0.1975780752071383,1.0,1.485489981100888e-05
val_calib,30,0.19770408163265307,1.0,1.4855290363951512e-05
val_calib,30,0.19783024888321635,1.0,1.487545754774794e-05
val_calib,30,0.1979565772669221,1.0,1.4998769837304692e-05
val_calib,30,0.19808306709265175,1.0,1.5094153047180215e-05
val_calib,30,0.19820971867007672,1.0,1.538309665764961e-05
val_calib,30,0.19833653230966092,1.0,1.539864275728018e-05
val_calib,30,0.19846350832266324,1.0,1.543967592614552e-05
val_calib,30,0.1985906470211403,1.0,1.5665282783068734e-05
val_calib,30,0.1987179487179487,1.0,1.5766720785123025e-05
val_calib,30,0.1988454137267479,1.0,1.5847058533221153e-05
val_calib,30,0.19897304236200256,1.0,1.592237801200429e-05
val_calib,30,0.19910083493898523,1.0,1.594032679406884e-05
val_calib,30,0.19922879177377892,1.0,1.5986334711681496e-05
val_calib,30,0.19935691318327975,1.0,1.60837178057316e-05
val_calib,30,0.1994851994851995,1.0,1.608517842254376e-05
val_calib,30,0.19961365099806824,1.0,1.6244110199500433e-05
val_calib,30,0.19974226804123713,1.0,1.6361876638090174e-05
val_calib,30,0.19987105093488072,1.0,1.6471701619067412e-05
val_calib,30,0.2,1.0,1.658289652135448e-05
val_calib,30,0.2001291155584248,1.0,1.660449938295466e-05
val_calib,30,0.20025839793281655,1.0,1.6714549023860117e-05
val_calib,30,0.20038784744667099,1.0,1.6802818362111603e-05
val_calib,30,0.20051746442432083,1.0,1.7087208813207818e-05
val_calib,30,0.20064724919093851,1.0,1.7532678858677745e-05
val_calib,30,0.20077720207253885,1.0,1.76002772956495e-05
val_calib,30,0.20090732339598186,1.0,1.798760300732904e-05
val_calib,30,0.20103761348897536,1.0,1.8259959619294915e-05
val_calib,30,0.20116807268007786,1.0,1.8274390691998855e-05
val_calib,30,0.2012987012987013,1.0,1.8673344427763026e-05
val_calib,30,0.2014294996751137,1.0,1.8791273492574464e-05
val_calib,30,0.20156046814044212,1.0,1.8793972812816323e-05
val_calib,30,0.20169160702667535,1.0,1.9299606571762432e-05
val_calib,30,0.20182291666666666,1.0,1.932341655484908e-05
val_calib,30,0.20195439739413681,1.0,1.994501877813505e-05
val_calib,30,0.20208604954367665,1.0,2.0036951142105448e-05
val_calib,30,0.20221787345075015,1.0,2.003824849771557e-05
val_calib,30,0.20234986945169714,1.0,2.0114910530874596e-05
val_calib,30,0.20248203788373612,1.0,2.0227858942678595e-05
val_calib,30,0.20261437908496732,1.0,2.0248189529065358e-05
val_calib,30,0.2027468933943754,1.0,2.040683158458448e-05
val_calib,30,0.20287958115183247,1.0,2.0470322627115743e-05
val_calib,30,0.20301244269810084,1.0,2.0476754454116157e-05
val_calib,30,0.20314547837483618,1.0,2.0815983889688814e-05
val_calib,30,0.20327868852459016,1.0,2.0853657238397598e-05
val_calib,30,0.20341207349081364,1.0,2.1535411189074532e-05
val_calib,30,0.2035456336178595,1.0,2.1770165963954514e-05
val_calib,30,0.20367936925098554,1.0,2.1814948034788644e-05
val_calib,30,0.20381328073635765,1.0,2.1879909993218815e-05
val_calib,30,0.20394736842105263,1.0,2.206720486467127e-05
val_calib,30,0.20408163265306123,1.0,2.219471910742324e-05
val_calib,30,0.20421607378129117,1.0,2.225516951862416e-05
val_calib,30,0.2043506921555702,1.0,2.2337818107133036e-05
val_calib,30,0.20448548812664907,1.0,2.2523327421734146e-05
val_calib,30,0.20462046204620463,1.0,2.258363149646886e-05
val_calib,30,0.2047556142668428,1.0,2.259607478207433e-05
val_calib,30,0.2048909451421018,1.0,2.2908912804376432e-05
val_calib,30,0.20502645502645503,1.0,2.336820484630659e-05
val_calib,30,0.20516214427531437,1.0,2.3996796781964977e-05
val_calib,30,0.2052980132450331,1.0,2.4202463909327097e-05
val_calib,30,0.20543406229290923,1.0,2.425417271861082e-05
val_calib,30,0.20557029177718833,1.0,2.453950235929923e-05
val_calib,30,0.205706702057067,1.0,2.473869110989616e-05
val_calib,30,0.2058432934926959,1.0,2.503103558676053e-05
val_calib,30,0.2059800664451827,1.0,2.5229899533517557e-05
val_calib,30,0.20611702127659576,1.0,2.5328050515577153e-05
val_calib,30,0.20625415834996674,1.0,2.544857204733747e-05
val_calib,30,0.20639147802929428,1.0,2.577696329506634e-05
val_calib,30,0.20652898067954698,1.0,2.5975923649621534e-05
val_calib,30,0.20666666666666667,1.0,2.608590830553956e-05
val_calib,30,0.2068045363575717,1.0,2.6301041131684235e-05
val_calib,30,0.20694259012016022,1.0,2.6390758382572144e-05
val_calib,30,0.2070808283233133,1.0,2.648764514154066e-05
val_calib,30,0.2072192513368984,1.0,2.6576277559455164e-05
val_calib,30,0.20735785953177258,1.0,2.6590326488710827e-05
val_calib,30,0.2074966532797858,1.0,2.665473403328204e-05
val_calib,30,0.20763563295378432,1.0,2.6889977596526902e-05
val_calib,30,0.20777479892761394,1.0,2.689547642945336e-05
val_calib,30,0.20791415157612342,1.0,2.711108713186653e-05
val_calib,30,0.2080536912751678,1.0,2.7302253744233735e-05
val_calib,30,0.20819341840161182,1.0,2.755166974343031e-05
val_calib,30,0.20833333333333334,1.0,2.7672574082595787e-05
val_calib,30,0.20847343644922664,1.0,2.7816851527154018e-05
val_calib,30,0.20861372812920592,1.0,2.8003437720922225e-05
val_calib,30,0.20875420875420875,1.0,2.8025028013286305e-05
val_calib,30,0.20889487870619947,1.0,2.811783017577702e-05
val_calib,30,0.20903573836817263,1.0,2.8240224539102166e-05
val_calib,30,0.20917678812415655,1.0,2.8246948055321758e-05
val_calib,30,0.20931802835921676,1.0,2.8249842797314925e-05
val_calib,30,0.20945945945945946,1.0,2.8279692708807275e-05
val_calib,30,0.20960108181203516,1.0,2.837361920548955e-05
val_calib,30,0.20974289580514208,1.0,2.8593724840483617e-05
val_calib,30,0.2098849018280298,1.0,2.8789215161495776e-05
val_calib,30,0.21002710027100271,1.0,2.8872187783523744e-05
val_calib,30,0.21016949152542372,1.0,2.9062190762407034e-05
val_calib,30,0.21031207598371776,1.0,2.9340470013552283e-05
val_calib,30,0.21045485403937542,1.0,2.986957046056582e-05
val_calib,30,0.2105978260869565,1.0,2.9929973005616217e-05
val_calib,30,0.2107409925220938,1.0,2.9981606403561625e-05
val_calib,30,0.2108843537414966,1.0,3.0284873661708953e-05
val_calib,30,0.21102791014295438,1.0,3.040107115702545e-05
val_calib,30,0.2111716621253406,1.0,3.0600906698926814e-05
val_calib,30,0.2113156100886162,1.0,3.060250824431546e-05
val_calib,30,0.21145975443383355,1.0,3.084398657746677e-05
val_calib,30,0.21160409556313994,1.0,3.087764152841341e-05
val_calib,30,0.21174863387978143,1.0,3.090861877780717e-05
val_calib,30,0.21189336978810663,1.0,3.132047433919236e-05
val_calib,30,0.21203830369357046,1.0,3.137812527116791e-05
val_calib,30,0.21218343600273784,1.0,3.143292545927153e-05
val_calib,30,0.21232876712328766,1.0,3.148296972483631e-05
val_calib,30,0.21247429746401644,1.0,3.1808414609307564e-05
val_calib,30,0.21262002743484226,1.0,3.2099163675960994e-05
val_calib,30,0.2127659574468085,1.0,3.212778168992431e-05
val_calib,30,0.2129120879120879,1.0,3.23980403072927e-05
val_calib,30,0.21305841924398625,1.0,3.2572137173140935e-05
val_calib,30,0.21320495185694635,1.0,3.263957237169586e-05
val_calib,30,0.21335168616655195,1.0,3.278877169015837e-05
val_calib,30,0.21349862258953167,1.0,3.2860784618045584e-05
val_calib,30,0.2136457615437629,1.0,3.3131803750127006e-05
val_calib,30,0.21379310344827587,1.0,3.3324122033656795e-05
val_calib,30,0.2139406487232574,1.0,3.350994691808991e-05
val_calib,30,0.21408839779005526,1.0,3.3958002127875644e-05
val_calib,30,0.21423635107118175,1.0,3.434584372071083e-05
val_calib,30,0.2143845089903181,1.0,3.455172982549179e-05
val_calib,30,0.21453287197231835,1.0,3.4754916864819764e-05
val_calib,30,0.2146814404432133,1.0,3.4859796589426007e-05
val_calib,30,0.21483021483021483,1.0,3.4890979044278184e-05
val_calib,30,0.21497919556171982,1.0,3.5253104344694366e-05
val_calib,30,0.21512838306731435,1.0,3.542836095615271e-05
val_calib,30,0.2152777777777778,1.0,3.562232402250482e-05
val_calib,30,0.21542738012508686,1.0,3.586225873304918e-05
val_calib,30,0.21557719054242003,1.0,3.6040471730727865e-05
val_calib,30,0.21572720946416143,1.0,3.6159715404034126e-05
val_calib,30,0.21587743732590528,1.0,3.618586034191375e-05
val_calib,30,0.21602787456445993,1.0,3.6586396974916865e-05
val_calib,30,0.21617852161785217,1.0,3.684178295361524e-05
val_calib,30,0.21632937892533147,1.0,3.704068877862718e-05
val_calib,30,0.2164804469273743,1.0,3.7046610534937186e-05
val_calib,30,0.21663172606568834,1.0,3.708229495322207e-05
val_calib,30,0.21678321678321677,1.0,3.7091431938586015e-05
val_calib,30,0.21693491952414276,1.0,3.737918967585221e-05
val_calib,30,0.21708683473389356,1.0,3.7421085576118565e-05
val_calib,30,0.21723896285914507,1.0,3.74766604410684e-05
val_calib,30,0.21739130434782608,1.0,3.7499000088284856e-05
val_calib,30,0.21754385964912282,1.0,3.793568845116406e-05
val_calib,30,0.21769662921348315,1.0,3.806857396127005e-05
val_calib,30,0.21784961349262122,1.0,3.823473047302675e-05
val_calib,30,0.2180028129395218,1.0,3.825310350011517e-05
val_calib,30,0.21815622800844475,1.0,3.833723430857419e-05
val_calib,30,0.21830985915492956,1.0,3.844305259101254e-05
val_calib,30,0.21846370683579985,1.0,3.848579221469331e-05
val_calib,30,0.21861777150916784,1.0,3.891540330942542e-05
val_calib,30,0.21877205363443897,1.0,3.926046467286804e-05
val_calib,30,0.2189265536723164,1.0,3.928589497195089e-05
val_calib,30,0.21908127208480566,1.0,3.930320579766455e-05
val_calib,30,0.21923620933521923,1.0,3.9303632213760516e-05
val_calib,30,0.21939136588818117,1.0,4.010117551500811e-05
val_calib,30,0.21954674220963172,1.0,4.0206906405301605e-05
val_calib,30,0.21970233876683204,1.0,4.0442850763259656e-05
val_calib,30,0.2198581560283688,1.0,4.071213211465027e-05
val_calib,30,0.22001419446415899,1.0,4.082674260501046e-05
val_calib,30,0.22017045454545456,1.0,4.085540847739563e-05
val_calib,30,0.22032693674484718,1.0,4.095796411756709e-05
val_calib,30,0.22048364153627312,1.0,4.1637884168314906e-05
val_calib,30,0.2206405693950178,1.0,4.199451679665732e-05
val_calib,30,0.2207977207977208,1.0,4.202638022528699e-05
val_calib,30,0.2209550962223806,1.0,4.250138195642974e-05
val_calib,30,0.2211126961483595,1.0,4.299075804965842e-05
val_calib,30,0.22127052105638828,1.0,4.318553947304632e-05
val_calib,30,0.22142857142857142,1.0,4.319646806493973e-05
val_calib,30,0.2215868477483917,1.0,4.3252611233720964e-05
val_calib,30,0.2217453505007153,1.0,4.343424658611419e-05
val_calib,30,0.22190408017179672,1.0,4.350951063826104e-05
val_calib,30,0.22206303724928367,1.0,4.363746519952752e-05
val_calib,30,0.2222222222222222,1.0,4.397886632354872e-05
val_calib,30,0.2223816355810617,1.0,4.4103634504455956e-05
val_calib,30,0.22254127781765973,1.0,4.425434992941527e-05
val_calib,30,0.22270114942528735,1.0,4.4258834986859354e-05
val_calib,30,0.22286125089863407,1.0,4.448316001162544e-05
val_calib,30,0.22302158273381295,1.0,4.450005129975342e-05
val_calib,30,0.22318214542836573,1.0,4.504004090780405e-05
val_calib,30,0.22334293948126802,1.0,4.518002863696947e-05
val_calib,30,0.22350396539293438,1.0,4.56726682760548e-05
val_calib,30,0.22366522366522368,1.0,4.602883591379355e-05
val_calib,30,0.22382671480144403,1.0,4.605145205142546e-05
val_calib,30,0.2239884393063584,1.0,4.6230742835135684e-05
val_calib,30,0.22415039768618944,1.0,4.6831433030258345e-05
val_calib,30,0.22431259044862517,1.0,4.715920769387627e-05
val_calib,30,0.22447501810282405,1.0,4.74474348729056e-05
val_calib,30,0.2246376811594203,1.0,4.7985480421379317e-05
val_calib,30,0.22480058013052936,1.0,4.8044579591549365e-05
val_calib,30,0.22496371552975328,1.0,4.814676282552911e-05
val_calib,30,0.2251270878721859,1.0,4.843745068708013e-05
val_calib,30,0.22529069767441862,1.0,4.866110729541132e-05
val_calib,30,0.22545454545454546,1.0,4.9007868339680223e-05
val_calib,30,0.22561863173216884,1.0,4.957290390551128e-05
val_calib,30,0.22578295702840495,1.0,5.005436595018318e-05
val_calib,30,0.2259475218658892,1.0,5.0110797806807014e-05
val_calib,30,0.2261123267687819,1.0,5.021301618633819e-05
val_calib,30,0.22627737226277372,1.0,5.044001294425771e-05
val_calib,30,0.2264426588750913,1.0,5.050079308217086e-05
val_calib,30,0.22660818713450293,1.0,5.067939472867692e-05
val_calib,30,0.22677395757132407,1.0,5.082704470373049e-05
val_calib,30,0.22693997071742314,1.0,5.0870537128102866e-05
val_calib,30,0.2271062271062271,1.0,5.1228333368157106e-05
val_calib,30,0.22727272727272727,1.0,5.1637822187787966e-05
val_calib,30,0.22743947175348497,1.0,5.1702915271807035e-05
val_calib,30,0.2276064610866373,1.0,5.202492031255281e-05
val_calib,30,0.22777369581190302,1.0,5.2036205325461834e-05
val_calib,30,0.22794117647058823,1.0,5.216830298001512e-05
val_calib,30,0.22810890360559236,1.0,5.218697879049009e-05
val_calib,30,0.22827687776141384,1.0,5.2348127916335585e-05
val_calib,30,0.22844509948415623,1.0,5.2404141536540885e-05
val_calib,30,0.22861356932153393,1.0,5.240449181159824e-05
val_calib,30,0.22878228782287824,1.0,5.2859834318881414e-05
val_calib,30,0.22895125553914328,1.0,5.353926359642161e-05
val_calib,30,0.22912047302291205,1.0,5.3983826867254504e-05
val_calib,30,0.22928994082840237,1.0,5.499330802010044e-05
val_calib,30,0.22945965951147299,1.0,5.505156650704877e-05
val_calib,30,0.22962962962962963,1.0,5.516055294180133e-05
val_calib,30,0.22979985174203113,1.0,5.52055239540039e-05
val_calib,30,0.22997032640949555,1.0,5.544604565566422e-05
val_calib,30,0.2301410541945063,1.0,5.5468479029773176e-05
val_calib,30,0.2303120356612184,1.0,5.555225535617166e-05
val_calib,30,0.23048327137546468,1.0,5.565776637526272e-05
val_calib,30,0.23065476190476192,1.0,5.6122601665646276e-05
val_calib,30,0.2308265078183172,1.0,5.621952265027697e-05
val_calib,30,0.23099850968703428,1.0,5.6459830457902304e-05
val_calib,30,0.23117076808351977,1.0,5.675957116407488e-05
val_calib,30,0.23134328358208955,1.0,5.7180655694078634e-05
val_calib,30,0.2315160567587752,1.0,5.7853267665768954e-05
val_calib,30,0.23168908819133036,1.0,5.805055284840511e-05
val_calib,30,0.2318623784592371,1.0,5.810524978642922e-05
val_calib,30,0.23203592814371257,1.0,5.814719260249858e-05
val_calib,30,0.23220973782771537,1.0,5.835232121135407e-05
val_calib,30,0.23238380809595202,1.0,5.8369977122407796e-05
val_calib,30,0.23255813953488372,1.0,5.871798841433122e-05
val_calib,30,0.23273273273273273,1.0,5.951828660758642e-05
val_calib,30,0.2329075882794891,1.0,5.9632832075311485e-05
val_calib,30,0.23308270676691728,1.0,5.995151878176843e-05
val_calib,30,0.23325808878856283,1.0,5.998813330083544e-05
val_calib,30,0.23343373493975902,1.0,6.0001661116047476e-05
val_calib,30,0.23360964581763377,1.0,6.033445976580109e-05
val_calib,30,0.23378582202111614,1.0,6.056675917835699e-05
val_calib,30,0.2339622641509434,1.0,6.11038250360892e-05
val_calib,30,0.23413897280966767,1.0,6.141908962803552e-05
val_calib,30,0.23431594860166288,1.0,6.146345916618322e-05
val_calib,30,0.2344931921331316,1.0,6.178171903358725e-05
val_calib,30,0.23467070401211204,1.0,6.211239371624383e-05
val_calib,30,0.23484848484848486,1.0,6.326114008204272e-05
val_calib,30,0.2350265352539803,1.0,6.37058917354995e-05
val_calib,30,0.23520485584218512,1.0,6.424760072990223e-05
val_calib,30,0.23538344722854973,1.0,6.48233895779434e-05
val_calib,30,0.23556231003039513,1.0,6.542772652709464e-05
val_calib,30,0.23574144486692014,1.0,6.553647977326359e-05
val_calib,30,0.2359208523592085,1.0,6.584726892065435e-05
val_calib,30,0.2361005331302361,1.0,6.626721049732466e-05
val_calib,30,0.23628048780487804,1.0,6.685406936046219e-05
val_calib,30,0.23646071700991608,1.0,6.697124151132711e-05
val_calib,30,0.2366412213740458,1.0,6.712014833061303e-05
val_calib,30,0.23682200152788388,1.0,6.73733216659909e-05
val_calib,30,0.23700305810397554,1.0,6.752816671805815e-05
val_calib,30,0.23718439173680184,1.0,6.769063531800011e-05
val_calib,30,0.23736600306278713,1.0,6.798974872852367e-05
val_calib,30,0.23754789272030652,1.0,6.79956258430139e-05
val_calib,30,0.23773006134969324,1.0,6.806476332239413e-05
val_calib,30,0.23791250959324636,1.0,6.81179739078991e-05
val_calib,30,0.23809523809523808,1.0,6.831308511304733e-05
val_calib,30,0.2382782475019216,1.0,6.837186357878997e-05
val_calib,30,0.23846153846153847,1.0,6.838602006619043e-05
val_calib,30,0.23864511162432642,1.0,6.879239932500388e-05
val_calib,30,0.23882896764252695,1.0,6.883214167443155e-05
val_calib,30,0.2390131071703932,1.0,6.908869390549792e-05
val_calib,30,0.23919753086419754,1.0,7.000024058306143e-05
val_calib,30,0.23938223938223938,1.0,7.014241562913295e-05
val_calib,30,0.23956723338485317,1.0,7.043741113067997e-05
val_calib,30,0.2397525135344161,1.0,7.045904024383142e-05
val_calib,30,0.23993808049535603,1.0,7.060821016656835e-05
val_calib,30,0.24012393493415957,1.0,7.066887697090496e-05
val_calib,30,0.24031007751937986,1.0,7.11085182098304e-05
val_calib,30,0.24049650892164467,1.0,7.146386620125908e-05
val_calib,30,0.2406832298136646,1.0,7.22060288312329e-05
val_calib,30,0.24087024087024086,1.0,7.226984571289854e-05
val_calib,30,0.2410575427682737,1.0,7.281076865389779e-05
val_calib,30,0.24124513618677043,1.0,7.283278513729311e-05
val_calib,30,0.24143302180685358,1.0,7.569349660123757e-05
val_calib,30,0.24162120031176929,1.0,7.598890409887647e-05
val_calib,30,0.24180967238689546,1.0,7.610672184575936e-05
val_calib,30,0.2419984387197502,1.0,7.625858181842712e-05
val_calib,30,0.2421875,1.0,7.64350086410748e-05
val_calib,30,0.24237685691946834,1.0,7.67790659978426e-05
val_calib,30,0.24256651017214398,1.0,7.678505198920683e-05
val_calib,30,0.2427564604541895,1.0,7.691365843016696e-05
val_calib,30,0.24294670846394983,1.0,7.749738756451293e-05
val_calib,30,0.24313725490196078,1.0,7.755690045562219e-05
val_calib,30,0.24332810047095763,1.0,7.774875849406145e-05
val_calib,30,0.24351924587588375,1.0,7.837178638292664e-05
val_calib,30,0.24371069182389937,1.0,7.853057134419015e-05
val_calib,30,0.24390243902439024,1.0,7.944136353224679e-05
val_calib,30,0.2440944881889764,1.0,7.980040454500215e-05
val_calib,30,0.24428684003152087,1.0,7.993108435087366e-05
val_calib,30,0.2444794952681388,1.0,7.993470774642606e-05
val_calib,30,0.244672454617206,1.0,8.16242767400494e-05
val_calib,30,0.24486571879936808,1.0,8.196720048804126e-05
val_calib,30,0.2450592885375494,1.0,8.211859894656616e-05
val_calib,30,0.24525316455696203,1.0,8.220471312730984e-05
val_calib,30,0.2454473475851148,1.0,8.263676322936412e-05
val_calib,30,0.24564183835182252,1.0,8.270435661711969e-05
val_calib,30,0.2458366375892149,1.0,8.328703793570336e-05
val_calib,30,0.24603174603174602,1.0,8.336620193598348e-05
val_calib,30,0.24622716441620335,1.0,8.382804877213757e-05
val_calib,30,0.246422893481717,1.0,8.39154069472459e-05
val_calib,30,0.2466189339697693,1.0,8.450026060523335e-05
val_calib,30,0.24681528662420382,1.0,8.481952695022825e-05
val_calib,30,0.24701195219123506,1.0,8.493726668251571e-05
val_calib,30,0.24720893141945774,1.0,8.51160657427629e-05
val_calib,30,0.24740622505985635,1.0,8.523020923770432e-05
val_calib,30,0.2476038338658147,1.0,8.606497130014251e-05
val_calib,30,0.2478017585931255,1.0,8.634515607977977e-05
val_calib,30,0.248,1.0,8.6518902379066e-05
val_calib,30,0.24819855884707767,1.0,8.704202471030932e-05
val_calib,30,0.2483974358974359,1.0,8.715594118760523e-05
val_calib,30,0.24859663191659984,1.0,8.726319371964518e-05
val_calib,30,0.24879614767255218,1.0,8.74156930887348e-05
val_calib,30,0.24899598393574296,1.0,8.80324406589126e-05
val_calib,30,0.2491961414790997,1.0,8.844229319842144e-05
val_calib,30,0.249396621078037,1.0,8.881992393334855e-05
val_calib,30,0.249597423510467,1.0,8.908995779644346e-05
val_calib,30,0.24979854955680902,1.0,8.919441385352769e-05
val_calib,30,0.25,1.0,8.936542722099505e-05
val_calib,30,0.25020177562550444,1.0,8.954466695971961e-05
val_calib,30,0.25040387722132473,1.0,8.974399741368501e-05
val_calib,30,0.25060630557801133,1.0,8.977009662904304e-05
val_calib,30,0.25080906148867316,1.0,9.035032933928234e-05
val_calib,30,0.25101214574898784,1.0,9.038355291083468e-05
val_calib,30,0.25121555915721233,1.0,9.219100736924726e-05
val_calib,30,0.25141930251419303,1.0,9.320338532901291e-05
val_calib,30,0.25162337662337664,1.0,9.336923050087391e-05
val_calib,30,0.2518277822908205,1.0,9.374302541855586e-05
val_calib,30,0.25203252032520324,1.0,9.455785716397585e-05
val_calib,30,0.25223759153783565,1.0,9.463209894651276e-05
val_calib,30,0.252442996742671,1.0,9.50234321182542e-05
val_calib,30,0.2526487367563162,1.0,9.503756056461104e-05
val_calib,30,0.2528548123980424,1.0,9.518196227055306e-05
val_calib,30,0.2530612244897959,1.0,9.557097874903925e-05
val_calib,30,0.25326797385620914,1.0,9.611975588346413e-05
val_calib,30,0.2534750613246116,1.0,9.628210354555138e-05
val_calib,30,0.25368248772504093,1.0,9.655428588210271e-05
val_calib,30,0.2538902538902539,1.0,9.689338941495689e-05
val_calib,30,0.2540983606557377,1.0,9.749769964483278e-05
val_calib,30,0.25430680885972107,1.0,9.755941914161171e-05
val_calib,30,0.2545155993431856,1.0,9.783707750237777e-05
val_calib,30,0.25472473294987674,1.0,9.816849145779278e-05
val_calib,30,0.25493421052631576,1.0,9.849098375135745e-05
val_calib,30,0.2551440329218107,1.0,0.00010038742106890285
val_calib,30,0.2553542009884679,1.0,0.00010059028792357677
val_calib,30,0.25556471558120364,1.0,0.00010074230424142317
val_calib,30,0.25577557755775576,1.0,0.00010102298874269674
val_calib,30,0.25598678777869527,1.0,0.00010139048708771226
val_calib,30,0.256198347107438,1.0,0.00010201615799791004
val_calib,30,0.2564102564102564,1.0,0.00010201818018983267
val_calib,30,0.25662251655629137,1.0,0.00010416632406001364
val_calib,30,0.25683512841756423,1.0,0.00010482003962585143
val_calib,30,0.2570480928689884,1.0,0.00010573709889323192
val_calib,30,0.2572614107883817,1.0,0.00010599133564110433
val_calib,30,0.2574750830564784,1.0,0.0001066229815979118
val_calib,30,0.257689110556941,1.0,0.00010739407750335245
val_calib,30,0.2579034941763727,1.0,0.00010754120847841073
val_calib,30,0.2581182348043297,1.0,0.00010833192515901732
val_calib,30,0.25833333333333336,1.0,0.0001097951821810889
val_calib,30,0.2585487906588824,1.0,0.00010986406189857524
val_calib,30,0.2587646076794658,1.0,0.00011006274972481214
val_calib,30,0.25898078529657476,1.0,0.00011059354113932731
val_calib,30,0.2591973244147157,1.0,0.00011360872220486274
val_calib,30,0.2594142259414226,1.0,0.00011440356432039187
val_calib,30,0.25963149078726966,1.0,0.00011484186329486374
val_calib,30,0.2598491198658843,1.0,0.00011486871392001367
val_calib,30,0.2600671140939597,1.0,0.00011562670957836577
val_calib,30,0.26028547439126787,1.0,0.00011597359933475809
val_calib,30,0.2605042016806723,1.0,0.0001163037611834843
val_calib,30,0.2607232968881413,1.0,0.0001173005378199402
val_calib,30,0.2609427609427609,1.0,0.00011909863641178623
val_calib,30,0.2611625947767481,1.0,0.00011922642622257515
val_calib,30,0.26138279932546377,1.0,0.00012035867567941391
val_calib,30,0.2616033755274262,1.0,0.00012065053372420485
val_calib,30,0.26182432432432434,1.0,0.0001211132801823322
val_calib,30,0.26204564666103125,1.0,0.00012112297119324517
val_calib,30,0.2622673434856176,1.0,0.00012143087961617742
val_calib,30,0.26248941574936496,1.0,0.00012176417663138532
val_calib,30,0.2627118644067797,1.0,0.00012299591822100524
val_calib,30,0.26293469041560646,1.0,0.00012341396489426234
val_calib,30,0.2631578947368421,1.0,0.00012431890389018684
val_calib,30,0.26338147833474934,1.0,0.0001246515058463915
val_calib,30,0.26360544217687076,1.0,0.00012480946369557695
val_calib,30,0.26382978723404255,1.0,0.00012525644791589678
val_calib,30,0.26405451448040884,1.0,0.00012652527533873857
val_calib,30,0.26427962489343565,1.0,0.00012680808420721803
val_calib,30,0.2645051194539249,1.0,0.00012682298908112664
val_calib,30,0.26473099914602904,1.0,0.00012696303049716709
val_calib,30,0.26495726495726496,1.0,0.0001271516710080706
val_calib,30,0.26518391787852863,1.0,0.00012715254783818907
val_calib,30,0.2654109589041096,1.0,0.00012804081866540497
val_calib,30,0.2656383890317052,1.0,0.00012864436086059151
val_calib,30,0.2658662092624357,1.0,0.00012908184900730515
val_calib,30,0.26609442060085836,1.0,0.00013012701067376017
val_calib,30,0.2663230240549828,1.0,0.00013035687203931224
val_calib,30,0.26655202063628547,1.0,0.0001310052508348974
val_calib,30,0.2667814113597246,1.0,0.00013151563859885976
val_calib,30,0.2670111972437554,1.0,0.00013152959440324618
val_calib,30,0.2672413793103448,1.0,0.00013240434248461128
val_calib,30,0.26747195858498707,1.0,0.00013324989741032416
val_calib,30,0.26770293609671847,1.0,0.00013469751567957608
val_calib,30,0.26793431287813313,1.0,0.00013515298468299607
val_calib,30,0.2681660899653979,1.0,0.00013556844569439434
val_calib,30,0.2683982683982684,1.0,0.00013569859116803183
val_calib,30,0.268630849220104,1.0,0.00013635272094863915
val_calib,30,0.2688638334778838,1.0,0.00013720112164983437
val_calib,30,0.2690972222222222,1.0,0.0001372751939067605
val_calib,30,0.2693310165073849,1.0,0.00013755399035208918
val_calib,30,0.26956521739130435,1.0,0.00013796143436293755
val_calib,30,0.26979982593559615,1.0,0.00013814893231644583
val_calib,30,0.2700348432055749,1.0,0.0001382067832889484
val_calib,30,0.2702702702702703,1.0,0.00013902749386393893
val_calib,30,0.2705061082024433,1.0,0.0001394495935214794
val_calib,30,0.27074235807860264,1.0,0.0001399866938927454
val_calib,30,0.270979020979021,1.0,0.00014053943706123165
val_calib,30,0.27121609798775154,1.0,0.0001406637477461661
val_calib,30,0.2714535901926445,1.0,0.00014083450481831264
val_calib,30,0.27169149868536374,1.0,0.00014119576431437678
val_calib,30,0.2719298245614035,1.0,0.00014189662010765674
val_calib,30,0.2721685689201054,1.0,0.00014218460836758665
val_calib,30,0.27240773286467485,1.0,0.00014242430788060663
val_calib,30,0.2726473175021988,1.0,0.00014270289794132032
val_calib,30,0.272887323943662,1.0,0.00014275967027232132
val_calib,30,0.27312775330396477,1.0,0.00014346751565843095
val_calib,30,0.27336860670194,1.0,0.00014522975750223425
val_calib,30,0.2736098852603707,1.0,0.00014570784298179336
val_calib,30,0.27385159010600707,1.0,0.00014703616650048673
val_calib,30,0.27409372236958446,1.0,0.00014826531319526615
val_calib,30,0.2743362831858407,1.0,0.00014959310489384318
val_calib,30,0.2745792736935341,1.0,0.00014966155043595806
val_calib,30,0.274822695035461,1.0,0.00014974834141965728
val_calib,30,0.27506654835847383,1.0,0.00015176177664854006
val_calib,30,0.2753108348134991,1.0,0.0001532904131777964
val_calib,30,0.27555555555555555,1.0,0.00015358081781717282
val_calib,30,0.27580071174377224,1.0,0.0001536799857844899
val_calib,30,0.27604630454140694,1.0,0.0001537847049126932
val_calib,30,0.27629233511586454,1.0,0.00015410267365565552
val_calib,30,0.27653880463871544,1.0,0.00015462390482762138
val_calib,30,0.2767857142857143,1.0,0.00015633412637630048
val_calib,30,0.2770330652368186,1.0,0.00015704585789509643
val_calib,30,0.2772808586762075,1.0,0.00015843889394249515
val_calib,30,0.2775290957923008,1.0,0.00015853642690195284
val_calib,30,0.2777777777777778,1.0,0.00015865919577325182
val_calib,30,0.27802690582959644,1.0,0.00015929297000524817
val_calib,30,0.27827648114901254,1.0,0.00015929981826777424
val_calib,30,0.2785265049415993,1.0,0.00015957041438786538
val_calib,30,0.2787769784172662,1.0,0.00015967200442420774
val_calib,30,0.279027902790279,1.0,0.00015968320622363993
val_calib,30,0.27927927927927926,1.0,0.00015985129471425978
val_calib,30,0.2795311091073039,1.0,0.00016014844744283535
val_calib,30,0.27978339350180503,1.0,0.00016134792074769987
val_calib,30,0.2800361336946703,1.0,0.00016177516528327008
val_calib,30,0.28028933092224234,1.0,0.00016202855679761392
val_calib,30,0.28054298642533937,1.0,0.00016208928244447034
val_calib,30,0.2807971014492754,1.0,0.00016225178720539254
val_calib,30,0.2810516772438803,1.0,0.00016241274425886059
val_calib,30,0.2813067150635209,1.0,0.00016251998097756239
val_calib,30,0.2815622161671208,1.0,0.00016262582708530726
val_calib,30,0.2818181818181818,1.0,0.00016271699554115508
val_calib,30,0.2820746132848044,1.0,0.00016289452587067748
val_calib,30,0.28233151183970856,1.0,0.00016417400214692723
val_calib,30,0.28258887876025524,1.0,0.0001643085174247995
val_calib,30,0.28284671532846717,1.0,0.000165058388577632
val_calib,30,0.2831050228310502,1.0,0.00016605786831055673
val_calib,30,0.283363802559415,1.0,0.00016610884052861136
val_calib,30,0.2836230558096981,1.0,0.0001666795222415203
val_calib,30,0.2838827838827839,1.0,0.00016728447007701057
val_calib,30,0.2841429880843263,1.0,0.00016827195391377962
val_calib,30,0.28440366972477066,1.0,0.0001683736845725837
val_calib,30,0.2846648301193756,1.0,0.00016869297597490627
val_calib,30,0.2849264705882353,1.0,0.00016900743251078534
val_calib,30,0.28518859245630174,1.0,0.0001696053250117357
val_calib,30,0.285451197053407,1.0,0.0001702535640398979
val_calib,30,0.2857142857142857,1.0,0.00017087468908044272
val_calib,30,0.2859778597785978,1.0,0.00017141276065954633
val_calib,30,0.28624192059095105,1.0,0.00017156576333324515
val_calib,30,0.28650646950092423,1.0,0.0001724906957820023
val_calib,30,0.28677150786308975,1.0,0.00017345682194212412
val_calib,30,0.28703703703703703,1.0,0.00017374440765007408
val_calib,30,0.2873030583873957,1.0,0.00017376381321239026
val_calib,30,0.287569573283859,1.0,0.00017512687699459687
val_calib,30,0.2878365831012071,1.0,0.00017581340088038515
val_calib,30,0.28810408921933084,1.0,0.00017615226449628265
val_calib,30,0.28837209302325584,1.0,0.00017667708095571967
val_calib,30,0.2886405959031657,1.0,0.00017681637990224779
val_calib,30,0.28890959925442683,1.0,0.00017748867378238842
val_calib,30,0.2891791044776119,1.0,0.00017793229047976232
val_calib,30,0.28944911297852477,1.0,0.0001797974595463835
val_calib,30,0.2897196261682243,1.0,0.00018135671367594885
val_calib,30,0.2899906454630496,1.0,0.00018174540306998174
val_calib,30,0.2902621722846442,1.0,0.00018196436063138427
val_calib,30,0.29053420805998126,1.0,0.00018309756730796063
val_calib,30,0.29080675422138835,1.0,0.0001874216027536837
val_calib,30,0.29107981220657275,1.0,0.00018798376969746808
val_calib,30,0.29135338345864664,1.0,0.00018915425072720592
val_calib,30,0.2916274694261524,1.0,0.00019172206931746322
val_calib,30,0.2919020715630885,1.0,0.00019284159346743795
val_calib,30,0.292177191328935,1.0,0.0001944649995405252
val_calib,30,0.29245283018867924,1.0,0.0001957033020991632
val_calib,30,0.2927289896128423,1.0,0.00019575397755752186
val_calib,30,0.29300567107750475,1.0,0.00019669130983049156
val_calib,30,0.293282876064333,1.0,0.00019679531512286534
val_calib,30,0.2935606060606061,1.0,0.0001975011604299515
val_calib,30,0.2938388625592417,1.0,0.0001990516860007215
val_calib,30,0.29411764705882354,1.0,0.0001991472379353095
val_calib,30,0.2943969610636277,1.0,0.000201471546745188
val_calib,30,0.2946768060836502,1.0,0.0002017960993132117
val_calib,30,0.2949571836346337,1.0,0.00020285237925602334
val_calib,30,0.29523809523809524,1.0,0.00020333428872971378
val_calib,30,0.29551954242135364,1.0,0.00020411092111493449
val_calib,30,0.2958015267175573,1.0,0.00020447268393777933
val_calib,30,0.29608404966571156,1.0,0.00020481508012138935
val_calib,30,0.29636711281070743,1.0,0.00020489087839151122
val_calib,30,0.2966507177033493,1.0,0.00020520361092746207
val_calib,30,0.29693486590038315,1.0,0.00020680904209698618
val_calib,30,0.2972195589645254,1.0,0.0002072374754529842
val_calib,30,0.29750479846449135,1.0,0.0002080689352324
val_calib,30,0.297790585975024,1.0,0.0002107547731082111
val_calib,30,0.2980769230769231,1.0,0.00021178828241031475
val_calib,30,0.2983638113570741,1.0,0.00021341711584409179
val_calib,30,0.29865125240847784,1.0,0.00021418964998664797
val_calib,30,0.29893924783027964,1.0,0.00021784051715913988
val_calib,30,0.29922779922779924,1.0,0.00021899335790704591
val_calib,30,0.2995169082125604,1.0,0.00022083989149640474
val_calib,30,0.29980657640232106,1.0,0.00022412811997762742
val_calib,30,0.30009680542110356,1.0,0.00022502832641614845
val_calib,30,0.3003875968992248,1.0,0.00022504254805613108
val_calib,30,0.3006789524733269,1.0,0.00022524911457888253
val_calib,30,0.30097087378640774,1.0,0.00022565314101164716
val_calib,30,0.3012633624878523,1.0,0.00022583201635767612
val_calib,30,0.301556420233463,1.0,0.00022794908241641923
val_calib,30,0.3018500486854917,1.0,0.00022830034550530098
val_calib,30,0.30214424951267055,1.0,0.00022838993039663626
val_calib,30,0.3024390243902439,1.0,0.000229002673995784
val_calib,30,0.302734375,1.0,0.00022924999583761989
val_calib,30,0.30303030303030304,1.0,0.00022978114333419
val_calib,30,0.30332681017612523,1.0,0.00023018786352714426
val_calib,30,0.3036238981390793,1.0,0.00023280629778732286
val_calib,30,0.30392156862745096,1.0,0.00023354263151497957
val_calib,30,0.3042198233562316,1.0,0.00023462427215069885
val_calib,30,0.3045186640471513,1.0,0.0002348554474281984
val_calib,30,0.3048180924287119,1.0,0.0002363587141583671
val_calib,30,0.3051181102362205,1.0,0.0002393572544294152
val_calib,30,0.3054187192118227,1.0,0.0002400724844904991
val_calib,30,0.3057199211045365,1.0,0.00024013413991734616
val_calib,30,0.3060217176702863,1.0,0.0002412969676858078
val_calib,30,0.30632411067193677,1.0,0.00024160120446957786
val_calib,30,0.3066271018793274,1.0,0.00024206273921977535
val_calib,30,0.3069306930693069,1.0,0.0002434460008425725
val_calib,30,0.3072348860257681,1.0,0.0002448571081196889
val_calib,30,0.30753968253968256,1.0,0.0002458520221656934
val_calib,30,0.30784508440913605,1.0,0.00024648236961902144
val_calib,30,0.3081510934393638,1.0,0.000250175736962138
val_calib,30,0.30845771144278605,1.0,0.00025237148677633635
val_calib,30,0.30876494023904383,1.0,0.0002533099249994792
val_calib,30,0.3090727816550349,1.0,0.0002533495220261375
val_calib,30,0.3093812375249501,1.0,0.00025432709099006986
val_calib,30,0.3096903096903097,1.0,0.00025438563924152157
val_calib,30,0.31,1.0,0.0002556265199989505
val_calib,30,0.3103103103103103,1.0,0.000256684265749195
val_calib,30,0.3106212424849699,1.0,0.00025713262252646373
val_calib,30,0.31093279839518556,1.0,0.00025715942497986187
val_calib,30,0.3112449799196787,1.0,0.00025773660018976204
val_calib,30,0.31155778894472363,1.0,0.0002579457853176111
val_calib,30,0.3118712273641851,1.0,0.0002579524042357149
val_calib,30,0.3121852970795569,1.0,0.00026037436398317326
val_calib,30,0.3125,1.0,0.00026121986675685307
val_calib,30,0.31281533804238143,1.0,0.00026220385708641635
val_calib,30,0.31313131313131315,1.0,0.0002641890919818971
val_calib,30,0.3134479271991911,1.0,0.000265891513839894
val_calib,30,0.31376518218623484,1.0,0.000266239982769463
val_calib,30,0.3140830800405269,1.0,0.0002671803436337331
val_calib,30,0.3144016227180527,1.0,0.0002679088763353256
val_calib,30,0.3147208121827411,1.0,0.0002689944306521772
val_calib,30,0.3150406504065041,1.0,0.0002708369838317324
val_calib,30,0.31536113936927773,1.0,0.00027231120580705463
val_calib,30,0.31568228105906315,1.0,0.00027242625096384913
val_calib,30,0.3160040774719674,1.0,0.00027390954732296074
val_calib,30,0.3163265306122449,1.0,0.00027804985902642524
val_calib,30,0.3166496424923391,1.0,0.0002784688562480942
val_calib,30,0.3169734151329243,1.0,0.0002786615922159169
val_calib,30,0.3172978505629478,1.0,0.00027934441819167037
val_calib,30,0.3176229508196721,1.0,0.00028081159555219855
val_calib,30,0.31794871794871793,1.0,0.00028187931682237223
val_calib,30,0.3182751540041068,1.0,0.00028256729580911067
val_calib,30,0.3186022610483042,1.0,0.0002829780821379261
val_calib,30,0.31893004115226337,1.0,0.0002857549234017651
val_calib,30,0.3192584963954686,1.0,0.0002861575753102712
val_calib,30,0.31958762886597936,1.0,0.0002913546591703397
val_calib,30,0.31991744066047473,1.0,0.00029180388304886427
val_calib,30,0.3202479338842975,1.0,0.0002928906406792783
val_calib,30,0.32057911065149947,1.0,0.000293899779239353
val_calib,30,0.32091097308488614,1.0,0.0002943320187285049
val_calib,30,0.32124352331606215,1.0,0.00029778688946096227
val_calib,30,0.3215767634854772,1.0,0.0002980565323012681
val_calib,30,0.32191069574247144,1.0,0.0002984912319562651
val_calib,30,0.32224532224532226,1.0,0.00030160408248997646
val_calib,30,0.3225806451612903,1.0,0.00030167857249263814
val_calib,30,0.3229166666666667,1.0,0.0003029063057917546
val_calib,30,0.3232533889468196,1.0,0.0003032924875756793
val_calib,30,0.3235908141962422,1.0,0.00030329756217742804
val_calib,30,0.3239289446185998,1.0,0.0003034832947720518
val_calib,30,0.32426778242677823,1.0,0.0003043782303648864
val_calib,30,0.32460732984293195,1.0,0.00030480849653332276
val_calib,30,0.3249475890985325,1.0,0.00030690596322566595
val_calib,30,0.3252885624344176,1.0,0.00030784319274355904
val_calib,30,0.32563025210084034,1.0,0.00030837877202435346
val_calib,30,0.32597266035751843,1.0,0.0003086695100009043
val_calib,30,0.3263157894736842,1.0,0.00030906881210369095
val_calib,30,0.3266596417281349,1.0,0.00031000013316600193
val_calib,30,0.3270042194092827,1.0,0.00031006093159497745
val_calib,30,0.3273495248152059,1.0,0.0003124986435796247
val_calib,30,0.3276955602536998,1.0,0.00031597621755022207
val_calib,30,0.328042328042328,1.0,0.00031667297290136764
val_calib,30,0.3283898305084746,1.0,0.0003171650989451215
val_calib,30,0.32873806998939553,1.0,0.00031823190422544407
val_calib,30,0.32908704883227174,1.0,0.0003195678976449395
val_calib,30,0.3294367693942614,1.0,0.0003199110489412609
val_calib,30,0.32978723404255317,1.0,0.0003215982774269332
val_calib,30,0.3301384451544196,1.0,0.0003255409013810152
val_calib,30,0.3304904051172708,1.0,0.0003258463238826024
val_calib,30,0.33084311632870866,1.0,0.0003264218406699932
val_calib,30,0.3311965811965812,1.0,0.0003346437638321876
val_calib,30,0.3315508021390374,1.0,0.00033738676536601277
val_calib,30,0.33190578158458245,1.0,0.00033843714573933333
val_calib,30,0.3322615219721329,1.0,0.00033850606235797954
val_calib,30,0.33261802575107297,1.0,0.0003422029343060785
val_calib,30,0.33297529538131043,1.0,0.00034251976027224344
val_calib,30,0.3333333333333333,1.0,0.00034454544814612495
val_calib,30,0.333692142088267,1.0,0.0003461175302236378
val_calib,30,0.33405172413793105,1.0,0.00035018037770981466
val_calib,30,0.3344120819848975,1.0,0.00035185214396022915
val_calib,30,0.3347732181425486,1.0,0.00035526390448181147
val_calib,30,0.33513513513513515,1.0,0.00035582062938975913
val_calib,30,0.3354978354978355,1.0,0.0003565687384853387
val_calib,30,0.3358613217768147,1.0,0.00035787969794106385
val_calib,30,0.3362255965292842,1.0,0.00036390340188768557
val_calib,30,0.33659066232356133,1.0,0.0003643450293540547
val_calib,30,0.33695652173913043,1.0,0.0003648447935935365
val_calib,30,0.3373231773667029,1.0,0.00036508178213843183
val_calib,30,0.33769063180827885,1.0,0.00036646451221715714
val_calib,30,0.33805888767720826,1.0,0.00037042659892648104
val_calib,30,0.3384279475982533,1.0,0.0003715416208042118
val_calib,30,0.33879781420765026,1.0,0.0003759348338282451
val_calib,30,0.33916849015317285,1.0,0.00037817294193546325
val_calib,30,0.33953997809419495,1.0,0.0003806021704759095
val_calib,30,0.3399122807017544,1.0,0.00038302069216621473
val_calib,30,0.3402854006586169,1.0,0.0003839747287848743
val_calib,30,0.34065934065934067,1.0,0.00038411990942856353
val_calib,30,0.341034103410341,1.0,0.00038518506980171483
val_calib,30,0.34140969162995594,1.0,0.0003868665723596727
val_calib,30,0.34178610804851156,1.0,0.0003878714339671278
val_calib,30,0.34216335540838855,1.0,0.0003917056974073382
val_calib,30,0.3425414364640884,1.0,0.00039209617695142946
val_calib,30,0.34292035398230086,1.0,0.0003930724375861597
val_calib,30,0.3433001107419712,1.0,0.00039600759607501295
val_calib,30,0.3436807095343681,1.0,0.0003989615149292008
val_calib,30,0.34406215316315203,1.0,0.0003993598644217429
val_calib,30,0.34444444444444444,1.0,0.00039971613515172677
val_calib,30,0.3448275862068966,1.0,0.00040285549865282745
val_calib,30,0.34521158129175944,1.0,0.000412355581132658
val_calib,30,0.3455964325529543,1.0,0.0004135111466225139
val_calib,30,0.34598214285714285,1.0,0.00041456704482761874
val_calib,30,0.3463687150837989,1.0,0.00041780706156931325
val_calib,30,0.34675615212527966,1.0,0.0004214614974852574
val_calib,30,0.3471444568868981,1.0,0.00042365671080991544
val_calib,30,0.3475336322869955,1.0,0.00042790088998038506
val_calib,30,0.3479236812570146,1.0,0.0004282398252485623
val_calib,30,0.34831460674157305,1.0,0.00042944800546297396
val_calib,30,0.34870641169853767,1.0,0.00042987315449010885
val_calib,30,0.3490990990990991,1.0,0.00043935630695312607
val_calib,30,0.34949267192784667,1.0,0.0004402657582570155
val_calib,30,0.34988713318284426,1.0,0.00044333797186189215
val_calib,30,0.3502824858757062,1.0,0.00044357701901397823
val_calib,30,0.3506787330316742,1.0,0.0004449662915521797
val_calib,30,0.3510758776896942,1.0,0.0004527921662787376
val_calib,30,0.35147392290249435,1.0,0.000453016851561943
val_calib,30,0.3518728717366629,1.0,0.0004532549861426233
val_calib,30,0.3522727272727273,1.0,0.0004566438833905796
val_calib,30,0.35267349260523323,1.0,0.0004741208818055347
val_calib,30,0.3530751708428246,1.0,0.0004795725657366036
val_calib,30,0.35347776510832385,1.0,0.00048187183317072055
val_calib,30,0.3538812785388128,1.0,0.0004855135172330079
val_calib,30,0.35428571428571426,1.0,0.00048629447693741997
val_calib,30,0.35469107551487417,1.0,0.0004934860742322029
val_calib,30,0.3550973654066438,1.0,0.0005016446327376372
val_calib,30,0.3555045871559633,1.0,0.0005026319898505185
val_calib,30,0.3559127439724455,1.0,0.0005068083694320334
val_calib,30,0.3563218390804598,1.0,0.0005110465800401225
val_calib,30,0.3567318757192175,1.0,0.0005123667596033589
val_calib,30,0.35714285714285715,1.0,0.0005181753648654439
val_calib,30,0.3575547866205306,1.0,0.0005237597050821197
val_calib,30,0.3579676674364896,1.0,0.0005303488044400078
val_calib,30,0.3583815028901734,1.0,0.000533712858968606
val_calib,30,0.3587962962962963,1.0,0.0005346631833529024
val_calib,30,0.35921205098493625,1.0,0.0005352631858695495
val_calib,30,0.35962877030162416,1.0,0.0005383046447699071
val_calib,30,0.3600464576074332,1.0,0.000540353898555761
val_calib,30,0.36046511627906974,1.0,0.0005421126819238702
val_calib,30,0.3608847497089639,1.0,0.0005435903931217203
val_calib,30,0.3613053613053613,1.0,0.000549115926607469
val_calib,30,0.3617269544924154,1.0,0.000550707060312915
val_calib,30,0.3621495327102804,1.0,0.000551837649663852
val_calib,30,0.36257309941520466,1.0,0.0005546219626623238
val_calib,30,0.3629976580796253,1.0,0.0005559701819321749
val_calib,30,0.3634232121922626,1.0,0.0005571375471711272
val_calib,30,0.36384976525821594,1.0,0.0005578347862693164
val_calib,30,0.36427732079905994,1.0,0.0005609637404230887
val_calib,30,0.36470588235294116,1.0,0.0005617011254645514
val_calib,30,0.3651354534746761,1.0,0.0005675877115468669
val_calib,30,0.36556603773584906,1.0,0.0005679187078550645
val_calib,30,0.3659976387249115,1.0,0.0005724390281796068
val_calib,30,0.3664302600472813,1.0,0.0005731540187242239
val_calib,30,0.3668639053254438,1.0,0.0005735702959918467
val_calib,30,0.36729857819905215,1.0,0.0005757019981115
val_calib,30,0.36773428232502964,1.0,0.0005835422718966641
val_calib,30,0.3681710213776722,1.0,0.0005944718418812943
val_calib,30,0.3686087990487515,1.0,0.0005989888138158749
val_calib,30,0.36904761904761907,1.0,0.0005991326842962298
val_calib,30,0.3694874851013111,1.0,0.0005997038091801365
val_calib,30,0.36992840095465396,1.0,0.0006013930931031304
val_calib,30,0.37037037037037035,1.0,0.0006020076284956419
val_calib,30,0.3708133971291866,1.0,0.0006023970017846947
val_calib,30,0.3712574850299401,1.0,0.0006073924345610656
val_calib,30,0.37170263788968827,1.0,0.0006119844771515379
val_calib,30,0.37214885954381755,1.0,0.0006212858656516623
val_calib,30,0.37259615384615385,1.0,0.0006262749777355078
val_calib,30,0.3730445246690734,1.0,0.0006301781527285859
val_calib,30,0.37349397590361444,1.0,0.0006303219808782179
val_calib,30,0.37394451145958985,1.0,0.0006334978451323173
val_calib,30,0.3743961352657005,1.0,0.0006340054684128991
val_calib,30,0.37484885126964934,1.0,0.0006347888060220263
val_calib,30,0.37530266343825663,1.0,0.0006366501293609069
val_calib,30,0.37575757575757573,1.0,0.0006367893618570918
val_calib,30,0.3762135922330097,1.0,0.0006368128993438579
val_calib,30,0.37667071688942894,1.0,0.0006413525930060896
val_calib,30,0.3771289537712895,1.0,0.0006447517611715133
val_calib,30,0.37758830694275275,1.0,0.0006486512675748321
val_calib,30,0.3780487804878049,1.0,0.000649006887031612
val_calib,30,0.3785103785103785,1.0,0.0006498678011282402
val_calib,30,0.37897310513447435,1.0,0.0006505843960981714
val_calib,30,0.379436964504284,1.0,0.0006593393688207398
val_calib,30,0.3799019607843137,1.0,0.0006619613729180371
val_calib,30,0.3803680981595092,1.0,0.0006670857092731482
val_calib,30,0.3808353808353808,1.0,0.0006707092794670526
val_calib,30,0.3813038130381304,1.0,0.0006709925610650553
val_calib,30,0.3817733990147783,1.0,0.0006832004997664391
val_calib,30,0.38224414303329224,1.0,0.0006849520949020223
val_calib,30,0.38271604938271603,1.0,0.0006875719176386902
val_calib,30,0.3831891223733004,1.0,0.0006882487942908752
val_calib,30,0.38366336633663367,1.0,0.0006910883167467371
val_calib,30,0.38413878562577447,1.0,0.0006911166452020574
val_calib,30,0.38461538461538464,1.0,0.0007042888194843816
val_calib,30,0.38509316770186336,1.0,0.0007051924757827021
val_calib,30,0.3855721393034826,1.0,0.0007158529748207795
val_calib,30,0.386052303860523,1.0,0.000720031365032196
val_calib,30,0.3865336658354115,1.0,0.0007251684892852033
val_calib,30,0.38701622971285893,1.0,0.000727212599055912
val_calib,30,0.3875,1.0,0.0007285955500181993
val_calib,30,0.3879849812265332,1.0,0.0007330827298893384
val_calib,30,0.38847117794486213,1.0,0.0007436279311838073
val_calib,30,0.3889585947302384,1.0,0.0007456424696011674
val_calib,30,0.38944723618090454,1.0,0.0007533207324036213
val_calib,30,0.389937106918239,1.0,0.0007550994730235002
val_calib,30,0.3904282115869018,1.0,0.0007557278372561777
val_calib,30,0.39092055485498106,1.0,0.0007570347885217191
val_calib,30,0.39141414141414144,1.0,0.0007697081625788194
val_calib,30,0.3919089759797724,1.0,0.0007700144459332427
val_calib,30,0.3924050632911392,1.0,0.0007792294115723829
val_calib,30,0.3929024081115336,1.0,0.0007794883932568052
val_calib,30,0.3934010152284264,1.0,0.0007837583412826639
val_calib,30,0.39390088945362134,1.0,0.000783911174195818
val_calib,30,0.3944020356234097,1.0,0.0007925673957249031
val_calib,30,0.39490445859872614,1.0,0.0008069178412764832
val_calib,30,0.39540816326530615,1.0,0.0008079186122564156
val_calib,30,0.3959131545338442,1.0,0.0008108234999400064
val_calib,30,0.39641943734015345,1.0,0.0008220453473330465
val_calib,30,0.3969270166453265,1.0,0.0008225055569794024
val_calib,30,0.3974358974358974,1.0,0.00084290737042738
val_calib,30,0.3979460847240051,1.0,0.0008462124024283911
val_calib,30,0.39845758354755784,1.0,0.0008495265075399959
val_calib,30,0.398970398970399,1.0,0.0008496886131932911
val_calib,30,0.39948453608247425,1.0,0.0008546601841994015
val_calib,30,0.4,1.0,0.0008604460448542423
val_calib,30,0.4005167958656331,1.0,0.000865706853909143
val_calib,30,0.40103492884864167,1.0,0.0008685929836318966
val_calib,30,0.4015544041450777,1.0,0.0008850632564696921
val_calib,30,0.40207522697795073,1.0,0.0008920003187110047
val_calib,30,0.4025974025974026,1.0,0.0008973348948483122
val_calib,30,0.40312093628088425,1.0,0.000901222202637793
val_calib,30,0.4036458333333333,1.0,0.0009028345624362948
val_calib,30,0.4041720990873533,1.0,0.0009060762776607477
val_calib,30,0.4046997389033943,1.0,0.0009071853577810303
val_calib,30,0.40522875816993464,1.0,0.0009097771909199279
val_calib,30,0.40575916230366493,1.0,0.0009217824719925373
val_calib,30,0.40629095674967236,1.0,0.0009425157102820599
val_calib,30,0.4068241469816273,1.0,0.0009431845494128161
val_calib,30,0.4073587385019711,1.0,0.000953492267465746
val_calib,30,0.40789473684210525,1.0,0.0009545822518468804
val_calib,30,0.40843214756258234,1.0,0.0009551509505855852
val_calib,30,0.40897097625329815,1.0,0.0009643208183532652
val_calib,30,0.4095112285336856,1.0,0.0009676137887484401
val_calib,30,0.41005291005291006,1.0,0.0009749184394013597
val_calib,30,0.4105960264900662,1.0,0.000976419335017446
val_calib,30,0.41114058355437666,1.0,0.000981836961783861
val_calib,30,0.4116865869853918,1.0,0.0009926033922755466
val_calib,30,0.4122340425531915,1.0,0.0009997284179542394
val_calib,30,0.41278295605858856,1.0,0.0010073071431829404
val_calib,30,0.41333333333333333,1.0,0.0010125674453146775
val_calib,30,0.41388518024032045,1.0,0.0010232789470171128
val_calib,30,0.4144385026737968,1.0,0.0010265027355301475
val_calib,30,0.4149933065595716,1.0,0.0010375557088599064
val_calib,30,0.4155495978552279,1.0,0.0010391517206500495
val_calib,30,0.4161073825503356,1.0,0.0010395736218200195
val_calib,30,0.4166666666666667,1.0,0.001047982288031079
val_calib,30,0.41722745625841184,1.0,0.001075913736346111
val_calib,30,0.41778975741239893,1.0,0.0010957144776520512
val_calib,30,0.4183535762483131,1.0,0.0011045179796879438
val_calib,30,0.4189189189189189,1.0,0.001110144938068476
val_calib,30,0.41948579161028415,1.0,0.0011183447763741118
val_calib,30,0.42005420054200543,1.0,0.0011188749069186836
val_calib,30,0.4206241519674355,1.0,0.0011351337537840785
val_calib,30,0.421195652173913,1.0,0.0011399488507740933
val_calib,30,0.4217687074829932,1.0,0.0011505731587770054
val_calib,30,0.4223433242506812,1.0,0.0011511511027535164
val_calib,30,0.4229195088676671,1.0,0.0011517138631163006
val_calib,30,0.42349726775956287,1.0,0.0011545505365615379
val_calib,30,0.4240766073871409,1.0,0.001198076637196371
val_calib,30,0.4246575342465753,1.0,0.001201539175256684
val_calib,30,0.4252400548696845,1.0,0.0012027278142159887
val_calib,30,0.4258241758241758,1.0,0.0012407869050988713
val_calib,30,0.4264099037138927,1.0,0.0012585420486281636
val_calib,30,0.42699724517906334,1.0,0.0012606338311989026
val_calib,30,0.42758620689655175,1.0,0.001261032420807624
val_calib,30,0.4281767955801105,1.0,0.0012679062352866138
val_calib,30,0.4287690179806362,1.0,0.0013156152032358006
val_calib,30,0.4293628808864266,1.0,0.0013281239191582854
val_calib,30,0.42995839112343964,1.0,0.0013304415494729237
val_calib,30,0.4305555555555556,1.0,0.0013324507247602605
val_calib,30,0.43115438108484005,1.0,0.0013716764507106052
val_calib,30,0.43175487465181056,1.0,0.0013856058835839493
val_calib,30,0.43235704323570434,1.0,0.0013955121847422582
val_calib,30,0.4329608938547486,1.0,0.0013986058945737701
val_calib,30,0.43356643356643354,1.0,0.001404167879143817
val_calib,30,0.4341736694677871,1.0,0.0014101019758157873
val_calib,30,0.43478260869565216,1.0,0.00142008146894044
val_calib,30,0.4353932584269663,1.0,0.0014333890279862604
val_calib,30,0.4360056258790436,1.0,0.0014450397522387368
val_calib,30,0.43661971830985913,1.0,0.0014518364360803506
val_calib,30,0.43723554301833567,1.0,0.0014528024977034414
val_calib,30,0.4378531073446328,1.0,0.0014529451952672754
val_calib,30,0.43847241867043846,1.0,0.0015119991994639549
val_calib,30,0.43909348441926344,1.0,0.0015367259173904289
val_calib,30,0.4397163120567376,1.0,0.0015423422680728896
val_calib,30,0.4403409090909091,1.0,0.001548330381700329
val_calib,30,0.44096728307254623,1.0,0.001555937048044767
val_calib,30,0.4415954415954416,1.0,0.0015580736684996544
val_calib,30,0.442225392296719,1.0,0.0015719583738660083
val_calib,30,0.44285714285714284,1.0,0.0015804590764423485
val_calib,30,0.4434907010014306,1.0,0.001641697991772129
val_calib,30,0.44412607449856734,1.0,0.001669734722397186
val_calib,30,0.4447632711621234,1.0,0.0016750635938798998
val_calib,30,0.4454022988505747,1.0,0.0016801458283351445
val_calib,30,0.4460431654676259,1.0,0.001711717532513182
val_calib,30,0.44668587896253603,1.0,0.0017297470755655128
val_calib,30,0.44733044733044736,1.0,0.0017598657421088243
val_calib,30,0.4479768786127168,1.0,0.0017813703760432371
val_calib,30,0.44862518089725034,1.0,0.0017870926029362375
val_calib,30,0.4492753623188406,1.0,0.0017937555841612855
val_calib,30,0.44992743105950656,1.0,0.0017972522979861258
val_calib,30,0.45058139534883723,1.0,0.0018010179180217895
val_calib,30,0.4512372634643377,1.0,0.0018058842810267147
val_calib,30,0.4518950437317784,1.0,0.001810209300286726
val_calib,30,0.45255474452554745,1.0,0.001839877161985867
val_calib,30,0.45321637426900585,1.0,0.0018496677461029268
val_calib,30,0.4538799414348463,1.0,0.001870849373588183
val_calib,30,0.45454545454545453,1.0,0.0018776632457025303
val_calib,30,0.4552129221732746,1.0,0.0018955748379023746
val_calib,30,0.45588235294117646,1.0,0.0018992818433712897
val_calib,30,0.4565537555228277,1.0,0.0019380610851451254
val_calib,30,0.45722713864306785,1.0,0.0020338897264419744
val_calib,30,0.45790251107828656,1.0,0.002099848354536466
val_calib,30,0.45857988165680474,1.0,0.0021302816107923216
val_calib,30,0.45925925925925926,1.0,0.0021510791385674845
val_calib,30,0.4599406528189911,1.0,0.002160436752010924
val_calib,30,0.4606240713224368,1.0,0.0021692560479533514
val_calib,30,0.46130952380952384,1.0,0.0021990355657156534
val_calib,30,0.46199701937406856,1.0,0.0022180476522735346
val_calib,30,0.4626865671641791,1.0,0.0022814942429543747
val_calib,30,0.4633781763826607,1.0,0.0023133835254263322
val_calib,30,0.46407185628742514,1.0,0.002317362552905365
val_calib,30,0.46476761619190404,1.0,0.0023454916321147784
val_calib,30,0.46546546546546547,1.0,0.002347603103443856
val_calib,30,0.46616541353383456,1.0,0.0023490228992706077
val_calib,30,0.46686746987951805,1.0,0.0023508886996733225
val_calib,30,0.4675716440422323,1.0,0.002363969097280337
val_calib,30,0.46827794561933533,1.0,0.0023691021907903498
val_calib,30,0.4689863842662632,1.0,0.0024258517704274793
val_calib,30,0.4696969696969697,1.0,0.002456859700421368
val_calib,30,0.47040971168437024,1.0,0.0024595504354860027
val_calib,30,0.47112462006079026,1.0,0.0024623354204654237
val_calib,30,0.471841704718417,1.0,0.0024651588981027483
val_calib,30,0.4725609756097561,1.0,0.0024795599566259036
val_calib,30,0.4732824427480916,1.0,0.00248510375365937
val_calib,30,0.4740061162079511,1.0,0.0025716232768073655
val_calib,30,0.47473200612557426,1.0,0.002617257943383092
val_calib,30,0.4754601226993865,1.0,0.0026390397864287526
val_calib,30,0.47619047619047616,1.0,0.002663643876743728
val_calib,30,0.47692307692307695,1.0,0.002721492333854132
val_calib,30,0.4776579352850539,1.0,0.002729389484558262
val_calib,30,0.4783950617283951,1.0,0.0027385987010912364
val_calib,30,0.47913446676970634,1.0,0.0027744498242544416
val_calib,30,0.47987616099071206,1.0,0.002854506000925174
val_calib,30,0.4806201550387597,1.0,0.002874265156157738
val_calib,30,0.4813664596273292,1.0,0.002885447599228395
val_calib,30,0.4821150855365474,1.0,0.00297220516965117
val_calib,30,0.48286604361370716,1.0,0.0029818295779150835
val_calib,30,0.4836193447737909,1.0,0.0029860804135680677
val_calib,30,0.484375,1.0,0.003005263759258928
val_calib,30,0.48513302034428796,1.0,0.0030387069649576567
val_calib,30,0.48589341692789967,1.0,0.0030923173317851218
val_calib,30,0.48665620094191525,1.0,0.0031097472400342012
val_calib,30,0.48742138364779874,1.0,0.0031379708897631376
val_calib,30,0.4881889763779528,1.0,0.003148191711739638
val_calib,30,0.4889589905362776,1.0,0.0031681339538899775
val_calib,30,0.48973143759873616,1.0,0.0031849043573378704
val_calib,30,0.49050632911392406,1.0,0.003200964261423882
val_calib,30,0.49128367670364503,1.0,0.003210507518641767
val_calib,30,0.49206349206349204,1.0,0.0032106206342933465
val_calib,30,0.492845786963434,1.0,0.003224948177529839
val_calib,30,0.49363057324840764,1.0,0.0032821852141593994
val_calib,30,0.4944178628389155,1.0,0.003360121369448457
val_calib,30,0.4952076677316294,1.0,0.0033602462157807872
val_calib,30,0.496,1.0,0.0033712262190032636
val_calib,30,0.4967948717948718,1.0,0.0034436198426746672
val_calib,30,0.49759229534510435,1.0,0.003510155809281042
val_calib,30,0.4983922829581994,1.0,0.003565291455459558
val_calib,30,0.499194847020934,1.0,0.003574310343162223
val_calib,30,0.5,1.0,0.0035804984525685344
val_calib,30,0.5008077544426495,1.0,0.0036123189116748183
val_calib,30,0.5016181229773463,1.0,0.003621671692741105
val_calib,30,0.5024311183144247,1.0,0.003626273914969192
val_calib,30,0.5032467532467533,1.0,0.003733498906573016
val_calib,30,0.5040650406504065,1.0,0.00373541045958357
val_calib,30,0.504885993485342,1.0,0.0037555024553252167
val_calib,30,0.5057096247960848,1.0,0.0038393146398427495
val_calib,30,0.5065359477124183,1.0,0.003913072143087436
val_calib,30,0.5073649754500819,1.0,0.003968991075098043
val_calib,30,0.5081967213114754,1.0,0.003991734064826371
val_calib,30,0.5090311986863711,1.0,0.00407679540164871
val_calib,30,0.5098684210526315,1.0,0.004227717600725332
val_calib,30,0.5107084019769358,1.0,0.004309781817376938
val_calib,30,0.5115511551155115,1.0,0.004392647658130192
val_calib,30,0.512396694214876,1.0,0.0044240844497711665
val_calib,30,0.5132450331125827,1.0,0.004437267989230307
val_calib,30,0.5140961857379768,1.0,0.004505204687275505
val_calib,30,0.5149501661129569,1.0,0.004505402307476687
val_calib,30,0.5158069883527454,1.0,0.005026749644437199
val_calib,30,0.5166666666666667,1.0,0.005116066290946457
val_calib,30,0.5175292153589316,1.0,0.005156094429498153
val_calib,30,0.5183946488294314,1.0,0.005175244016329703
val_calib,30,0.5192629815745393,1.0,0.005210096362717591
val_calib,30,0.5201342281879194,1.0,0.005234684449456414
val_calib,30,0.5210084033613446,1.0,0.005327021369128065
val_calib,30,0.5218855218855218,1.0,0.005452480798795487
val_calib,30,0.5227655986509275,1.0,0.005605522699938461
val_calib,30,0.5236486486486487,1.0,0.005646113778113778
val_calib,30,0.5245346869712352,1.0,0.005793386124438502
val_calib,30,0.5254237288135594,1.0,0.00617906685781699
val_calib,30,0.5263157894736842,1.0,0.0063704577621025
val_calib,30,0.5272108843537415,1.0,0.006497403655420804
val_calib,30,0.5281090289608177,1.0,0.006735155662789534
val_calib,30,0.5290102389078498,1.0,0.006788454646883002
val_calib,30,0.5299145299145299,1.0,0.006822449109713095
val_calib,30,0.5308219178082192,1.0,0.00710264006808113
val_calib,30,0.5317324185248714,1.0,0.007150844883193821
val_calib,30,0.5326460481099656,1.0,0.0073781801940573585
val_calib,30,0.5335628227194492,1.0,0.0074646330956784235
val_calib,30,0.5344827586206896,1.0,0.007676490379026446
val_calib,30,0.5354058721934369,1.0,0.007678071461668276
val_calib,30,0.5363321799307958,1.0,0.0077603616454616645
val_calib,30,0.537261698440208,1.0,0.007763843965674106
val_calib,30,0.5381944444444444,1.0,0.008081047210643654
val_calib,30,0.5391304347826087,1.0,0.008155737356338602
val_calib,30,0.5400696864111498,1.0,0.008228671494154391
val_calib,30,0.5410122164048866,1.0,0.008292444063097724
val_calib,30,0.541958041958042,1.0,0.008361749630889991
val_calib,30,0.542907180385289,1.0,0.008426568090238975
val_calib,30,0.543859649122807,1.0,0.008762488067163069
val_calib,30,0.5448154657293497,1.0,0.00880771238858949
val_calib,30,0.545774647887324,1.0,0.009042380563679231
val_calib,30,0.54673721340388,1.0,0.009257456173178183
val_calib,30,0.5477031802120141,1.0,0.009338967207808446
val_calib,30,0.5486725663716814,1.0,0.010053136858177134
val_calib,30,0.549645390070922,1.0,0.01011454133357259
val_calib,30,0.5506216696269982,1.0,0.010163027268378432
val_calib,30,0.5516014234875445,1.0,0.010178263175848391
val_calib,30,0.5525846702317291,1.0,0.010710543720035704
val_calib,30,0.5535714285714286,1.0,0.010887614979808098
val_calib,30,0.554561717352415,1.0,0.011009605421004041
val_calib,30,0.5555555555555556,1.0,0.011151929212781308
val_calib,30,0.5565529622980251,1.0,0.011269779449301884
val_calib,30,0.5575539568345323,1.0,0.011442739775644889
val_calib,30,0.5585585585585585,1.0,0.011508770383997394
val_calib,30,0.5595667870036101,1.0,0.011530470236890128
val_calib,30,0.5605786618444847,1.0,0.011638293608881354
val_calib,30,0.5615942028985508,1.0,0.011658461251263635
val_calib,30,0.5626134301270418,1.0,0.011667647791390942
val_calib,30,0.5636363636363636,1.0,0.01168199636946635
val_calib,30,0.5646630236794171,1.0,0.01195330324977849
val_calib,30,0.5656934306569343,1.0,0.012107080591828589
val_calib,30,0.56672760511883,1.0,0.012303171764785592
val_calib,30,0.5677655677655677,1.0,0.012895229338508432
val_calib,30,0.5688073394495413,1.0,0.012985426253496577
val_calib,30,0.5698529411764706,1.0,0.013147682265236663
val_calib,30,0.570902394106814,1.0,0.01336180253100839
val_calib,30,0.5719557195571956,1.0,0.013413826016199757
val_calib,30,0.5730129390018485,1.0,0.013560792630548763
val_calib,30,0.5740740740740741,1.0,0.013962298796538207
val_calib,30,0.575139146567718,1.0,0.013977017958862616
val_calib,30,0.5762081784386617,1.0,0.014194690324935335
val_calib,30,0.5772811918063314,1.0,0.014279097769468563
val_calib,30,0.5783582089552238,1.0,0.014953080829500002
val_calib,30,0.5794392523364486,1.0,0.015146255053967132
val_calib,30,0.5805243445692884,1.0,0.015276010523875757
val_calib,30,0.5816135084427767,1.0,0.015310423729569035
val_calib,30,0.5827067669172933,1.0,0.015433832826980761
val_calib,30,0.583804143126177,1.0,0.01564714846794683
val_calib,30,0.5849056603773585,1.0,0.015647963866078987
val_calib,30,0.5860113421550095,1.0,0.01672987426188056
val_calib,30,0.5871212121212122,1.0,0.01679980630246354
val_calib,30,0.5882352941176471,1.0,0.016837074038027994
val_calib,30,0.5893536121673004,1.0,0.017121476699382614
val_calib,30,0.5904761904761905,1.0,0.01724555618437027
val_calib,30,0.5916030534351145,1.0,0.018289996606572868
val_calib,30,0.5927342256214149,1.0,0.018650363401977416
val_calib,30,0.5938697318007663,1.0,0.019169467468885853
val_calib,30,0.5950095969289827,1.0,0.019220551136672235
val_calib,30,0.5961538461538461,1.0,0.019799906889162014
val_calib,30,0.5973025048169557,1.0,0.020036472371756358
val_calib,30,0.5984555984555985,1.0,0.020179520383519247
val_calib,30,0.5996131528046421,1.0,0.02073899012688122
val_calib,30,0.6007751937984496,1.0,0.021371398504651407
val_calib,30,0.6019417475728155,1.0,0.021668586852356394
val_calib,30,0.603112840466926,1.0,0.021738657978677717
val_calib,30,0.6042884990253411,1.0,0.022008646833352345
val_calib,30,0.60546875,1.0,0.02214483045460379
val_calib,30,0.6066536203522505,1.0,0.0222761484548903
val_calib,30,0.6078431372549019,1.0,0.022981068790724132
val_calib,30,0.6090373280943026,1.0,0.023000991217740963
val_calib,30,0.610236220472441,1.0,0.024229919553538766
val_calib,30,0.611439842209073,1.0,0.02424375722072592
val_calib,30,0.6126482213438735,1.0,0.024945574722342264
val_calib,30,0.6138613861386139,1.0,0.025561856273988454
val_calib,30,0.6150793650793651,1.0,0.025688429966444486
val_calib,30,0.6163021868787276,1.0,0.026144713312550204
val_calib,30,0.6175298804780877,1.0,0.02653463483269573
val_calib,30,0.6187624750499002,1.0,0.027205158566250085
val_calib,30,0.62,1.0,0.02727245168302488
val_calib,30,0.6212424849699398,1.0,0.027663540277281917
val_calib,30,0.6224899598393574,1.0,0.027682229894569237
val_calib,30,0.6237424547283702,1.0,0.028128411794978075
val_calib,30,0.625,1.0,0.028449585394152432
val_calib,30,0.6262626262626263,1.0,0.029198730994108853
val_calib,30,0.6275303643724697,1.0,0.029489117120720363
val_calib,30,0.6288032454361054,1.0,0.02981212740687537
val_calib,30,0.6300813008130082,1.0,0.029970899956430482
val_calib,30,0.6313645621181263,1.0,0.0303126348810702
val_calib,30,0.6326530612244898,1.0,0.030773574448255653
val_calib,30,0.6339468302658486,1.0,0.031057440020290525
val_calib,30,0.6352459016393442,1.0,0.03181751876196891
val_calib,30,0.6365503080082136,1.0,0.03227362828053899
val_calib,30,0.6378600823045267,1.0,0.03307580598471938
val_calib,30,0.6391752577319587,1.0,0.03311277845073174
val_calib,30,0.640495867768595,1.0,0.033461565425895186
val_calib,30,0.6418219461697723,1.0,0.033675747788260914
val_calib,30,0.6431535269709544,1.0,0.03428180255962406
val_calib,30,0.6444906444906445,1.0,0.034765681438122115
val_calib,30,0.6458333333333334,1.0,0.03483160592642429
val_calib,30,0.6471816283924844,1.0,0.035969853419573226
val_calib,30,0.6485355648535565,1.0,0.0364506573884177
val_calib,30,0.649895178197065,1.0,0.036632044754293915
val_calib,30,0.6512605042016807,1.0,0.036747567115417844
val_calib,30,0.6526315789473685,1.0,0.0368733277591709
val_calib,30,0.6540084388185654,1.0,0.03692283682051623
val_calib,30,0.6553911205073996,1.0,0.036990722129041045
val_calib,30,0.6567796610169492,1.0,0.03699684929422811
val_calib,30,0.6581740976645435,1.0,0.03812503680128744
val_calib,30,0.6595744680851063,1.0,0.03822369130664888
val_calib,30,0.6609808102345416,1.0,0.038766765497375316
val_calib,30,0.6623931623931624,1.0,0.03929234187704295
val_calib,30,0.6638115631691649,1.0,0.03975981910419789
val_calib,30,0.6652360515021459,1.0,0.04038354476296238
val_calib,30,0.6666666666666666,1.0,0.040529387641257415
val_calib,30,0.6681034482758621,1.0,0.0405294311124756
val_calib,30,0.6695464362850972,1.0,0.041289612436968624
val_calib,30,0.670995670995671,1.0,0.04155893350479873
val_calib,30,0.6724511930585684,1.0,0.0424098635285646
val_calib,30,0.6739130434782609,1.0,0.04383890420556975
val_calib,30,0.6753812636165577,1.0,0.045437991562041445
val_calib,30,0.6768558951965066,1.0,0.04676174745969347
val_calib,30,0.6783369803063457,1.0,0.04686551986639848
val_calib,30,0.6798245614035088,1.0,0.04718269445001225
val_calib,30,0.6813186813186813,1.0,0.04927861576521452
val_calib,30,0.6828193832599119,1.0,0.049351334698438484
val_calib,30,0.6843267108167771,1.0,0.052286020385156666
val_calib,30,0.6858407079646017,1.0,0.05283247851111505
val_calib,30,0.6873614190687362,1.0,0.053042381872822696
val_calib,30,0.6888888888888889,1.0,0.054189490877547014
val_calib,30,0.6904231625835189,1.0,0.05573002838691462
val_calib,30,0.6919642857142857,1.0,0.05606419848081339
val_calib,30,0.6935123042505593,1.0,0.056466565363986594
val_calib,30,0.695067264573991,1.0,0.05964663444066727
val_calib,30,0.6966292134831461,1.0,0.05970396238963241
val_calib,30,0.6981981981981982,1.0,0.06033795422856125
val_calib,30,0.6997742663656885,1.0,0.061266382558581196
val_calib,30,0.7013574660633484,1.0,0.06142801084867454
val_calib,30,0.7029478458049887,1.0,0.06145736078359642
val_calib,30,0.7045454545454546,1.0,0.062437735799597084
val_calib,30,0.7061503416856492,1.0,0.06541730016523627
val_calib,30,0.7077625570776256,1.0,0.06555859373136254
val_calib,30,0.7093821510297483,1.0,0.0673698109424244
val_calib,30,0.7110091743119266,1.0,0.06790504755924577
val_calib,30,0.7126436781609196,1.0,0.06832344011735271
val_calib,30,0.7142857142857143,1.0,0.0684696751379484
val_calib,30,0.7159353348729792,1.0,0.0685942013399233
val_calib,30,0.7175925925925926,1.0,0.0688726787879814
val_calib,30,0.7192575406032483,1.0,0.06889145823363867
val_calib,30,0.7209302325581395,1.0,0.07047333023702296
val_calib,30,0.7226107226107226,1.0,0.07143322619714032
val_calib,30,0.7242990654205608,1.0,0.07262479450944279
val_calib,30,0.7259953161592506,1.0,0.07386456260213387
val_calib,30,0.7276995305164319,1.0,0.07414247160487447
val_calib,30,0.7294117647058823,1.0,0.07504579836214867
val_calib,30,0.7311320754716981,1.0,0.07512469552473533
val_calib,30,0.7304964539007093,0.9967741935483871,0.07530945657076042
val_calib,30,0.7322274881516587,0.9967741935483871,0.07543041357582038
val_calib,30,0.7339667458432304,0.9967741935483871,0.07876640726706158
val_calib,30,0.7357142857142858,0.9967741935483871,0.07883748056629507
val_calib,30,0.7374701670644391,0.9967741935483871,0.07938522372235352
val_calib,30,0.7392344497607656,0.9967741935483871,0.08060276918431183
val_calib,30,0.7410071942446043,0.9967741935483871,0.08554988784525709
val_calib,30,0.7427884615384616,0.9967741935483871,0.08624714575259809
val_calib,30,0.744578313253012,0.9967741935483871,0.08854582626473134
val_calib,30,0.7463768115942029,0.9967741935483871,0.08941158049852069
val_calib,30,0.7457627118644068,0.9935483870967742,0.09066831651829343
val_calib,30,0.7475728155339806,0.9935483870967742,0.09161247555073393
val_calib,30,0.7493917274939172,0.9935483870967742,0.09289802909813723
val_calib,30,0.751219512195122,0.9935483870967742,0.09558293940115282
val_calib,30,0.7530562347188264,0.9935483870967742,0.09630257586535647
val_calib,30,0.7549019607843137,0.9935483870967742,0.09767263737205537
val_calib,30,0.7567567567567568,0.9935483870967742,0.09988184256542353
val_calib,30,0.7586206896551724,0.9935483870967742,0.10099949616699082
val_calib,30,0.7604938271604939,0.9935483870967742,0.10263511307768386
val_calib,30,0.7623762376237624,0.9935483870967742,0.10318637123093473
val_calib,30,0.7642679900744417,0.9935483870967742,0.10373301425184944
val_calib,30,0.7661691542288557,0.9935483870967742,0.10571745546746754
val_calib,30,0.7680798004987531,0.9935483870967742,0.10762881520069291
val_calib,30,0.77,0.9935483870967742,0.1078862223886454
val_calib,30,0.7719298245614035,0.9935483870967742,0.11112189794083956
val_calib,30,0.7738693467336684,0.9935483870967742,0.11121967907063117
val_calib,30,0.7758186397984886,0.9935483870967742,0.1117129390780567
val_calib,30,0.7777777777777778,0.9935483870967742,0.11196378509542161
val_calib,30,0.779746835443038,0.9935483870967742,0.11212771702509734
val_calib,30,0.7817258883248731,0.9935483870967742,0.11654045954796569
val_calib,30,0.7811704834605598,0.9903225806451613,0.11704543683447842
val_calib,30,0.7806122448979592,0.9870967741935484,0.1177581481922679
val_calib,30,0.782608695652174,0.9870967741935484,0.11881950920719435
val_calib,30,0.7846153846153846,0.9870967741935484,0.11961361098933687
val_calib,30,0.7866323907455013,0.9870967741935484,0.12013952632723697
val_calib,30,0.788659793814433,0.9870967741935484,0.1255282601933995
val_calib,30,0.7881136950904393,0.9838709677419355,0.13528820859849125
val_calib,30,0.7901554404145078,0.9838709677419355,0.13695364175956076
val_calib,30,0.7922077922077922,0.9838709677419355,0.13696980322398306
val_calib,30,0.7942708333333334,0.9838709677419355,0.14062555532971216
val_calib,30,0.793733681462141,0.9806451612903225,0.1407924617861956
val_calib,30,0.7958115183246073,0.9806451612903225,0.14214821287068696
val_calib,30,0.7979002624671916,0.9806451612903225,0.1468614397471733
val_calib,30,0.8,0.9806451612903225,0.14844839241591049
val_calib,30,0.8021108179419525,0.9806451612903225,0.15282586616462066
val_calib,30,0.8042328042328042,0.9806451612903225,0.1539073963240778
val_calib,30,0.8063660477453581,0.9806451612903225,0.15546458079924202
val_calib,30,0.8085106382978723,0.9806451612903225,0.15623445942802353
val_calib,30,0.8106666666666666,0.9806451612903225,0.15878500761986372
val_calib,30,0.8128342245989305,0.9806451612903225,0.1642589772718808
val_calib,30,0.8150134048257373,0.9806451612903225,0.16470183014195774
val_calib,30,0.8145161290322581,0.9774193548387097,0.16514332789548306
val_calib,30,0.816711590296496,0.9774193548387097,0.1671090615134103
val_calib,30,0.8189189189189189,0.9774193548387097,0.17593555088191262
val_calib,30,0.8211382113821138,0.9774193548387097,0.17803449694827206
val_calib,30,0.8233695652173914,0.9774193548387097,0.1802672606214101
val_calib,30,0.8228882833787466,0.9741935483870968,0.19201086788668828
val_calib,30,0.825136612021858,0.9741935483870968,0.1944979727271674
val_calib,30,0.8273972602739726,0.9741935483870968,0.19759579082620699
val_calib,30,0.8296703296703297,0.9741935483870968,0.19904316028030855
val_calib,30,0.8319559228650137,0.9741935483870968,0.21506081717707196
val_calib,30,0.8342541436464088,0.9741935483870968,0.22323560126367284
val_calib,30,0.8365650969529086,0.9741935483870968,0.2260510761522884
val_calib,30,0.8388888888888889,0.9741935483870968,0.22825252518919917
val_calib,30,0.841225626740947,0.9741935483870968,0.23390890045918286
val_calib,30,0.8435754189944135,0.9741935483870968,0.24320384241417403
val_calib,30,0.8431372549019608,0.9709677419354839,0.2479619222740747
val_calib,30,0.8455056179775281,0.9709677419354839,0.24973635637512812
val_calib,30,0.847887323943662,0.9709677419354839,0.255563196610957
val_calib,30,0.847457627118644,0.967741935483871,0.25652221059428143
val_calib,30,0.8498583569405099,0.967741935483871,0.26471997205038306
val_calib,30,0.8522727272727273,0.967741935483871,0.2749297319873297
val_calib,30,0.8547008547008547,0.967741935483871,0.27871260985931406
val_calib,30,0.8571428571428571,0.967741935483871,0.28011780839162687
val_calib,30,0.8595988538681948,0.967741935483871,0.28745754993482847
val_calib,30,0.8591954022988506,0.964516129032258,0.2931020717071086
val_calib,30,0.8587896253602305,0.9612903225806452,0.2960937814550246
val_calib,30,0.861271676300578,0.9612903225806452,0.29797917173379873
val_calib,30,0.8608695652173913,0.9580645161290322,0.29938131049862626
val_calib,30,0.8604651162790697,0.9548387096774194,0.3024548341363594
val_calib,30,0.8629737609329446,0.9548387096774194,0.3135604640268525
val_calib,30,0.8654970760233918,0.9548387096774194,0.3191447672751114
val_calib,30,0.8680351906158358,0.9548387096774194,0.32399551593756615
val_calib,30,0.8676470588235294,0.9516129032258065,0.3296855495458038
val_calib,30,0.8702064896755162,0.9516129032258065,0.33977090789039915
val_calib,30,0.8698224852071006,0.9483870967741935,0.3407188887621532
val_calib,30,0.8694362017804155,0.9451612903225807,0.34416081632487766
val_calib,30,0.8720238095238095,0.9451612903225807,0.34464500218247957
val_calib,30,0.8716417910447761,0.9419354838709677,0.35404224529325673
val_calib,30,0.874251497005988,0.9419354838709677,0.3547906576887277
val_calib,30,0.8738738738738738,0.9387096774193548,0.35957724495177606
val_calib,30,0.8734939759036144,0.9354838709677419,0.3610321123234286
val_calib,30,0.8761329305135952,0.9354838709677419,0.37091942320137905
val_calib,30,0.8787878787878788,0.9354838709677419,0.37237619403277156
val_calib,30,0.8814589665653495,0.9354838709677419,0.37402173929229077
val_calib,30,0.8810975609756098,0.932258064516129,0.38348692233787585
val_calib,30,0.8837920489296636,0.932258064516129,0.38414284168567653
val_calib,30,0.8865030674846626,0.932258064516129,0.39074742833538595
val_calib,30,0.8892307692307693,0.932258064516129,0.3967857053953847
val_calib,30,0.8919753086419753,0.932258064516129,0.3973394452566754
val_calib,30,0.8947368421052632,0.932258064516129,0.39928178616699495
val_calib,30,0.8944099378881988,0.9290322580645162,0.40573586512781995
val_calib,30,0.897196261682243,0.9290322580645162,0.41055661474784705
val_calib,30,0.896875,0.9258064516129032,0.41426135620621757
val_calib,30,0.8996865203761756,0.9258064516129032,0.42062728703933255
val_calib,30,0.89937106918239,0.9225806451612903,0.44001758780370476
val_calib,30,0.9022082018927445,0.9225806451612903,0.44060177434207787
val_calib,30,0.9018987341772152,0.9193548387096774,0.4426482865582361
val_calib,30,0.9015873015873016,0.9161290322580645,0.44957943190460403
val_calib,30,0.9012738853503185,0.9129032258064517,0.45321543290301614
val_calib,30,0.9009584664536742,0.9096774193548387,0.4611474686672061
val_calib,30,0.9038461538461539,0.9096774193548387,0.46257190828336586
val_calib,30,0.9067524115755627,0.9096774193548387,0.46953978643344063
val_calib,30,0.9064516129032258,0.9064516129032258,0.47013523579105604
val_calib,30,0.9061488673139159,0.9032258064516129,0.4856633999579513
val_calib,30,0.9058441558441559,0.9,0.4910562070263653
val_calib,30,0.9055374592833876,0.896774193548387,0.505126962759665
val_calib,30,0.9084967320261438,0.896774193548387,0.5052533566798256
val_calib,30,0.9081967213114754,0.8935483870967742,0.513850702507699
val_calib,30,0.9111842105263158,0.8935483870967742,0.5176645693575259
val_calib,30,0.9141914191419142,0.8935483870967742,0.5264462344598743
val_calib,30,0.9172185430463576,0.8935483870967742,0.5347503371018776
val_calib,30,0.9169435215946844,0.8903225806451613,0.5352513424419352
val_calib,30,0.9166666666666666,0.8870967741935484,0.5356355495224321
val_calib,30,0.919732441471572,0.8870967741935484,0.5394883593687
val_calib,30,0.9194630872483222,0.8838709677419355,0.5457293808924527
val_calib,30,0.9191919191919192,0.8806451612903226,0.5525834089985193
val_calib,30,0.918918918918919,0.8774193548387097,0.5571475832188683
val_calib,30,0.9186440677966101,0.8741935483870967,0.5638546299975565
val_calib,30,0.9183673469387755,0.8709677419354839,0.5678335436439477
val_calib,30,0.9215017064846417,0.8709677419354839,0.5798328732614458
val_calib,30,0.9246575342465754,0.8709677419354839,0.5817208494091104
val_calib,30,0.9243986254295533,0.867741935483871,0.587386231249181
val_calib,30,0.9275862068965517,0.867741935483871,0.5895270838940314
val_calib,30,0.9273356401384083,0.864516129032258,0.5964834417481726
val_calib,30,0.9270833333333334,0.8612903225806452,0.6044222986119476
val_calib,30,0.9303135888501742,0.8612903225806452,0.6139061392285539
val_calib,30,0.9335664335664335,0.8612903225806452,0.6197925563314335
val_calib,30,0.9333333333333333,0.8580645161290322,0.6227177990321575
val_calib,30,0.9366197183098591,0.8580645161290322,0.6251025438925961
val_calib,30,0.9399293286219081,0.8580645161290322,0.6285535750240668
val_calib,30,0.9397163120567376,0.8548387096774194,0.6347712681309763
val_calib,30,0.9430604982206405,0.8548387096774194,0.6370148828676049
val_calib,30,0.9464285714285714,0.8548387096774194,0.6597004497777362
val_calib,30,0.9498207885304659,0.8548387096774194,0.6680207649082172
val_calib,30,0.9496402877697842,0.8516129032258064,0.6741208388512843
val_calib,30,0.9494584837545126,0.8483870967741935,0.6752541467958407
val_calib,30,0.9528985507246377,0.8483870967741935,0.6847837606088705
val_calib,30,0.9563636363636364,0.8483870967741935,0.6863327660012568
val_calib,30,0.9562043795620438,0.8451612903225807,0.6917741674184463
val_calib,30,0.9560439560439561,0.8419354838709677,0.6920680479242373
val_calib,30,0.9558823529411765,0.8387096774193549,0.6994459279114998
val_calib,30,0.955719557195572,0.8354838709677419,0.702248380770851
val_calib,30,0.9592592592592593,0.8354838709677419,0.7079581088792223
val_calib,30,0.9628252788104089,0.8354838709677419,0.7097218455243713
val_calib,30,0.9664179104477612,0.8354838709677419,0.7134482752463129
val_calib,30,0.9662921348314607,0.832258064516129,0.7142461041115253
val_calib,30,0.9699248120300752,0.832258064516129,0.7153906993831589
val_calib,30,0.969811320754717,0.8290322580645161,0.7233856305523141
val_calib,30,0.9696969696969697,0.8258064516129032,0.7388597964000863
val_calib,30,0.9695817490494296,0.8225806451612904,0.7424430646935605
val_calib,30,0.9694656488549618,0.8193548387096774,0.7425073773138796
val_calib,30,0.9693486590038314,0.8161290322580645,0.7447892645485065
val_calib,30,0.9730769230769231,0.8161290322580645,0.7535388276743493
val_calib,30,0.972972972972973,0.8129032258064516,0.7544473942982514
val_calib,30,0.9728682170542635,0.8096774193548387,0.7570188620343185
val_calib,30,0.9727626459143969,0.8064516129032258,0.7577646732372542
val_calib,30,0.97265625,0.8032258064516129,0.7605948198728577
val_calib,30,0.9725490196078431,0.8,0.7690845683574342
val_calib,30,0.9724409448818898,0.7967741935483871,0.7719551980944226
val_calib,30,0.9723320158102767,0.7935483870967742,0.7776880632596262
val_calib,30,0.9761904761904762,0.7935483870967742,0.7779578961381306
val_calib,30,0.9760956175298805,0.7903225806451613,0.7784581667929265
val_calib,30,0.976,0.7870967741935484,0.7864056257833818
val_calib,30,0.9759036144578314,0.7838709677419354,0.7919323818994549
val_calib,30,0.9758064516129032,0.7806451612903226,0.7931741363588418
val_calib,30,0.979757085020243,0.7806451612903226,0.7938730292793185
val_calib,30,0.9796747967479674,0.7774193548387097,0.7940944497531358
val_calib,30,0.9836734693877551,0.7774193548387097,0.7950549799057229
val_calib,30,0.9836065573770492,0.7741935483870968,0.8017691309437696
val_calib,30,0.9835390946502057,0.7709677419354839,0.8040591603239098
val_calib,30,0.9834710743801653,0.7677419354838709,0.806928822804718
val_calib,30,0.983402489626556,0.7645161290322581,0.8090813346569489
val_calib,30,0.9833333333333333,0.7612903225806451,0.823549675168053
val_calib,30,0.9874476987447699,0.7612903225806451,0.8271563945580773
val_calib,30,0.9873949579831933,0.7580645161290323,0.829735246396469
val_calib,30,0.9873417721518988,0.7548387096774194,0.8300393630429095
val_calib,30,0.9872881355932204,0.7516129032258064,0.8334696142023116
val_calib,30,0.9872340425531915,0.7483870967741936,0.8341752699581351
val_calib,30,0.9871794871794872,0.7451612903225806,0.838216105611782
val_calib,30,0.9871244635193133,0.7419354838709677,0.8387340776329887
val_calib,30,0.9870689655172413,0.7387096774193549,0.8393769061933084
val_calib,30,0.987012987012987,0.7354838709677419,0.8483599967544735
val_calib,30,0.9869565217391304,0.7322580645161291,0.8492483674433641
val_calib,30,0.9868995633187773,0.7290322580645161,0.8494591037677469
val_calib,30,0.9868421052631579,0.7258064516129032,0.8628958742523322
val_calib,30,0.986784140969163,0.7225806451612903,0.870945455397373
val_calib,30,0.9911504424778761,0.7225806451612903,0.8735282116476116
val_calib,30,0.9911111111111112,0.7193548387096774,0.8775106955774646
val_calib,30,0.9910714285714286,0.7161290322580646,0.8821395877667076
val_calib,30,0.9910313901345291,0.7129032258064516,0.884006445539167
val_calib,30,0.990990990990991,0.7096774193548387,0.8871927492519833
val_calib,30,0.9909502262443439,0.7064516129032258,0.8892452484429926
val_calib,30,0.990909090909091,0.7032258064516129,0.8911554499245001
val_calib,30,0.9908675799086758,0.7,0.8965065244919074
val_calib,30,0.9908256880733946,0.6967741935483871,0.900040985492419
val_calib,30,0.9907834101382489,0.6935483870967742,0.9019507584454586
val_calib,30,0.9907407407407407,0.6903225806451613,0.9027528889553568
val_calib,30,0.9906976744186047,0.6870967741935484,0.9027671224928671
val_calib,30,0.9906542056074766,0.6838709677419355,0.903487198706828
val_calib,30,0.9906103286384976,0.6806451612903226,0.9046013124284829
val_calib,30,0.9905660377358491,0.6774193548387096,0.910931309322863
val_calib,30,0.990521327014218,0.6741935483870968,0.9117642355477451
val_calib,30,0.9904761904761905,0.6709677419354839,0.9136809732896694
val_calib,30,0.9904306220095693,0.667741935483871,0.9164764604401242
val_calib,30,0.9903846153846154,0.6645161290322581,0.9216137515162858
val_calib,30,0.9903381642512077,0.6612903225806451,0.9219750130833876
val_calib,30,0.9902912621359223,0.6580645161290323,0.924366896951875
val_calib,30,0.9902439024390244,0.6548387096774193,0.9245253679880157
val_calib,30,0.9901960784313726,0.6516129032258065,0.9257569642141109
val_calib,30,0.9901477832512315,0.6483870967741936,0.9263283460903625
val_calib,30,0.9900990099009901,0.6451612903225806,0.9263451204177885
val_calib,30,0.9900497512437811,0.6419354838709678,0.9288952245343904
val_calib,30,0.99,0.6387096774193548,0.9293982238079208
val_calib,30,0.9899497487437185,0.635483870967742,0.9308340280992046
val_calib,30,0.98989898989899,0.632258064516129,0.9335588570217176
val_calib,30,0.9898477157360406,0.6290322580645161,0.9340975993282675
val_calib,30,0.9897959183673469,0.6258064516129033,0.9345136308259814
val_calib,30,0.9897435897435898,0.6225806451612903,0.9392765912270601
val_calib,30,0.9896907216494846,0.6193548387096774,0.9438513455411597
val_calib,30,0.9896373056994818,0.6161290322580645,0.9451825193112513
val_calib,30,0.9895833333333334,0.6129032258064516,0.9454373596008793
val_calib,30,0.9895287958115183,0.6096774193548387,0.9464072549758936
val_calib,30,0.9894736842105263,0.6064516129032258,0.9494017828331635
val_calib,30,0.9894179894179894,0.603225806451613,0.9520063178428073
val_calib,30,0.9893617021276596,0.6,0.9525667126213941
val_calib,30,0.9893048128342246,0.5967741935483871,0.9551029090481508
val_calib,30,0.989247311827957,0.5935483870967742,0.9555493969511767
val_calib,30,0.9891891891891892,0.5903225806451613,0.9571771665401023
val_calib,30,0.9891304347826086,0.5870967741935483,0.9625164340359869
val_calib,30,0.9890710382513661,0.5838709677419355,0.9630879932891688
val_calib,30,0.989010989010989,0.5806451612903226,0.9659580425169569
val_calib,30,0.988950276243094,0.5774193548387097,0.9662595415676328
val_calib,30,0.9888888888888889,0.5741935483870968,0.9728072098008131
val_calib,30,0.9888268156424581,0.5709677419354838,0.9735671990663753
val_calib,30,0.9887640449438202,0.567741935483871,0.9736589067602126
val_calib,30,0.9887005649717514,0.5645161290322581,0.9760579300107224
val_calib,30,0.9886363636363636,0.5612903225806452,0.9772489434975036
val_calib,30,0.9885714285714285,0.5580645161290323,0.9772965475177072
val_calib,30,0.9885057471264368,0.5548387096774193,0.9776261244062336
val_calib,30,0.9884393063583815,0.5516129032258065,0.9785390709409008
val_calib,30,0.9883720930232558,0.5483870967741935,0.9793779545929006
val_calib,30,0.9883040935672515,0.5451612903225806,0.9799111116951869
val_calib,30,0.9882352941176471,0.5419354838709678,0.9801983353718099
val_calib,30,0.9881656804733728,0.5387096774193548,0.980336267280556
val_calib,30,0.9880952380952381,0.535483870967742,0.9819936770688125
val_calib,30,0.9880239520958084,0.532258064516129,0.9823596415683942
val_calib,30,0.9879518072289156,0.5290322580645161,0.9824676769685639
val_calib,30,0.9878787878787879,0.5258064516129032,0.9825879320996384
val_calib,30,0.9878048780487805,0.5225806451612903,0.9825919097234413
val_calib,30,0.9877300613496932,0.5193548387096775,0.9831766483863569
val_calib,30,0.9876543209876543,0.5161290322580645,0.9835244987698775
val_calib,30,0.9875776397515528,0.5129032258064516,0.9839646420032379
val_calib,30,0.9875,0.5096774193548387,0.984502692045714
val_calib,30,0.9874213836477987,0.5064516129032258,0.9847392593962321
val_calib,30,0.9873417721518988,0.5032258064516129,0.984941115471532
val_calib,30,0.9872611464968153,0.5,0.9850395354079305
val_calib,30,0.9871794871794872,0.4967741935483871,0.9854291959939208
val_calib,30,0.9870967741935484,0.4935483870967742,0.9856857962079922
val_calib,30,0.987012987012987,0.49032258064516127,0.9863705913544979
val_calib,30,0.9869281045751634,0.4870967741935484,0.9865713077716969
val_calib,30,0.9868421052631579,0.4838709677419355,0.9870307729783232
val_calib,30,0.9867549668874173,0.4806451612903226,0.987179110836687
val_calib,30,0.9866666666666667,0.4774193548387097,0.9871997546775334
val_calib,30,0.9865771812080537,0.47419354838709676,0.9875422803518761
val_calib,30,0.9864864864864865,0.47096774193548385,0.9877817358782859
val_calib,30,0.9863945578231292,0.46774193548387094,0.9879045390571856
val_calib,30,0.9863013698630136,0.4645161290322581,0.9886104763254897
val_calib,30,0.9862068965517241,0.4612903225806452,0.9887216196434055
val_calib,30,0.9861111111111112,0.45806451612903226,0.9888680180049062
val_calib,30,0.986013986013986,0.45483870967741935,0.9888696767818055
val_calib,30,0.9859154929577465,0.45161290322580644,0.9888838147992195
val_calib,30,0.9858156028368794,0.4483870967741935,0.9891985467405534
val_calib,30,0.9857142857142858,0.44516129032258067,0.9896311222782759
val_calib,30,0.9856115107913669,0.44193548387096776,0.9899519928562147
val_calib,30,0.9855072463768116,0.43870967741935485,0.9899572603373219
val_calib,30,0.9854014598540146,0.43548387096774194,0.9905525748917646
val_calib,30,0.9852941176470589,0.432258064516129,0.9906269527490933
val_calib,30,0.9851851851851852,0.4290322580645161,0.9909759195961352
val_calib,30,0.9850746268656716,0.4258064516129032,0.9910650827783468
val_calib,30,0.9849624060150376,0.42258064516129035,0.9911130017397782
val_calib,30,0.9848484848484849,0.41935483870967744,0.9917504491023628
val_calib,30,0.9847328244274809,0.4161290322580645,0.9927365369455661
val_calib,30,0.9846153846153847,0.4129032258064516,0.9927927665219308
val_calib,30,0.9844961240310077,0.4096774193548387,0.9934291940450558
val_calib,30,0.984375,0.4064516129032258,0.9935690031038931
val_calib,30,0.984251968503937,0.4032258064516129,0.9938303337039093
val_calib,30,0.9841269841269841,0.4,0.9938829043389154
val_calib,30,0.984,0.3967741935483871,0.9939615547964218
val_calib,30,0.9838709677419355,0.3935483870967742,0.9940778527221743
val_calib,30,0.983739837398374,0.3903225806451613,0.9941430177541746
val_calib,30,0.9836065573770492,0.3870967741935484,0.994218286723669
val_calib,30,0.9834710743801653,0.38387096774193546,0.9943498133943616
val_calib,30,0.9833333333333333,0.38064516129032255,0.9943916593910109
val_calib,30,0.9831932773109243,0.3774193548387097,0.9945580450734288
val_calib,30,0.9830508474576272,0.3741935483870968,0.9947900090333572
val_calib,30,0.9829059829059829,0.3709677419354839,0.9948413926363023
val_calib,30,0.9827586206896551,0.36774193548387096,0.9951540081292345
val_calib,30,0.9826086956521739,0.36451612903225805,0.9955751458417657
val_calib,30,0.9824561403508771,0.36129032258064514,0.9955853572522921
val_calib,30,0.9823008849557522,0.3580645161290323,0.9957361765149555
val_calib,30,0.9821428571428571,0.3548387096774194,0.9958705508702594
val_calib,30,0.9819819819819819,0.35161290322580646,0.9958899323469413
val_calib,30,0.9818181818181818,0.34838709677419355,0.996005748238384
val_calib,30,0.981651376146789,0.34516129032258064,0.9966392136958381
val_calib,30,0.9814814814814815,0.3419354838709677,0.9966454011010147
val_calib,30,0.9813084112149533,0.3387096774193548,0.9969791216639537
val_calib,30,0.9811320754716981,0.33548387096774196,0.9973113106236096
val_calib,30,0.9809523809523809,0.33225806451612905,0.997659469855052
val_calib,30,0.9807692307692307,0.32903225806451614,0.9977448209135368
val_calib,30,0.9805825242718447,0.3258064516129032,0.9977474051264572
val_calib,30,0.9803921568627451,0.3225806451612903,0.9978014961242733
val_calib,30,0.9801980198019802,0.3193548387096774,0.9978442197352855
val_calib,30,0.98,0.3161290322580645,0.9979698835763571
val_calib,30,0.9797979797979798,0.31290322580645163,0.9980405794243278
val_calib,30,0.9795918367346939,0.3096774193548387,0.9981570968359266
val_calib,30,0.979381443298969,0.3064516129032258,0.9981909403824555
val_calib,30,0.9791666666666666,0.3032258064516129,0.9981933513244474
val_calib,30,0.9789473684210527,0.3,0.9983198702070408
val_calib,30,0.9787234042553191,0.2967741935483871,0.9983484629282227
val_calib,30,0.978494623655914,0.29354838709677417,0.9984033669839634
val_calib,30,0.9782608695652174,0.2903225806451613,0.9986501511296927
val_calib,30,0.978021978021978,0.2870967741935484,0.9988635263949072
val_calib,30,0.9777777777777777,0.2838709677419355,0.9988655774306775
val_calib,30,0.9775280898876404,0.2806451612903226,0.9989117781631339
val_calib,30,0.9772727272727273,0.27741935483870966,0.9989238104577788
val_calib,30,0.9770114942528736,0.27419354838709675,0.9990234851232617
val_calib,30,0.9767441860465116,0.2709677419354839,0.9990344627507796
val_calib,30,0.9764705882352941,0.267741935483871,0.999073931778504
val_calib,30,0.9761904761904762,0.2645161290322581,0.999076790542927
val_calib,30,0.9759036144578314,0.26129032258064516,0.9991351258757828
val_calib,30,0.975609756097561,0.25806451612903225,0.9991591836331416
val_calib,30,0.9753086419753086,0.25483870967741934,0.9992193302119992
val_calib,30,0.975,0.25161290322580643,0.9992358467102488
val_calib,30,0.9746835443037974,0.24838709677419354,0.9992565318884504
val_calib,30,0.9743589743589743,0.24516129032258063,0.9993093376273113
val_calib,30,0.974025974025974,0.24193548387096775,0.9993310901343231
val_calib,30,0.9736842105263158,0.23870967741935484,0.9993760610077385
val_calib,30,0.9733333333333334,0.23548387096774193,0.9993956586105714
val_calib,30,0.972972972972973,0.23225806451612904,0.9995191692015407
val_calib,30,0.9726027397260274,0.22903225806451613,0.9995227562269137
val_calib,30,0.9722222222222222,0.22580645161290322,0.9995276895414319
val_calib,30,0.971830985915493,0.22258064516129034,0.9995763818151279
val_calib,30,0.9714285714285714,0.21935483870967742,0.9995950759009795
val_calib,30,0.9710144927536232,0.2161290322580645,0.9996184826272442
val_calib,30,0.9705882352941176,0.2129032258064516,0.9996624394952096
val_calib,30,0.9701492537313433,0.20967741935483872,0.9996792443197419
val_calib,30,0.9696969696969697,0.2064516129032258,0.9997242112815218
val_calib,30,0.9692307692307692,0.2032258064516129,0.9997315411540695
val_calib,30,0.96875,0.2,0.9997353398170054
val_calib,30,0.9682539682539683,0.1967741935483871,0.9997377196690836
val_calib,30,0.967741935483871,0.1935483870967742,0.9997459536420865
val_calib,30,0.9672131147540983,0.19032258064516128,0.9997558391661516
val_calib,30,0.9666666666666667,0.1870967741935484,0.9997617229079865
val_calib,30,0.9661016949152542,0.18387096774193548,0.9997636345099352
val_calib,30,0.9655172413793104,0.18064516129032257,0.9997638289476574
val_calib,30,0.9649122807017544,0.1774193548387097,0.9997659341257913
val_calib,30,0.9642857142857143,0.17419354838709677,0.9997660312345781
val_calib,30,0.9636363636363636,0.17096774193548386,0.9997791200477597
val_calib,30,0.9629629629629629,0.16774193548387098,0.9998200129453835
val_calib,30,0.9622641509433962,0.16451612903225807,0.9998271277402871
val_calib,30,0.9615384615384616,0.16129032258064516,0.9998772667183471
val_calib,30,0.9607843137254902,0.15806451612903225,0.9998902313359077
val_calib,30,0.98,0.15806451612903225,0.9998986914591991
val_calib,30,0.9795918367346939,0.15483870967741936,0.9999035793496385
val_calib,30,0.9791666666666666,0.15161290322580645,0.9999093220908478
val_calib,30,0.9787234042553191,0.14838709677419354,0.9999169243100795
val_calib,30,0.9782608695652174,0.14516129032258066,0.9999302070738668
val_calib,30,0.9777777777777777,0.14193548387096774,0.9999321459713856
val_calib,30,0.9772727272727273,0.13870967741935483,0.9999349692270327
val_calib,30,0.9767441860465116,0.13548387096774195,0.9999356359092153
val_calib,30,0.9761904761904762,0.13225806451612904,0.9999367038999736
val_calib,30,0.975609756097561,0.12903225806451613,0.9999440684247716
val_calib,30,0.975,0.12580645161290321,0.9999460335113084
val_calib,30,0.9743589743589743,0.12258064516129032,0.9999464771977742
val_calib,30,0.9736842105263158,0.11935483870967742,0.9999549542268519
val_calib,30,0.972972972972973,0.11612903225806452,0.9999575978512075
val_calib,30,0.9722222222222222,0.11290322580645161,0.9999622761307447
val_calib,30,0.9714285714285714,0.10967741935483871,0.9999624229728501
val_calib,30,0.9705882352941176,0.1064516129032258,0.9999650327020416
val_calib,30,0.9696969696969697,0.1032258064516129,0.9999684215359449
val_calib,30,0.96875,0.1,0.9999708290562787
val_calib,30,0.967741935483871,0.0967741935483871,0.9999747385973343
val_calib,30,0.9666666666666667,0.0935483870967742,0.9999797911207646
val_calib,30,0.9655172413793104,0.09032258064516129,0.9999861387207533
val_calib,30,0.9642857142857143,0.08709677419354839,0.999991301055583
val_calib,30,0.9629629629629629,0.08387096774193549,0.9999938387115408
val_calib,30,0.9615384615384616,0.08064516129032258,0.9999959861837043
val_calib,30,0.96,0.07741935483870968,0.999997091912218
val_calib,30,0.9583333333333334,0.07419354838709677,0.9999973309803617
val_calib,30,0.9565217391304348,0.07096774193548387,0.9999980637507158
val_calib,30,0.9545454545454546,0.06774193548387097,0.9999984482880715
val_calib,30,0.9523809523809523,0.06451612903225806,0.9999987269119487
val_calib,30,0.95,0.06129032258064516,0.9999991102516586
val_calib,30,0.9473684210526315,0.05806451612903226,0.9999992965260643
val_calib,30,0.9444444444444444,0.054838709677419356,0.999999390137376
val_calib,30,0.9411764705882353,0.05161290322580645,0.9999993966979166
val_calib,30,0.9375,0.04838709677419355,0.9999995709328616
val_calib,30,0.9333333333333333,0.04516129032258064,0.9999995792856998
val_calib,30,0.9285714285714286,0.041935483870967745,0.9999997428808405
val_calib,30,0.9230769230769231,0.03870967741935484,0.999999787179952
val_calib,30,0.9166666666666666,0.035483870967741936,0.999999875807306
val_calib,30,0.9090909090909091,0.03225806451612903,0.999999896127839
val_calib,30,0.9,0.02903225806451613,0.9999999401773407
val_calib,30,0.8888888888888888,0.025806451612903226,0.9999999946635688
val_calib,30,0.875,0.02258064516129032,0.9999999954783572
val_calib,30,0.8571428571428571,0.01935483870967742,0.9999999984959285
val_calib,30,0.8333333333333334,0.016129032258064516,0.9999999999275244
val_calib,30,0.8,0.012903225806451613,0.9999999999818001
val_calib,30,0.75,0.00967741935483871,0.999999999992996
val_calib,30,0.6666666666666666,0.0064516129032258064,0.9999999999993214
val_calib,30,0.5,0.0032258064516129032,0.9999999999996332
val_calib,30,0.0,0.0,1.0
val_calib,30,1.0,0.0,
