engine_role,engine_id,cycle,horizon,label,probability,threshold,row_alert
low_cost,71,1,10,0,5.361508464385954e-21,0.11340399728926802,0
low_cost,71,2,10,0,3.812646990683174e-12,0.11340399728926802,0
low_cost,71,3,10,0,1.840228150520551e-14,0.11340399728926802,0
low_cost,71,4,10,0,1.053826061280901e-13,0.11340399728926802,0
low_cost,71,5,10,0,2.6372526727690635e-14,0.11340399728926802,0
low_cost,71,6,10,0,9.417057517220158e-14,0.11340399728926802,0
low_cost,71,7,10,0,5.312289479170376e-13,0.11340399728926802,0
low_cost,71,8,10,0,2.4100342292436183e-12,0.11340399728926802,0
low_cost,71,9,10,0,5.222360730367515e-13,0.11340399728926802,0
low_cost,71,10,10,0,1.5455997096392765e-12,0.11340399728926802,0
low_cost,71,11,10,0,1.918888377358876e-12,0.11340399728926802,0
low_cost,71,12,10,0,4.895287097160846e-12,0.11340399728926802,0
low_cost,71,13,10,0,2.808960482456703e-12,0.11340399728926802,0
low_cost,71,14,10,0,3.6262974755534434e-12,0.11340399728926802,0
low_cost,71,15,10,0,3.1318360553477334e-12,0.11340399728926802,0
low_cost,71,16,10,0,1.5526071231536969e-12,0.11340399728926802,0
low_cost,71,17,10,0,8.447201547158755e-12,0.11340399728926802,0
low_cost,71,18,10,0,7.715200195287139e-12,0.11340399728926802,0
low_cost,71,19,10,0,1.9359061483168342e-12,0.11340399728926802,0
low_cost,71,20,10,0,1.3359407829235614e-12,0.11340399728926802,0
low_cost,71,21,10,0,1.851647245403632e-12,0.11340399728926802,0
low_cost,71,22,10,0,1.8954649222182535e-12,0.11340399728926802,0
low_cost,71,23,10,0,2.8935690009253505e-12,0.11340399728926802,0
low_cost,71,24,10,0,4.15517743302129e-12,0.11340399728926802,0
low_cost,71,25,10,0,5.398405536805579e-12,0.11340399728926802,0
low_cost,71,26,10,0,3.843836516547284e-12,0.11340399728926802,0
low_cost,71,27,10,0,5.0075947270083145e-12,0.11340399728926802,0
low_cost,71,28,10,0,1.5468327336258338e-11,0.11340399728926802,0
low_cost,71,29,10,0,1.1436854170843478e-11,0.11340399728926802,0
low_cost,71,30,10,0,3.949311210789596e-12,0.11340399728926802,0
low_cost,71,31,10,0,1.1586296004099523e-11,0.11340399728926802,0
low_cost,71,32,10,0,2.4726365929496192e-11,0.11340399728926802,0
low_cost,71,33,10,0,1.2622476653792726e-11,0.11340399728926802,0
low_cost,71,34,10,0,1.1132368040658538e-11,0.11340399728926802,0
low_cost,71,35,10,0,9.782790468711308e-12,0.11340399728926802,0
low_cost,71,36,10,0,1.1539066929472205e-11,0.11340399728926802,0
low_cost,71,37,10,0,7.343961528797054e-12,0.11340399728926802,0
low_cost,71,38,10,0,4.259769281291042e-12,0.11340399728926802,0
low_cost,71,39,10,0,4.610690609137203e-12,0.11340399728926802,0
low_cost,71,40,10,0,8.36778424939525e-12,0.11340399728926802,0
low_cost,71,41,10,0,1.1187790789048723e-11,0.11340399728926802,0
low_cost,71,42,10,0,7.422969594237947e-12,0.11340399728926802,0
low_cost,71,43,10,0,8.256989842280673e-12,0.11340399728926802,0
low_cost,71,44,10,0,3.1277692328495777e-12,0.11340399728926802,0
low_cost,71,45,10,0,1.002039080500546e-11,0.11340399728926802,0
low_cost,71,46,10,0,4.194220834994025e-12,0.11340399728926802,0
low_cost,71,47,10,0,6.762625837983356e-12,0.11340399728926802,0
low_cost,71,48,10,0,5.698571012418714e-12,0.11340399728926802,0
low_cost,71,49,10,0,5.90772571058502e-12,0.11340399728926802,0
low_cost,71,50,10,0,7.244444393096598e-12,0.11340399728926802,0
low_cost,71,51,10,0,9.804778003195368e-12,0.11340399728926802,0
low_cost,71,52,10,0,1.816791030608928e-11,0.11340399728926802,0
low_cost,71,53,10,0,1.032731991228928e-11,0.11340399728926802,0
low_cost,71,54,10,0,7.213323224953194e-12,0.11340399728926802,0
low_cost,71,55,10,0,1.3055408030236959e-11,0.11340399728926802,0
low_cost,71,56,10,0,9.868880398039809e-12,0.11340399728926802,0
low_cost,71,57,10,0,1.3437944544541366e-11,0.11340399728926802,0
low_cost,71,58,10,0,6.0423703416932964e-12,0.11340399728926802,0
low_cost,71,59,10,0,7.75637957368447e-12,0.11340399728926802,0
low_cost,71,60,10,0,8.317618981531066e-12,0.11340399728926802,0
low_cost,71,61,10,0,3.5243784394628623e-12,0.11340399728926802,0
low_cost,71,62,10,0,3.477710231106677e-12,0.11340399728926802,0
low_cost,71,63,10,0,4.446240230728445e-12,0.11340399728926802,0
low_cost,71,64,10,0,2.8784842120783977e-12,0.11340399728926802,0
low_cost,71,65,10,0,6.3177201249364835e-12,0.11340399728926802,0
low_cost,71,66,10,0,5.503845374397387e-12,0.11340399728926802,0
low_cost,71,67,10,0,4.241157636189612e-12,0.11340399728926802,0
low_cost,71,68,10,0,3.5839255575376093e-12,0.11340399728926802,0
low_cost,71,69,10,0,6.7738198114173714e-12,0.11340399728926802,0
low_cost,71,70,10,0,1.8705213014210227e-12,0.11340399728926802,0
low_cost,71,71,10,0,3.374176371280624e-12,0.11340399728926802,0
low_cost,71,72,10,0,7.599779765259129e-12,0.11340399728926802,0
low_cost,71,73,10,0,6.207086470905105e-12,0.11340399728926802,0
low_cost,71,74,10,0,6.5403837796838555e-12,0.11340399728926802,0
low_cost,71,75,10,0,6.946572322244067e-12,0.11340399728926802,0
low_cost,71,76,10,0,1.146163218041779e-11,0.11340399728926802,0
low_cost,71,77,10,0,4.810904546666511e-12,0.11340399728926802,0
low_cost,71,78,10,0,6.576839487497525e-12,0.11340399728926802,0
low_cost,71,79,10,0,9.45905627364125e-12,0.11340399728926802,0
low_cost,71,80,10,0,1.1905456520344396e-11,0.11340399728926802,0
low_cost,71,81,10,0,1.963429726777781e-11,0.11340399728926802,0
low_cost,71,82,10,0,1.8275438385523884e-11,0.11340399728926802,0
low_cost,71,83,10,0,2.912737834820259e-11,0.11340399728926802,0
low_cost,71,84,10,0,4.0577978886196976e-11,0.11340399728926802,0
low_cost,71,85,10,0,5.951131201492617e-11,0.11340399728926802,0
low_cost,71,86,10,0,4.493209748275786e-11,0.11340399728926802,0
low_cost,71,87,10,0,1.714320684475831e-11,0.11340399728926802,0
low_cost,71,88,10,0,1.6925415486110006e-11,0.11340399728926802,0
low_cost,71,89,10,0,1.8912298736830092e-11,0.11340399728926802,0
low_cost,71,90,10,0,1.3850912995341814e-11,0.11340399728926802,0
low_cost,71,91,10,0,2.9028448177466034e-11,0.11340399728926802,0
low_cost,71,92,10,0,2.487340632297804e-11,0.11340399728926802,0
low_cost,71,93,10,0,6.145029087483647e-11,0.11340399728926802,0
low_cost,71,94,10,0,1.854509333782516e-11,0.11340399728926802,0
low_cost,71,95,10,0,1.2849836089784245e-11,0.11340399728926802,0
low_cost,71,96,10,0,1.4956267877554677e-11,0.11340399728926802,0
low_cost,71,97,10,0,1.4429228394827474e-11,0.11340399728926802,0
low_cost,71,98,10,0,1.5252571339471763e-11,0.11340399728926802,0
low_cost,71,99,10,0,1.3504296775132606e-11,0.11340399728926802,0
low_cost,71,100,10,0,6.707533831653022e-12,0.11340399728926802,0
low_cost,71,101,10,0,9.759154956109064e-12,0.11340399728926802,0
low_cost,71,102,10,0,8.25699079661306e-12,0.11340399728926802,0
low_cost,71,103,10,0,1.1888772148104234e-11,0.11340399728926802,0
low_cost,71,104,10,0,9.665561565591174e-12,0.11340399728926802,0
low_cost,71,105,10,0,1.3895857784882837e-11,0.11340399728926802,0
low_cost,71,106,10,0,9.987048071651641e-12,0.11340399728926802,0
low_cost,71,107,10,0,2.2755111746369502e-11,0.11340399728926802,0
low_cost,71,108,10,0,1.3422232622726135e-11,0.11340399728926802,0
low_cost,71,109,10,0,8.871219437221254e-12,0.11340399728926802,0
low_cost,71,110,10,0,1.2987159295888053e-11,0.11340399728926802,0
low_cost,71,111,10,0,1.0197170103864803e-11,0.11340399728926802,0
low_cost,71,112,10,0,7.770079094290376e-12,0.11340399728926802,0
low_cost,71,113,10,0,9.759500639304272e-12,0.11340399728926802,0
low_cost,71,114,10,0,8.846408393468425e-12,0.11340399728926802,0
low_cost,71,115,10,0,1.2102839027866241e-11,0.11340399728926802,0
low_cost,71,116,10,0,1.179412896211096e-11,0.11340399728926802,0
low_cost,71,117,10,0,1.0189857031483246e-11,0.11340399728926802,0
low_cost,71,118,10,0,1.516962429354304e-11,0.11340399728926802,0
low_cost,71,119,10,0,2.1315333024069978e-11,0.11340399728926802,0
low_cost,71,120,10,0,1.5531565922378146e-11,0.11340399728926802,0
low_cost,71,121,10,0,5.6242392112119746e-11,0.11340399728926802,0
low_cost,71,122,10,0,4.447350534200216e-11,0.11340399728926802,0
low_cost,71,123,10,0,1.1942998500438225e-10,0.11340399728926802,0
low_cost,71,124,10,0,1.3116335242043914e-10,0.11340399728926802,0
low_cost,71,125,10,0,1.6072266409753982e-10,0.11340399728926802,0
low_cost,71,126,10,0,2.256317142301976e-10,0.11340399728926802,0
low_cost,71,127,10,0,4.302196227377443e-10,0.11340399728926802,0
low_cost,71,128,10,0,7.727537894031532e-10,0.11340399728926802,0
low_cost,71,129,10,0,4.099396149499842e-10,0.11340399728926802,0
low_cost,71,130,10,0,2.2426194311956123e-10,0.11340399728926802,0
low_cost,71,131,10,0,2.0533841931092973e-10,0.11340399728926802,0
low_cost,71,132,10,0,3.0478407197305054e-10,0.11340399728926802,0
low_cost,71,133,10,0,1.967633358925078e-09,0.11340399728926802,0
low_cost,71,134,10,0,1.5684093457410083e-09,0.11340399728926802,0
low_cost,71,135,10,0,2.467308964278313e-09,0.11340399728926802,0
low_cost,71,136,10,0,2.526095136165342e-09,0.11340399728926802,0
low_cost,71,137,10,0,2.9299775139476187e-09,0.11340399728926802,0
low_cost,71,138,10,0,5.67723805165477e-09,0.11340399728926802,0
low_cost,71,139,10,0,3.909875511332406e-09,0.11340399728926802,0
low_cost,71,140,10,0,2.546664850167721e-09,0.11340399728926802,0
low_cost,71,141,10,0,6.02634706142832e-09,0.11340399728926802,0
low_cost,71,142,10,0,2.444354114532951e-09,0.11340399728926802,0
low_cost,71,143,10,0,1.7531648323642728e-08,0.11340399728926802,0
low_cost,71,144,10,0,1.0021274106481158e-08,0.11340399728926802,0
low_cost,71,145,10,0,8.596523075746033e-09,0.11340399728926802,0
low_cost,71,146,10,0,1.6626150161388322e-08,0.11340399728926802,0
low_cost,71,147,10,0,4.306383179828975e-08,0.11340399728926802,0
low_cost,71,148,10,0,4.463089332440968e-08,0.11340399728926802,0
low_cost,71,149,10,0,2.440412205712718e-08,0.11340399728926802,0
low_cost,71,150,10,0,2.1409887099223204e-08,0.11340399728926802,0
low_cost,71,151,10,0,2.4024802158337872e-08,0.11340399728926802,0
low_cost,71,152,10,0,6.138261387411749e-08,0.11340399728926802,0
low_cost,71,153,10,0,5.298853842041723e-08,0.11340399728926802,0
low_cost,71,154,10,0,5.8718059313239844e-08,0.11340399728926802,0
low_cost,71,155,10,0,1.6635768240471377e-07,0.11340399728926802,0
low_cost,71,156,10,0,8.400738129526414e-08,0.11340399728926802,0
low_cost,71,157,10,0,4.587327821916144e-08,0.11340399728926802,0
low_cost,71,158,10,0,9.842729827533926e-08,0.11340399728926802,0
low_cost,71,159,10,0,9.749332992267269e-08,0.11340399728926802,0
low_cost,71,160,10,0,6.989764816355583e-07,0.11340399728926802,0
low_cost,71,161,10,0,3.1632423031037517e-07,0.11340399728926802,0
low_cost,71,162,10,0,2.0348054295407708e-07,0.11340399728926802,0
low_cost,71,163,10,0,5.19494446732717e-07,0.11340399728926802,0
low_cost,71,164,10,0,1.555633373975961e-07,0.11340399728926802,0
low_cost,71,165,10,0,4.3292961010696397e-07,0.11340399728926802,0
low_cost,71,166,10,0,5.805802733917898e-07,0.11340399728926802,0
low_cost,71,167,10,0,9.181873996947001e-07,0.11340399728926802,0
low_cost,71,168,10,0,1.2908669362789471e-06,0.11340399728926802,0
low_cost,71,169,10,0,9.486993526333162e-07,0.11340399728926802,0
low_cost,71,170,10,0,8.67354979316768e-07,0.11340399728926802,0
low_cost,71,171,10,0,2.201655067026129e-06,0.11340399728926802,0
low_cost,71,172,10,0,1.4056681539371157e-06,0.11340399728926802,0
low_cost,71,173,10,0,6.012830230172845e-06,0.11340399728926802,0
low_cost,71,174,10,0,3.681112034211314e-06,0.11340399728926802,0
low_cost,71,175,10,0,9.779404859784035e-06,0.11340399728926802,0
low_cost,71,176,10,0,1.3124330407187709e-05,0.11340399728926802,0
low_cost,71,177,10,0,2.0167543348274632e-05,0.11340399728926802,0
low_cost,71,178,10,0,2.808081866692361e-05,0.11340399728926802,0
low_cost,71,179,10,0,3.589939190563842e-05,0.11340399728926802,0
low_cost,71,180,10,0,0.00020903593099611575,0.11340399728926802,0
low_cost,71,181,10,0,0.00010416906908149129,0.11340399728926802,0
low_cost,71,182,10,0,0.0002956151448006948,0.11340399728926802,0
low_cost,71,183,10,0,0.000489196771390717,0.11340399728926802,0
low_cost,71,184,10,0,0.00022434327282215007,0.11340399728926802,0
low_cost,71,185,10,0,0.0004751045354931168,0.11340399728926802,0
low_cost,71,186,10,0,0.0003707818713083297,0.11340399728926802,0
low_cost,71,187,10,0,0.000491640030305969,0.11340399728926802,0
low_cost,71,188,10,0,0.003262033657219721,0.11340399728926802,0
low_cost,71,189,10,0,0.0026384152536297572,0.11340399728926802,0
low_cost,71,190,10,0,0.003072703060926046,0.11340399728926802,0
low_cost,71,191,10,0,0.02866199052023132,0.11340399728926802,0
low_cost,71,192,10,0,0.018252171232961557,0.11340399728926802,0
low_cost,71,193,10,0,0.011931339487581941,0.11340399728926802,0
low_cost,71,194,10,0,0.01710573732822015,0.11340399728926802,0
low_cost,71,195,10,0,0.027616658126780824,0.11340399728926802,0
low_cost,71,196,10,0,0.15350123584318187,0.11340399728926802,1
low_cost,71,197,10,0,0.11763386547320266,0.11340399728926802,1
low_cost,71,198,10,1,0.14112895340918696,0.11340399728926802,1
low_cost,71,199,10,1,0.3448708234818497,0.11340399728926802,1
low_cost,71,200,10,1,0.5043078485353117,0.11340399728926802,1
low_cost,71,201,10,1,0.7882444131659185,0.11340399728926802,1
low_cost,71,202,10,1,0.8268485639590645,0.11340399728926802,1
low_cost,71,203,10,1,0.9533546222957815,0.11340399728926802,1
low_cost,71,204,10,1,0.9481003898488894,0.11340399728926802,1
low_cost,71,205,10,1,0.9604586028314585,0.11340399728926802,1
low_cost,71,206,10,1,0.9935719896635132,0.11340399728926802,1
low_cost,71,207,10,1,0.9981117342120105,0.11340399728926802,1
low_cost,71,208,10,1,0.9996288511353555,0.11340399728926802,1
low_cost,71,1,20,0,3.4712918344128163e-19,0.22290462955112206,0
low_cost,71,2,20,0,0.870945455397373,0.22290462955112206,1
low_cost,71,3,20,0,8.027830806200544e-10,0.22290462955112206,0
low_cost,71,4,20,0,1.8877799937712058e-09,0.22290462955112206,0
low_cost,71,5,20,0,4.8304844915983e-13,0.22290462955112206,0
low_cost,71,6,20,0,4.566146123207874e-12,0.22290462955112206,0
low_cost,71,7,20,0,1.5546467273392993e-11,0.22290462955112206,0
low_cost,71,8,20,0,3.009637689544483e-10,0.22290462955112206,0
low_cost,71,9,20,0,5.0285896577482617e-11,0.22290462955112206,0
low_cost,71,10,20,0,5.63918170682492e-10,0.22290462955112206,0
low_cost,71,11,20,0,2.3931011791673387e-09,0.22290462955112206,0
low_cost,71,12,20,0,1.1938928175675406e-08,0.22290462955112206,0
low_cost,71,13,20,0,1.268976110351716e-08,0.22290462955112206,0
low_cost,71,14,20,0,1.3504187577216589e-08,0.22290462955112206,0
low_cost,71,15,20,0,1.4925795794613154e-08,0.22290462955112206,0
low_cost,71,16,20,0,3.866325174478558e-09,0.22290462955112206,0
low_cost,71,17,20,0,2.332894225695028e-08,0.22290462955112206,0
low_cost,71,18,20,0,4.227184756922961e-08,0.22290462955112206,0
low_cost,71,19,20,0,6.387143513662321e-09,0.22290462955112206,0
low_cost,71,20,20,0,1.6029255118262556e-09,0.22290462955112206,0
low_cost,71,21,20,0,2.856342419922666e-09,0.22290462955112206,0
low_cost,71,22,20,0,3.444048218261117e-09,0.22290462955112206,0
low_cost,71,23,20,0,5.176845897384124e-09,0.22290462955112206,0
low_cost,71,24,20,0,1.3681126632406997e-08,0.22290462955112206,0
low_cost,71,25,20,0,1.825858185770862e-08,0.22290462955112206,0
low_cost,71,26,20,0,3.161494761558398e-08,0.22290462955112206,0
low_cost,71,27,20,0,2.168350754744246e-08,0.22290462955112206,0
low_cost,71,28,20,0,1.1911134945266093e-07,0.22290462955112206,0
low_cost,71,29,20,0,9.378665609653772e-08,0.22290462955112206,0
low_cost,71,30,20,0,2.6089708213126404e-08,0.22290462955112206,0
low_cost,71,31,20,0,5.716814771649115e-08,0.22290462955112206,0
low_cost,71,32,20,0,4.06233563721329e-07,0.22290462955112206,0
low_cost,71,33,20,0,7.737427021275542e-08,0.22290462955112206,0
low_cost,71,34,20,0,5.345990070690737e-08,0.22290462955112206,0
low_cost,71,35,20,0,4.9589893365172796e-08,0.22290462955112206,0
low_cost,71,36,20,0,3.208021528304566e-08,0.22290462955112206,0
low_cost,71,37,20,0,3.152351401903062e-08,0.22290462955112206,0
low_cost,71,38,20,0,2.4587346239776467e-08,0.22290462955112206,0
low_cost,71,39,20,0,8.780210143653562e-09,0.22290462955112206,0
low_cost,71,40,20,0,3.145729469202203e-08,0.22290462955112206,0
low_cost,71,41,20,0,4.032735007626517e-08,0.22290462955112206,0
low_cost,71,42,20,0,4.256107078882736e-08,0.22290462955112206,0
low_cost,71,43,20,0,2.6419646892783222e-08,0.22290462955112206,0
low_cost,71,44,20,0,1.1181094263427867e-08,0.22290462955112206,0
low_cost,71,45,20,0,1.7847689247192903e-08,0.22290462955112206,0
low_cost,71,46,20,0,8.921636342937386e-09,0.22290462955112206,0
low_cost,71,47,20,0,7.554895922644487e-09,0.22290462955112206,0
low_cost,71,48,20,0,1.1258127672949361e-08,0.22290462955112206,0
low_cost,71,49,20,0,1.606929318026166e-08,0.22290462955112206,0
low_cost,71,50,20,0,1.7960724288798864e-08,0.22290462955112206,0
low_cost,71,51,20,0,2.322615276324962e-08,0.22290462955112206,0
low_cost,71,52,20,0,6.840300565650437e-08,0.22290462955112206,0
low_cost,71,53,20,0,7.387376760150012e-08,0.22290462955112206,0
low_cost,71,54,20,0,2.5475969559739878e-08,0.22290462955112206,0
low_cost,71,55,20,0,5.358536861567899e-08,0.22290462955112206,0
low_cost,71,56,20,0,4.5463498360268723e-08,0.22290462955112206,0
low_cost,71,57,20,0,3.7386349428027364e-08,0.22290462955112206,0
low_cost,71,58,20,0,3.3540833577343724e-08,0.22290462955112206,0
low_cost,71,59,20,0,2.155541230448572e-08,0.22290462955112206,0
low_cost,71,60,20,0,4.166384693278942e-08,0.22290462955112206,0
low_cost,71,61,20,0,1.2976084119482443e-08,0.22290462955112206,0
low_cost,71,62,20,0,1.0247286731075282e-08,0.22290462955112206,0
low_cost,71,63,20,0,1.4418551038917502e-08,0.22290462955112206,0
low_cost,71,64,20,0,5.562167678828348e-09,0.22290462955112206,0
low_cost,71,65,20,0,9.676726427364347e-09,0.22290462955112206,0
low_cost,71,66,20,0,1.16758859310756e-08,0.22290462955112206,0
low_cost,71,67,20,0,7.938994013044081e-09,0.22290462955112206,0
low_cost,71,68,20,0,5.024905608579099e-09,0.22290462955112206,0
low_cost,71,69,20,0,1.1857365664705193e-08,0.22290462955112206,0
low_cost,71,70,20,0,7.459055458118901e-09,0.22290462955112206,0
low_cost,71,71,20,0,4.95811090433167e-09,0.22290462955112206,0
low_cost,71,72,20,0,2.1531257851353575e-08,0.22290462955112206,0
low_cost,71,73,20,0,4.1583655337131166e-08,0.22290462955112206,0
low_cost,71,74,20,0,1.577048834869955e-08,0.22290462955112206,0
low_cost,71,75,20,0,2.549820233904395e-08,0.22290462955112206,0
low_cost,71,76,20,0,7.147501185292127e-08,0.22290462955112206,0
low_cost,71,77,20,0,2.6419391595887307e-08,0.22290462955112206,0
low_cost,71,78,20,0,2.5402155392318964e-08,0.22290462955112206,0
low_cost,71,79,20,0,5.060055652074249e-08,0.22290462955112206,0
low_cost,71,80,20,0,3.0856123535249574e-08,0.22290462955112206,0
low_cost,71,81,20,0,8.417200130084305e-08,0.22290462955112206,0
low_cost,71,82,20,0,1.1266988198889979e-07,0.22290462955112206,0
low_cost,71,83,20,0,1.7837090219753848e-07,0.22290462955112206,0
low_cost,71,84,20,0,2.69553264026571e-07,0.22290462955112206,0
low_cost,71,85,20,0,4.858897583406478e-07,0.22290462955112206,0
low_cost,71,86,20,0,3.4171164355090016e-07,0.22290462955112206,0
low_cost,71,87,20,0,8.888324651063304e-08,0.22290462955112206,0
low_cost,71,88,20,0,5.8836810646089956e-08,0.22290462955112206,0
low_cost,71,89,20,0,6.628174177040177e-08,0.22290462955112206,0
low_cost,71,90,20,0,6.775663597437117e-08,0.22290462955112206,0
low_cost,71,91,20,0,9.028239520847187e-08,0.22290462955112206,0
low_cost,71,92,20,0,9.829864745204546e-08,0.22290462955112206,0
low_cost,71,93,20,0,1.8628965615682104e-07,0.22290462955112206,0
low_cost,71,94,20,0,1.1990721712350776e-07,0.22290462955112206,0
low_cost,71,95,20,0,6.033740061114584e-08,0.22290462955112206,0
low_cost,71,96,20,0,5.366228295966113e-08,0.22290462955112206,0
low_cost,71,97,20,0,7.785845397662671e-08,0.22290462955112206,0
low_cost,71,98,20,0,8.826872387113675e-08,0.22290462955112206,0
low_cost,71,99,20,0,5.6847048859499024e-08,0.22290462955112206,0
low_cost,71,100,20,0,1.3578728315085359e-08,0.22290462955112206,0
low_cost,71,101,20,0,8.184946946827882e-09,0.22290462955112206,0
low_cost,71,102,20,0,1.2530877846285224e-08,0.22290462955112206,0
low_cost,71,103,20,0,1.5489585824906913e-08,0.22290462955112206,0
low_cost,71,104,20,0,2.058048135446848e-08,0.22290462955112206,0
low_cost,71,105,20,0,2.4877763220872606e-08,0.22290462955112206,0
low_cost,71,106,20,0,2.1119139098918126e-08,0.22290462955112206,0
low_cost,71,107,20,0,3.5896824119267246e-08,0.22290462955112206,0
low_cost,71,108,20,0,3.722143008789908e-08,0.22290462955112206,0
low_cost,71,109,20,0,9.766329412263749e-09,0.22290462955112206,0
low_cost,71,110,20,0,2.9084798870701225e-08,0.22290462955112206,0
low_cost,71,111,20,0,1.6097493983962563e-08,0.22290462955112206,0
low_cost,71,112,20,0,1.0742808323812736e-08,0.22290462955112206,0
low_cost,71,113,20,0,1.8487587164334275e-08,0.22290462955112206,0
low_cost,71,114,20,0,1.2514186017594908e-08,0.22290462955112206,0
low_cost,71,115,20,0,1.872766648484464e-08,0.22290462955112206,0
low_cost,71,116,20,0,2.0045506917033465e-08,0.22290462955112206,0
low_cost,71,117,20,0,1.1538253971701343e-08,0.22290462955112206,0
low_cost,71,118,20,0,1.1421702152014654e-08,0.22290462955112206,0
low_cost,71,119,20,0,2.963615905585431e-08,0.22290462955112206,0
low_cost,71,120,20,0,1.1464224868278017e-08,0.22290462955112206,0
low_cost,71,121,20,0,4.8528612425240853e-08,0.22290462955112206,0
low_cost,71,122,20,0,5.4180604818509755e-08,0.22290462955112206,0
low_cost,71,123,20,0,1.5124007725529286e-07,0.22290462955112206,0
low_cost,71,124,20,0,2.828678763551286e-07,0.22290462955112206,0
low_cost,71,125,20,0,1.8495481508706434e-07,0.22290462955112206,0
low_cost,71,126,20,0,1.0539112842284202e-07,0.22290462955112206,0
low_cost,71,127,20,0,3.451791559833626e-07,0.22290462955112206,0
low_cost,71,128,20,0,5.630355183223055e-07,0.22290462955112206,0
low_cost,71,129,20,0,4.507025922826848e-07,0.22290462955112206,0
low_cost,71,130,20,0,9.983708108552687e-08,0.22290462955112206,0
low_cost,71,131,20,0,6.888666963719348e-08,0.22290462955112206,0
low_cost,71,132,20,0,9.591767146407986e-08,0.22290462955112206,0
low_cost,71,133,20,0,6.293855427502e-07,0.22290462955112206,0
low_cost,71,134,20,0,1.4832178939058317e-06,0.22290462955112206,0
low_cost,71,135,20,0,9.892231322957448e-07,0.22290462955112206,0
low_cost,71,136,20,0,1.781173645730406e-06,0.22290462955112206,0
low_cost,71,137,20,0,2.40737595551683e-06,0.22290462955112206,0
low_cost,71,138,20,0,4.803765962030191e-06,0.22290462955112206,0
low_cost,71,139,20,0,1.8829595373643157e-06,0.22290462955112206,0
low_cost,71,140,20,0,8.675526111623204e-07,0.22290462955112206,0
low_cost,71,141,20,0,1.5341636897586844e-06,0.22290462955112206,0
low_cost,71,142,20,0,6.378248907544335e-07,0.22290462955112206,0
low_cost,71,143,20,0,5.9781582675095845e-06,0.22290462955112206,0
low_cost,71,144,20,0,7.680029478050364e-06,0.22290462955112206,0
low_cost,71,145,20,0,3.3179141631862056e-06,0.22290462955112206,0
low_cost,71,146,20,0,5.10638330098912e-06,0.22290462955112206,0
low_cost,71,147,20,0,2.55071520729304e-05,0.22290462955112206,0
low_cost,71,148,20,0,5.972018988398146e-05,0.22290462955112206,0
low_cost,71,149,20,0,1.4533497607820767e-05,0.22290462955112206,0
low_cost,71,150,20,0,8.850816895894775e-06,0.22290462955112206,0
low_cost,71,151,20,0,1.9720709832372017e-05,0.22290462955112206,0
low_cost,71,152,20,0,5.5928790967232335e-05,0.22290462955112206,0
low_cost,71,153,20,0,2.8996407338891534e-05,0.22290462955112206,0
low_cost,71,154,20,0,3.0559874588960556e-05,0.22290462955112206,0
low_cost,71,155,20,0,0.00015126519704061517,0.22290462955112206,0
low_cost,71,156,20,0,0.0001669807235628202,0.22290462955112206,0
low_cost,71,157,20,0,3.0226649588127034e-05,0.22290462955112206,0
low_cost,71,158,20,0,5.0934255186081275e-05,0.22290462955112206,0
low_cost,71,159,20,0,7.87359518070963e-05,0.22290462955112206,0
low_cost,71,160,20,0,0.0006125870671259649,0.22290462955112206,0
low_cost,71,161,20,0,0.00027509378574343556,0.22290462955112206,0
low_cost,71,162,20,0,0.00011044319548496564,0.22290462955112206,0
low_cost,71,163,20,0,0.00021350020383131444,0.22290462955112206,0
low_cost,71,164,20,0,7.3080461650074e-05,0.22290462955112206,0
low_cost,71,165,20,0,0.0003064905646216688,0.22290462955112206,0
low_cost,71,166,20,0,0.0006506104542086981,0.22290462955112206,0
low_cost,71,167,20,0,0.0008779948037815289,0.22290462955112206,0
low_cost,71,168,20,0,0.001514815696427627,0.22290462955112206,0
low_cost,71,169,20,0,0.0009862431565539774,0.22290462955112206,0
low_cost,71,170,20,0,0.0005590783967524198,0.22290462955112206,0
low_cost,71,171,20,0,0.002120028375839494,0.22290462955112206,0
low_cost,71,172,20,0,0.001900942520483034,0.22290462955112206,0
low_cost,71,173,20,0,0.012026096451120894,0.22290462955112206,0
low_cost,71,174,20,0,0.00794817943176722,0.22290462955112206,0
low_cost,71,175,20,0,0.007818519835310627,0.22290462955112206,0
low_cost,71,176,20,0,0.016522612986343523,0.22290462955112206,0
low_cost,71,177,20,0,0.02230489674862801,0.22290462955112206,0
low_cost,71,178,20,0,0.040011181906403966,0.22290462955112206,0
low_cost,71,179,20,0,0.037779677570604825,0.22290462955112206,0
low_cost,71,180,20,0,0.21129827637419002,0.22290462955112206,0
low_cost,71,181,20,0,0.14111730407264278,0.22290462955112206,0
low_cost,71,182,20,0,0.16636840196343153,0.22290462955112206,0
low_cost,71,183,20,0,0.29018631096896536,0.22290462955112206,1
low_cost,71,184,20,0,0.15193242624931083,0.22290462955112206,0
low_cost,71,185,20,0,0.25654177538214273,0.22290462955112206,1
low_cost,71,186,20,0,0.2684173554124044,0.22290462955112206,1
low_cost,71,187,20,0,0.14915475413788332,0.22290462955112206,0
low_cost,71,188,20,1,0.5355940565774178,0.22290462955112206,1
low_cost,71,189,20,1,0.629268561701472,0.22290462955112206,1
low_cost,71,190,20,1,0.5882704250450339,0.22290462955112206,1
low_cost,71,191,20,1,0.9282224113918263,0.22290462955112206,1
low_cost,71,192,20,1,0.9153614827439348,0.22290462955112206,1
low_cost,71,193,20,1,0.774734346375657,0.22290462955112206,1
low_cost,71,194,20,1,0.8126995947477358,0.22290462955112206,1
low_cost,71,195,20,1,0.8742274593677056,0.22290462955112206,1
low_cost,71,196,20,1,0.960120539294047,0.22290462955112206,1
low_cost,71,197,20,1,0.9629419941033643,0.22290462955112206,1
low_cost,71,198,20,1,0.9608104904193302,0.22290462955112206,1
low_cost,71,199,20,1,0.9913682887233035,0.22290462955112206,1
low_cost,71,200,20,1,0.9957046568656899,0.22290462955112206,1
low_cost,71,201,20,1,0.9993419408121723,0.22290462955112206,1
low_cost,71,202,20,1,0.9994069854384904,0.22290462955112206,1
low_cost,71,203,20,1,0.9998677193219753,0.22290462955112206,1
low_cost,71,204,20,1,0.9998057601952565,0.22290462955112206,1
low_cost,71,205,20,1,0.9999020127673468,0.22290462955112206,1
low_cost,71,206,20,1,0.99999010656394,0.22290462955112206,1
low_cost,71,207,20,1,0.9999991102516586,0.22290462955112206,1
low_cost,71,208,20,1,0.999999787179952,0.22290462955112206,1
low_cost,71,1,30,0,8.017570587001982e-15,0.11654045954796569,0
low_cost,71,2,30,0,0.870945455397373,0.11654045954796569,1
low_cost,71,3,30,0,1.8340154345670488e-09,0.11654045954796569,0
low_cost,71,4,30,0,1.265474742125543e-08,0.11654045954796569,0
low_cost,71,5,30,0,1.6817687743748226e-10,0.11654045954796569,0
low_cost,71,6,30,0,6.511217511096985e-10,0.11654045954796569,0
low_cost,71,7,30,0,2.856010142513165e-08,0.11654045954796569,0
low_cost,71,8,30,0,4.072664199119333e-07,0.11654045954796569,0
low_cost,71,9,30,0,7.00366188205304e-08,0.11654045954796569,0
low_cost,71,10,30,0,3.298477080407472e-07,0.11654045954796569,0
low_cost,71,11,30,0,1.3972617863382218e-06,0.11654045954796569,0
low_cost,71,12,30,0,5.65231983759014e-06,0.11654045954796569,0
low_cost,71,13,30,0,1.5443610065971286e-06,0.11654045954796569,0
low_cost,71,14,30,0,2.7813486213464674e-06,0.11654045954796569,0
low_cost,71,15,30,0,3.845417042132001e-06,0.11654045954796569,0
low_cost,71,16,30,0,2.90065015254241e-06,0.11654045954796569,0
low_cost,71,17,30,0,1.0726281355237216e-05,0.11654045954796569,0
low_cost,71,18,30,0,1.538309665764961e-05,0.11654045954796569,0
low_cost,71,19,30,0,5.3578676812545e-06,0.11654045954796569,0
low_cost,71,20,30,0,2.0196234441795947e-06,0.11654045954796569,0
low_cost,71,21,30,0,4.4191658398030205e-06,0.11654045954796569,0
low_cost,71,22,30,0,4.708766251022154e-06,0.11654045954796569,0
low_cost,71,23,30,0,6.574710442574447e-06,0.11654045954796569,0
low_cost,71,24,30,0,1.932341655484908e-05,0.11654045954796569,0
low_cost,71,25,30,0,2.5975923649621534e-05,0.11654045954796569,0
low_cost,71,26,30,0,2.0815983889688814e-05,0.11654045954796569,0
low_cost,71,27,30,0,2.6576277559455164e-05,0.11654045954796569,0
low_cost,71,28,30,0,9.518196227055306e-05,0.11654045954796569,0
low_cost,71,29,30,0,8.493726668251571e-05,0.11654045954796569,0
low_cost,71,30,30,0,3.928589497195089e-05,0.11654045954796569,0
low_cost,71,31,30,0,8.726319371964518e-05,0.11654045954796569,0
low_cost,71,32,30,0,0.0002861575753102712,0.11654045954796569,0
low_cost,71,33,30,0,0.0001797974595463835,0.11654045954796569,0
low_cost,71,34,30,0,7.000024058306143e-05,0.11654045954796569,0
low_cost,71,35,30,0,6.626721049732466e-05,0.11654045954796569,0
low_cost,71,36,30,0,5.951828660758642e-05,0.11654045954796569,0
low_cost,71,37,30,0,3.4754916864819764e-05,0.11654045954796569,0
low_cost,71,38,30,0,2.837361920548955e-05,0.11654045954796569,0
low_cost,71,39,30,0,1.543967592614552e-05,0.11654045954796569,0
low_cost,71,40,30,0,4.202638022528699e-05,0.11654045954796569,0
low_cost,71,41,30,0,8.328703793570336e-05,0.11654045954796569,0
low_cost,71,42,30,0,6.837186357878997e-05,0.11654045954796569,0
low_cost,71,43,30,0,7.993108435087366e-05,0.11654045954796569,0
low_cost,71,44,30,0,4.6831433030258345e-05,0.11654045954796569,0
low_cost,71,45,30,0,5.7853267665768954e-05,0.11654045954796569,0
low_cost,71,46,30,0,2.8789215161495776e-05,0.11654045954796569,0
low_cost,71,47,30,0,2.9929973005616217e-05,0.11654045954796569,0
low_cost,71,48,30,0,6.584726892065435e-05,0.11654045954796569,0
low_cost,71,49,30,0,2.8025028013286305e-05,0.11654045954796569,0
low_cost,71,50,30,0,4.199451679665732e-05,0.11654045954796569,0
low_cost,71,51,30,0,3.3324122033656795e-05,0.11654045954796569,0
low_cost,71,52,30,0,6.883214167443155e-05,0.11654045954796569,0
low_cost,71,53,30,0,7.610672184575936e-05,0.11654045954796569,0
low_cost,71,54,30,0,3.926046467286804e-05,0.11654045954796569,0
low_cost,71,55,30,0,6.141908962803552e-05,0.11654045954796569,0
low_cost,71,56,30,0,5.240449181159824e-05,0.11654045954796569,0
low_cost,71,57,30,0,6.0001661116047476e-05,0.11654045954796569,0
low_cost,71,58,30,0,3.455172982549179e-05,0.11654045954796569,0
low_cost,71,59,30,0,2.0470322627115743e-05,0.11654045954796569,0
low_cost,71,60,30,0,2.986957046056582e-05,0.11654045954796569,0
low_cost,71,61,30,0,1.1144201307451452e-05,0.11654045954796569,0
low_cost,71,62,30,0,1.3267653043225306e-05,0.11654045954796569,0
low_cost,71,63,30,0,2.8249842797314925e-05,0.11654045954796569,0
low_cost,71,64,30,0,1.3732896395696726e-05,0.11654045954796569,0
low_cost,71,65,30,0,1.3361257178721935e-05,0.11654045954796569,0
low_cost,71,66,30,0,1.76002772956495e-05,0.11654045954796569,0
low_cost,71,67,30,0,1.0101998614580874e-05,0.11654045954796569,0
low_cost,71,68,30,0,7.920607033152272e-06,0.11654045954796569,0
low_cost,71,69,30,0,1.660449938295466e-05,0.11654045954796569,0
low_cost,71,70,30,0,9.252193208586304e-06,0.11654045954796569,0
low_cost,71,71,30,0,1.0518662055841414e-05,0.11654045954796569,0
low_cost,71,72,30,0,3.5253104344694366e-05,0.11654045954796569,0
low_cost,71,73,30,0,6.697124151132711e-05,0.11654045954796569,0
low_cost,71,74,30,0,3.434584372071083e-05,0.11654045954796569,0
low_cost,71,75,30,0,4.957290390551128e-05,0.11654045954796569,0
low_cost,71,76,30,0,5.1637822187787966e-05,0.11654045954796569,0
low_cost,71,77,30,0,1.8793972812816323e-05,0.11654045954796569,0
low_cost,71,78,30,0,1.3388322076331074e-05,0.11654045954796569,0
low_cost,71,79,30,0,2.336820484630659e-05,0.11654045954796569,0
low_cost,71,80,30,0,2.2908912804376432e-05,0.11654045954796569,0
low_cost,71,81,30,0,6.798974872852367e-05,0.11654045954796569,0
low_cost,71,82,30,0,0.00014218460836758665,0.11654045954796569,0
low_cost,71,83,30,0,0.00013152959440324618,0.11654045954796569,0
low_cost,71,84,30,0,0.00015853642690195284,0.11654045954796569,0
low_cost,71,85,30,0,0.000293899779239353,0.11654045954796569,0
low_cost,71,86,30,0,0.00021178828241031475,0.11654045954796569,0
low_cost,71,87,30,0,9.455785716397585e-05,0.11654045954796569,0
low_cost,71,88,30,0,3.930320579766455e-05,0.11654045954796569,0
low_cost,71,89,30,0,3.7421085576118565e-05,0.11654045954796569,0
low_cost,71,90,30,0,2.7816851527154018e-05,0.11654045954796569,0
low_cost,71,91,30,0,4.74474348729056e-05,0.11654045954796569,0
low_cost,71,92,30,0,6.033445976580109e-05,0.11654045954796569,0
low_cost,71,93,30,0,0.0001683736845725837,0.11654045954796569,0
low_cost,71,94,30,0,9.755941914161171e-05,0.11654045954796569,0
low_cost,71,95,30,0,2.425417271861082e-05,0.11654045954796569,0
low_cost,71,96,30,0,2.259607478207433e-05,0.11654045954796569,0
low_cost,71,97,30,0,1.3071385720941197e-05,0.11654045954796569,0
low_cost,71,98,30,0,1.0226136265838247e-05,0.11654045954796569,0
low_cost,71,99,30,0,8.168161386205757e-06,0.11654045954796569,0
low_cost,71,100,30,0,4.027658794207772e-06,0.11654045954796569,0
low_cost,71,101,30,0,4.392819078434192e-06,0.11654045954796569,0
low_cost,71,102,30,0,5.523011922139263e-06,0.11654045954796569,0
low_cost,71,103,30,0,7.048919355644778e-06,0.11654045954796569,0
low_cost,71,104,30,0,9.388322298531732e-06,0.11654045954796569,0
low_cost,71,105,30,0,9.268652860191931e-06,0.11654045954796569,0
low_cost,71,106,30,0,7.983862865822468e-06,0.11654045954796569,0
low_cost,71,107,30,0,1.4426153445557564e-05,0.11654045954796569,0
low_cost,71,108,30,0,1.6802818362111603e-05,0.11654045954796569,0
low_cost,71,109,30,0,8.743537030388149e-06,0.11654045954796569,0
low_cost,71,110,30,0,1.2399078554247104e-05,0.11654045954796569,0
low_cost,71,111,30,0,7.348519213249255e-06,0.11654045954796569,0
low_cost,71,112,30,0,5.018668011841199e-06,0.11654045954796569,0
low_cost,71,113,30,0,9.170911226339845e-06,0.11654045954796569,0
low_cost,71,114,30,0,6.128189667193195e-06,0.11654045954796569,0
low_cost,71,115,30,0,8.281416976737785e-06,0.11654045954796569,0
low_cost,71,116,30,0,5.483538259642262e-06,0.11654045954796569,0
low_cost,71,117,30,0,3.7773638852603515e-06,0.11654045954796569,0
low_cost,71,118,30,0,4.823791977597971e-06,0.11654045954796569,0
low_cost,71,119,30,0,6.425269454334442e-06,0.11654045954796569,0
low_cost,71,120,30,0,8.246730630814668e-06,0.11654045954796569,0
low_cost,71,121,30,0,2.8593724840483617e-05,0.11654045954796569,0
low_cost,71,122,30,0,3.0284873661708953e-05,0.11654045954796569,0
low_cost,71,123,30,0,7.749738756451293e-05,0.11654045954796569,0
low_cost,71,124,30,0,0.0002786615922159169,0.11654045954796569,0
low_cost,71,125,30,0,0.00014189662010765674,0.11654045954796569,0
low_cost,71,126,30,0,0.00015704585789509643,0.11654045954796569,0
low_cost,71,127,30,0,0.00024648236961902144,0.11654045954796569,0
low_cost,71,128,30,0,0.0003643450293540547,0.11654045954796569,0
low_cost,71,129,30,0,0.0002533099249994792,0.11654045954796569,0
low_cost,71,130,30,0,6.424760072990223e-05,0.11654045954796569,0
low_cost,71,131,30,0,2.755166974343031e-05,0.11654045954796569,0
low_cost,71,132,30,0,4.504004090780405e-05,0.11654045954796569,0
low_cost,71,133,30,0,0.00035018037770981466,0.11654045954796569,0
low_cost,71,134,30,0,0.0004449662915521797,0.11654045954796569,0
low_cost,71,135,30,0,0.000412355581132658,0.11654045954796569,0
low_cost,71,136,30,0,0.0005559701819321749,0.11654045954796569,0
low_cost,71,137,30,0,0.0007570347885217191,0.11654045954796569,0
low_cost,71,138,30,0,0.0018992818433712897,0.11654045954796569,0
low_cost,71,139,30,0,0.0011183447763741118,0.11654045954796569,0
low_cost,71,140,30,0,0.00034251976027224344,0.11654045954796569,0
low_cost,71,141,30,0,0.0008462124024283911,0.11654045954796569,0
low_cost,71,142,30,0,0.0005617011254645514,0.11654045954796569,0
low_cost,71,143,30,0,0.002099848354536466,0.11654045954796569,0
low_cost,71,144,30,0,0.003913072143087436,0.11654045954796569,0
low_cost,71,145,30,0,0.001261032420807624,0.11654045954796569,0
low_cost,71,146,30,0,0.0023490228992706077,0.11654045954796569,0
low_cost,71,147,30,0,0.0063704577621025,0.11654045954796569,0
low_cost,71,148,30,0,0.011530470236890128,0.11654045954796569,0
low_cost,71,149,30,0,0.006822449109713095,0.11654045954796569,0
low_cost,71,150,30,0,0.002617257943383092,0.11654045954796569,0
low_cost,71,151,30,0,0.00248510375365937,0.11654045954796569,0
low_cost,71,152,30,0,0.011269779449301884,0.11654045954796569,0
low_cost,71,153,30,0,0.021738657978677717,0.11654045954796569,0
low_cost,71,154,30,0,0.014953080829500002,0.11654045954796569,0
low_cost,71,155,30,0,0.026144713312550204,0.11654045954796569,0
low_cost,71,156,30,0,0.025688429966444486,0.11654045954796569,0
low_cost,71,157,30,0,0.007763843965674106,0.11654045954796569,0
low_cost,71,158,30,0,0.013560792630548763,0.11654045954796569,0
low_cost,71,159,30,0,0.022008646833352345,0.11654045954796569,0
low_cost,71,160,30,0,0.10099949616699082,0.11654045954796569,0
low_cost,71,161,30,0,0.05606419848081339,0.11654045954796569,0
low_cost,71,162,30,0,0.01564714846794683,0.11654045954796569,0
low_cost,71,163,30,0,0.045437991562041445,0.11654045954796569,0
low_cost,71,164,30,0,0.017121476699382614,0.11654045954796569,0
low_cost,71,165,30,0,0.031057440020290525,0.11654045954796569,0
low_cost,71,166,30,0,0.061266382558581196,0.11654045954796569,0
low_cost,71,167,30,0,0.07262479450944279,0.11654045954796569,0
low_cost,71,168,30,0,0.11121967907063117,0.11654045954796569,0
low_cost,71,169,30,0,0.07386456260213387,0.11654045954796569,0
low_cost,71,170,30,0,0.02073899012688122,0.11654045954796569,0
low_cost,71,171,30,0,0.06142801084867454,0.11654045954796569,0
low_cost,71,172,30,0,0.04927861576521452,0.11654045954796569,0
low_cost,71,173,30,0,0.1642589772718808,0.11654045954796569,1
low_cost,71,174,30,0,0.15878500761986372,0.11654045954796569,1
low_cost,71,175,30,0,0.2749297319873297,0.11654045954796569,1
low_cost,71,176,30,0,0.38348692233787585,0.11654045954796569,1
low_cost,71,177,30,0,0.3973394452566754,0.11654045954796569,1
low_cost,71,178,30,1,0.5457293808924527,0.11654045954796569,1
low_cost,71,179,30,1,0.5525834089985193,0.11654045954796569,1
low_cost,71,180,30,1,0.7950549799057229,0.11654045954796569,1
low_cost,71,181,30,1,0.6863327660012568,0.11654045954796569,1
low_cost,71,182,30,1,0.7719551980944226,0.11654045954796569,1
low_cost,71,183,30,1,0.9335588570217176,0.11654045954796569,1
low_cost,71,184,30,1,0.8821395877667076,0.11654045954796569,1
low_cost,71,185,30,1,0.9046013124284829,0.11654045954796569,1
low_cost,71,186,30,1,0.9308340280992046,0.11654045954796569,1
low_cost,71,187,30,1,0.9345136308259814,0.11654045954796569,1
low_cost,71,188,30,1,0.980336267280556,0.11654045954796569,1
low_cost,71,189,30,1,0.9847392593962321,0.11654045954796569,1
low_cost,71,190,30,1,0.9865713077716969,0.11654045954796569,1
low_cost,71,191,30,1,0.9983198702070408,0.11654045954796569,1
low_cost,71,192,30,1,0.997659469855052,0.11654045954796569,1
low_cost,71,193,30,1,0.9938829043389154,0.11654045954796569,1
low_cost,71,194,30,1,0.9941430177541746,0.11654045954796569,1
low_cost,71,195,30,1,0.9973113106236096,0.11654045954796569,1
low_cost,71,196,30,1,0.9991351258757828,0.11654045954796569,1
low_cost,71,197,30,1,0.999073931778504,0.11654045954796569,1
low_cost,71,198,30,1,0.9981933513244474,0.11654045954796569,1
low_cost,71,199,30,1,0.9992358467102488,0.11654045954796569,1
low_cost,71,200,30,1,0.9997659341257913,0.11654045954796569,1
low_cost,71,201,30,1,0.9999321459713856,0.11654045954796569,1
low_cost,71,202,30,1,0.9999349692270327,0.11654045954796569,1
low_cost,71,203,30,1,0.9999650327020416,0.11654045954796569,1
low_cost,71,204,30,1,0.9999549542268519,0.11654045954796569,1
low_cost,71,205,30,1,0.9999367038999736,0.11654045954796569,1
low_cost,71,206,30,1,0.999991301055583,0.11654045954796569,1
low_cost,71,207,30,1,0.9999991102516586,0.11654045954796569,1
low_cost,71,208,30,1,0.999999787179952,0.11654045954796569,1
median_cost,19,1,10,0,3.372987780340188e-19,0.11340399728926802,0
median_cost,19,2,10,0,8.047473845693303e-14,0.11340399728926802,0
median_cost,19,3,10,0,3.948441921399874e-12,0.11340399728926802,0
median_cost,19,4,10,0,3.89299691132244e-12,0.11340399728926802,0
median_cost,19,5,10,0,3.7832269279976675e-12,0.11340399728926802,0
median_cost,19,6,10,0,5.205363611645477e-12,0.11340399728926802,0
median_cost,19,7,10,0,1.8944352741360178e-12,0.11340399728926802,0
median_cost,19,8,10,0,7.543228355282269e-12,0.11340399728926802,0
median_cost,19,9,10,0,8.258293370197377e-12,0.11340399728926802,0
median_cost,19,10,10,0,4.976762150998752e-12,0.11340399728926802,0
median_cost,19,11,10,0,3.3059252081691874e-11,0.11340399728926802,0
median_cost,19,12,10,0,1.882821746330067e-10,0.11340399728926802,0
median_cost,19,13,10,0,7.962858807706307e-11,0.11340399728926802,0
median_cost,19,14,10,0,1.4597539127757522e-10,0.11340399728926802,0
median_cost,19,15,10,0,1.2228001252795795e-10,0.11340399728926802,0
median_cost,19,16,10,0,9.169301373793807e-11,0.11340399728926802,0
median_cost,19,17,10,0,1.3847000458983852e-10,0.11340399728926802,0
median_cost,19,18,10,0,1.4482406292075625e-10,0.11340399728926802,0
median_cost,19,19,10,0,4.1731772355687337e-10,0.11340399728926802,0
median_cost,19,20,10,0,2.0187267196209563e-10,0.11340399728926802,0
median_cost,19,21,10,0,1.2871728765983162e-10,0.11340399728926802,0
median_cost,19,22,10,0,7.208932121983345e-11,0.11340399728926802,0
median_cost,19,23,10,0,3.531765854749023e-10,0.11340399728926802,0
median_cost,19,24,10,0,1.9205941302913531e-10,0.11340399728926802,0
median_cost,19,25,10,0,1.3180876235181274e-10,0.11340399728926802,0
median_cost,19,26,10,0,1.1414666920446887e-10,0.11340399728926802,0
median_cost,19,27,10,0,1.6307768481193443e-10,0.11340399728926802,0
median_cost,19,28,10,0,1.0338366604998064e-10,0.11340399728926802,0
median_cost,19,29,10,0,1.205674361275099e-10,0.11340399728926802,0
median_cost,19,30,10,0,1.772160900028791e-10,0.11340399728926802,0
median_cost,19,31,10,0,1.6951275698729378e-10,0.11340399728926802,0
median_cost,19,32,10,0,7.248904793463817e-10,0.11340399728926802,0
median_cost,19,33,10,0,4.482688912866216e-10,0.11340399728926802,0
median_cost,19,34,10,0,5.033888181609217e-10,0.11340399728926802,0
median_cost,19,35,10,0,4.866076353222185e-10,0.11340399728926802,0
median_cost,19,36,10,0,5.098908175496e-10,0.11340399728926802,0
median_cost,19,37,10,0,5.530047439889418e-10,0.11340399728926802,0
median_cost,19,38,10,0,4.155514048470495e-10,0.11340399728926802,0
median_cost,19,39,10,0,4.3499760652646895e-10,0.11340399728926802,0
median_cost,19,40,10,0,2.866269920836429e-10,0.11340399728926802,0
median_cost,19,41,10,0,2.647620385923612e-10,0.11340399728926802,0
median_cost,19,42,10,0,1.4292793844528717e-10,0.11340399728926802,0
median_cost,19,43,10,0,1.739428018410075e-10,0.11340399728926802,0
median_cost,19,44,10,0,8.06017861756497e-11,0.11340399728926802,0
median_cost,19,45,10,0,1.9652568063364047e-10,0.11340399728926802,0
median_cost,19,46,10,0,2.2014106586725383e-10,0.11340399728926802,0
median_cost,19,47,10,0,1.7945275596471216e-10,0.11340399728926802,0
median_cost,19,48,10,0,1.7907346641858865e-10,0.11340399728926802,0
median_cost,19,49,10,0,1.617396991266892e-10,0.11340399728926802,0
median_cost,19,50,10,0,2.352251701254898e-10,0.11340399728926802,0
median_cost,19,51,10,0,1.235924264880679e-10,0.11340399728926802,0
median_cost,19,52,10,0,1.5969415505212726e-10,0.11340399728926802,0
median_cost,19,53,10,0,2.3550798639571474e-10,0.11340399728926802,0
median_cost,19,54,10,0,3.4588968302583216e-10,0.11340399728926802,0
median_cost,19,55,10,0,2.6755307211429375e-10,0.11340399728926802,0
median_cost,19,56,10,0,1.144142535327004e-10,0.11340399728926802,0
median_cost,19,57,10,0,1.100557483641337e-10,0.11340399728926802,0
median_cost,19,58,10,0,2.717533119793432e-10,0.11340399728926802,0
median_cost,19,59,10,0,2.06582139835553e-10,0.11340399728926802,0
median_cost,19,60,10,0,2.7374049462930486e-10,0.11340399728926802,0
median_cost,19,61,10,0,2.453745454904432e-10,0.11340399728926802,0
median_cost,19,62,10,0,2.370937755704704e-10,0.11340399728926802,0
median_cost,19,63,10,0,3.537929360916517e-10,0.11340399728926802,0
median_cost,19,64,10,0,1.6295752803210698e-10,0.11340399728926802,0
median_cost,19,65,10,0,2.1463472388555556e-10,0.11340399728926802,0
median_cost,19,66,10,0,2.7963492503739204e-10,0.11340399728926802,0
median_cost,19,67,10,0,9.320381124221708e-10,0.11340399728926802,0
median_cost,19,68,10,0,4.943844935163377e-10,0.11340399728926802,0
median_cost,19,69,10,0,9.280779162363651e-10,0.11340399728926802,0
median_cost,19,70,10,0,5.119553903703031e-10,0.11340399728926802,0
median_cost,19,71,10,0,1.2768087629756885e-09,0.11340399728926802,0
median_cost,19,72,10,0,1.6379459238190535e-09,0.11340399728926802,0
median_cost,19,73,10,0,1.3135035414105434e-09,0.11340399728926802,0
median_cost,19,74,10,0,1.2542835613147724e-09,0.11340399728926802,0
median_cost,19,75,10,0,1.6175917562992043e-09,0.11340399728926802,0
median_cost,19,76,10,0,1.9088540677653168e-09,0.11340399728926802,0
median_cost,19,77,10,0,2.5744644667007596e-09,0.11340399728926802,0
median_cost,19,78,10,0,1.8379815485240531e-09,0.11340399728926802,0
median_cost,19,79,10,0,2.7873948814894905e-09,0.11340399728926802,0
median_cost,19,80,10,0,6.50874790729024e-09,0.11340399728926802,0
median_cost,19,81,10,0,2.4889207865957743e-08,0.11340399728926802,0
median_cost,19,82,10,0,1.23730661008642e-08,0.11340399728926802,0
median_cost,19,83,10,0,2.2638218517510347e-08,0.11340399728926802,0
median_cost,19,84,10,0,2.2328130776403067e-08,0.11340399728926802,0
median_cost,19,85,10,0,4.989547822158013e-08,0.11340399728926802,0
median_cost,19,86,10,0,3.0745824523240825e-08,0.11340399728926802,0
median_cost,19,87,10,0,3.51967318531276e-08,0.11340399728926802,0
median_cost,19,88,10,0,7.066191741087378e-08,0.11340399728926802,0
median_cost,19,89,10,0,3.107561362721898e-07,0.11340399728926802,0
median_cost,19,90,10,0,1.2923187265842824e-07,0.11340399728926802,0
median_cost,19,91,10,0,1.43317700613874e-07,0.11340399728926802,0
median_cost,19,92,10,0,1.250586242964712e-07,0.11340399728926802,0
median_cost,19,93,10,0,1.5917124357153982e-07,0.11340399728926802,0
median_cost,19,94,10,0,3.9878846519553166e-07,0.11340399728926802,0
median_cost,19,95,10,0,4.453218948725761e-07,0.11340399728926802,0
median_cost,19,96,10,0,8.619069742162971e-07,0.11340399728926802,0
median_cost,19,97,10,0,1.777980342633097e-06,0.11340399728926802,0
median_cost,19,98,10,0,7.761655886867947e-07,0.11340399728926802,0
median_cost,19,99,10,0,4.21804527911336e-07,0.11340399728926802,0
median_cost,19,100,10,0,7.676472004498631e-07,0.11340399728926802,0
median_cost,19,101,10,0,4.924988053439003e-07,0.11340399728926802,0
median_cost,19,102,10,0,5.187769511395407e-07,0.11340399728926802,0
median_cost,19,103,10,0,5.031451967494857e-07,0.11340399728926802,0
median_cost,19,104,10,0,1.121263269400598e-06,0.11340399728926802,0
median_cost,19,105,10,0,1.9265733665942614e-06,0.11340399728926802,0
median_cost,19,106,10,0,3.2620708006571223e-06,0.11340399728926802,0
median_cost,19,107,10,0,1.7115983615651797e-06,0.11340399728926802,0
median_cost,19,108,10,0,1.3817940041520404e-06,0.11340399728926802,0
median_cost,19,109,10,0,1.329883432602597e-06,0.11340399728926802,0
median_cost,19,110,10,0,2.4621464313310083e-06,0.11340399728926802,0
median_cost,19,111,10,0,1.4411162156950194e-06,0.11340399728926802,0
median_cost,19,112,10,0,3.2468515513326433e-06,0.11340399728926802,0
median_cost,19,113,10,0,2.6898318329112604e-06,0.11340399728926802,0
median_cost,19,114,10,0,1.1615465695827063e-05,0.11340399728926802,0
median_cost,19,115,10,0,3.4394573618392683e-06,0.11340399728926802,0
median_cost,19,116,10,0,2.637069518628918e-06,0.11340399728926802,0
median_cost,19,117,10,0,2.4426419174298997e-06,0.11340399728926802,0
median_cost,19,118,10,0,5.161533132382306e-06,0.11340399728926802,0
median_cost,19,119,10,0,7.093511295007521e-06,0.11340399728926802,0
median_cost,19,120,10,0,1.0323842680958893e-05,0.11340399728926802,0
median_cost,19,121,10,0,3.0132730405435206e-05,0.11340399728926802,0
median_cost,19,122,10,0,6.234152527464518e-05,0.11340399728926802,0
median_cost,19,123,10,0,4.853613756908857e-05,0.11340399728926802,0
median_cost,19,124,10,0,0.00011153174321723445,0.11340399728926802,0
median_cost,19,125,10,0,0.00015808760280685744,0.11340399728926802,0
median_cost,19,126,10,0,0.00011600795197698853,0.11340399728926802,0
median_cost,19,127,10,0,8.932232282263369e-05,0.11340399728926802,0
median_cost,19,128,10,0,0.0003677909686869261,0.11340399728926802,0
median_cost,19,129,10,0,0.0001267476561280781,0.11340399728926802,0
median_cost,19,130,10,0,0.00033123196428326036,0.11340399728926802,0
median_cost,19,131,10,0,0.0002751049700888891,0.11340399728926802,0
median_cost,19,132,10,0,0.0009305648077464958,0.11340399728926802,0
median_cost,19,133,10,0,0.000677038653460402,0.11340399728926802,0
median_cost,19,134,10,0,0.0017327303702520062,0.11340399728926802,0
median_cost,19,135,10,0,0.0038519375267863296,0.11340399728926802,0
median_cost,19,136,10,0,0.0060115318020878775,0.11340399728926802,0
median_cost,19,137,10,0,0.010084485679290045,0.11340399728926802,0
median_cost,19,138,10,0,0.013379976155189039,0.11340399728926802,0
median_cost,19,139,10,0,0.07040418578177246,0.11340399728926802,0
median_cost,19,140,10,0,0.09438446957631448,0.11340399728926802,0
median_cost,19,141,10,0,0.037033381646788315,0.11340399728926802,0
median_cost,19,142,10,0,0.05984840555914679,0.11340399728926802,0
median_cost,19,143,10,0,0.12934198492764162,0.11340399728926802,1
median_cost,19,144,10,0,0.1591530963193941,0.11340399728926802,1
median_cost,19,145,10,0,0.0933568820776227,0.11340399728926802,0
median_cost,19,146,10,0,0.4842075634741993,0.11340399728926802,1
median_cost,19,147,10,0,0.40872454195838337,0.11340399728926802,1
median_cost,19,148,10,1,0.569361115832056,0.11340399728926802,1
median_cost,19,149,10,1,0.8082710722030227,0.11340399728926802,1
median_cost,19,150,10,1,0.819422472628138,0.11340399728926802,1
median_cost,19,151,10,1,0.9381036175270637,0.11340399728926802,1
median_cost,19,152,10,1,0.9231982114565311,0.11340399728926802,1
median_cost,19,153,10,1,0.9346962562165413,0.11340399728926802,1
median_cost,19,154,10,1,0.9687273105805632,0.11340399728926802,1
median_cost,19,155,10,1,0.990576477884918,0.11340399728926802,1
median_cost,19,156,10,1,0.9891883378376094,0.11340399728926802,1
median_cost,19,157,10,1,0.9894904365981074,0.11340399728926802,1
median_cost,19,158,10,1,0.9989899380613674,0.11340399728926802,1
median_cost,19,1,20,0,3.372987780340188e-19,0.22290462955112206,0
median_cost,19,2,20,0,8.047473845693303e-14,0.22290462955112206,0
median_cost,19,3,20,0,1.4583716707324889e-08,0.22290462955112206,0
median_cost,19,4,20,0,2.4444371807808303e-10,0.22290462955112206,0
median_cost,19,5,20,0,9.667801676631761e-12,0.22290462955112206,0
median_cost,19,6,20,0,3.5620105732646286e-10,0.22290462955112206,0
median_cost,19,7,20,0,1.235343285134674e-11,0.22290462955112206,0
median_cost,19,8,20,0,5.0599983404975364e-11,0.22290462955112206,0
median_cost,19,9,20,0,2.3672558982060026e-10,0.22290462955112206,0
median_cost,19,10,20,0,6.319790883550332e-11,0.22290462955112206,0
median_cost,19,11,20,0,1.3184439191300863e-09,0.22290462955112206,0
median_cost,19,12,20,0,1.258609779511571e-07,0.22290462955112206,0
median_cost,19,13,20,0,3.358972547288041e-08,0.22290462955112206,0
median_cost,19,14,20,0,5.434273793162763e-08,0.22290462955112206,0
median_cost,19,15,20,0,7.846564871136248e-08,0.22290462955112206,0
median_cost,19,16,20,0,2.7819262986137542e-08,0.22290462955112206,0
median_cost,19,17,20,0,3.329269691676425e-08,0.22290462955112206,0
median_cost,19,18,20,0,3.6164472506372254e-08,0.22290462955112206,0
median_cost,19,19,20,0,1.4373601142227864e-07,0.22290462955112206,0
median_cost,19,20,20,0,8.563493681841916e-08,0.22290462955112206,0
median_cost,19,21,20,0,3.4837167578551375e-08,0.22290462955112206,0
median_cost,19,22,20,0,9.402868337116894e-09,0.22290462955112206,0
median_cost,19,23,20,0,4.6373879730284126e-08,0.22290462955112206,0
median_cost,19,24,20,0,7.343223417391248e-08,0.22290462955112206,0
median_cost,19,25,20,0,3.553237487475221e-08,0.22290462955112206,0
median_cost,19,26,20,0,3.993675967770751e-08,0.22290462955112206,0
median_cost,19,27,20,0,6.157738270571028e-08,0.22290462955112206,0
median_cost,19,28,20,0,7.58758915465075e-08,0.22290462955112206,0
median_cost,19,29,20,0,5.497026656325842e-08,0.22290462955112206,0
median_cost,19,30,20,0,8.498468031078901e-08,0.22290462955112206,0
median_cost,19,31,20,0,1.3651167540894363e-07,0.22290462955112206,0
median_cost,19,32,20,0,9.095482811129652e-07,0.22290462955112206,0
median_cost,19,33,20,0,6.921555224389881e-07,0.22290462955112206,0
median_cost,19,34,20,0,7.829006236867837e-07,0.22290462955112206,0
median_cost,19,35,20,0,4.920416940394853e-07,0.22290462955112206,0
median_cost,19,36,20,0,5.384520544318712e-07,0.22290462955112206,0
median_cost,19,37,20,0,6.305197382973145e-07,0.22290462955112206,0
median_cost,19,38,20,0,4.506218851543392e-07,0.22290462955112206,0
median_cost,19,39,20,0,3.024341284693956e-07,0.22290462955112206,0
median_cost,19,40,20,0,1.094433036061668e-07,0.22290462955112206,0
median_cost,19,41,20,0,1.3149619603863452e-07,0.22290462955112206,0
median_cost,19,42,20,0,8.1755539191213e-08,0.22290462955112206,0
median_cost,19,43,20,0,5.5123014063108734e-08,0.22290462955112206,0
median_cost,19,44,20,0,6.443957841967461e-08,0.22290462955112206,0
median_cost,19,45,20,0,6.240488972711004e-08,0.22290462955112206,0
median_cost,19,46,20,0,8.139494139983786e-08,0.22290462955112206,0
median_cost,19,47,20,0,9.699354560760755e-08,0.22290462955112206,0
median_cost,19,48,20,0,8.61722000515535e-08,0.22290462955112206,0
median_cost,19,49,20,0,1.4888191259797577e-07,0.22290462955112206,0
median_cost,19,50,20,0,1.6849362683311537e-07,0.22290462955112206,0
median_cost,19,51,20,0,6.685847888380354e-08,0.22290462955112206,0
median_cost,19,52,20,0,1.0523094622802045e-07,0.22290462955112206,0
median_cost,19,53,20,0,1.9682631100123652e-07,0.22290462955112206,0
median_cost,19,54,20,0,2.810688032306786e-07,0.22290462955112206,0
median_cost,19,55,20,0,1.9337968399518165e-07,0.22290462955112206,0
median_cost,19,56,20,0,6.963712562550031e-08,0.22290462955112206,0
median_cost,19,57,20,0,3.6320001322636697e-08,0.22290462955112206,0
median_cost,19,58,20,0,6.251999588923339e-08,0.22290462955112206,0
median_cost,19,59,20,0,6.117082103185516e-08,0.22290462955112206,0
median_cost,19,60,20,0,6.842041459901066e-08,0.22290462955112206,0
median_cost,19,61,20,0,3.2479005434239845e-08,0.22290462955112206,0
median_cost,19,62,20,0,5.6030385625358965e-08,0.22290462955112206,0
median_cost,19,63,20,0,9.11796401852805e-08,0.22290462955112206,0
median_cost,19,64,20,0,1.0009336281733777e-07,0.22290462955112206,0
median_cost,19,65,20,0,9.108942059322419e-08,0.22290462955112206,0
median_cost,19,66,20,0,1.1252995352982402e-07,0.22290462955112206,0
median_cost,19,67,20,0,7.258965045952284e-07,0.22290462955112206,0
median_cost,19,68,20,0,7.830109047982884e-07,0.22290462955112206,0
median_cost,19,69,20,0,8.999005353023741e-07,0.22290462955112206,0
median_cost,19,70,20,0,4.2060808955127324e-07,0.22290462955112206,0
median_cost,19,71,20,0,7.254736986525877e-07,0.22290462955112206,0
median_cost,19,72,20,0,2.077147541403627e-06,0.22290462955112206,0
median_cost,19,73,20,0,1.6800781320414967e-06,0.22290462955112206,0
median_cost,19,74,20,0,1.4040292114052945e-06,0.22290462955112206,0
median_cost,19,75,20,0,2.9041129327012435e-06,0.22290462955112206,0
median_cost,19,76,20,0,2.494117854536203e-06,0.22290462955112206,0
median_cost,19,77,20,0,2.3405544836921088e-06,0.22290462955112206,0
median_cost,19,78,20,0,2.1400872111360444e-06,0.22290462955112206,0
median_cost,19,79,20,0,2.6111697227747795e-06,0.22290462955112206,0
median_cost,19,80,20,0,6.327975378814296e-06,0.22290462955112206,0
median_cost,19,81,20,0,7.762719260654332e-05,0.22290462955112206,0
median_cost,19,82,20,0,2.655894144451887e-05,0.22290462955112206,0
median_cost,19,83,20,0,6.668547624632955e-05,0.22290462955112206,0
median_cost,19,84,20,0,7.318545577867923e-05,0.22290462955112206,0
median_cost,19,85,20,0,0.000257630952755664,0.22290462955112206,0
median_cost,19,86,20,0,0.00010329880190942965,0.22290462955112206,0
median_cost,19,87,20,0,8.164080943219531e-05,0.22290462955112206,0
median_cost,19,88,20,0,0.00013986830900600256,0.22290462955112206,0
median_cost,19,89,20,0,0.0013969050208749892,0.22290462955112206,0
median_cost,19,90,20,0,0.0011702153874316047,0.22290462955112206,0
median_cost,19,91,20,0,0.00046494751837543525,0.22290462955112206,0
median_cost,19,92,20,0,0.0004173223779104428,0.22290462955112206,0
median_cost,19,93,20,0,0.0006743638987777141,0.22290462955112206,0
median_cost,19,94,20,0,0.0009654893405718617,0.22290462955112206,0
median_cost,19,95,20,0,0.0013635171173458844,0.22290462955112206,0
median_cost,19,96,20,0,0.0021774454688624346,0.22290462955112206,0
median_cost,19,97,20,0,0.005681689877492044,0.22290462955112206,0
median_cost,19,98,20,0,0.001596370244685408,0.22290462955112206,0
median_cost,19,99,20,0,0.0003889723189667687,0.22290462955112206,0
median_cost,19,100,20,0,0.0005128605986390531,0.22290462955112206,0
median_cost,19,101,20,0,0.0005488741307037339,0.22290462955112206,0
median_cost,19,102,20,0,0.00025826891730229985,0.22290462955112206,0
median_cost,19,103,20,0,0.0002091111917475118,0.22290462955112206,0
median_cost,19,104,20,0,0.0010012366783386586,0.22290462955112206,0
median_cost,19,105,20,0,0.001619343075718356,0.22290462955112206,0
median_cost,19,106,20,0,0.0016656470239575694,0.22290462955112206,0
median_cost,19,107,20,0,0.0009322601501754881,0.22290462955112206,0
median_cost,19,108,20,0,0.00041384164055731425,0.22290462955112206,0
median_cost,19,109,20,0,0.00042008293510959805,0.22290462955112206,0
median_cost,19,110,20,0,0.0008936956960566075,0.22290462955112206,0
median_cost,19,111,20,0,0.0004812975583296726,0.22290462955112206,0
median_cost,19,112,20,0,0.0010881085942014842,0.22290462955112206,0
median_cost,19,113,20,0,0.0015818667458524648,0.22290462955112206,0
median_cost,19,114,20,0,0.003350341689025769,0.22290462955112206,0
median_cost,19,115,20,0,0.0014138263522372875,0.22290462955112206,0
median_cost,19,116,20,0,0.00047148616447590774,0.22290462955112206,0
median_cost,19,117,20,0,0.0002425428501879065,0.22290462955112206,0
median_cost,19,118,20,0,0.0005680983121397653,0.22290462955112206,0
median_cost,19,119,20,0,0.0011698931187057544,0.22290462955112206,0
median_cost,19,120,20,0,0.0013711274348299962,0.22290462955112206,0
median_cost,19,121,20,0,0.0030954869171844522,0.22290462955112206,0
median_cost,19,122,20,0,0.011153050478915273,0.22290462955112206,0
median_cost,19,123,20,0,0.0056394664470457495,0.22290462955112206,0
median_cost,19,124,20,0,0.009253452408286646,0.22290462955112206,0
median_cost,19,125,20,0,0.024033212479452986,0.22290462955112206,0
median_cost,19,126,20,0,0.019258418774793003,0.22290462955112206,0
median_cost,19,127,20,0,0.00913667004072954,0.22290462955112206,0
median_cost,19,128,20,0,0.0572082360811788,0.22290462955112206,0
median_cost,19,129,20,0,0.026073450346227222,0.22290462955112206,0
median_cost,19,130,20,0,0.02302741360368459,0.22290462955112206,0
median_cost,19,131,20,0,0.03460542475594928,0.22290462955112206,0
median_cost,19,132,20,0,0.08862873755059189,0.22290462955112206,0
median_cost,19,133,20,0,0.07208027062206465,0.22290462955112206,0
median_cost,19,134,20,0,0.16500412527276187,0.22290462955112206,0
median_cost,19,135,20,0,0.4408224276795589,0.22290462955112206,1
median_cost,19,136,20,0,0.5115339431800294,0.22290462955112206,1
median_cost,19,137,20,0,0.5570974114829639,0.22290462955112206,1
median_cost,19,138,20,1,0.6009796129303564,0.22290462955112206,1
median_cost,19,139,20,1,0.8453181058685318,0.22290462955112206,1
median_cost,19,140,20,1,0.9232861358533294,0.22290462955112206,1
median_cost,19,141,20,1,0.7182153092627944,0.22290462955112206,1
median_cost,19,142,20,1,0.7934233934170848,0.22290462955112206,1
median_cost,19,143,20,1,0.9093974486697531,0.22290462955112206,1
median_cost,19,144,20,1,0.9589354925262443,0.22290462955112206,1
median_cost,19,145,20,1,0.8463166063784229,0.22290462955112206,1
median_cost,19,146,20,1,0.9844074341078457,0.22290462955112206,1
median_cost,19,147,20,1,0.9801260686949408,0.22290462955112206,1
median_cost,19,148,20,1,0.979474325287096,0.22290462955112206,1
median_cost,19,149,20,1,0.9906919617864416,0.22290462955112206,1
median_cost,19,150,20,1,0.9921655256189963,0.22290462955112206,1
median_cost,19,151,20,1,0.9971423594816988,0.22290462955112206,1
median_cost,19,152,20,1,0.995244650606102,0.22290462955112206,1
median_cost,19,153,20,1,0.9983475054645765,0.22290462955112206,1
median_cost,19,154,20,1,0.9993093376273113,0.22290462955112206,1
median_cost,19,155,20,1,0.9997377196690836,0.22290462955112206,1
median_cost,19,156,20,1,0.9998200129453835,0.22290462955112206,1
median_cost,19,157,20,1,0.9997315411540695,0.22290462955112206,1
median_cost,19,158,20,1,0.9999708290562787,0.22290462955112206,1
median_cost,19,1,30,0,2.479703233951261e-15,0.11654045954796569,0
median_cost,19,2,30,0,4.9714711895346597e-11,0.11654045954796569,0
median_cost,19,3,30,0,6.54438540688653e-07,0.11654045954796569,0
median_cost,19,4,30,0,6.345320257443616e-08,0.11654045954796569,0
median_cost,19,5,30,0,1.3172279622976813e-08,0.11654045954796569,0
median_cost,19,6,30,0,3.322047664150981e-08,0.11654045954796569,0
median_cost,19,7,30,0,1.069796315511911e-08,0.11654045954796569,0
median_cost,19,8,30,0,2.428520862739587e-08,0.11654045954796569,0
median_cost,19,9,30,0,4.862680065015734e-08,0.11654045954796569,0
median_cost,19,10,30,0,1.7892142951348947e-08,0.11654045954796569,0
median_cost,19,11,30,0,2.1915070032446132e-07,0.11654045954796569,0
median_cost,19,12,30,0,7.128833206628447e-06,0.11654045954796569,0
median_cost,19,13,30,0,1.304981895314905e-06,0.11654045954796569,0
median_cost,19,14,30,0,8.016660687667543e-07,0.11654045954796569,0
median_cost,19,15,30,0,2.3795298149695078e-06,0.11654045954796569,0
median_cost,19,16,30,0,1.7753105778451692e-06,0.11654045954796569,0
median_cost,19,17,30,0,2.496778406611916e-06,0.11654045954796569,0
median_cost,19,18,30,0,2.6772044197779367e-06,0.11654045954796569,0
median_cost,19,19,30,0,1.0891731300246974e-05,0.11654045954796569,0
median_cost,19,20,30,0,8.837532516374374e-06,0.11654045954796569,0
median_cost,19,21,30,0,2.566224411030312e-06,0.11654045954796569,0
median_cost,19,22,30,0,1.0869863586143386e-06,0.11654045954796569,0
median_cost,19,23,30,0,3.7750536714491086e-06,0.11654045954796569,0
median_cost,19,24,30,0,1.3411604785592214e-05,0.11654045954796569,0
median_cost,19,25,30,0,8.407111876001965e-06,0.11654045954796569,0
median_cost,19,26,30,0,6.555586932644719e-06,0.11654045954796569,0
median_cost,19,27,30,0,1.1924354714523157e-05,0.11654045954796569,0
median_cost,19,28,30,0,1.2277452122814742e-05,0.11654045954796569,0
median_cost,19,29,30,0,2.6301041131684235e-05,0.11654045954796569,0
median_cost,19,30,30,0,8.16242767400494e-05,0.11654045954796569,0
median_cost,19,31,30,0,0.00010416632406001364,0.11654045954796569,0
median_cost,19,32,30,0,0.0002784688562480942,0.11654045954796569,0
median_cost,19,33,30,0,0.00031597621755022207,0.11654045954796569,0
median_cost,19,34,30,0,0.0002579524042357149,0.11654045954796569,0
median_cost,19,35,30,0,0.0001537847049126932,0.11654045954796569,0
median_cost,19,36,30,0,0.00014275967027232132,0.11654045954796569,0
median_cost,19,37,30,0,0.00025713262252646373,0.11654045954796569,0
median_cost,19,38,30,0,0.00016208928244447034,0.11654045954796569,0
median_cost,19,39,30,0,0.00016728447007701057,0.11654045954796569,0
median_cost,19,40,30,0,6.73733216659909e-05,0.11654045954796569,0
median_cost,19,41,30,0,7.045904024383142e-05,0.11654045954796569,0
median_cost,19,42,30,0,4.318553947304632e-05,0.11654045954796569,0
median_cost,19,43,30,0,5.2348127916335585e-05,0.11654045954796569,0
median_cost,19,44,30,0,5.0870537128102866e-05,0.11654045954796569,0
median_cost,19,45,30,0,6.752816671805815e-05,0.11654045954796569,0
median_cost,19,46,30,0,0.00011562670957836577,0.11654045954796569,0
median_cost,19,47,30,0,0.0001066229815979118,0.11654045954796569,0
median_cost,19,48,30,0,0.00011006274972481214,0.11654045954796569,0
median_cost,19,49,30,0,0.00019284159346743795,0.11654045954796569,0
median_cost,19,50,30,0,0.00015633412637630048,0.11654045954796569,0
median_cost,19,51,30,0,5.021301618633819e-05,0.11654045954796569,0
median_cost,19,52,30,0,4.4103634504455956e-05,0.11654045954796569,0
median_cost,19,53,30,0,8.936542722099505e-05,0.11654045954796569,0
median_cost,19,54,30,0,0.00019575397755752186,0.11654045954796569,0
median_cost,19,55,30,0,0.00017681637990224779,0.11654045954796569,0
median_cost,19,56,30,0,4.343424658611419e-05,0.11654045954796569,0
median_cost,19,57,30,0,2.6590326488710827e-05,0.11654045954796569,0
median_cost,19,58,30,0,3.7046610534937186e-05,0.11654045954796569,0
median_cost,19,59,30,0,3.090861877780717e-05,0.11654045954796569,0
median_cost,19,60,30,0,3.6159715404034126e-05,0.11654045954796569,0
median_cost,19,61,30,0,3.263957237169586e-05,0.11654045954796569,0
median_cost,19,62,30,0,3.848579221469331e-05,0.11654045954796569,0
median_cost,19,63,30,0,2.8246948055321758e-05,0.11654045954796569,0
median_cost,19,64,30,0,1.798760300732904e-05,0.11654045954796569,0
median_cost,19,65,30,0,2.0114910530874596e-05,0.11654045954796569,0
median_cost,19,66,30,0,5.202492031255281e-05,0.11654045954796569,0
median_cost,19,67,30,0,0.0001724906957820023,0.11654045954796569,0
median_cost,19,68,30,0,0.0001382067832889484,0.11654045954796569,0
median_cost,19,69,30,0,0.00010986406189857524,0.11654045954796569,0
median_cost,19,70,30,0,8.51160657427629e-05,0.11654045954796569,0
median_cost,19,71,30,0,0.00014270289794132032,0.11654045954796569,0
median_cost,19,72,30,0,0.00041780706156931325,0.11654045954796569,0
median_cost,19,73,30,0,0.0004135111466225139,0.11654045954796569,0
median_cost,19,74,30,0,0.0001991472379353095,0.11654045954796569,0
median_cost,19,75,30,0,0.0003086695100009043,0.11654045954796569,0
median_cost,19,76,30,0,0.00034454544814612495,0.11654045954796569,0
median_cost,19,77,30,0,0.000266239982769463,0.11654045954796569,0
median_cost,19,78,30,0,0.0001957033020991632,0.11654045954796569,0
median_cost,19,79,30,0,0.00014959310489384318,0.11654045954796569,0
median_cost,19,80,30,0,0.0004855135172330079,0.11654045954796569,0
median_cost,19,81,30,0,0.0030387069649576567,0.11654045954796569,0
median_cost,19,82,30,0,0.0014518364360803506,0.11654045954796569,0
median_cost,19,83,30,0,0.0021302816107923216,0.11654045954796569,0
median_cost,19,84,30,0,0.0027385987010912364,0.11654045954796569,0
median_cost,19,85,30,0,0.008292444063097724,0.11654045954796569,0
median_cost,19,86,30,0,0.00617906685781699,0.11654045954796569,0
median_cost,19,87,30,0,0.0037555024553252167,0.11654045954796569,0
median_cost,19,88,30,0,0.01011454133357259,0.11654045954796569,0
median_cost,19,89,30,0,0.04686551986639848,0.11654045954796569,0
median_cost,19,90,30,0,0.03227362828053899,0.11654045954796569,0
median_cost,19,91,30,0,0.015146255053967132,0.11654045954796569,0
median_cost,19,92,30,0,0.010163027268378432,0.11654045954796569,0
median_cost,19,93,30,0,0.011638293608881354,0.11654045954796569,0
median_cost,19,94,30,0,0.054189490877547014,0.11654045954796569,0
median_cost,19,95,30,0,0.08854582626473134,0.11654045954796569,0
median_cost,19,96,30,0,0.07143322619714032,0.11654045954796569,0
median_cost,19,97,30,0,0.10373301425184944,0.11654045954796569,0
median_cost,19,98,30,0,0.0424098635285646,0.11654045954796569,0
median_cost,19,99,30,0,0.020179520383519247,0.11654045954796569,0
median_cost,19,100,30,0,0.02727245168302488,0.11654045954796569,0
median_cost,19,101,30,0,0.03975981910419789,0.11654045954796569,0
median_cost,19,102,30,0,0.033675747788260914,0.11654045954796569,0
median_cost,19,103,30,0,0.022981068790724132,0.11654045954796569,0
median_cost,19,104,30,0,0.027663540277281917,0.11654045954796569,0
median_cost,19,105,30,0,0.1117129390780567,0.11654045954796569,0
median_cost,19,106,30,0,0.1177581481922679,0.11654045954796569,1
median_cost,19,107,30,0,0.0673698109424244,0.11654045954796569,0
median_cost,19,108,30,0,0.03307580598471938,0.11654045954796569,0
median_cost,19,109,30,0,0.024229919553538766,0.11654045954796569,0
median_cost,19,110,30,0,0.06145736078359642,0.11654045954796569,0
median_cost,19,111,30,0,0.04383890420556975,0.11654045954796569,0
median_cost,19,112,30,0,0.07047333023702296,0.11654045954796569,0
median_cost,19,113,30,0,0.06541730016523627,0.11654045954796569,0
median_cost,19,114,30,0,0.14844839241591049,0.11654045954796569,1
median_cost,19,115,30,0,0.11961361098933687,0.11654045954796569,1
median_cost,19,116,30,0,0.036747567115417844,0.11654045954796569,0
median_cost,19,117,30,0,0.015647963866078987,0.11654045954796569,0
median_cost,19,118,30,0,0.040529387641257415,0.11654045954796569,0
median_cost,19,119,30,0,0.09558293940115282,0.11654045954796569,0
median_cost,19,120,30,0,0.13695364175956076,0.11654045954796569,1
median_cost,19,121,30,0,0.25652221059428143,0.11654045954796569,1
median_cost,19,122,30,0,0.3610321123234286,0.11654045954796569,1
median_cost,19,123,30,0,0.27871260985931406,0.11654045954796569,1
median_cost,19,124,30,0,0.41426135620621757,0.11654045954796569,1
median_cost,19,125,30,0,0.6227177990321575,0.11654045954796569,1
median_cost,19,126,30,0,0.46257190828336586,0.11654045954796569,1
median_cost,19,127,30,0,0.40573586512781995,0.11654045954796569,1
median_cost,19,128,30,1,0.7134482752463129,0.11654045954796569,1
median_cost,19,129,30,1,0.5817208494091104,0.11654045954796569,1
median_cost,19,130,30,1,0.45321543290301614,0.11654045954796569,1
median_cost,19,131,30,1,0.5352513424419352,0.11654045954796569,1
median_cost,19,132,30,1,0.6741208388512843,0.11654045954796569,1
median_cost,19,133,30,1,0.5638546299975565,0.11654045954796569,1
median_cost,19,134,30,1,0.7779578961381306,0.11654045954796569,1
median_cost,19,135,30,1,0.9117642355477451,0.11654045954796569,1
median_cost,19,136,30,1,0.9219750130833876,0.11654045954796569,1
median_cost,19,137,30,1,0.9164764604401242,0.11654045954796569,1
median_cost,19,138,30,1,0.9136809732896694,0.11654045954796569,1
median_cost,19,139,30,1,0.9728072098008131,0.11654045954796569,1
median_cost,19,140,30,1,0.9863705913544979,0.11654045954796569,1
median_cost,19,141,30,1,0.9520063178428073,0.11654045954796569,1
median_cost,19,142,30,1,0.9571771665401023,0.11654045954796569,1
median_cost,19,143,30,1,0.9819936770688125,0.11654045954796569,1
median_cost,19,144,30,1,0.9927927665219308,0.11654045954796569,1
median_cost,19,145,30,1,0.9856857962079922,0.11654045954796569,1
median_cost,19,146,30,1,0.9977474051264572,0.11654045954796569,1
median_cost,19,147,30,1,0.9955751458417657,0.11654045954796569,1
median_cost,19,148,30,1,0.9891985467405534,0.11654045954796569,1
median_cost,19,149,30,1,0.9951540081292345,0.11654045954796569,1
median_cost,19,150,30,1,0.9977448209135368,0.11654045954796569,1
median_cost,19,151,30,1,0.9988635263949072,0.11654045954796569,1
median_cost,19,152,30,1,0.9988655774306775,0.11654045954796569,1
median_cost,19,153,30,1,0.9986501511296927,0.11654045954796569,1
median_cost,19,154,30,1,0.9993093376273113,0.11654045954796569,1
median_cost,19,155,30,1,0.9997377196690836,0.11654045954796569,1
median_cost,19,156,30,1,0.9998200129453835,0.11654045954796569,1
median_cost,19,157,30,1,0.9997315411540695,0.11654045954796569,1
median_cost,19,158,30,1,0.9999708290562787,0.11654045954796569,1
high_cost,73,1,10,0,2.2229925559733245e-18,0.11340399728926802,0
high_cost,73,2,10,0,1.1850105172293536e-11,0.11340399728926802,0
high_cost,73,3,10,0,5.110435262825804e-14,0.11340399728926802,0
high_cost,73,4,10,0,1.3459581749684183e-12,0.11340399728926802,0
high_cost,73,5,10,0,1.5062930147800007e-11,0.11340399728926802,0
high_cost,73,6,10,0,5.8143835204059075e-11,0.11340399728926802,0
high_cost,73,7,10,0,1.837654969913975e-11,0.11340399728926802,0
high_cost,73,8,10,0,2.8458766541236676e-11,0.11340399728926802,0
high_cost,73,9,10,0,1.2188002602182488e-11,0.11340399728926802,0
high_cost,73,10,10,0,2.7763153139130057e-11,0.11340399728926802,0
high_cost,73,11,10,0,4.8344730411495925e-11,0.11340399728926802,0
high_cost,73,12,10,0,5.1646938616660265e-11,0.11340399728926802,0
high_cost,73,13,10,0,7.340462934871221e-11,0.11340399728926802,0
high_cost,73,14,10,0,3.128292851625634e-11,0.11340399728926802,0
high_cost,73,15,10,0,3.010297430874148e-11,0.11340399728926802,0
high_cost,73,16,10,0,3.3333379346371595e-11,0.11340399728926802,0
high_cost,73,17,10,0,2.288916604779088e-11,0.11340399728926802,0
high_cost,73,18,10,0,8.786006725958156e-11,0.11340399728926802,0
high_cost,73,19,10,0,2.1391575071462518e-10,0.11340399728926802,0
high_cost,73,20,10,0,1.0819556814683044e-10,0.11340399728926802,0
high_cost,73,21,10,0,6.551360247506783e-11,0.11340399728926802,0
high_cost,73,22,10,0,7.169382986311827e-11,0.11340399728926802,0
high_cost,73,23,10,0,7.127936644767173e-11,0.11340399728926802,0
high_cost,73,24,10,0,1.7285583145735658e-10,0.11340399728926802,0
high_cost,73,25,10,0,1.365791946363771e-10,0.11340399728926802,0
high_cost,73,26,10,0,9.569524762085701e-11,0.11340399728926802,0
high_cost,73,27,10,0,1.2279125857194391e-10,0.11340399728926802,0
high_cost,73,28,10,0,1.5778044172738017e-10,0.11340399728926802,0
high_cost,73,29,10,0,1.6763072251188951e-10,0.11340399728926802,0
high_cost,73,30,10,0,1.2493481093673944e-10,0.11340399728926802,0
high_cost,73,31,10,0,1.8123611665800514e-10,0.11340399728926802,0
high_cost,73,32,10,0,1.2466161404810528e-10,0.11340399728926802,0
high_cost,73,33,10,0,1.74170882919111e-10,0.11340399728926802,0
high_cost,73,34,10,0,1.8093412090081056e-10,0.11340399728926802,0
high_cost,73,35,10,0,1.778986680431333e-10,0.11340399728926802,0
high_cost,73,36,10,0,2.110176098221314e-10,0.11340399728926802,0
high_cost,73,37,10,0,4.870885348107411e-10,0.11340399728926802,0
high_cost,73,38,10,0,4.3148871772165664e-10,0.11340399728926802,0
high_cost,73,39,10,0,4.809738639587787e-10,0.11340399728926802,0
high_cost,73,40,10,0,3.8573263038548674e-10,0.11340399728926802,0
high_cost,73,41,10,0,3.4756236538259065e-10,0.11340399728926802,0
high_cost,73,42,10,0,4.386365040883655e-10,0.11340399728926802,0
high_cost,73,43,10,0,4.423349408308268e-10,0.11340399728926802,0
high_cost,73,44,10,0,5.634223928706145e-10,0.11340399728926802,0
high_cost,73,45,10,0,6.613371748149293e-10,0.11340399728926802,0
high_cost,73,46,10,0,4.6157558660504865e-10,0.11340399728926802,0
high_cost,73,47,10,0,5.452720252717546e-10,0.11340399728926802,0
high_cost,73,48,10,0,7.151056584078107e-10,0.11340399728926802,0
high_cost,73,49,10,0,2.343972572010687e-10,0.11340399728926802,0
high_cost,73,50,10,0,2.81199406354362e-10,0.11340399728926802,0
high_cost,73,51,10,0,3.6146145536651394e-10,0.11340399728926802,0
high_cost,73,52,10,0,3.101736447503325e-10,0.11340399728926802,0
high_cost,73,53,10,0,1.9145105698942343e-09,0.11340399728926802,0
high_cost,73,54,10,0,1.4810876468848258e-09,0.11340399728926802,0
high_cost,73,55,10,0,1.6883337033161971e-09,0.11340399728926802,0
high_cost,73,56,10,0,1.5106049356465735e-09,0.11340399728926802,0
high_cost,73,57,10,0,3.761629871479712e-09,0.11340399728926802,0
high_cost,73,58,10,0,1.886696123602597e-09,0.11340399728926802,0
high_cost,73,59,10,0,2.1852870063943227e-09,0.11340399728926802,0
high_cost,73,60,10,0,2.9134710654039954e-09,0.11340399728926802,0
high_cost,73,61,10,0,1.6809285874206327e-09,0.11340399728926802,0
high_cost,73,62,10,0,5.733170344500298e-09,0.11340399728926802,0
high_cost,73,63,10,0,2.3063126120520204e-09,0.11340399728926802,0
high_cost,73,64,10,0,2.449513828824214e-09,0.11340399728926802,0
high_cost,73,65,10,0,6.083236807392183e-09,0.11340399728926802,0
high_cost,73,66,10,0,3.111606312619132e-09,0.11340399728926802,0
high_cost,73,67,10,0,2.3359152827062885e-09,0.11340399728926802,0
high_cost,73,68,10,0,2.312228672327436e-09,0.11340399728926802,0
high_cost,73,69,10,0,7.014868306065064e-10,0.11340399728926802,0
high_cost,73,70,10,0,9.932948317592033e-10,0.11340399728926802,0
high_cost,73,71,10,0,1.3696803769277892e-09,0.11340399728926802,0
high_cost,73,72,10,0,8.358875172864995e-10,0.11340399728926802,0
high_cost,73,73,10,0,2.896865152734812e-09,0.11340399728926802,0
high_cost,73,74,10,0,5.716631009417186e-09,0.11340399728926802,0
high_cost,73,75,10,0,3.39382373476377e-09,0.11340399728926802,0
high_cost,73,76,10,0,6.306321958867084e-09,0.11340399728926802,0
high_cost,73,77,10,0,8.357715724732614e-09,0.11340399728926802,0
high_cost,73,78,10,0,4.76842518866334e-09,0.11340399728926802,0
high_cost,73,79,10,0,3.3804720388366098e-09,0.11340399728926802,0
high_cost,73,80,10,0,1.2389410276043186e-09,0.11340399728926802,0
high_cost,73,81,10,0,1.7052739548780936e-09,0.11340399728926802,0
high_cost,73,82,10,0,1.655259955486791e-09,0.11340399728926802,0
high_cost,73,83,10,0,1.1251705103754523e-09,0.11340399728926802,0
high_cost,73,84,10,0,8.058668392690636e-10,0.11340399728926802,0
high_cost,73,85,10,0,1.584012406375722e-09,0.11340399728926802,0
high_cost,73,86,10,0,6.074279044406961e-10,0.11340399728926802,0
high_cost,73,87,10,0,1.2867159994251465e-09,0.11340399728926802,0
high_cost,73,88,10,0,1.1542184905988615e-09,0.11340399728926802,0
high_cost,73,89,10,0,1.7211760068617978e-09,0.11340399728926802,0
high_cost,73,90,10,0,1.4916757983691812e-09,0.11340399728926802,0
high_cost,73,91,10,0,1.565999650539396e-09,0.11340399728926802,0
high_cost,73,92,10,0,2.3495496747281722e-09,0.11340399728926802,0
high_cost,73,93,10,0,1.7478802406109149e-09,0.11340399728926802,0
high_cost,73,94,10,0,6.087604199687348e-09,0.11340399728926802,0
high_cost,73,95,10,0,1.71645636894867e-09,0.11340399728926802,0
high_cost,73,96,10,0,3.210576997756874e-09,0.11340399728926802,0
high_cost,73,97,10,0,3.0845963643625173e-09,0.11340399728926802,0
high_cost,73,98,10,0,2.959202309865773e-09,0.11340399728926802,0
high_cost,73,99,10,0,3.181708607194059e-09,0.11340399728926802,0
high_cost,73,100,10,0,7.413360631940672e-09,0.11340399728926802,0
high_cost,73,101,10,0,1.1393801873203946e-08,0.11340399728926802,0
high_cost,73,102,10,0,4.417349415634601e-09,0.11340399728926802,0
high_cost,73,103,10,0,6.185763768522818e-09,0.11340399728926802,0
high_cost,73,104,10,0,4.531918483433747e-09,0.11340399728926802,0
high_cost,73,105,10,0,6.766665408119286e-09,0.11340399728926802,0
high_cost,73,106,10,0,8.35633165936039e-09,0.11340399728926802,0
high_cost,73,107,10,0,4.560767010013035e-09,0.11340399728926802,0
high_cost,73,108,10,0,3.533268755067677e-09,0.11340399728926802,0
high_cost,73,109,10,0,4.427654907181138e-09,0.11340399728926802,0
high_cost,73,110,10,0,6.4671064528420074e-09,0.11340399728926802,0
high_cost,73,111,10,0,4.8575877723773785e-09,0.11340399728926802,0
high_cost,73,112,10,0,2.909862525813432e-09,0.11340399728926802,0
high_cost,73,113,10,0,6.726886656074662e-09,0.11340399728926802,0
high_cost,73,114,10,0,1.4250452137510671e-08,0.11340399728926802,0
high_cost,73,115,10,0,1.4080489611061933e-08,0.11340399728926802,0
high_cost,73,116,10,0,1.2621757730558943e-08,0.11340399728926802,0
high_cost,73,117,10,0,2.6853130747639323e-08,0.11340399728926802,0
high_cost,73,118,10,0,1.0734341086721375e-08,0.11340399728926802,0
high_cost,73,119,10,0,3.158830684886812e-08,0.11340399728926802,0
high_cost,73,120,10,0,5.384454992969433e-08,0.11340399728926802,0
high_cost,73,121,10,0,3.196900880513764e-08,0.11340399728926802,0
high_cost,73,122,10,0,4.045709722922164e-08,0.11340399728926802,0
high_cost,73,123,10,0,6.5970827627085e-08,0.11340399728926802,0
high_cost,73,124,10,0,2.6309462522556713e-08,0.11340399728926802,0
high_cost,73,125,10,0,4.515404397262452e-08,0.11340399728926802,0
high_cost,73,126,10,0,4.8501790797218965e-08,0.11340399728926802,0
high_cost,73,127,10,0,6.912188242188764e-08,0.11340399728926802,0
high_cost,73,128,10,0,5.250210600226558e-08,0.11340399728926802,0
high_cost,73,129,10,0,1.286845669439328e-07,0.11340399728926802,0
high_cost,73,130,10,0,4.416800066648824e-08,0.11340399728926802,0
high_cost,73,131,10,0,7.758902442572562e-08,0.11340399728926802,0
high_cost,73,132,10,0,2.453512601588612e-07,0.11340399728926802,0
high_cost,73,133,10,0,3.2241365204744914e-07,0.11340399728926802,0
high_cost,73,134,10,0,2.0672529496219584e-07,0.11340399728926802,0
high_cost,73,135,10,0,2.45295623255914e-07,0.11340399728926802,0
high_cost,73,136,10,0,2.605773647978771e-07,0.11340399728926802,0
high_cost,73,137,10,0,7.727535951947437e-07,0.11340399728926802,0
high_cost,73,138,10,0,2.1248768789942905e-07,0.11340399728926802,0
high_cost,73,139,10,0,2.413411001637823e-07,0.11340399728926802,0
high_cost,73,140,10,0,5.540392580302813e-07,0.11340399728926802,0
high_cost,73,141,10,0,2.9707316121104766e-07,0.11340399728926802,0
high_cost,73,142,10,0,9.831691224527363e-07,0.11340399728926802,0
high_cost,73,143,10,0,3.495685020768345e-07,0.11340399728926802,0
high_cost,73,144,10,0,9.436540036176543e-07,0.11340399728926802,0
high_cost,73,145,10,0,9.212960229017831e-07,0.11340399728926802,0
high_cost,73,146,10,0,7.779081932818312e-07,0.11340399728926802,0
high_cost,73,147,10,0,8.160701876404692e-07,0.11340399728926802,0
high_cost,73,148,10,0,9.780341572838042e-07,0.11340399728926802,0
high_cost,73,149,10,0,1.2096413464093281e-06,0.11340399728926802,0
high_cost,73,150,10,0,1.0252188802851388e-06,0.11340399728926802,0
high_cost,73,151,10,0,1.456414628539723e-06,0.11340399728926802,0
high_cost,73,152,10,0,1.33753347902488e-06,0.11340399728926802,0
high_cost,73,153,10,0,3.862173276699998e-06,0.11340399728926802,0
high_cost,73,154,10,0,1.8945544450207276e-06,0.11340399728926802,0
high_cost,73,155,10,0,3.1850883299856886e-06,0.11340399728926802,0
high_cost,73,156,10,0,5.296960389534121e-06,0.11340399728926802,0
high_cost,73,157,10,0,6.8942694454439895e-06,0.11340399728926802,0
high_cost,73,158,10,0,6.6686996385094115e-06,0.11340399728926802,0
high_cost,73,159,10,0,5.287701040171609e-06,0.11340399728926802,0
high_cost,73,160,10,0,5.209135067411559e-06,0.11340399728926802,0
high_cost,73,161,10,0,1.1041631617585467e-05,0.11340399728926802,0
high_cost,73,162,10,0,7.80234949058998e-06,0.11340399728926802,0
high_cost,73,163,10,0,1.558563918344366e-05,0.11340399728926802,0
high_cost,73,164,10,0,1.0556802362195087e-05,0.11340399728926802,0
high_cost,73,165,10,0,5.571255034772071e-06,0.11340399728926802,0
high_cost,73,166,10,0,1.149394214991156e-05,0.11340399728926802,0
high_cost,73,167,10,0,1.9761355965510624e-05,0.11340399728926802,0
high_cost,73,168,10,0,1.9834520797472978e-05,0.11340399728926802,0
high_cost,73,169,10,0,0.00010526939071378797,0.11340399728926802,0
high_cost,73,170,10,0,0.00014088224756286728,0.11340399728926802,0
high_cost,73,171,10,0,0.00020010642787286298,0.11340399728926802,0
high_cost,73,172,10,0,0.001151804007750137,0.11340399728926802,0
high_cost,73,173,10,0,0.0002428996224304287,0.11340399728926802,0
high_cost,73,174,10,0,0.0011735255402186902,0.11340399728926802,0
high_cost,73,175,10,0,0.0017850439383444833,0.11340399728926802,0
high_cost,73,176,10,0,0.001622733909591124,0.11340399728926802,0
high_cost,73,177,10,0,0.0024256242522189358,0.11340399728926802,0
high_cost,73,178,10,0,0.0035756193262538975,0.11340399728926802,0
high_cost,73,179,10,0,0.005827873022348618,0.11340399728926802,0
high_cost,73,180,10,0,0.0036979799707505087,0.11340399728926802,0
high_cost,73,181,10,0,0.003463336335546127,0.11340399728926802,0
high_cost,73,182,10,0,0.0018876838836806298,0.11340399728926802,0
high_cost,73,183,10,0,0.0041519823093890285,0.11340399728926802,0
high_cost,73,184,10,0,0.008077806715264674,0.11340399728926802,0
high_cost,73,185,10,0,0.005092463386135435,0.11340399728926802,0
high_cost,73,186,10,0,0.00660894956415869,0.11340399728926802,0
high_cost,73,187,10,0,0.01415149853322021,0.11340399728926802,0
high_cost,73,188,10,0,0.008711665274736179,0.11340399728926802,0
high_cost,73,189,10,0,0.00928087567478842,0.11340399728926802,0
high_cost,73,190,10,0,0.01588727553906191,0.11340399728926802,0
high_cost,73,191,10,0,0.022803073116962815,0.11340399728926802,0
high_cost,73,192,10,0,0.02348003757307348,0.11340399728926802,0
high_cost,73,193,10,0,0.10713415613487504,0.11340399728926802,0
high_cost,73,194,10,0,0.09253682640551478,0.11340399728926802,0
high_cost,73,195,10,0,0.0806179099376748,0.11340399728926802,0
high_cost,73,196,10,0,0.1545444211024564,0.11340399728926802,1
high_cost,73,197,10,0,0.17889297637395568,0.11340399728926802,1
high_cost,73,198,10,0,0.32082592656292575,0.11340399728926802,1
high_cost,73,199,10,0,0.3783325307000809,0.11340399728926802,1
high_cost,73,200,10,0,0.6885153762259714,0.11340399728926802,1
high_cost,73,201,10,0,0.502456650357735,0.11340399728926802,1
high_cost,73,202,10,0,0.8216892088640071,0.11340399728926802,1
high_cost,73,203,10,1,0.6769077096393235,0.11340399728926802,1
high_cost,73,204,10,1,0.855874176648284,0.11340399728926802,1
high_cost,73,205,10,1,0.8546441286219513,0.11340399728926802,1
high_cost,73,206,10,1,0.9066972883999891,0.11340399728926802,1
high_cost,73,207,10,1,0.9548791581704774,0.11340399728926802,1
high_cost,73,208,10,1,0.9894277443270184,0.11340399728926802,1
high_cost,73,209,10,1,0.9876326511221789,0.11340399728926802,1
high_cost,73,210,10,1,0.993328646418619,0.11340399728926802,1
high_cost,73,211,10,1,0.9978340052111005,0.11340399728926802,1
high_cost,73,212,10,1,0.996554618530229,0.11340399728926802,1
high_cost,73,213,10,1,0.9957401756049353,0.11340399728926802,1
high_cost,73,1,20,0,2.2229925559733245e-18,0.22290462955112206,0
high_cost,73,2,20,0,9.858121250118731e-11,0.22290462955112206,0
high_cost,73,3,20,0,5.110435262825804e-14,0.22290462955112206,0
high_cost,73,4,20,0,1.3711933005606506e-12,0.22290462955112206,0
high_cost,73,5,20,0,9.459084368232958e-10,0.22290462955112206,0
high_cost,73,6,20,0,1.3517155238868929e-08,0.22290462955112206,0
high_cost,73,7,20,0,9.51876917416929e-10,0.22290462955112206,0
high_cost,73,8,20,0,3.953761830662827e-10,0.22290462955112206,0
high_cost,73,9,20,0,8.121972231060801e-11,0.22290462955112206,0
high_cost,73,10,20,0,2.1900412686420422e-10,0.22290462955112206,0
high_cost,73,11,20,0,6.318828968098993e-10,0.22290462955112206,0
high_cost,73,12,20,0,1.2953321982078363e-09,0.22290462955112206,0
high_cost,73,13,20,0,3.440373842622673e-09,0.22290462955112206,0
high_cost,73,14,20,0,3.246875436193971e-09,0.22290462955112206,0
high_cost,73,15,20,0,2.0699172898488492e-09,0.22290462955112206,0
high_cost,73,16,20,0,2.61804567261719e-09,0.22290462955112206,0
high_cost,73,17,20,0,1.7862290439814478e-09,0.22290462955112206,0
high_cost,73,18,20,0,8.688067863526028e-09,0.22290462955112206,0
high_cost,73,19,20,0,5.820751646679237e-08,0.22290462955112206,0
high_cost,73,20,20,0,1.946866638095925e-08,0.22290462955112206,0
high_cost,73,21,20,0,5.8537418675263e-09,0.22290462955112206,0
high_cost,73,22,20,0,7.190630367221308e-09,0.22290462955112206,0
high_cost,73,23,20,0,1.1940004726135431e-08,0.22290462955112206,0
high_cost,73,24,20,0,3.4206196116118455e-08,0.22290462955112206,0
high_cost,73,25,20,0,2.753656486632539e-08,0.22290462955112206,0
high_cost,73,26,20,0,2.0806264133873236e-08,0.22290462955112206,0
high_cost,73,27,20,0,3.202495523048213e-08,0.22290462955112206,0
high_cost,73,28,20,0,5.111656391022956e-08,0.22290462955112206,0
high_cost,73,29,20,0,5.8533373680977526e-08,0.22290462955112206,0
high_cost,73,30,20,0,9.512349845500613e-08,0.22290462955112206,0
high_cost,73,31,20,0,1.0077488495222374e-07,0.22290462955112206,0
high_cost,73,32,20,0,6.529417418490818e-08,0.22290462955112206,0
high_cost,73,33,20,0,6.970163986049668e-08,0.22290462955112206,0
high_cost,73,34,20,0,1.2357347361089166e-07,0.22290462955112206,0
high_cost,73,35,20,0,1.4934769648061502e-07,0.22290462955112206,0
high_cost,73,36,20,0,3.3090163282819496e-07,0.22290462955112206,0
high_cost,73,37,20,0,5.015096084778183e-07,0.22290462955112206,0
high_cost,73,38,20,0,6.027635005861928e-07,0.22290462955112206,0
high_cost,73,39,20,0,7.661292897041021e-07,0.22290462955112206,0
high_cost,73,40,20,0,5.590934760218793e-07,0.22290462955112206,0
high_cost,73,41,20,0,5.04287371392339e-07,0.22290462955112206,0
high_cost,73,42,20,0,7.515863247779408e-07,0.22290462955112206,0
high_cost,73,43,20,0,5.350079634179371e-07,0.22290462955112206,0
high_cost,73,44,20,0,1.1038402956848537e-06,0.22290462955112206,0
high_cost,73,45,20,0,1.2281707340220924e-06,0.22290462955112206,0
high_cost,73,46,20,0,1.06747972582035e-06,0.22290462955112206,0
high_cost,73,47,20,0,8.803362932882362e-07,0.22290462955112206,0
high_cost,73,48,20,0,1.8258869029853364e-06,0.22290462955112206,0
high_cost,73,49,20,0,3.520255544495131e-07,0.22290462955112206,0
high_cost,73,50,20,0,6.896141577775355e-07,0.22290462955112206,0
high_cost,73,51,20,0,1.056877138170704e-06,0.22290462955112206,0
high_cost,73,52,20,0,9.736683828483572e-07,0.22290462955112206,0
high_cost,73,53,20,0,7.712172510279238e-06,0.22290462955112206,0
high_cost,73,54,20,0,8.76392944051283e-06,0.22290462955112206,0
high_cost,73,55,20,0,7.86331535467881e-06,0.22290462955112206,0
high_cost,73,56,20,0,5.944236247206399e-06,0.22290462955112206,0
high_cost,73,57,20,0,1.9630893105160427e-05,0.22290462955112206,0
high_cost,73,58,20,0,1.1420736223850505e-05,0.22290462955112206,0
high_cost,73,59,20,0,1.0204135901263788e-05,0.22290462955112206,0
high_cost,73,60,20,0,1.855151686165402e-05,0.22290462955112206,0
high_cost,73,61,20,0,4.4499397213752686e-06,0.22290462955112206,0
high_cost,73,62,20,0,7.093944774252594e-06,0.22290462955112206,0
high_cost,73,63,20,0,5.866701433325861e-06,0.22290462955112206,0
high_cost,73,64,20,0,4.6816357919313e-06,0.22290462955112206,0
high_cost,73,65,20,0,1.250251186880897e-05,0.22290462955112206,0
high_cost,73,66,20,0,7.226028696744979e-06,0.22290462955112206,0
high_cost,73,67,20,0,2.7846748362553643e-06,0.22290462955112206,0
high_cost,73,68,20,0,2.409139262438292e-06,0.22290462955112206,0
high_cost,73,69,20,0,2.803327355620665e-07,0.22290462955112206,0
high_cost,73,70,20,0,3.7450129401328577e-07,0.22290462955112206,0
high_cost,73,71,20,0,4.1332123578981744e-07,0.22290462955112206,0
high_cost,73,72,20,0,3.8726258163038016e-07,0.22290462955112206,0
high_cost,73,73,20,0,1.3786410086514201e-06,0.22290462955112206,0
high_cost,73,74,20,0,5.421759574530062e-06,0.22290462955112206,0
high_cost,73,75,20,0,2.6472231107861076e-06,0.22290462955112206,0
high_cost,73,76,20,0,3.25083042321766e-06,0.22290462955112206,0
high_cost,73,77,20,0,6.390535833698648e-06,0.22290462955112206,0
high_cost,73,78,20,0,3.4762139461680554e-06,0.22290462955112206,0
high_cost,73,79,20,0,1.1781993371244529e-06,0.22290462955112206,0
high_cost,73,80,20,0,1.755709292971201e-07,0.22290462955112206,0
high_cost,73,81,20,0,1.6914546429270294e-07,0.22290462955112206,0
high_cost,73,82,20,0,3.0576869212949745e-07,0.22290462955112206,0
high_cost,73,83,20,0,1.279212565574273e-07,0.22290462955112206,0
high_cost,73,84,20,0,9.863126405612088e-08,0.22290462955112206,0
high_cost,73,85,20,0,2.589493989351116e-07,0.22290462955112206,0
high_cost,73,86,20,0,1.4752909065825734e-07,0.22290462955112206,0
high_cost,73,87,20,0,1.8592697395672e-07,0.22290462955112206,0
high_cost,73,88,20,0,3.798428537222083e-07,0.22290462955112206,0
high_cost,73,89,20,0,7.378585959337229e-07,0.22290462955112206,0
high_cost,73,90,20,0,4.219994398762201e-07,0.22290462955112206,0
high_cost,73,91,20,0,2.998939764094606e-07,0.22290462955112206,0
high_cost,73,92,20,0,1.0644953783103816e-06,0.22290462955112206,0
high_cost,73,93,20,0,3.775848308760135e-07,0.22290462955112206,0
high_cost,73,94,20,0,1.3197267069301478e-06,0.22290462955112206,0
high_cost,73,95,20,0,6.798762452278764e-07,0.22290462955112206,0
high_cost,73,96,20,0,5.808436783715183e-07,0.22290462955112206,0
high_cost,73,97,20,0,4.583287408398162e-07,0.22290462955112206,0
high_cost,73,98,20,0,7.67551204761705e-07,0.22290462955112206,0
high_cost,73,99,20,0,6.267883991154892e-07,0.22290462955112206,0
high_cost,73,100,20,0,2.5452737211808164e-06,0.22290462955112206,0
high_cost,73,101,20,0,6.137150974453492e-06,0.22290462955112206,0
high_cost,73,102,20,0,1.7440146844164034e-06,0.22290462955112206,0
high_cost,73,103,20,0,1.1771526174299775e-06,0.22290462955112206,0
high_cost,73,104,20,0,1.8090660713690267e-06,0.22290462955112206,0
high_cost,73,105,20,0,1.5757988827768694e-06,0.22290462955112206,0
high_cost,73,106,20,0,3.5952022604842916e-06,0.22290462955112206,0
high_cost,73,107,20,0,1.2468178624331448e-06,0.22290462955112206,0
high_cost,73,108,20,0,8.988576165279853e-07,0.22290462955112206,0
high_cost,73,109,20,0,9.257887655751856e-07,0.22290462955112206,0
high_cost,73,110,20,0,1.8039948156419592e-06,0.22290462955112206,0
high_cost,73,111,20,0,1.9024975365941802e-06,0.22290462955112206,0
high_cost,73,112,20,0,8.197205422784976e-07,0.22290462955112206,0
high_cost,73,113,20,0,3.4187968457481347e-06,0.22290462955112206,0
high_cost,73,114,20,0,7.489139186663455e-06,0.22290462955112206,0
high_cost,73,115,20,0,8.348331658230573e-06,0.22290462955112206,0
high_cost,73,116,20,0,5.427673321369632e-06,0.22290462955112206,0
high_cost,73,117,20,0,1.3594995001800488e-05,0.22290462955112206,0
high_cost,73,118,20,0,8.484123666595287e-06,0.22290462955112206,0
high_cost,73,119,20,0,2.0987871364457085e-05,0.22290462955112206,0
high_cost,73,120,20,0,5.650070493230307e-05,0.22290462955112206,0
high_cost,73,121,20,0,3.5143126711436935e-05,0.22290462955112206,0
high_cost,73,122,20,0,2.4550187958566463e-05,0.22290462955112206,0
high_cost,73,123,20,0,3.123601667458723e-05,0.22290462955112206,0
high_cost,73,124,20,0,1.0744751632244325e-05,0.22290462955112206,0
high_cost,73,125,20,0,1.0288435459198254e-05,0.22290462955112206,0
high_cost,73,126,20,0,7.963666038800048e-06,0.22290462955112206,0
high_cost,73,127,20,0,1.7778237782792674e-05,0.22290462955112206,0
high_cost,73,128,20,0,7.887065142416371e-06,0.22290462955112206,0
high_cost,73,129,20,0,1.5541837969378917e-05,0.22290462955112206,0
high_cost,73,130,20,0,9.07027671007733e-06,0.22290462955112206,0
high_cost,73,131,20,0,9.612481764343566e-06,0.22290462955112206,0
high_cost,73,132,20,0,6.703494772024349e-05,0.22290462955112206,0
high_cost,73,133,20,0,8.238714649645625e-05,0.22290462955112206,0
high_cost,73,134,20,0,4.1707986590882225e-05,0.22290462955112206,0
high_cost,73,135,20,0,2.580203476546905e-05,0.22290462955112206,0
high_cost,73,136,20,0,3.493701802768493e-05,0.22290462955112206,0
high_cost,73,137,20,0,0.00010415880040019232,0.22290462955112206,0
high_cost,73,138,20,0,3.092588826450737e-05,0.22290462955112206,0
high_cost,73,139,20,0,2.814339714170605e-05,0.22290462955112206,0
high_cost,73,140,20,0,0.00011733737021028969,0.22290462955112206,0
high_cost,73,141,20,0,5.922902654581227e-05,0.22290462955112206,0
high_cost,73,142,20,0,0.0001353692709473696,0.22290462955112206,0
high_cost,73,143,20,0,6.662027971756676e-05,0.22290462955112206,0
high_cost,73,144,20,0,0.00010266471460899228,0.22290462955112206,0
high_cost,73,145,20,0,0.00010988542836711185,0.22290462955112206,0
high_cost,73,146,20,0,9.20804744204468e-05,0.22290462955112206,0
high_cost,73,147,20,0,8.277795107798816e-05,0.22290462955112206,0
high_cost,73,148,20,0,7.392911792495545e-05,0.22290462955112206,0
high_cost,73,149,20,0,8.237684279641142e-05,0.22290462955112206,0
high_cost,73,150,20,0,0.00012137004014145731,0.22290462955112206,0
high_cost,73,151,20,0,0.00016347181932111624,0.22290462955112206,0
high_cost,73,152,20,0,0.0001793503774622268,0.22290462955112206,0
high_cost,73,153,20,0,0.000864830657101345,0.22290462955112206,0
high_cost,73,154,20,0,0.0004392196830894321,0.22290462955112206,0
high_cost,73,155,20,0,0.000399323145728799,0.22290462955112206,0
high_cost,73,156,20,0,0.0011448900904221441,0.22290462955112206,0
high_cost,73,157,20,0,0.0014164634310809042,0.22290462955112206,0
high_cost,73,158,20,0,0.0012167969113636773,0.22290462955112206,0
high_cost,73,159,20,0,0.001086817137278788,0.22290462955112206,0
high_cost,73,160,20,0,0.0012426646663542893,0.22290462955112206,0
high_cost,73,161,20,0,0.004245054264957218,0.22290462955112206,0
high_cost,73,162,20,0,0.0035114616689928334,0.22290462955112206,0
high_cost,73,163,20,0,0.0062630012615970945,0.22290462955112206,0
high_cost,73,164,20,0,0.003199359443556309,0.22290462955112206,0
high_cost,73,165,20,0,0.0011697318106198631,0.22290462955112206,0
high_cost,73,166,20,0,0.0015031511750687304,0.22290462955112206,0
high_cost,73,167,20,0,0.005764780931619226,0.22290462955112206,0
high_cost,73,168,20,0,0.004594087148158943,0.22290462955112206,0
high_cost,73,169,20,0,0.010535526147621509,0.22290462955112206,0
high_cost,73,170,20,0,0.029311207920962274,0.22290462955112206,0
high_cost,73,171,20,0,0.03721729350943919,0.22290462955112206,0
high_cost,73,172,20,0,0.12083153170688467,0.22290462955112206,0
high_cost,73,173,20,0,0.034740687324273205,0.22290462955112206,0
high_cost,73,174,20,0,0.18304605974885677,0.22290462955112206,0
high_cost,73,175,20,0,0.33854562295145046,0.22290462955112206,1
high_cost,73,176,20,0,0.2839349559170142,0.22290462955112206,1
high_cost,73,177,20,0,0.18984207248804733,0.22290462955112206,0
high_cost,73,178,20,0,0.2480752526204191,0.22290462955112206,1
high_cost,73,179,20,0,0.47467896738380816,0.22290462955112206,1
high_cost,73,180,20,0,0.34700161483468017,0.22290462955112206,1
high_cost,73,181,20,0,0.3272156214078155,0.22290462955112206,1
high_cost,73,182,20,0,0.0750518415518812,0.22290462955112206,0
high_cost,73,183,20,0,0.09350013136604834,0.22290462955112206,0
high_cost,73,184,20,0,0.23267353441277122,0.22290462955112206,1
high_cost,73,185,20,0,0.15465404536177374,0.22290462955112206,0
high_cost,73,186,20,0,0.24612968613159647,0.22290462955112206,1
high_cost,73,187,20,0,0.5188401322077215,0.22290462955112206,1
high_cost,73,188,20,0,0.5517163334651344,0.22290462955112206,1
high_cost,73,189,20,0,0.35166089167219294,0.22290462955112206,1
high_cost,73,190,20,0,0.37110335332488636,0.22290462955112206,1
high_cost,73,191,20,0,0.4673507752332945,0.22290462955112206,1
high_cost,73,192,20,0,0.37459383594474016,0.22290462955112206,1
high_cost,73,193,20,1,0.7828062862331148,0.22290462955112206,1
high_cost,73,194,20,1,0.840524999079778,0.22290462955112206,1
high_cost,73,195,20,1,0.6476504759098067,0.22290462955112206,1
high_cost,73,196,20,1,0.7171120986003364,0.22290462955112206,1
high_cost,73,197,20,1,0.8312577868434573,0.22290462955112206,1
high_cost,73,198,20,1,0.8486961125154235,0.22290462955112206,1
high_cost,73,199,20,1,0.8760222932554721,0.22290462955112206,1
high_cost,73,200,20,1,0.953756925403515,0.22290462955112206,1
high_cost,73,201,20,1,0.9195396528438853,0.22290462955112206,1
high_cost,73,202,20,1,0.9878332087540928,0.22290462955112206,1
high_cost,73,203,20,1,0.9652451138995665,0.22290462955112206,1
high_cost,73,204,20,1,0.9870590260417422,0.22290462955112206,1
high_cost,73,205,20,1,0.9893983478900934,0.22290462955112206,1
high_cost,73,206,20,1,0.9851367147864066,0.22290462955112206,1
high_cost,73,207,20,1,0.9962003551791225,0.22290462955112206,1
high_cost,73,208,20,1,0.9991759255343176,0.22290462955112206,1
high_cost,73,209,20,1,0.9995763818151279,0.22290462955112206,1
high_cost,73,210,20,1,0.9994130154599579,0.22290462955112206,1
high_cost,73,211,20,1,0.9998986914591991,0.22290462955112206,1
high_cost,73,212,20,1,0.9997459536420865,0.22290462955112206,1
high_cost,73,213,20,1,0.9995191692015407,0.22290462955112206,1
high_cost,73,1,30,0,2.162649718438625e-15,0.11654045954796569,0
high_cost,73,2,30,0,3.1443672067702623e-06,0.11654045954796569,0
high_cost,73,3,30,0,2.2898252564341164e-11,0.11654045954796569,0
high_cost,73,4,30,0,3.0546309768499267e-09,0.11654045954796569,0
high_cost,73,5,30,0,1.0452965486009278e-07,0.11654045954796569,0
high_cost,73,6,30,0,1.6759259805929725e-06,0.11654045954796569,0
high_cost,73,7,30,0,1.8503856429290905e-07,0.11654045954796569,0
high_cost,73,8,30,0,4.334696635545139e-08,0.11654045954796569,0
high_cost,73,9,30,0,1.4110514136019181e-08,0.11654045954796569,0
high_cost,73,10,30,0,4.080350115102926e-08,0.11654045954796569,0
high_cost,73,11,30,0,3.3312191759183963e-07,0.11654045954796569,0
high_cost,73,12,30,0,6.46573595351951e-07,0.11654045954796569,0
high_cost,73,13,30,0,1.431821681276718e-06,0.11654045954796569,0
high_cost,73,14,30,0,1.383933889194773e-06,0.11654045954796569,0
high_cost,73,15,30,0,1.2753147069909835e-06,0.11654045954796569,0
high_cost,73,16,30,0,1.581611133298785e-06,0.11654045954796569,0
high_cost,73,17,30,0,8.690369501765511e-07,0.11654045954796569,0
high_cost,73,18,30,0,2.855069284925063e-06,0.11654045954796569,0
high_cost,73,19,30,0,2.1879909993218815e-05,0.11654045954796569,0
high_cost,73,20,30,0,1.594032679406884e-05,0.11654045954796569,0
high_cost,73,21,30,0,2.9699621756600225e-06,0.11654045954796569,0
high_cost,73,22,30,0,2.55823794593542e-06,0.11654045954796569,0
high_cost,73,23,30,0,3.660038907638178e-06,0.11654045954796569,0
high_cost,73,24,30,0,1.5766720785123025e-05,0.11654045954796569,0
high_cost,73,25,30,0,2.0227858942678595e-05,0.11654045954796569,0
high_cost,73,26,30,0,1.1299167567206956e-05,0.11654045954796569,0
high_cost,73,27,30,0,1.8274390691998855e-05,0.11654045954796569,0
high_cost,73,28,30,0,4.095796411756709e-05,0.11654045954796569,0
high_cost,73,29,30,0,5.805055284840511e-05,0.11654045954796569,0
high_cost,73,30,30,0,7.64350086410748e-05,0.11654045954796569,0
high_cost,73,31,30,0,8.382804877213757e-05,0.11654045954796569,0
high_cost,73,32,30,0,4.397886632354872e-05,0.11654045954796569,0
high_cost,73,33,30,0,6.056675917835699e-05,0.11654045954796569,0
high_cost,73,34,30,0,5.499330802010044e-05,0.11654045954796569,0
high_cost,73,35,30,0,4.3252611233720964e-05,0.11654045954796569,0
high_cost,73,36,30,0,8.220471312730984e-05,0.11654045954796569,0
high_cost,73,37,30,0,0.00024013413991734616,0.11654045954796569,0
high_cost,73,38,30,0,0.0002458520221656934,0.11654045954796569,0
high_cost,73,39,30,0,0.0003171650989451215,0.11654045954796569,0
high_cost,73,40,30,0,0.0001696053250117357,0.11654045954796569,0
high_cost,73,41,30,0,6.685406936046219e-05,0.11654045954796569,0
high_cost,73,42,30,0,0.00015843889394249515,0.11654045954796569,0
high_cost,73,43,30,0,0.0002080689352324,0.11654045954796569,0
high_cost,73,44,30,0,0.00017141276065954633,0.11654045954796569,0
high_cost,73,45,30,0,0.00027242625096384913,0.11654045954796569,0
high_cost,73,46,30,0,0.00016271699554115508,0.11654045954796569,0
high_cost,73,47,30,0,0.00016262582708530726,0.11654045954796569,0
high_cost,73,48,30,0,0.0002072374754529842,0.11654045954796569,0
high_cost,73,49,30,0,8.6518902379066e-05,0.11654045954796569,0
high_cost,73,50,30,0,9.336923050087391e-05,0.11654045954796569,0
high_cost,73,51,30,0,0.00022412811997762742,0.11654045954796569,0
high_cost,73,52,30,0,0.00015967200442420774,0.11654045954796569,0
high_cost,73,53,30,0,0.0006498678011282402,0.11654045954796569,0
high_cost,73,54,30,0,0.0007051924757827021,0.11654045954796569,0
high_cost,73,55,30,0,0.00044333797186189215,0.11654045954796569,0
high_cost,73,56,30,0,0.0005237597050821197,0.11654045954796569,0
high_cost,73,57,30,0,0.0015580736684996544,0.11654045954796569,0
high_cost,73,58,30,0,0.000976419335017446,0.11654045954796569,0
high_cost,73,59,30,0,0.0006073924345610656,0.11654045954796569,0
high_cost,73,60,30,0,0.0011045179796879438,0.11654045954796569,0
high_cost,73,61,30,0,0.000720031365032196,0.11654045954796569,0
high_cost,73,62,30,0,0.0009431845494128161,0.11654045954796569,0
high_cost,73,63,30,0,0.0005997038091801365,0.11654045954796569,0
high_cost,73,64,30,0,0.00033850606235797954,0.11654045954796569,0
high_cost,73,65,30,0,0.0009425157102820599,0.11654045954796569,0
high_cost,73,66,30,0,0.0011351337537840785,0.11654045954796569,0
high_cost,73,67,30,0,0.00039600759607501295,0.11654045954796569,0
high_cost,73,68,30,0,0.00028256729580911067,0.11654045954796569,0
high_cost,73,69,30,0,6.806476332239413e-05,0.11654045954796569,0
high_cost,73,70,30,0,6.326114008204272e-05,0.11654045954796569,0
high_cost,73,71,30,0,0.0001536799857844899,0.11654045954796569,0
high_cost,73,72,30,0,7.944136353224679e-05,0.11654045954796569,0
high_cost,73,73,30,0,0.00022978114333419,0.11654045954796569,0
high_cost,73,74,30,0,0.0011517138631163006,0.11654045954796569,0
high_cost,73,75,30,0,0.0006911166452020574,0.11654045954796569,0
high_cost,73,76,30,0,0.0006301781527285859,0.11654045954796569,0
high_cost,73,77,30,0,0.0006875719176386902,0.11654045954796569,0
high_cost,73,78,30,0,0.0006413525930060896,0.11654045954796569,0
high_cost,73,79,30,0,0.00025715942497986187,0.11654045954796569,0
high_cost,73,80,30,0,6.831308511304733e-05,0.11654045954796569,0
high_cost,73,81,30,0,8.881992393334855e-05,0.11654045954796569,0
high_cost,73,82,30,0,5.505156650704877e-05,0.11654045954796569,0
high_cost,73,83,30,0,4.605145205142546e-05,0.11654045954796569,0
high_cost,73,84,30,0,5.555225535617166e-05,0.11654045954796569,0
high_cost,73,85,30,0,9.374302541855586e-05,0.11654045954796569,0
high_cost,73,86,30,0,5.050079308217086e-05,0.11654045954796569,0
high_cost,73,87,30,0,5.9632832075311485e-05,0.11654045954796569,0
high_cost,73,88,30,0,0.00012480946369557695,0.11654045954796569,0
high_cost,73,89,30,0,0.00018798376969746808,0.11654045954796569,0
high_cost,73,90,30,0,0.00016241274425886059,0.11654045954796569,0
high_cost,73,91,30,0,9.50234321182542e-05,0.11654045954796569,0
high_cost,73,92,30,0,0.0001532904131777964,0.11654045954796569,0
high_cost,73,93,30,0,0.00011059354113932731,0.11654045954796569,0
high_cost,73,94,30,0,0.00027804985902642524,0.11654045954796569,0
high_cost,73,95,30,0,0.00024206273921977535,0.11654045954796569,0
high_cost,73,96,30,0,0.00030167857249263814,0.11654045954796569,0
high_cost,73,97,30,0,0.00031006093159497745,0.11654045954796569,0
high_cost,73,98,30,0,0.00030690596322566595,0.11654045954796569,0
high_cost,73,99,30,0,0.0003264218406699932,0.11654045954796569,0
high_cost,73,100,30,0,0.00043935630695312607,0.11654045954796569,0
high_cost,73,101,30,0,0.0005068083694320334,0.11654045954796569,0
high_cost,73,102,30,0,0.0001643085174247995,0.11654045954796569,0
high_cost,73,103,30,0,0.00012804081866540497,0.11654045954796569,0
high_cost,73,104,30,0,0.00013755399035208918,0.11654045954796569,0
high_cost,73,105,30,0,0.00013635272094863915,0.11654045954796569,0
high_cost,73,106,30,0,0.00027934441819167037,0.11654045954796569,0
high_cost,73,107,30,0,0.00020489087839151122,0.11654045954796569,0
high_cost,73,108,30,0,0.00012143087961617742,0.11654045954796569,0
high_cost,73,109,30,0,0.00010038742106890285,0.11654045954796569,0
high_cost,73,110,30,0,0.000201471546745188,0.11654045954796569,0
high_cost,73,111,30,0,0.00016869297597490627,0.11654045954796569,0
high_cost,73,112,30,0,7.774875849406145e-05,0.11654045954796569,0
high_cost,73,113,30,0,0.0001173005378199402,0.11654045954796569,0
high_cost,73,114,30,0,0.0003930724375861597,0.11654045954796569,0
high_cost,73,115,30,0,0.0006020076284956419,0.11654045954796569,0
high_cost,73,116,30,0,0.00042365671080991544,0.11654045954796569,0
high_cost,73,117,30,0,0.0009097771909199279,0.11654045954796569,0
high_cost,73,118,30,0,0.0005835422718966641,0.11654045954796569,0
high_cost,73,119,30,0,0.001198076637196371,0.11654045954796569,0
high_cost,73,120,30,0,0.0031379708897631376,0.11654045954796569,0
high_cost,73,121,30,0,0.0016801458283351445,0.11654045954796569,0
high_cost,73,122,30,0,0.0013156152032358006,0.11654045954796569,0
high_cost,73,123,30,0,0.0017813703760432371,0.11654045954796569,0
high_cost,73,124,30,0,0.0009551509505855852,0.11654045954796569,0
high_cost,73,125,30,0,0.0005546219626623238,0.11654045954796569,0
high_cost,73,126,30,0,0.0012606338311989026,0.11654045954796569,0
high_cost,73,127,30,0,0.0021510791385674845,0.11654045954796569,0
high_cost,73,128,30,0,0.0018010179180217895,0.11654045954796569,0
high_cost,73,129,30,0,0.0024795599566259036,0.11654045954796569,0
high_cost,73,130,30,0,0.00142008146894044,0.11654045954796569,0
high_cost,73,131,30,0,0.0017598657421088243,0.11654045954796569,0
high_cost,73,132,30,0,0.009042380563679231,0.11654045954796569,0
high_cost,73,133,30,0,0.011667647791390942,0.11654045954796569,0
high_cost,73,134,30,0,0.003565291455459558,0.11654045954796569,0
high_cost,73,135,30,0,0.0035804984525685344,0.11654045954796569,0
high_cost,73,136,30,0,0.005793386124438502,0.11654045954796569,0
high_cost,73,137,30,0,0.009257456173178183,0.11654045954796569,0
high_cost,73,138,30,0,0.0044240844497711665,0.11654045954796569,0
high_cost,73,139,30,0,0.0033602462157807872,0.11654045954796569,0
high_cost,73,140,30,0,0.012303171764785592,0.11654045954796569,0
high_cost,73,141,30,0,0.005156094429498153,0.11654045954796569,0
high_cost,73,142,30,0,0.008361749630889991,0.11654045954796569,0
high_cost,73,143,30,0,0.005646113778113778,0.11654045954796569,0
high_cost,73,144,30,0,0.010053136858177134,0.11654045954796569,0
high_cost,73,145,30,0,0.021371398504651407,0.11654045954796569,0
high_cost,73,146,30,0,0.013962298796538207,0.11654045954796569,0
high_cost,73,147,30,0,0.011009605421004041,0.11654045954796569,0
high_cost,73,148,30,0,0.015310423729569035,0.11654045954796569,0
high_cost,73,149,30,0,0.01672987426188056,0.11654045954796569,0
high_cost,73,150,30,0,0.01679980630246354,0.11654045954796569,0
high_cost,73,151,30,0,0.02214483045460379,0.11654045954796569,0
high_cost,73,152,30,0,0.028128411794978075,0.11654045954796569,0
high_cost,73,153,30,0,0.11881950920719435,0.11654045954796569,1
high_cost,73,154,30,0,0.10318637123093473,0.11654045954796569,0
high_cost,73,155,30,0,0.07504579836214867,0.11654045954796569,0
high_cost,73,156,30,0,0.13528820859849125,0.11654045954796569,1
high_cost,73,157,30,0,0.15282586616462066,0.11654045954796569,1
high_cost,73,158,30,0,0.09767263737205537,0.11654045954796569,0
high_cost,73,159,30,0,0.06033795422856125,0.11654045954796569,0
high_cost,73,160,30,0,0.07530945657076042,0.11654045954796569,0
high_cost,73,161,30,0,0.16514332789548306,0.11654045954796569,1
high_cost,73,162,30,0,0.15546458079924202,0.11654045954796569,1
high_cost,73,163,30,0,0.1468614397471733,0.11654045954796569,1
high_cost,73,164,30,0,0.07876640726706158,0.11654045954796569,0
high_cost,73,165,30,0,0.049351334698438484,0.11654045954796569,0
high_cost,73,166,30,0,0.03311277845073174,0.11654045954796569,0
high_cost,73,167,30,0,0.10762881520069291,0.11654045954796569,0
high_cost,73,168,30,0,0.14214821287068696,0.11654045954796569,1
high_cost,73,169,30,0,0.2479619222740747,0.11654045954796569,1
high_cost,73,170,30,0,0.2960937814550246,0.11654045954796569,1
high_cost,73,171,30,0,0.37237619403277156,0.11654045954796569,1
high_cost,73,172,30,0,0.7079581088792223,0.11654045954796569,1
high_cost,73,173,30,0,0.38414284168567653,0.11654045954796569,1
high_cost,73,174,30,0,0.6251025438925961,0.11654045954796569,1
high_cost,73,175,30,0,0.7931741363588418,0.11654045954796569,1
high_cost,73,176,30,0,0.6347712681309763,0.11654045954796569,1
high_cost,73,177,30,0,0.5678335436439477,0.11654045954796569,1
high_cost,73,178,30,0,0.702248380770851,0.11654045954796569,1
high_cost,73,179,30,0,0.7940944497531358,0.11654045954796569,1
high_cost,73,180,30,0,0.7447892645485065,0.11654045954796569,1
high_cost,73,181,30,0,0.6370148828676049,0.11654045954796569,1
high_cost,73,182,30,0,0.3967857053953847,0.11654045954796569,1
high_cost,73,183,30,1,0.44060177434207787,0.11654045954796569,1
high_cost,73,184,30,1,0.7605948198728577,0.11654045954796569,1
high_cost,73,185,30,1,0.6994459279114998,0.11654045954796569,1
high_cost,73,186,30,1,0.6920680479242373,0.11654045954796569,1
high_cost,73,187,30,1,0.8483599967544735,0.11654045954796569,1
high_cost,73,188,30,1,0.8040591603239098,0.11654045954796569,1
high_cost,73,189,30,1,0.7153906993831589,0.11654045954796569,1
high_cost,73,190,30,1,0.7577646732372542,0.11654045954796569,1
high_cost,73,191,30,1,0.8494591037677469,0.11654045954796569,1
high_cost,73,192,30,1,0.8387340776329887,0.11654045954796569,1
high_cost,73,193,30,1,0.9625164340359869,0.11654045954796569,1
high_cost,73,194,30,1,0.9772489434975036,0.11654045954796569,1
high_cost,73,195,30,1,0.9662595415676328,0.11654045954796569,1
high_cost,73,196,30,1,0.9735671990663753,0.11654045954796569,1
high_cost,73,197,30,1,0.9835244987698775,0.11654045954796569,1
high_cost,73,198,30,1,0.9555493969511767,0.11654045954796569,1
high_cost,73,199,30,1,0.9525667126213941,0.11654045954796569,1
high_cost,73,200,30,1,0.9870307729783232,0.11654045954796569,1
high_cost,73,201,30,1,0.9793779545929006,0.11654045954796569,1
high_cost,73,202,30,1,0.9938303337039093,0.11654045954796569,1
high_cost,73,203,30,1,0.984941115471532,0.11654045954796569,1
high_cost,73,204,30,1,0.9934291940450558,0.11654045954796569,1
high_cost,73,205,30,1,0.9966454011010147,0.11654045954796569,1
high_cost,73,206,30,1,0.9927365369455661,0.11654045954796569,1
high_cost,73,207,30,1,0.9978014961242733,0.11654045954796569,1
high_cost,73,208,30,1,0.9995227562269137,0.11654045954796569,1
high_cost,73,209,30,1,0.9995763818151279,0.11654045954796569,1
high_cost,73,210,30,1,0.9995276895414319,0.11654045954796569,1
high_cost,73,211,30,1,0.9998986914591991,0.11654045954796569,1
high_cost,73,212,30,1,0.9997459536420865,0.11654045954796569,1
high_cost,73,213,30,1,0.9995191692015407,0.11654045954796569,1
