family,candidate_id,reference_type,cutoff,engine_id,segment_id,start_cycle,end_cycle,run_length,start_rul,end_rul,start_region,end_region,start_lead_cycles,end_lead_cycles,maximum_score_in_run,mean_score_in_run
iforest,iforest_n200_ms_0p5,pooled,0.9,1,0,28,28,1,164.0,164.0,healthy,healthy,164,164,0.9565934065934066,0.9565934065934066
iforest,iforest_n200_ms_0p5,pooled,0.9,1,0,108,108,1,84.0,84.0,middle,middle,84,84,0.921978021978022,0.921978021978022
iforest,iforest_n200_ms_0p5,pooled,0.9,1,0,132,132,1,60.0,60.0,middle,middle,60,60,0.965934065934066,0.965934065934066
iforest,iforest_n200_ms_0p5,pooled,0.9,1,0,139,139,1,53.0,53.0,middle,middle,53,53,0.9087912087912088,0.9087912087912088
iforest,iforest_n200_ms_0p5,pooled,0.9,1,0,141,142,2,51.0,50.0,middle,middle,51,50,0.9423076923076924,0.9403846153846154
iforest,iforest_n200_ms_0p5,pooled,0.9,1,0,145,145,1,47.0,47.0,middle,middle,47,47,0.95,0.95
iforest,iforest_n200_ms_0p5,pooled,0.9,1,0,149,192,44,43.0,0.0,middle,near_failure,43,0,1.0,0.996416083916084
iforest,iforest_n200_ms_0p5,pooled,0.9,5,0,4,5,2,265.0,264.0,healthy,healthy,265,264,0.9230769230769232,0.9126373626373627
iforest,iforest_n200_ms_0p5,pooled,0.9,5,0,7,7,1,262.0,262.0,healthy,healthy,262,262,0.9950549450549452,0.9950549450549452
iforest,iforest_n200_ms_0p5,pooled,0.9,5,0,10,10,1,259.0,259.0,healthy,healthy,259,259,0.9868131868131867,0.9868131868131867
iforest,iforest_n200_ms_0p5,pooled,0.9,5,0,12,13,2,257.0,256.0,healthy,healthy,257,256,0.9758241758241758,0.9640109890109889
iforest,iforest_n200_ms_0p5,pooled,0.9,5,0,16,16,1,253.0,253.0,healthy,healthy,253,253,0.9395604395604396,0.9395604395604396
iforest,iforest_n200_ms_0p5,pooled,0.9,5,0,23,23,1,246.0,246.0,healthy,healthy,246,246,0.9972527472527472,0.9972527472527472
iforest,iforest_n200_ms_0p5,pooled,0.9,5,0,27,27,1,242.0,242.0,healthy,healthy,242,242,0.9807692307692308,0.9807692307692308
iforest,iforest_n200_ms_0p5,pooled,0.9,5,0,29,30,2,240.0,239.0,healthy,healthy,240,239,0.9967032967032968,0.9898351648351649
iforest,iforest_n200_ms_0p5,pooled,0.9,5,0,34,34,1,235.0,235.0,healthy,healthy,235,235,0.9752747252747253,0.9752747252747253
iforest,iforest_n200_ms_0p5,pooled,0.9,5,0,41,41,1,228.0,228.0,healthy,healthy,228,228,0.9675824175824176,0.9675824175824176
iforest,iforest_n200_ms_0p5,pooled,0.9,5,0,45,45,1,224.0,224.0,healthy,healthy,224,224,0.931868131868132,0.931868131868132
iforest,iforest_n200_ms_0p5,pooled,0.9,5,0,47,48,2,222.0,221.0,healthy,healthy,222,221,0.956043956043956,0.9505494505494505
iforest,iforest_n200_ms_0p5,pooled,0.9,5,0,51,53,3,218.0,216.0,healthy,healthy,218,216,0.9807692307692308,0.9346153846153847
iforest,iforest_n200_ms_0p5,pooled,0.9,5,0,59,60,2,210.0,209.0,healthy,healthy,210,209,0.9730769230769232,0.9513736263736263
iforest,iforest_n200_ms_0p5,pooled,0.9,5,0,65,65,1,204.0,204.0,healthy,healthy,204,204,0.9868131868131867,0.9868131868131867
iforest,iforest_n200_ms_0p5,pooled,0.9,5,0,67,68,2,202.0,201.0,healthy,healthy,202,201,0.9752747252747253,0.9717032967032966
iforest,iforest_n200_ms_0p5,pooled,0.9,5,0,70,71,2,199.0,198.0,healthy,healthy,199,198,0.9923076923076924,0.95989010989011
iforest,iforest_n200_ms_0p5,pooled,0.9,5,0,74,75,2,195.0,194.0,healthy,healthy,195,194,0.9791208791208792,0.9642857142857143
iforest,iforest_n200_ms_0p5,pooled,0.9,5,0,78,78,1,191.0,191.0,healthy,healthy,191,191,0.9351648351648352,0.9351648351648352
iforest,iforest_n200_ms_0p5,pooled,0.9,5,0,85,87,3,184.0,182.0,healthy,healthy,184,182,0.9934065934065934,0.9560439560439561
iforest,iforest_n200_ms_0p5,pooled,0.9,5,0,92,92,1,177.0,177.0,healthy,healthy,177,177,0.9082417582417582,0.9082417582417582
iforest,iforest_n200_ms_0p5,pooled,0.9,5,0,97,97,1,172.0,172.0,healthy,healthy,172,172,0.932967032967033,0.932967032967033
iforest,iforest_n200_ms_0p5,pooled,0.9,5,0,100,100,1,169.0,169.0,healthy,healthy,169,169,0.9945054945054944,0.9945054945054944
iforest,iforest_n200_ms_0p5,pooled,0.9,5,0,103,103,1,166.0,166.0,healthy,healthy,166,166,0.9115384615384616,0.9115384615384616
iforest,iforest_n200_ms_0p5,pooled,0.9,5,0,113,113,1,156.0,156.0,healthy,healthy,156,156,0.937912087912088,0.937912087912088
iforest,iforest_n200_ms_0p5,pooled,0.9,5,0,123,123,1,146.0,146.0,healthy,healthy,146,146,0.984065934065934,0.984065934065934
iforest,iforest_n200_ms_0p5,pooled,0.9,5,0,129,129,1,140.0,140.0,healthy,healthy,140,140,0.921978021978022,0.921978021978022
iforest,iforest_n200_ms_0p5,pooled,0.9,5,0,131,131,1,138.0,138.0,healthy,healthy,138,138,0.9,0.9
iforest,iforest_n200_ms_0p5,pooled,0.9,5,0,136,137,2,133.0,132.0,healthy,healthy,133,132,0.9631868131868132,0.9368131868131868
iforest,iforest_n200_ms_0p5,pooled,0.9,5,0,140,141,2,129.0,128.0,healthy,healthy,129,128,0.943956043956044,0.9285714285714286
iforest,iforest_n200_ms_0p5,pooled,0.9,5,0,147,147,1,122.0,122.0,middle,middle,122,122,0.9752747252747253,0.9752747252747253
iforest,iforest_n200_ms_0p5,pooled,0.9,5,0,152,152,1,117.0,117.0,middle,middle,117,117,0.965934065934066,0.965934065934066
iforest,iforest_n200_ms_0p5,pooled,0.9,5,0,155,155,1,114.0,114.0,middle,middle,114,114,0.912087912087912,0.912087912087912
iforest,iforest_n200_ms_0p5,pooled,0.9,5,0,158,158,1,111.0,111.0,middle,middle,111,111,0.9730769230769232,0.9730769230769232
iforest,iforest_n200_ms_0p5,pooled,0.9,5,0,160,161,2,109.0,108.0,middle,middle,109,108,0.9868131868131867,0.9475274725274725
iforest,iforest_n200_ms_0p5,pooled,0.9,5,0,163,163,1,106.0,106.0,middle,middle,106,106,0.9648351648351648,0.9648351648351648
iforest,iforest_n200_ms_0p5,pooled,0.9,5,0,165,166,2,104.0,103.0,middle,middle,104,103,0.9615384615384616,0.9348901098901099
iforest,iforest_n200_ms_0p5,pooled,0.9,5,0,168,173,6,101.0,96.0,middle,middle,101,96,0.9912087912087912,0.966941391941392
iforest,iforest_n200_ms_0p5,pooled,0.9,5,0,175,177,3,94.0,92.0,middle,middle,94,92,0.9752747252747253,0.9622710622710623
iforest,iforest_n200_ms_0p5,pooled,0.9,5,0,180,269,90,89.0,0.0,middle,near_failure,89,0,1.0,0.992851037851038
iforest,iforest_n200_ms_0p5,pooled,0.9,10,0,2,2,1,220.0,220.0,healthy,healthy,220,220,0.939010989010989,0.939010989010989
iforest,iforest_n200_ms_0p5,pooled,0.9,10,0,5,5,1,217.0,217.0,healthy,healthy,217,217,0.9708791208791208,0.9708791208791208
iforest,iforest_n200_ms_0p5,pooled,0.9,10,0,13,13,1,209.0,209.0,healthy,healthy,209,209,0.9807692307692308,0.9807692307692308
iforest,iforest_n200_ms_0p5,pooled,0.9,10,0,16,16,1,206.0,206.0,healthy,healthy,206,206,0.99010989010989,0.99010989010989
iforest,iforest_n200_ms_0p5,pooled,0.9,10,0,19,19,1,203.0,203.0,healthy,healthy,203,203,0.934065934065934,0.934065934065934
iforest,iforest_n200_ms_0p5,pooled,0.9,10,0,26,26,1,196.0,196.0,healthy,healthy,196,196,0.965934065934066,0.965934065934066
iforest,iforest_n200_ms_0p5,pooled,0.9,10,0,28,29,2,194.0,193.0,healthy,healthy,194,193,0.965934065934066,0.9354395604395604
iforest,iforest_n200_ms_0p5,pooled,0.9,10,0,35,35,1,187.0,187.0,healthy,healthy,187,187,0.9571428571428572,0.9571428571428572
iforest,iforest_n200_ms_0p5,pooled,0.9,10,0,39,39,1,183.0,183.0,healthy,healthy,183,183,0.9582417582417584,0.9582417582417584
iforest,iforest_n200_ms_0p5,pooled,0.9,10,0,43,43,1,179.0,179.0,healthy,healthy,179,179,0.9945054945054944,0.9945054945054944
iforest,iforest_n200_ms_0p5,pooled,0.9,10,0,49,49,1,173.0,173.0,healthy,healthy,173,173,0.965934065934066,0.965934065934066
iforest,iforest_n200_ms_0p5,pooled,0.9,10,0,57,57,1,165.0,165.0,healthy,healthy,165,165,0.904945054945055,0.904945054945055
iforest,iforest_n200_ms_0p5,pooled,0.9,10,0,61,61,1,161.0,161.0,healthy,healthy,161,161,0.9675824175824176,0.9675824175824176
iforest,iforest_n200_ms_0p5,pooled,0.9,10,0,67,67,1,155.0,155.0,healthy,healthy,155,155,0.9928571428571428,0.9928571428571428
iforest,iforest_n200_ms_0p5,pooled,0.9,10,0,75,75,1,147.0,147.0,healthy,healthy,147,147,0.987912087912088,0.987912087912088
iforest,iforest_n200_ms_0p5,pooled,0.9,10,0,90,90,1,132.0,132.0,healthy,healthy,132,132,0.9686813186813188,0.9686813186813188
iforest,iforest_n200_ms_0p5,pooled,0.9,10,0,103,103,1,119.0,119.0,middle,middle,119,119,0.9576923076923076,0.9576923076923076
iforest,iforest_n200_ms_0p5,pooled,0.9,10,0,155,155,1,67.0,67.0,middle,middle,67,67,0.965934065934066,0.965934065934066
iforest,iforest_n200_ms_0p5,pooled,0.9,10,0,157,158,2,65.0,64.0,middle,middle,65,64,0.9928571428571428,0.9607142857142856
iforest,iforest_n200_ms_0p5,pooled,0.9,10,0,164,170,7,58.0,52.0,middle,middle,58,52,0.9846153846153848,0.9582417582417583
iforest,iforest_n200_ms_0p5,pooled,0.9,10,0,172,222,51,50.0,0.0,middle,near_failure,50,0,1.0,0.9958198664081016
iforest,iforest_n200_ms_0p5,pooled,0.9,11,0,2,2,1,238.0,238.0,healthy,healthy,238,238,0.9934065934065934,0.9934065934065934
iforest,iforest_n200_ms_0p5,pooled,0.9,11,0,4,4,1,236.0,236.0,healthy,healthy,236,236,0.9593406593406594,0.9593406593406594
iforest,iforest_n200_ms_0p5,pooled,0.9,11,0,9,9,1,231.0,231.0,healthy,healthy,231,231,0.9868131868131867,0.9868131868131867
iforest,iforest_n200_ms_0p5,pooled,0.9,11,0,13,14,2,227.0,226.0,healthy,healthy,227,226,0.9912087912087912,0.9785714285714286
iforest,iforest_n200_ms_0p5,pooled,0.9,11,0,20,20,1,220.0,220.0,healthy,healthy,220,220,0.965934065934066,0.965934065934066
iforest,iforest_n200_ms_0p5,pooled,0.9,11,0,25,25,1,215.0,215.0,healthy,healthy,215,215,0.968131868131868,0.968131868131868
iforest,iforest_n200_ms_0p5,pooled,0.9,11,0,28,28,1,212.0,212.0,healthy,healthy,212,212,0.9434065934065934,0.9434065934065934
iforest,iforest_n200_ms_0p5,pooled,0.9,11,0,30,30,1,210.0,210.0,healthy,healthy,210,210,0.9351648351648352,0.9351648351648352
iforest,iforest_n200_ms_0p5,pooled,0.9,11,0,35,35,1,205.0,205.0,healthy,healthy,205,205,0.9928571428571428,0.9928571428571428
iforest,iforest_n200_ms_0p5,pooled,0.9,11,0,39,39,1,201.0,201.0,healthy,healthy,201,201,0.9923076923076924,0.9923076923076924
iforest,iforest_n200_ms_0p5,pooled,0.9,11,0,43,43,1,197.0,197.0,healthy,healthy,197,197,0.9868131868131867,0.9868131868131867
iforest,iforest_n200_ms_0p5,pooled,0.9,11,0,50,50,1,190.0,190.0,healthy,healthy,190,190,0.9489010989010987,0.9489010989010987
iforest,iforest_n200_ms_0p5,pooled,0.9,11,0,113,113,1,127.0,127.0,healthy,healthy,127,127,0.9714285714285714,0.9714285714285714
iforest,iforest_n200_ms_0p5,pooled,0.9,11,0,157,157,1,83.0,83.0,middle,middle,83,83,0.917032967032967,0.917032967032967
iforest,iforest_n200_ms_0p5,pooled,0.9,11,0,159,159,1,81.0,81.0,middle,middle,81,81,0.99010989010989,0.99010989010989
iforest,iforest_n200_ms_0p5,pooled,0.9,11,0,168,240,73,72.0,0.0,middle,near_failure,72,0,1.0,0.988980882131567
iforest,iforest_n200_ms_0p5,pooled,0.9,13,0,49,49,1,114.0,114.0,middle,middle,114,114,0.951098901098901,0.951098901098901
iforest,iforest_n200_ms_0p5,pooled,0.9,13,0,67,67,1,96.0,96.0,middle,middle,96,96,0.9137362637362636,0.9137362637362636
iforest,iforest_n200_ms_0p5,pooled,0.9,13,0,87,87,1,76.0,76.0,middle,middle,76,76,0.9131868131868132,0.9131868131868132
iforest,iforest_n200_ms_0p5,pooled,0.9,13,0,92,92,1,71.0,71.0,middle,middle,71,71,0.9752747252747253,0.9752747252747253
iforest,iforest_n200_ms_0p5,pooled,0.9,13,0,95,95,1,68.0,68.0,middle,middle,68,68,0.9829670329670328,0.9829670329670328
iforest,iforest_n200_ms_0p5,pooled,0.9,13,0,98,99,2,65.0,64.0,middle,middle,65,64,0.965934065934066,0.9398351648351648
iforest,iforest_n200_ms_0p5,pooled,0.9,13,0,101,101,1,62.0,62.0,middle,middle,62,62,0.9835164835164836,0.9835164835164836
iforest,iforest_n200_ms_0p5,pooled,0.9,13,0,103,163,61,60.0,0.0,middle,near_failure,60,0,1.0,0.9965051342100523
iforest,iforest_n200_ms_0p5,pooled,0.9,16,0,4,5,2,205.0,204.0,healthy,healthy,205,204,0.931868131868132,0.9293956043956044
iforest,iforest_n200_ms_0p5,pooled,0.9,16,0,7,7,1,202.0,202.0,healthy,healthy,202,202,0.971978021978022,0.971978021978022
iforest,iforest_n200_ms_0p5,pooled,0.9,16,0,14,14,1,195.0,195.0,healthy,healthy,195,195,0.9428571428571428,0.9428571428571428
iforest,iforest_n200_ms_0p5,pooled,0.9,16,0,17,17,1,192.0,192.0,healthy,healthy,192,192,0.9307692307692308,0.9307692307692308
iforest,iforest_n200_ms_0p5,pooled,0.9,16,0,22,22,1,187.0,187.0,healthy,healthy,187,187,0.9186813186813186,0.9186813186813186
iforest,iforest_n200_ms_0p5,pooled,0.9,16,0,28,28,1,181.0,181.0,healthy,healthy,181,181,0.9868131868131867,0.9868131868131867
iforest,iforest_n200_ms_0p5,pooled,0.9,16,0,35,35,1,174.0,174.0,healthy,healthy,174,174,0.9351648351648352,0.9351648351648352
iforest,iforest_n200_ms_0p5,pooled,0.9,16,0,41,43,3,168.0,166.0,healthy,healthy,168,166,0.9851648351648352,0.9575091575091575
iforest,iforest_n200_ms_0p5,pooled,0.9,16,0,46,47,2,163.0,162.0,healthy,healthy,163,162,0.9456043956043956,0.9313186813186813
iforest,iforest_n200_ms_0p5,pooled,0.9,16,0,49,50,2,160.0,159.0,healthy,healthy,160,159,0.9675824175824176,0.9412087912087912
iforest,iforest_n200_ms_0p5,pooled,0.9,16,0,53,53,1,156.0,156.0,healthy,healthy,156,156,0.9571428571428572,0.9571428571428572
iforest,iforest_n200_ms_0p5,pooled,0.9,16,0,55,56,2,154.0,153.0,healthy,healthy,154,153,0.9807692307692308,0.9631868131868132
iforest,iforest_n200_ms_0p5,pooled,0.9,16,0,59,59,1,150.0,150.0,healthy,healthy,150,150,0.9148351648351648,0.9148351648351648
iforest,iforest_n200_ms_0p5,pooled,0.9,16,0,62,63,2,147.0,146.0,healthy,healthy,147,146,0.9923076923076924,0.9791208791208792
iforest,iforest_n200_ms_0p5,pooled,0.9,16,0,70,71,2,139.0,138.0,healthy,healthy,139,138,0.9829670329670328,0.9777472527472526
iforest,iforest_n200_ms_0p5,pooled,0.9,16,0,73,73,1,136.0,136.0,healthy,healthy,136,136,0.9923076923076924,0.9923076923076924
iforest,iforest_n200_ms_0p5,pooled,0.9,16,0,75,75,1,134.0,134.0,healthy,healthy,134,134,0.9186813186813186,0.9186813186813186
iforest,iforest_n200_ms_0p5,pooled,0.9,16,0,78,78,1,131.0,131.0,healthy,healthy,131,131,0.9923076923076924,0.9923076923076924
iforest,iforest_n200_ms_0p5,pooled,0.9,16,0,80,81,2,129.0,128.0,healthy,healthy,129,128,0.965934065934066,0.9505494505494506
iforest,iforest_n200_ms_0p5,pooled,0.9,16,0,83,83,1,126.0,126.0,healthy,healthy,126,126,0.9967032967032968,0.9967032967032968
iforest,iforest_n200_ms_0p5,pooled,0.9,16,0,87,89,3,122.0,120.0,middle,middle,122,120,0.9928571428571428,0.9560439560439561
iforest,iforest_n200_ms_0p5,pooled,0.9,16,0,91,91,1,118.0,118.0,middle,middle,118,118,0.9989010989010988,0.9989010989010988
iforest,iforest_n200_ms_0p5,pooled,0.9,16,0,93,95,3,116.0,114.0,middle,middle,116,114,0.9791208791208792,0.9767399267399268
iforest,iforest_n200_ms_0p5,pooled,0.9,16,0,97,112,16,112.0,97.0,middle,middle,112,97,0.9994505494505496,0.9808722527472528
iforest,iforest_n200_ms_0p5,pooled,0.9,16,0,116,118,3,93.0,91.0,middle,middle,93,91,1.0,0.9882783882783883
iforest,iforest_n200_ms_0p5,pooled,0.9,16,0,120,209,90,89.0,0.0,middle,near_failure,89,0,1.0,0.9981074481074482
iforest,iforest_n200_ms_0p5,pooled,0.9,27,0,24,24,1,132.0,132.0,healthy,healthy,132,132,0.934065934065934,0.934065934065934
iforest,iforest_n200_ms_0p5,pooled,0.9,27,0,52,52,1,104.0,104.0,middle,middle,104,104,0.9846153846153848,0.9846153846153848
iforest,iforest_n200_ms_0p5,pooled,0.9,27,0,80,80,1,76.0,76.0,middle,middle,76,76,0.9752747252747253,0.9752747252747253
iforest,iforest_n200_ms_0p5,pooled,0.9,27,0,83,85,3,73.0,71.0,middle,middle,73,71,0.9593406593406594,0.9386446886446885
iforest,iforest_n200_ms_0p5,pooled,0.9,27,0,87,100,14,69.0,56.0,middle,middle,69,56,0.9967032967032968,0.959026687598116
iforest,iforest_n200_ms_0p5,pooled,0.9,27,0,102,156,55,54.0,0.0,middle,near_failure,54,0,1.0,0.9962737262737262
iforest,iforest_n200_ms_0p5,pooled,0.9,31,0,4,4,1,230.0,230.0,healthy,healthy,230,230,0.9346153846153846,0.9346153846153846
iforest,iforest_n200_ms_0p5,pooled,0.9,31,0,10,10,1,224.0,224.0,healthy,healthy,224,224,0.945054945054945,0.945054945054945
iforest,iforest_n200_ms_0p5,pooled,0.9,31,0,18,18,1,216.0,216.0,healthy,healthy,216,216,0.9428571428571428,0.9428571428571428
iforest,iforest_n200_ms_0p5,pooled,0.9,31,0,26,26,1,208.0,208.0,healthy,healthy,208,208,0.903846153846154,0.903846153846154
iforest,iforest_n200_ms_0p5,pooled,0.9,31,0,29,29,1,205.0,205.0,healthy,healthy,205,205,0.9884615384615384,0.9884615384615384
iforest,iforest_n200_ms_0p5,pooled,0.9,31,0,32,32,1,202.0,202.0,healthy,healthy,202,202,0.971978021978022,0.971978021978022
iforest,iforest_n200_ms_0p5,pooled,0.9,31,0,40,41,2,194.0,193.0,healthy,healthy,194,193,0.9752747252747253,0.9596153846153846
iforest,iforest_n200_ms_0p5,pooled,0.9,31,0,47,48,2,187.0,186.0,healthy,healthy,187,186,0.9675824175824176,0.9637362637362639
iforest,iforest_n200_ms_0p5,pooled,0.9,31,0,50,50,1,184.0,184.0,healthy,healthy,184,184,0.9686813186813188,0.9686813186813188
iforest,iforest_n200_ms_0p5,pooled,0.9,31,0,52,52,1,182.0,182.0,healthy,healthy,182,182,0.921978021978022,0.921978021978022
iforest,iforest_n200_ms_0p5,pooled,0.9,31,0,61,61,1,173.0,173.0,healthy,healthy,173,173,0.9247252747252748,0.9247252747252748
iforest,iforest_n200_ms_0p5,pooled,0.9,31,0,64,64,1,170.0,170.0,healthy,healthy,170,170,0.9505494505494504,0.9505494505494504
iforest,iforest_n200_ms_0p5,pooled,0.9,31,0,71,71,1,163.0,163.0,healthy,healthy,163,163,0.9313186813186812,0.9313186813186812
iforest,iforest_n200_ms_0p5,pooled,0.9,31,0,82,82,1,152.0,152.0,healthy,healthy,152,152,0.9763736263736263,0.9763736263736263
iforest,iforest_n200_ms_0p5,pooled,0.9,31,0,101,101,1,133.0,133.0,healthy,healthy,133,133,0.9686813186813188,0.9686813186813188
iforest,iforest_n200_ms_0p5,pooled,0.9,31,0,105,105,1,129.0,129.0,healthy,healthy,129,129,0.9582417582417584,0.9582417582417584
iforest,iforest_n200_ms_0p5,pooled,0.9,31,0,129,130,2,105.0,104.0,middle,middle,105,104,0.9703296703296704,0.9541208791208793
iforest,iforest_n200_ms_0p5,pooled,0.9,31,0,135,135,1,99.0,99.0,middle,middle,99,99,0.968131868131868,0.968131868131868
iforest,iforest_n200_ms_0p5,pooled,0.9,31,0,151,151,1,83.0,83.0,middle,middle,83,83,0.9802197802197802,0.9802197802197802
iforest,iforest_n200_ms_0p5,pooled,0.9,31,0,167,167,1,67.0,67.0,middle,middle,67,67,0.9829670329670328,0.9829670329670328
iforest,iforest_n200_ms_0p5,pooled,0.9,31,0,176,176,1,58.0,58.0,middle,middle,58,58,0.910989010989011,0.910989010989011
iforest,iforest_n200_ms_0p5,pooled,0.9,31,0,179,179,1,55.0,55.0,middle,middle,55,55,0.945054945054945,0.945054945054945
iforest,iforest_n200_ms_0p5,pooled,0.9,31,0,181,181,1,53.0,53.0,middle,middle,53,53,0.917032967032967,0.917032967032967
iforest,iforest_n200_ms_0p5,pooled,0.9,31,0,185,185,1,49.0,49.0,middle,middle,49,49,0.9703296703296704,0.9703296703296704
iforest,iforest_n200_ms_0p5,pooled,0.9,31,0,188,190,3,46.0,44.0,middle,middle,46,44,0.9923076923076924,0.9727106227106228
iforest,iforest_n200_ms_0p5,pooled,0.9,31,0,194,234,41,40.0,0.0,middle,near_failure,40,0,1.0,0.9989145001340122
iforest,iforest_n200_ms_0p5,pooled,0.9,34,0,25,26,2,170.0,169.0,healthy,healthy,170,169,0.9351648351648352,0.9230769230769231
iforest,iforest_n200_ms_0p5,pooled,0.9,34,0,49,49,1,146.0,146.0,healthy,healthy,146,146,0.9637362637362638,0.9637362637362638
iforest,iforest_n200_ms_0p5,pooled,0.9,34,0,80,80,1,115.0,115.0,middle,middle,115,115,0.9076923076923076,0.9076923076923076
iforest,iforest_n200_ms_0p5,pooled,0.9,34,0,83,83,1,112.0,112.0,middle,middle,112,112,0.9010989010989012,0.9010989010989012
iforest,iforest_n200_ms_0p5,pooled,0.9,34,0,93,93,1,102.0,102.0,middle,middle,102,102,0.9923076923076924,0.9923076923076924
iforest,iforest_n200_ms_0p5,pooled,0.9,34,0,100,102,3,95.0,93.0,middle,middle,95,93,0.946153846153846,0.9419413919413918
iforest,iforest_n200_ms_0p5,pooled,0.9,34,0,106,106,1,89.0,89.0,middle,middle,89,89,0.9472527472527472,0.9472527472527472
iforest,iforest_n200_ms_0p5,pooled,0.9,34,0,111,111,1,84.0,84.0,middle,middle,84,84,0.9423076923076924,0.9423076923076924
iforest,iforest_n200_ms_0p5,pooled,0.9,34,0,113,113,1,82.0,82.0,middle,middle,82,82,0.9412087912087912,0.9412087912087912
iforest,iforest_n200_ms_0p5,pooled,0.9,34,0,116,116,1,79.0,79.0,middle,middle,79,79,0.9587912087912088,0.9587912087912088
iforest,iforest_n200_ms_0p5,pooled,0.9,34,0,120,195,76,75.0,0.0,middle,near_failure,75,0,1.0,0.9958718912666281
iforest,iforest_n200_ms_0p5,pooled,0.9,40,0,9,9,1,179.0,179.0,healthy,healthy,179,179,0.9137362637362636,0.9137362637362636
iforest,iforest_n200_ms_0p5,pooled,0.9,40,0,22,23,2,166.0,165.0,healthy,healthy,166,165,0.9494505494505494,0.9395604395604396
iforest,iforest_n200_ms_0p5,pooled,0.9,40,0,26,26,1,162.0,162.0,healthy,healthy,162,162,0.971978021978022,0.971978021978022
iforest,iforest_n200_ms_0p5,pooled,0.9,40,0,34,34,1,154.0,154.0,healthy,healthy,154,154,0.9230769230769232,0.9230769230769232
iforest,iforest_n200_ms_0p5,pooled,0.9,40,0,36,36,1,152.0,152.0,healthy,healthy,152,152,0.9725274725274724,0.9725274725274724
iforest,iforest_n200_ms_0p5,pooled,0.9,40,0,39,40,2,149.0,148.0,healthy,healthy,149,148,0.9829670329670328,0.9700549450549449
iforest,iforest_n200_ms_0p5,pooled,0.9,40,0,46,46,1,142.0,142.0,healthy,healthy,142,142,0.9346153846153846,0.9346153846153846
iforest,iforest_n200_ms_0p5,pooled,0.9,40,0,48,48,1,140.0,140.0,healthy,healthy,140,140,0.965934065934066,0.965934065934066
iforest,iforest_n200_ms_0p5,pooled,0.9,40,0,52,52,1,136.0,136.0,healthy,healthy,136,136,0.9351648351648352,0.9351648351648352
iforest,iforest_n200_ms_0p5,pooled,0.9,40,0,55,55,1,133.0,133.0,healthy,healthy,133,133,0.9428571428571428,0.9428571428571428
iforest,iforest_n200_ms_0p5,pooled,0.9,40,0,62,62,1,126.0,126.0,healthy,healthy,126,126,0.9423076923076924,0.9423076923076924
iforest,iforest_n200_ms_0p5,pooled,0.9,40,0,65,65,1,123.0,123.0,middle,middle,123,123,0.9225274725274726,0.9225274725274726
iforest,iforest_n200_ms_0p5,pooled,0.9,40,0,68,69,2,120.0,119.0,middle,middle,120,119,0.9791208791208792,0.976923076923077
iforest,iforest_n200_ms_0p5,pooled,0.9,40,0,71,71,1,117.0,117.0,middle,middle,117,117,0.9335164835164836,0.9335164835164836
iforest,iforest_n200_ms_0p5,pooled,0.9,40,0,73,74,2,115.0,114.0,middle,middle,115,114,0.945054945054945,0.9340659340659341
iforest,iforest_n200_ms_0p5,pooled,0.9,40,0,76,77,2,112.0,111.0,middle,middle,112,111,0.9846153846153848,0.9760989010989012
iforest,iforest_n200_ms_0p5,pooled,0.9,40,0,81,93,13,107.0,95.0,middle,middle,107,95,0.9983516483516484,0.9638207945900252
iforest,iforest_n200_ms_0p5,pooled,0.9,40,0,95,96,2,93.0,92.0,middle,middle,93,92,0.9994505494505496,0.9541208791208792
iforest,iforest_n200_ms_0p5,pooled,0.9,40,0,98,188,91,90.0,0.0,middle,near_failure,90,0,1.0,0.9951515517449583
iforest,iforest_n200_ms_0p5,pooled,0.9,41,0,11,11,1,205.0,205.0,healthy,healthy,205,205,0.9076923076923076,0.9076923076923076
iforest,iforest_n200_ms_0p5,pooled,0.9,41,0,16,17,2,200.0,199.0,healthy,healthy,200,199,0.9912087912087912,0.976923076923077
iforest,iforest_n200_ms_0p5,pooled,0.9,41,0,21,21,1,195.0,195.0,healthy,healthy,195,195,0.9357142857142856,0.9357142857142856
iforest,iforest_n200_ms_0p5,pooled,0.9,41,0,35,35,1,181.0,181.0,healthy,healthy,181,181,0.9928571428571428,0.9928571428571428
iforest,iforest_n200_ms_0p5,pooled,0.9,41,0,40,40,1,176.0,176.0,healthy,healthy,176,176,0.9945054945054944,0.9945054945054944
iforest,iforest_n200_ms_0p5,pooled,0.9,41,0,84,84,1,132.0,132.0,healthy,healthy,132,132,0.9571428571428572,0.9571428571428572
iforest,iforest_n200_ms_0p5,pooled,0.9,41,0,87,87,1,129.0,129.0,healthy,healthy,129,129,0.9675824175824176,0.9675824175824176
iforest,iforest_n200_ms_0p5,pooled,0.9,41,0,93,93,1,123.0,123.0,middle,middle,123,123,0.9241758241758242,0.9241758241758242
iforest,iforest_n200_ms_0p5,pooled,0.9,41,0,100,100,1,116.0,116.0,middle,middle,116,116,0.904945054945055,0.904945054945055
iforest,iforest_n200_ms_0p5,pooled,0.9,41,0,103,103,1,113.0,113.0,middle,middle,113,113,0.9087912087912088,0.9087912087912088
iforest,iforest_n200_ms_0p5,pooled,0.9,41,0,112,112,1,104.0,104.0,middle,middle,104,104,0.9956043956043956,0.9956043956043956
iforest,iforest_n200_ms_0p5,pooled,0.9,41,0,120,120,1,96.0,96.0,middle,middle,96,96,0.9912087912087912,0.9912087912087912
iforest,iforest_n200_ms_0p5,pooled,0.9,41,0,128,129,2,88.0,87.0,middle,middle,88,87,0.9873626373626374,0.9439560439560439
iforest,iforest_n200_ms_0p5,pooled,0.9,41,0,131,132,2,85.0,84.0,middle,middle,85,84,0.993956043956044,0.9865384615384616
iforest,iforest_n200_ms_0p5,pooled,0.9,41,0,139,141,3,77.0,75.0,middle,middle,77,75,0.9923076923076924,0.9754578754578755
iforest,iforest_n200_ms_0p5,pooled,0.9,41,0,143,216,74,73.0,0.0,middle,near_failure,73,0,1.0,0.9934140184140184
iforest,iforest_n200_ms_0p5,pooled,0.9,45,0,3,4,2,155.0,154.0,healthy,healthy,155,154,0.95989010989011,0.9395604395604396
iforest,iforest_n200_ms_0p5,pooled,0.9,45,0,7,7,1,151.0,151.0,healthy,healthy,151,151,0.9087912087912088,0.9087912087912088
iforest,iforest_n200_ms_0p5,pooled,0.9,45,0,9,10,2,149.0,148.0,healthy,healthy,149,148,0.9994505494505496,0.9554945054945057
iforest,iforest_n200_ms_0p5,pooled,0.9,45,0,13,14,2,145.0,144.0,healthy,healthy,145,144,0.962087912087912,0.9524725274725274
iforest,iforest_n200_ms_0p5,pooled,0.9,45,0,17,17,1,141.0,141.0,healthy,healthy,141,141,0.9912087912087912,0.9912087912087912
iforest,iforest_n200_ms_0p5,pooled,0.9,45,0,21,21,1,137.0,137.0,healthy,healthy,137,137,0.9829670329670328,0.9829670329670328
iforest,iforest_n200_ms_0p5,pooled,0.9,45,0,23,23,1,135.0,135.0,healthy,healthy,135,135,0.9571428571428572,0.9571428571428572
iforest,iforest_n200_ms_0p5,pooled,0.9,45,0,27,27,1,131.0,131.0,healthy,healthy,131,131,0.9923076923076924,0.9923076923076924
iforest,iforest_n200_ms_0p5,pooled,0.9,45,0,31,32,2,127.0,126.0,healthy,healthy,127,126,0.9587912087912088,0.9554945054945054
iforest,iforest_n200_ms_0p5,pooled,0.9,45,0,34,34,1,124.0,124.0,middle,middle,124,124,0.9571428571428572,0.9571428571428572
iforest,iforest_n200_ms_0p5,pooled,0.9,45,0,36,37,2,122.0,121.0,middle,middle,122,121,0.9593406593406594,0.9381868131868132
iforest,iforest_n200_ms_0p5,pooled,0.9,45,0,43,43,1,115.0,115.0,middle,middle,115,115,0.9582417582417584,0.9582417582417584
iforest,iforest_n200_ms_0p5,pooled,0.9,45,0,45,45,1,113.0,113.0,middle,middle,113,113,0.9846153846153848,0.9846153846153848
iforest,iforest_n200_ms_0p5,pooled,0.9,45,0,47,47,1,111.0,111.0,middle,middle,111,111,0.9807692307692308,0.9807692307692308
iforest,iforest_n200_ms_0p5,pooled,0.9,45,0,50,50,1,108.0,108.0,middle,middle,108,108,0.9021978021978022,0.9021978021978022
iforest,iforest_n200_ms_0p5,pooled,0.9,45,0,52,52,1,106.0,106.0,middle,middle,106,106,0.9648351648351648,0.9648351648351648
iforest,iforest_n200_ms_0p5,pooled,0.9,45,0,54,55,2,104.0,103.0,middle,middle,104,103,0.9296703296703296,0.9263736263736264
iforest,iforest_n200_ms_0p5,pooled,0.9,45,0,61,61,1,97.0,97.0,middle,middle,97,97,0.9582417582417584,0.9582417582417584
iforest,iforest_n200_ms_0p5,pooled,0.9,45,0,65,66,2,93.0,92.0,middle,middle,93,92,0.9412087912087912,0.929945054945055
iforest,iforest_n200_ms_0p5,pooled,0.9,45,0,68,68,1,90.0,90.0,middle,middle,90,90,0.9076923076923076,0.9076923076923076
iforest,iforest_n200_ms_0p5,pooled,0.9,45,0,70,70,1,88.0,88.0,middle,middle,88,88,0.9346153846153846,0.9346153846153846
iforest,iforest_n200_ms_0p5,pooled,0.9,45,0,73,73,1,85.0,85.0,middle,middle,85,85,0.9395604395604396,0.9395604395604396
iforest,iforest_n200_ms_0p5,pooled,0.9,45,0,77,78,2,81.0,80.0,middle,middle,81,80,0.9648351648351648,0.9642857142857143
iforest,iforest_n200_ms_0p5,pooled,0.9,45,0,82,84,3,76.0,74.0,middle,middle,76,74,0.9934065934065934,0.9410256410256409
iforest,iforest_n200_ms_0p5,pooled,0.9,45,0,87,88,2,71.0,70.0,middle,middle,71,70,0.9582417582417584,0.948901098901099
iforest,iforest_n200_ms_0p5,pooled,0.9,45,0,91,91,1,67.0,67.0,middle,middle,67,67,0.9505494505494504,0.9505494505494504
iforest,iforest_n200_ms_0p5,pooled,0.9,45,0,97,100,4,61.0,58.0,middle,middle,61,58,0.9934065934065934,0.9615384615384616
iforest,iforest_n200_ms_0p5,pooled,0.9,45,0,103,114,12,55.0,44.0,middle,middle,55,44,0.9928571428571428,0.9558150183150182
iforest,iforest_n200_ms_0p5,pooled,0.9,45,0,116,158,43,42.0,0.0,middle,near_failure,42,0,1.0,0.9954255047278304
iforest,iforest_n200_ms_0p5,pooled,0.9,46,0,1,2,2,255.0,254.0,healthy,healthy,255,254,0.9752747252747253,0.9447802197802198
iforest,iforest_n200_ms_0p5,pooled,0.9,46,0,6,6,1,250.0,250.0,healthy,healthy,250,250,0.9494505494505494,0.9494505494505494
iforest,iforest_n200_ms_0p5,pooled,0.9,46,0,22,22,1,234.0,234.0,healthy,healthy,234,234,0.9395604395604396,0.9395604395604396
iforest,iforest_n200_ms_0p5,pooled,0.9,46,0,28,28,1,228.0,228.0,healthy,healthy,228,228,0.921978021978022,0.921978021978022
iforest,iforest_n200_ms_0p5,pooled,0.9,46,0,31,31,1,225.0,225.0,healthy,healthy,225,225,0.9923076923076924,0.9923076923076924
iforest,iforest_n200_ms_0p5,pooled,0.9,46,0,57,57,1,199.0,199.0,healthy,healthy,199,199,0.9153846153846154,0.9153846153846154
iforest,iforest_n200_ms_0p5,pooled,0.9,46,0,64,64,1,192.0,192.0,healthy,healthy,192,192,0.99010989010989,0.99010989010989
iforest,iforest_n200_ms_0p5,pooled,0.9,46,0,75,75,1,181.0,181.0,healthy,healthy,181,181,0.9846153846153848,0.9846153846153848
iforest,iforest_n200_ms_0p5,pooled,0.9,46,0,80,80,1,176.0,176.0,healthy,healthy,176,176,0.9626373626373628,0.9626373626373628
iforest,iforest_n200_ms_0p5,pooled,0.9,46,0,84,84,1,172.0,172.0,healthy,healthy,172,172,0.9928571428571428,0.9928571428571428
iforest,iforest_n200_ms_0p5,pooled,0.9,46,0,96,96,1,160.0,160.0,healthy,healthy,160,160,0.9829670329670328,0.9829670329670328
iforest,iforest_n200_ms_0p5,pooled,0.9,46,0,189,189,1,67.0,67.0,middle,middle,67,67,0.9637362637362638,0.9637362637362638
iforest,iforest_n200_ms_0p5,pooled,0.9,46,0,197,197,1,59.0,59.0,middle,middle,59,59,0.9857142857142858,0.9857142857142858
iforest,iforest_n200_ms_0p5,pooled,0.9,46,0,200,200,1,56.0,56.0,middle,middle,56,56,0.943956043956044,0.943956043956044
iforest,iforest_n200_ms_0p5,pooled,0.9,46,0,202,203,2,54.0,53.0,middle,middle,54,53,0.9868131868131867,0.9472527472527472
iforest,iforest_n200_ms_0p5,pooled,0.9,46,0,205,205,1,51.0,51.0,middle,middle,51,51,0.9291208791208792,0.9291208791208792
iforest,iforest_n200_ms_0p5,pooled,0.9,46,0,207,256,50,49.0,0.0,middle,near_failure,49,0,1.0,0.9933076923076922
iforest,iforest_n200_ms_0p5,pooled,0.9,54,0,5,6,2,252.0,251.0,healthy,healthy,252,251,0.968131868131868,0.9409340659340658
iforest,iforest_n200_ms_0p5,pooled,0.9,54,0,15,16,2,242.0,241.0,healthy,healthy,242,241,0.9324175824175824,0.929945054945055
iforest,iforest_n200_ms_0p5,pooled,0.9,54,0,24,24,1,233.0,233.0,healthy,healthy,233,233,0.987912087912088,0.987912087912088
iforest,iforest_n200_ms_0p5,pooled,0.9,54,0,35,35,1,222.0,222.0,healthy,healthy,222,222,0.9686813186813188,0.9686813186813188
iforest,iforest_n200_ms_0p5,pooled,0.9,54,0,41,41,1,216.0,216.0,healthy,healthy,216,216,0.937912087912088,0.937912087912088
iforest,iforest_n200_ms_0p5,pooled,0.9,54,0,64,64,1,193.0,193.0,healthy,healthy,193,193,0.9373626373626374,0.9373626373626374
iforest,iforest_n200_ms_0p5,pooled,0.9,54,0,74,74,1,183.0,183.0,healthy,healthy,183,183,0.9835164835164836,0.9835164835164836
iforest,iforest_n200_ms_0p5,pooled,0.9,54,0,83,83,1,174.0,174.0,healthy,healthy,174,174,0.9285714285714286,0.9285714285714286
iforest,iforest_n200_ms_0p5,pooled,0.9,54,0,87,87,1,170.0,170.0,healthy,healthy,170,170,0.931868131868132,0.931868131868132
iforest,iforest_n200_ms_0p5,pooled,0.9,54,0,101,101,1,156.0,156.0,healthy,healthy,156,156,0.9230769230769232,0.9230769230769232
iforest,iforest_n200_ms_0p5,pooled,0.9,54,0,110,110,1,147.0,147.0,healthy,healthy,147,147,0.9730769230769232,0.9730769230769232
iforest,iforest_n200_ms_0p5,pooled,0.9,54,0,145,145,1,112.0,112.0,middle,middle,112,112,0.965934065934066,0.965934065934066
iforest,iforest_n200_ms_0p5,pooled,0.9,54,0,150,150,1,107.0,107.0,middle,middle,107,107,0.9741758241758242,0.9741758241758242
iforest,iforest_n200_ms_0p5,pooled,0.9,54,0,152,152,1,105.0,105.0,middle,middle,105,105,0.9752747252747253,0.9752747252747253
iforest,iforest_n200_ms_0p5,pooled,0.9,54,0,158,158,1,99.0,99.0,middle,middle,99,99,0.9456043956043956,0.9456043956043956
iforest,iforest_n200_ms_0p5,pooled,0.9,54,0,160,164,5,97.0,93.0,middle,middle,97,93,0.965934065934066,0.9441758241758242
iforest,iforest_n200_ms_0p5,pooled,0.9,54,0,166,166,1,91.0,91.0,middle,middle,91,91,0.9241758241758242,0.9241758241758242
iforest,iforest_n200_ms_0p5,pooled,0.9,54,0,168,168,1,89.0,89.0,middle,middle,89,89,0.9846153846153848,0.9846153846153848
iforest,iforest_n200_ms_0p5,pooled,0.9,54,0,170,170,1,87.0,87.0,middle,middle,87,87,0.9489010989010987,0.9489010989010987
iforest,iforest_n200_ms_0p5,pooled,0.9,54,0,173,188,16,84.0,69.0,middle,middle,84,69,0.9994505494505496,0.9715659340659342
iforest,iforest_n200_ms_0p5,pooled,0.9,54,0,190,257,68,67.0,0.0,middle,near_failure,67,0,1.0,0.9965982546864902
iforest,iforest_n200_ms_0p5,pooled,0.9,74,0,19,19,1,147.0,147.0,healthy,healthy,147,147,0.9582417582417584,0.9582417582417584
iforest,iforest_n200_ms_0p5,pooled,0.9,74,0,26,26,1,140.0,140.0,healthy,healthy,140,140,0.9791208791208792,0.9791208791208792
iforest,iforest_n200_ms_0p5,pooled,0.9,74,0,56,57,2,110.0,109.0,middle,middle,110,109,0.9351648351648352,0.9291208791208792
iforest,iforest_n200_ms_0p5,pooled,0.9,74,0,117,117,1,49.0,49.0,middle,middle,49,49,0.962087912087912,0.962087912087912
iforest,iforest_n200_ms_0p5,pooled,0.9,74,0,125,125,1,41.0,41.0,middle,middle,41,41,0.952197802197802,0.952197802197802
iforest,iforest_n200_ms_0p5,pooled,0.9,74,0,128,128,1,38.0,38.0,middle,middle,38,38,0.9989010989010988,0.9989010989010988
iforest,iforest_n200_ms_0p5,pooled,0.9,74,0,130,166,37,36.0,0.0,middle,near_failure,36,0,1.0,0.9943421443421443
iforest,iforest_n200_ms_0p5,pooled,0.9,77,0,23,23,1,131.0,131.0,healthy,healthy,131,131,0.9945054945054944,0.9945054945054944
iforest,iforest_n200_ms_0p5,pooled,0.9,77,0,33,33,1,121.0,121.0,middle,middle,121,121,0.945054945054945,0.945054945054945
iforest,iforest_n200_ms_0p5,pooled,0.9,77,0,35,35,1,119.0,119.0,middle,middle,119,119,0.9917582417582418,0.9917582417582418
iforest,iforest_n200_ms_0p5,pooled,0.9,77,0,48,48,1,106.0,106.0,middle,middle,106,106,0.9263736263736264,0.9263736263736264
iforest,iforest_n200_ms_0p5,pooled,0.9,77,0,61,61,1,93.0,93.0,middle,middle,93,93,0.9604395604395604,0.9604395604395604
iforest,iforest_n200_ms_0p5,pooled,0.9,77,0,69,69,1,85.0,85.0,middle,middle,85,85,0.9230769230769232,0.9230769230769232
iforest,iforest_n200_ms_0p5,pooled,0.9,77,0,72,72,1,82.0,82.0,middle,middle,82,82,0.9142857142857144,0.9142857142857144
iforest,iforest_n200_ms_0p5,pooled,0.9,77,0,78,78,1,76.0,76.0,middle,middle,76,76,0.9010989010989012,0.9010989010989012
iforest,iforest_n200_ms_0p5,pooled,0.9,77,0,80,80,1,74.0,74.0,middle,middle,74,74,0.965934065934066,0.965934065934066
iforest,iforest_n200_ms_0p5,pooled,0.9,77,0,86,86,1,68.0,68.0,middle,middle,68,68,0.9472527472527472,0.9472527472527472
iforest,iforest_n200_ms_0p5,pooled,0.9,77,0,88,89,2,66.0,65.0,middle,middle,66,65,0.9923076923076924,0.960989010989011
iforest,iforest_n200_ms_0p5,pooled,0.9,77,0,91,91,1,63.0,63.0,middle,middle,63,63,0.95989010989011,0.95989010989011
iforest,iforest_n200_ms_0p5,pooled,0.9,77,0,93,101,9,61.0,53.0,middle,middle,61,53,0.9967032967032968,0.9573870573870573
iforest,iforest_n200_ms_0p5,pooled,0.9,77,0,103,107,5,51.0,47.0,middle,middle,51,47,0.9950549450549452,0.9580219780219782
iforest,iforest_n200_ms_0p5,pooled,0.9,77,0,109,111,3,45.0,43.0,middle,middle,45,43,0.9917582417582418,0.968864468864469
iforest,iforest_n200_ms_0p5,pooled,0.9,77,0,113,154,42,41.0,0.0,middle,near_failure,41,0,1.0,0.9984039769754056
iforest,iforest_n200_ms_0p5,pooled,0.9,78,0,1,5,5,230.0,226.0,healthy,healthy,230,226,0.9989010989010988,0.9926373626373627
iforest,iforest_n200_ms_0p5,pooled,0.9,78,0,8,8,1,223.0,223.0,healthy,healthy,223,223,0.9829670329670328,0.9829670329670328
iforest,iforest_n200_ms_0p5,pooled,0.9,78,0,11,12,2,220.0,219.0,healthy,healthy,220,219,0.9961538461538462,0.9601648351648352
iforest,iforest_n200_ms_0p5,pooled,0.9,78,0,20,21,2,211.0,210.0,healthy,healthy,211,210,0.993956043956044,0.9807692307692308
iforest,iforest_n200_ms_0p5,pooled,0.9,78,0,26,26,1,205.0,205.0,healthy,healthy,205,205,0.965934065934066,0.965934065934066
iforest,iforest_n200_ms_0p5,pooled,0.9,78,0,29,29,1,202.0,202.0,healthy,healthy,202,202,0.9186813186813186,0.9186813186813186
iforest,iforest_n200_ms_0p5,pooled,0.9,78,0,32,32,1,199.0,199.0,healthy,healthy,199,199,0.95989010989011,0.95989010989011
iforest,iforest_n200_ms_0p5,pooled,0.9,78,0,35,38,4,196.0,193.0,healthy,healthy,196,193,0.9928571428571428,0.9774725274725273
iforest,iforest_n200_ms_0p5,pooled,0.9,78,0,43,43,1,188.0,188.0,healthy,healthy,188,188,0.9324175824175824,0.9324175824175824
iforest,iforest_n200_ms_0p5,pooled,0.9,78,0,45,45,1,186.0,186.0,healthy,healthy,186,186,0.9989010989010988,0.9989010989010988
iforest,iforest_n200_ms_0p5,pooled,0.9,78,0,52,53,2,179.0,178.0,healthy,healthy,179,178,0.9846153846153848,0.9818681318681319
iforest,iforest_n200_ms_0p5,pooled,0.9,78,0,56,56,1,175.0,175.0,healthy,healthy,175,175,0.9593406593406594,0.9593406593406594
iforest,iforest_n200_ms_0p5,pooled,0.9,78,0,62,62,1,169.0,169.0,healthy,healthy,169,169,0.9642857142857144,0.9642857142857144
iforest,iforest_n200_ms_0p5,pooled,0.9,78,0,72,72,1,159.0,159.0,healthy,healthy,159,159,0.9829670329670328,0.9829670329670328
iforest,iforest_n200_ms_0p5,pooled,0.9,78,0,78,80,3,153.0,151.0,healthy,healthy,153,151,0.9631868131868132,0.9421245421245422
iforest,iforest_n200_ms_0p5,pooled,0.9,78,0,92,93,2,139.0,138.0,healthy,healthy,139,138,0.954945054945055,0.9390109890109891
iforest,iforest_n200_ms_0p5,pooled,0.9,78,0,107,107,1,124.0,124.0,middle,middle,124,124,0.9582417582417584,0.9582417582417584
iforest,iforest_n200_ms_0p5,pooled,0.9,78,0,129,129,1,102.0,102.0,middle,middle,102,102,0.9648351648351648,0.9648351648351648
iforest,iforest_n200_ms_0p5,pooled,0.9,78,0,134,134,1,97.0,97.0,middle,middle,97,97,0.9445054945054944,0.9445054945054944
iforest,iforest_n200_ms_0p5,pooled,0.9,78,0,138,138,1,93.0,93.0,middle,middle,93,93,0.9752747252747253,0.9752747252747253
iforest,iforest_n200_ms_0p5,pooled,0.9,78,0,148,148,1,83.0,83.0,middle,middle,83,83,0.95989010989011,0.95989010989011
iforest,iforest_n200_ms_0p5,pooled,0.9,78,0,166,167,2,65.0,64.0,middle,middle,65,64,0.9247252747252748,0.9217032967032968
iforest,iforest_n200_ms_0p5,pooled,0.9,78,0,172,173,2,59.0,58.0,middle,middle,59,58,0.95989010989011,0.9387362637362638
iforest,iforest_n200_ms_0p5,pooled,0.9,78,0,176,176,1,55.0,55.0,middle,middle,55,55,0.9236263736263736,0.9236263736263736
iforest,iforest_n200_ms_0p5,pooled,0.9,78,0,180,231,52,51.0,0.0,middle,near_failure,51,0,1.0,0.9926775147928993
iforest,iforest_n200_ms_0p5,pooled,0.9,81,0,84,84,1,156.0,156.0,healthy,healthy,156,156,0.9912087912087912,0.9912087912087912
iforest,iforest_n200_ms_0p5,pooled,0.9,81,0,119,121,3,121.0,119.0,middle,middle,121,119,0.95989010989011,0.9487179487179486
iforest,iforest_n200_ms_0p5,pooled,0.9,81,0,130,130,1,110.0,110.0,middle,middle,110,110,0.954945054945055,0.954945054945055
iforest,iforest_n200_ms_0p5,pooled,0.9,81,0,137,137,1,103.0,103.0,middle,middle,103,103,0.9675824175824176,0.9675824175824176
iforest,iforest_n200_ms_0p5,pooled,0.9,81,0,142,144,3,98.0,96.0,middle,middle,98,96,0.943956043956044,0.9327838827838827
iforest,iforest_n200_ms_0p5,pooled,0.9,81,0,149,150,2,91.0,90.0,middle,middle,91,90,0.9791208791208792,0.9516483516483517
iforest,iforest_n200_ms_0p5,pooled,0.9,81,0,152,152,1,88.0,88.0,middle,middle,88,88,0.9230769230769232,0.9230769230769232
iforest,iforest_n200_ms_0p5,pooled,0.9,81,0,154,155,2,86.0,85.0,middle,middle,86,85,0.9637362637362638,0.9552197802197803
iforest,iforest_n200_ms_0p5,pooled,0.9,81,0,157,157,1,83.0,83.0,middle,middle,83,83,0.9923076923076924,0.9923076923076924
iforest,iforest_n200_ms_0p5,pooled,0.9,81,0,163,165,3,77.0,75.0,middle,middle,77,75,0.9884615384615384,0.9619047619047617
iforest,iforest_n200_ms_0p5,pooled,0.9,81,0,167,173,7,73.0,67.0,middle,middle,73,67,0.9934065934065934,0.9670329670329672
iforest,iforest_n200_ms_0p5,pooled,0.9,81,0,175,240,66,65.0,0.0,middle,near_failure,65,0,1.0,0.9987012987012986
iforest,iforest_n200_ms_0p5,pooled,0.9,89,0,1,2,2,216.0,215.0,healthy,healthy,216,215,0.9923076923076924,0.9837912087912088
iforest,iforest_n200_ms_0p5,pooled,0.9,89,0,4,4,1,213.0,213.0,healthy,healthy,213,213,0.9945054945054944,0.9945054945054944
iforest,iforest_n200_ms_0p5,pooled,0.9,89,0,17,17,1,200.0,200.0,healthy,healthy,200,200,0.9934065934065934,0.9934065934065934
iforest,iforest_n200_ms_0p5,pooled,0.9,89,0,75,75,1,142.0,142.0,healthy,healthy,142,142,0.9478021978021978,0.9478021978021978
iforest,iforest_n200_ms_0p5,pooled,0.9,89,0,80,80,1,137.0,137.0,healthy,healthy,137,137,0.904945054945055,0.904945054945055
iforest,iforest_n200_ms_0p5,pooled,0.9,89,0,113,113,1,104.0,104.0,middle,middle,104,104,0.9346153846153846,0.9346153846153846
iforest,iforest_n200_ms_0p5,pooled,0.9,89,0,154,154,1,63.0,63.0,middle,middle,63,63,0.9796703296703296,0.9796703296703296
iforest,iforest_n200_ms_0p5,pooled,0.9,89,0,162,162,1,55.0,55.0,middle,middle,55,55,0.904945054945055,0.904945054945055
iforest,iforest_n200_ms_0p5,pooled,0.9,89,0,165,165,1,52.0,52.0,middle,middle,52,52,0.9829670329670328,0.9829670329670328
iforest,iforest_n200_ms_0p5,pooled,0.9,89,0,167,167,1,50.0,50.0,middle,middle,50,50,0.9241758241758242,0.9241758241758242
iforest,iforest_n200_ms_0p5,pooled,0.9,89,0,169,169,1,48.0,48.0,middle,middle,48,48,0.9494505494505494,0.9494505494505494
iforest,iforest_n200_ms_0p5,pooled,0.9,89,0,171,173,3,46.0,44.0,middle,middle,46,44,0.9686813186813188,0.9476190476190477
iforest,iforest_n200_ms_0p5,pooled,0.9,89,0,175,217,43,42.0,0.0,middle,near_failure,42,0,1.0,0.9973294147712752
iforest,iforest_n200_ms_0p5,pooled,0.9,91,0,6,8,3,129.0,127.0,healthy,healthy,129,127,0.9851648351648352,0.9675824175824176
iforest,iforest_n200_ms_0p5,pooled,0.9,91,0,11,11,1,124.0,124.0,middle,middle,124,124,0.952197802197802,0.952197802197802
iforest,iforest_n200_ms_0p5,pooled,0.9,91,0,22,24,3,113.0,111.0,middle,middle,113,111,0.9686813186813188,0.9576923076923077
iforest,iforest_n200_ms_0p5,pooled,0.9,91,0,26,26,1,109.0,109.0,middle,middle,109,109,0.965934065934066,0.965934065934066
iforest,iforest_n200_ms_0p5,pooled,0.9,91,0,29,30,2,106.0,105.0,middle,middle,106,105,0.9384615384615383,0.9343406593406594
iforest,iforest_n200_ms_0p5,pooled,0.9,91,0,32,33,2,103.0,102.0,middle,middle,103,102,0.9829670329670328,0.979120879120879
iforest,iforest_n200_ms_0p5,pooled,0.9,91,0,35,35,1,100.0,100.0,middle,middle,100,100,0.934065934065934,0.934065934065934
iforest,iforest_n200_ms_0p5,pooled,0.9,91,0,37,37,1,98.0,98.0,middle,middle,98,98,0.9115384615384616,0.9115384615384616
iforest,iforest_n200_ms_0p5,pooled,0.9,91,0,42,45,4,93.0,90.0,middle,middle,93,90,0.9989010989010988,0.9806318681318682
iforest,iforest_n200_ms_0p5,pooled,0.9,91,0,49,50,2,86.0,85.0,middle,middle,86,85,0.9637362637362638,0.9337912087912088
iforest,iforest_n200_ms_0p5,pooled,0.9,91,0,52,56,5,83.0,79.0,middle,middle,83,79,0.9961538461538462,0.9702197802197802
iforest,iforest_n200_ms_0p5,pooled,0.9,91,0,58,61,4,77.0,74.0,middle,middle,77,74,0.9928571428571428,0.964423076923077
iforest,iforest_n200_ms_0p5,pooled,0.9,91,0,63,135,73,72.0,0.0,middle,near_failure,72,0,1.0,0.9942044257112749
iforest,iforest_n200_ms_0p5,pooled,0.95,1,0,28,28,1,164.0,164.0,healthy,healthy,164,164,0.9565934065934066,0.9565934065934066
iforest,iforest_n200_ms_0p5,pooled,0.95,1,0,132,132,1,60.0,60.0,middle,middle,60,60,0.965934065934066,0.965934065934066
iforest,iforest_n200_ms_0p5,pooled,0.95,1,0,145,145,1,47.0,47.0,middle,middle,47,47,0.95,0.95
iforest,iforest_n200_ms_0p5,pooled,0.95,1,0,149,192,44,43.0,0.0,middle,near_failure,43,0,1.0,0.996416083916084
iforest,iforest_n200_ms_0p5,pooled,0.95,5,0,7,7,1,262.0,262.0,healthy,healthy,262,262,0.9950549450549452,0.9950549450549452
iforest,iforest_n200_ms_0p5,pooled,0.95,5,0,10,10,1,259.0,259.0,healthy,healthy,259,259,0.9868131868131867,0.9868131868131867
iforest,iforest_n200_ms_0p5,pooled,0.95,5,0,12,13,2,257.0,256.0,healthy,healthy,257,256,0.9758241758241758,0.9640109890109889
iforest,iforest_n200_ms_0p5,pooled,0.95,5,0,23,23,1,246.0,246.0,healthy,healthy,246,246,0.9972527472527472,0.9972527472527472
iforest,iforest_n200_ms_0p5,pooled,0.95,5,0,27,27,1,242.0,242.0,healthy,healthy,242,242,0.9807692307692308,0.9807692307692308
iforest,iforest_n200_ms_0p5,pooled,0.95,5,0,29,30,2,240.0,239.0,healthy,healthy,240,239,0.9967032967032968,0.9898351648351649
iforest,iforest_n200_ms_0p5,pooled,0.95,5,0,34,34,1,235.0,235.0,healthy,healthy,235,235,0.9752747252747253,0.9752747252747253
iforest,iforest_n200_ms_0p5,pooled,0.95,5,0,41,41,1,228.0,228.0,healthy,healthy,228,228,0.9675824175824176,0.9675824175824176
iforest,iforest_n200_ms_0p5,pooled,0.95,5,0,47,47,1,222.0,222.0,healthy,healthy,222,222,0.956043956043956,0.956043956043956
iforest,iforest_n200_ms_0p5,pooled,0.95,5,0,52,52,1,217.0,217.0,healthy,healthy,217,217,0.9807692307692308,0.9807692307692308
iforest,iforest_n200_ms_0p5,pooled,0.95,5,0,59,59,1,210.0,210.0,healthy,healthy,210,210,0.9730769230769232,0.9730769230769232
iforest,iforest_n200_ms_0p5,pooled,0.95,5,0,65,65,1,204.0,204.0,healthy,healthy,204,204,0.9868131868131867,0.9868131868131867
iforest,iforest_n200_ms_0p5,pooled,0.95,5,0,67,68,2,202.0,201.0,healthy,healthy,202,201,0.9752747252747253,0.9717032967032966
iforest,iforest_n200_ms_0p5,pooled,0.95,5,0,71,71,1,198.0,198.0,healthy,healthy,198,198,0.9923076923076924,0.9923076923076924
iforest,iforest_n200_ms_0p5,pooled,0.95,5,0,74,74,1,195.0,195.0,healthy,healthy,195,195,0.9791208791208792,0.9791208791208792
iforest,iforest_n200_ms_0p5,pooled,0.95,5,0,86,87,2,183.0,182.0,healthy,healthy,183,182,0.9934065934065934,0.9722527472527472
iforest,iforest_n200_ms_0p5,pooled,0.95,5,0,100,100,1,169.0,169.0,healthy,healthy,169,169,0.9945054945054944,0.9945054945054944
iforest,iforest_n200_ms_0p5,pooled,0.95,5,0,123,123,1,146.0,146.0,healthy,healthy,146,146,0.984065934065934,0.984065934065934
iforest,iforest_n200_ms_0p5,pooled,0.95,5,0,137,137,1,132.0,132.0,healthy,healthy,132,132,0.9631868131868132,0.9631868131868132
iforest,iforest_n200_ms_0p5,pooled,0.95,5,0,147,147,1,122.0,122.0,middle,middle,122,122,0.9752747252747253,0.9752747252747253
iforest,iforest_n200_ms_0p5,pooled,0.95,5,0,152,152,1,117.0,117.0,middle,middle,117,117,0.965934065934066,0.965934065934066
iforest,iforest_n200_ms_0p5,pooled,0.95,5,0,158,158,1,111.0,111.0,middle,middle,111,111,0.9730769230769232,0.9730769230769232
iforest,iforest_n200_ms_0p5,pooled,0.95,5,0,160,160,1,109.0,109.0,middle,middle,109,109,0.9868131868131867,0.9868131868131867
iforest,iforest_n200_ms_0p5,pooled,0.95,5,0,163,163,1,106.0,106.0,middle,middle,106,106,0.9648351648351648,0.9648351648351648
iforest,iforest_n200_ms_0p5,pooled,0.95,5,0,165,165,1,104.0,104.0,middle,middle,104,104,0.9615384615384616,0.9615384615384616
iforest,iforest_n200_ms_0p5,pooled,0.95,5,0,169,173,5,100.0,96.0,middle,middle,100,96,0.9912087912087912,0.9765934065934065
iforest,iforest_n200_ms_0p5,pooled,0.95,5,0,175,177,3,94.0,92.0,middle,middle,94,92,0.9752747252747253,0.9622710622710623
iforest,iforest_n200_ms_0p5,pooled,0.95,5,0,180,181,2,89.0,88.0,middle,middle,89,88,0.9967032967032968,0.9802197802197803
iforest,iforest_n200_ms_0p5,pooled,0.95,5,0,183,185,3,86.0,84.0,middle,middle,86,84,0.9697802197802198,0.9646520146520148
iforest,iforest_n200_ms_0p5,pooled,0.95,5,0,187,269,83,82.0,0.0,middle,near_failure,82,0,1.0,0.995730173441017
iforest,iforest_n200_ms_0p5,pooled,0.95,10,0,5,5,1,217.0,217.0,healthy,healthy,217,217,0.9708791208791208,0.9708791208791208
iforest,iforest_n200_ms_0p5,pooled,0.95,10,0,13,13,1,209.0,209.0,healthy,healthy,209,209,0.9807692307692308,0.9807692307692308
iforest,iforest_n200_ms_0p5,pooled,0.95,10,0,16,16,1,206.0,206.0,healthy,healthy,206,206,0.99010989010989,0.99010989010989
iforest,iforest_n200_ms_0p5,pooled,0.95,10,0,26,26,1,196.0,196.0,healthy,healthy,196,196,0.965934065934066,0.965934065934066
iforest,iforest_n200_ms_0p5,pooled,0.95,10,0,29,29,1,193.0,193.0,healthy,healthy,193,193,0.965934065934066,0.965934065934066
iforest,iforest_n200_ms_0p5,pooled,0.95,10,0,35,35,1,187.0,187.0,healthy,healthy,187,187,0.9571428571428572,0.9571428571428572
iforest,iforest_n200_ms_0p5,pooled,0.95,10,0,39,39,1,183.0,183.0,healthy,healthy,183,183,0.9582417582417584,0.9582417582417584
iforest,iforest_n200_ms_0p5,pooled,0.95,10,0,43,43,1,179.0,179.0,healthy,healthy,179,179,0.9945054945054944,0.9945054945054944
iforest,iforest_n200_ms_0p5,pooled,0.95,10,0,49,49,1,173.0,173.0,healthy,healthy,173,173,0.965934065934066,0.965934065934066
iforest,iforest_n200_ms_0p5,pooled,0.95,10,0,61,61,1,161.0,161.0,healthy,healthy,161,161,0.9675824175824176,0.9675824175824176
iforest,iforest_n200_ms_0p5,pooled,0.95,10,0,67,67,1,155.0,155.0,healthy,healthy,155,155,0.9928571428571428,0.9928571428571428
iforest,iforest_n200_ms_0p5,pooled,0.95,10,0,75,75,1,147.0,147.0,healthy,healthy,147,147,0.987912087912088,0.987912087912088
iforest,iforest_n200_ms_0p5,pooled,0.95,10,0,90,90,1,132.0,132.0,healthy,healthy,132,132,0.9686813186813188,0.9686813186813188
iforest,iforest_n200_ms_0p5,pooled,0.95,10,0,103,103,1,119.0,119.0,middle,middle,119,119,0.9576923076923076,0.9576923076923076
iforest,iforest_n200_ms_0p5,pooled,0.95,10,0,155,155,1,67.0,67.0,middle,middle,67,67,0.965934065934066,0.965934065934066
iforest,iforest_n200_ms_0p5,pooled,0.95,10,0,158,158,1,64.0,64.0,middle,middle,64,64,0.9928571428571428,0.9928571428571428
iforest,iforest_n200_ms_0p5,pooled,0.95,10,0,164,164,1,58.0,58.0,middle,middle,58,58,0.9763736263736263,0.9763736263736263
iforest,iforest_n200_ms_0p5,pooled,0.95,10,0,166,167,2,56.0,55.0,middle,middle,56,55,0.9725274725274724,0.9653846153846154
iforest,iforest_n200_ms_0p5,pooled,0.95,10,0,169,169,1,53.0,53.0,middle,middle,53,53,0.9846153846153848,0.9846153846153848
iforest,iforest_n200_ms_0p5,pooled,0.95,10,0,172,173,2,50.0,49.0,middle,middle,50,49,0.9989010989010988,0.9912087912087912
iforest,iforest_n200_ms_0p5,pooled,0.95,10,0,175,178,4,47.0,44.0,middle,middle,47,44,0.9945054945054944,0.9906593406593406
iforest,iforest_n200_ms_0p5,pooled,0.95,10,0,180,222,43,42.0,0.0,middle,near_failure,42,0,1.0,0.9991949910554562
iforest,iforest_n200_ms_0p5,pooled,0.95,11,0,2,2,1,238.0,238.0,healthy,healthy,238,238,0.9934065934065934,0.9934065934065934
iforest,iforest_n200_ms_0p5,pooled,0.95,11,0,4,4,1,236.0,236.0,healthy,healthy,236,236,0.9593406593406594,0.9593406593406594
iforest,iforest_n200_ms_0p5,pooled,0.95,11,0,9,9,1,231.0,231.0,healthy,healthy,231,231,0.9868131868131867,0.9868131868131867
iforest,iforest_n200_ms_0p5,pooled,0.95,11,0,13,14,2,227.0,226.0,healthy,healthy,227,226,0.9912087912087912,0.9785714285714286
iforest,iforest_n200_ms_0p5,pooled,0.95,11,0,20,20,1,220.0,220.0,healthy,healthy,220,220,0.965934065934066,0.965934065934066
iforest,iforest_n200_ms_0p5,pooled,0.95,11,0,25,25,1,215.0,215.0,healthy,healthy,215,215,0.968131868131868,0.968131868131868
iforest,iforest_n200_ms_0p5,pooled,0.95,11,0,35,35,1,205.0,205.0,healthy,healthy,205,205,0.9928571428571428,0.9928571428571428
iforest,iforest_n200_ms_0p5,pooled,0.95,11,0,39,39,1,201.0,201.0,healthy,healthy,201,201,0.9923076923076924,0.9923076923076924
iforest,iforest_n200_ms_0p5,pooled,0.95,11,0,43,43,1,197.0,197.0,healthy,healthy,197,197,0.9868131868131867,0.9868131868131867
iforest,iforest_n200_ms_0p5,pooled,0.95,11,0,113,113,1,127.0,127.0,healthy,healthy,127,127,0.9714285714285714,0.9714285714285714
iforest,iforest_n200_ms_0p5,pooled,0.95,11,0,159,159,1,81.0,81.0,middle,middle,81,81,0.99010989010989,0.99010989010989
iforest,iforest_n200_ms_0p5,pooled,0.95,11,0,171,172,2,69.0,68.0,middle,middle,69,68,0.9752747252747253,0.9695054945054945
iforest,iforest_n200_ms_0p5,pooled,0.95,11,0,175,175,1,65.0,65.0,middle,middle,65,65,0.9675824175824176,0.9675824175824176
iforest,iforest_n200_ms_0p5,pooled,0.95,11,0,177,240,64,63.0,0.0,middle,near_failure,63,0,1.0,0.9954155219780221
iforest,iforest_n200_ms_0p5,pooled,0.95,13,0,49,49,1,114.0,114.0,middle,middle,114,114,0.951098901098901,0.951098901098901
iforest,iforest_n200_ms_0p5,pooled,0.95,13,0,92,92,1,71.0,71.0,middle,middle,71,71,0.9752747252747253,0.9752747252747253
iforest,iforest_n200_ms_0p5,pooled,0.95,13,0,95,95,1,68.0,68.0,middle,middle,68,68,0.9829670329670328,0.9829670329670328
iforest,iforest_n200_ms_0p5,pooled,0.95,13,0,98,98,1,65.0,65.0,middle,middle,65,65,0.965934065934066,0.965934065934066
iforest,iforest_n200_ms_0p5,pooled,0.95,13,0,101,101,1,62.0,62.0,middle,middle,62,62,0.9835164835164836,0.9835164835164836
iforest,iforest_n200_ms_0p5,pooled,0.95,13,0,103,163,61,60.0,0.0,middle,near_failure,60,0,1.0,0.9965051342100523
iforest,iforest_n200_ms_0p5,pooled,0.95,16,0,7,7,1,202.0,202.0,healthy,healthy,202,202,0.971978021978022,0.971978021978022
iforest,iforest_n200_ms_0p5,pooled,0.95,16,0,28,28,1,181.0,181.0,healthy,healthy,181,181,0.9868131868131867,0.9868131868131867
iforest,iforest_n200_ms_0p5,pooled,0.95,16,0,43,43,1,166.0,166.0,healthy,healthy,166,166,0.9851648351648352,0.9851648351648352
iforest,iforest_n200_ms_0p5,pooled,0.95,16,0,49,49,1,160.0,160.0,healthy,healthy,160,160,0.9675824175824176,0.9675824175824176
iforest,iforest_n200_ms_0p5,pooled,0.95,16,0,53,53,1,156.0,156.0,healthy,healthy,156,156,0.9571428571428572,0.9571428571428572
iforest,iforest_n200_ms_0p5,pooled,0.95,16,0,56,56,1,153.0,153.0,healthy,healthy,153,153,0.9807692307692308,0.9807692307692308
iforest,iforest_n200_ms_0p5,pooled,0.95,16,0,62,63,2,147.0,146.0,healthy,healthy,147,146,0.9923076923076924,0.9791208791208792
iforest,iforest_n200_ms_0p5,pooled,0.95,16,0,70,71,2,139.0,138.0,healthy,healthy,139,138,0.9829670329670328,0.9777472527472526
iforest,iforest_n200_ms_0p5,pooled,0.95,16,0,73,73,1,136.0,136.0,healthy,healthy,136,136,0.9923076923076924,0.9923076923076924
iforest,iforest_n200_ms_0p5,pooled,0.95,16,0,78,78,1,131.0,131.0,healthy,healthy,131,131,0.9923076923076924,0.9923076923076924
iforest,iforest_n200_ms_0p5,pooled,0.95,16,0,80,80,1,129.0,129.0,healthy,healthy,129,129,0.965934065934066,0.965934065934066
iforest,iforest_n200_ms_0p5,pooled,0.95,16,0,83,83,1,126.0,126.0,healthy,healthy,126,126,0.9967032967032968,0.9967032967032968
iforest,iforest_n200_ms_0p5,pooled,0.95,16,0,88,89,2,121.0,120.0,middle,middle,121,120,0.9928571428571428,0.9755494505494506
iforest,iforest_n200_ms_0p5,pooled,0.95,16,0,91,91,1,118.0,118.0,middle,middle,118,118,0.9989010989010988,0.9989010989010988
iforest,iforest_n200_ms_0p5,pooled,0.95,16,0,93,95,3,116.0,114.0,middle,middle,116,114,0.9791208791208792,0.9767399267399268
iforest,iforest_n200_ms_0p5,pooled,0.95,16,0,97,105,9,112.0,104.0,middle,middle,112,104,0.9994505494505496,0.9853479853479854
iforest,iforest_n200_ms_0p5,pooled,0.95,16,0,107,112,6,102.0,97.0,middle,middle,102,97,0.9945054945054944,0.9817765567765568
iforest,iforest_n200_ms_0p5,pooled,0.95,16,0,116,118,3,93.0,91.0,middle,middle,93,91,1.0,0.9882783882783883
iforest,iforest_n200_ms_0p5,pooled,0.95,16,0,120,126,7,89.0,83.0,middle,middle,89,83,1.0,0.9913657770800628
iforest,iforest_n200_ms_0p5,pooled,0.95,16,0,128,209,82,81.0,0.0,middle,near_failure,81,0,1.0,0.9994572500670061
iforest,iforest_n200_ms_0p5,pooled,0.95,27,0,52,52,1,104.0,104.0,middle,middle,104,104,0.9846153846153848,0.9846153846153848
iforest,iforest_n200_ms_0p5,pooled,0.95,27,0,80,80,1,76.0,76.0,middle,middle,76,76,0.9752747252747253,0.9752747252747253
iforest,iforest_n200_ms_0p5,pooled,0.95,27,0,84,84,1,72.0,72.0,middle,middle,72,72,0.9593406593406594,0.9593406593406594
iforest,iforest_n200_ms_0p5,pooled,0.95,27,0,92,99,8,64.0,57.0,middle,middle,64,57,0.9967032967032968,0.9820054945054946
iforest,iforest_n200_ms_0p5,pooled,0.95,27,0,102,104,3,54.0,52.0,middle,middle,54,52,0.9989010989010988,0.9877289377289378
iforest,iforest_n200_ms_0p5,pooled,0.95,27,0,106,156,51,50.0,0.0,middle,near_failure,50,0,1.0,0.9985132514544278
iforest,iforest_n200_ms_0p5,pooled,0.95,31,0,29,29,1,205.0,205.0,healthy,healthy,205,205,0.9884615384615384,0.9884615384615384
iforest,iforest_n200_ms_0p5,pooled,0.95,31,0,32,32,1,202.0,202.0,healthy,healthy,202,202,0.971978021978022,0.971978021978022
iforest,iforest_n200_ms_0p5,pooled,0.95,31,0,40,40,1,194.0,194.0,healthy,healthy,194,194,0.9752747252747253,0.9752747252747253
iforest,iforest_n200_ms_0p5,pooled,0.95,31,0,47,48,2,187.0,186.0,healthy,healthy,187,186,0.9675824175824176,0.9637362637362639
iforest,iforest_n200_ms_0p5,pooled,0.95,31,0,50,50,1,184.0,184.0,healthy,healthy,184,184,0.9686813186813188,0.9686813186813188
iforest,iforest_n200_ms_0p5,pooled,0.95,31,0,64,64,1,170.0,170.0,healthy,healthy,170,170,0.9505494505494504,0.9505494505494504
iforest,iforest_n200_ms_0p5,pooled,0.95,31,0,82,82,1,152.0,152.0,healthy,healthy,152,152,0.9763736263736263,0.9763736263736263
iforest,iforest_n200_ms_0p5,pooled,0.95,31,0,101,101,1,133.0,133.0,healthy,healthy,133,133,0.9686813186813188,0.9686813186813188
iforest,iforest_n200_ms_0p5,pooled,0.95,31,0,105,105,1,129.0,129.0,healthy,healthy,129,129,0.9582417582417584,0.9582417582417584
iforest,iforest_n200_ms_0p5,pooled,0.95,31,0,130,130,1,104.0,104.0,middle,middle,104,104,0.9703296703296704,0.9703296703296704
iforest,iforest_n200_ms_0p5,pooled,0.95,31,0,135,135,1,99.0,99.0,middle,middle,99,99,0.968131868131868,0.968131868131868
iforest,iforest_n200_ms_0p5,pooled,0.95,31,0,151,151,1,83.0,83.0,middle,middle,83,83,0.9802197802197802,0.9802197802197802
iforest,iforest_n200_ms_0p5,pooled,0.95,31,0,167,167,1,67.0,67.0,middle,middle,67,67,0.9829670329670328,0.9829670329670328
iforest,iforest_n200_ms_0p5,pooled,0.95,31,0,185,185,1,49.0,49.0,middle,middle,49,49,0.9703296703296704,0.9703296703296704
iforest,iforest_n200_ms_0p5,pooled,0.95,31,0,188,190,3,46.0,44.0,middle,middle,46,44,0.9923076923076924,0.9727106227106228
iforest,iforest_n200_ms_0p5,pooled,0.95,31,0,194,234,41,40.0,0.0,middle,near_failure,40,0,1.0,0.9989145001340122
iforest,iforest_n200_ms_0p5,pooled,0.95,34,0,49,49,1,146.0,146.0,healthy,healthy,146,146,0.9637362637362638,0.9637362637362638
iforest,iforest_n200_ms_0p5,pooled,0.95,34,0,93,93,1,102.0,102.0,middle,middle,102,102,0.9923076923076924,0.9923076923076924
iforest,iforest_n200_ms_0p5,pooled,0.95,34,0,116,116,1,79.0,79.0,middle,middle,79,79,0.9587912087912088,0.9587912087912088
iforest,iforest_n200_ms_0p5,pooled,0.95,34,0,120,128,9,75.0,67.0,middle,middle,75,67,0.9961538461538462,0.9817460317460317
iforest,iforest_n200_ms_0p5,pooled,0.95,34,0,130,195,66,65.0,0.0,middle,near_failure,65,0,1.0,0.9985431235431237
iforest,iforest_n200_ms_0p5,pooled,0.95,40,0,26,26,1,162.0,162.0,healthy,healthy,162,162,0.971978021978022,0.971978021978022
iforest,iforest_n200_ms_0p5,pooled,0.95,40,0,36,36,1,152.0,152.0,healthy,healthy,152,152,0.9725274725274724,0.9725274725274724
iforest,iforest_n200_ms_0p5,pooled,0.95,40,0,39,40,2,149.0,148.0,healthy,healthy,149,148,0.9829670329670328,0.9700549450549449
iforest,iforest_n200_ms_0p5,pooled,0.95,40,0,48,48,1,140.0,140.0,healthy,healthy,140,140,0.965934065934066,0.965934065934066
iforest,iforest_n200_ms_0p5,pooled,0.95,40,0,68,69,2,120.0,119.0,middle,middle,120,119,0.9791208791208792,0.976923076923077
iforest,iforest_n200_ms_0p5,pooled,0.95,40,0,76,77,2,112.0,111.0,middle,middle,112,111,0.9846153846153848,0.9760989010989012
iforest,iforest_n200_ms_0p5,pooled,0.95,40,0,81,81,1,107.0,107.0,middle,middle,107,107,0.9851648351648352,0.9851648351648352
iforest,iforest_n200_ms_0p5,pooled,0.95,40,0,84,84,1,104.0,104.0,middle,middle,104,104,0.9774725274725274,0.9774725274725274
iforest,iforest_n200_ms_0p5,pooled,0.95,40,0,86,89,4,102.0,99.0,middle,middle,102,99,0.9983516483516484,0.9798076923076924
iforest,iforest_n200_ms_0p5,pooled,0.95,40,0,91,93,3,97.0,95.0,middle,middle,97,95,0.9884615384615384,0.9804029304029305
iforest,iforest_n200_ms_0p5,pooled,0.95,40,0,95,95,1,93.0,93.0,middle,middle,93,93,0.9994505494505496,0.9994505494505496
iforest,iforest_n200_ms_0p5,pooled,0.95,40,0,98,98,1,90.0,90.0,middle,middle,90,90,0.993956043956044,0.993956043956044
iforest,iforest_n200_ms_0p5,pooled,0.95,40,0,100,103,4,88.0,85.0,middle,middle,88,85,0.9967032967032968,0.9901098901098901
iforest,iforest_n200_ms_0p5,pooled,0.95,40,0,106,111,6,82.0,77.0,middle,middle,82,77,0.9989010989010988,0.9903846153846154
iforest,iforest_n200_ms_0p5,pooled,0.95,40,0,114,188,75,74.0,0.0,middle,near_failure,74,0,1.0,0.9992893772893774
iforest,iforest_n200_ms_0p5,pooled,0.95,41,0,16,17,2,200.0,199.0,healthy,healthy,200,199,0.9912087912087912,0.976923076923077
iforest,iforest_n200_ms_0p5,pooled,0.95,41,0,35,35,1,181.0,181.0,healthy,healthy,181,181,0.9928571428571428,0.9928571428571428
iforest,iforest_n200_ms_0p5,pooled,0.95,41,0,40,40,1,176.0,176.0,healthy,healthy,176,176,0.9945054945054944,0.9945054945054944
iforest,iforest_n200_ms_0p5,pooled,0.95,41,0,84,84,1,132.0,132.0,healthy,healthy,132,132,0.9571428571428572,0.9571428571428572
iforest,iforest_n200_ms_0p5,pooled,0.95,41,0,87,87,1,129.0,129.0,healthy,healthy,129,129,0.9675824175824176,0.9675824175824176
iforest,iforest_n200_ms_0p5,pooled,0.95,41,0,112,112,1,104.0,104.0,middle,middle,104,104,0.9956043956043956,0.9956043956043956
iforest,iforest_n200_ms_0p5,pooled,0.95,41,0,120,120,1,96.0,96.0,middle,middle,96,96,0.9912087912087912,0.9912087912087912
iforest,iforest_n200_ms_0p5,pooled,0.95,41,0,128,128,1,88.0,88.0,middle,middle,88,88,0.9873626373626374,0.9873626373626374
iforest,iforest_n200_ms_0p5,pooled,0.95,41,0,131,132,2,85.0,84.0,middle,middle,85,84,0.993956043956044,0.9865384615384616
iforest,iforest_n200_ms_0p5,pooled,0.95,41,0,139,141,3,77.0,75.0,middle,middle,77,75,0.9923076923076924,0.9754578754578755
iforest,iforest_n200_ms_0p5,pooled,0.95,41,0,144,151,8,72.0,65.0,middle,middle,72,65,0.9934065934065934,0.9784340659340659
iforest,iforest_n200_ms_0p5,pooled,0.95,41,0,153,216,64,63.0,0.0,middle,near_failure,63,0,1.0,0.9975618131868131
iforest,iforest_n200_ms_0p5,pooled,0.95,45,0,4,4,1,154.0,154.0,healthy,healthy,154,154,0.95989010989011,0.95989010989011
iforest,iforest_n200_ms_0p5,pooled,0.95,45,0,9,9,1,149.0,149.0,healthy,healthy,149,149,0.9994505494505496,0.9994505494505496
iforest,iforest_n200_ms_0p5,pooled,0.95,45,0,13,13,1,145.0,145.0,healthy,healthy,145,145,0.962087912087912,0.962087912087912
iforest,iforest_n200_ms_0p5,pooled,0.95,45,0,17,17,1,141.0,141.0,healthy,healthy,141,141,0.9912087912087912,0.9912087912087912
iforest,iforest_n200_ms_0p5,pooled,0.95,45,0,21,21,1,137.0,137.0,healthy,healthy,137,137,0.9829670329670328,0.9829670329670328
iforest,iforest_n200_ms_0p5,pooled,0.95,45,0,23,23,1,135.0,135.0,healthy,healthy,135,135,0.9571428571428572,0.9571428571428572
iforest,iforest_n200_ms_0p5,pooled,0.95,45,0,27,27,1,131.0,131.0,healthy,healthy,131,131,0.9923076923076924,0.9923076923076924
iforest,iforest_n200_ms_0p5,pooled,0.95,45,0,31,32,2,127.0,126.0,healthy,healthy,127,126,0.9587912087912088,0.9554945054945054
iforest,iforest_n200_ms_0p5,pooled,0.95,45,0,34,34,1,124.0,124.0,middle,middle,124,124,0.9571428571428572,0.9571428571428572
iforest,iforest_n200_ms_0p5,pooled,0.95,45,0,36,36,1,122.0,122.0,middle,middle,122,122,0.9593406593406594,0.9593406593406594
iforest,iforest_n200_ms_0p5,pooled,0.95,45,0,43,43,1,115.0,115.0,middle,middle,115,115,0.9582417582417584,0.9582417582417584
iforest,iforest_n200_ms_0p5,pooled,0.95,45,0,45,45,1,113.0,113.0,middle,middle,113,113,0.9846153846153848,0.9846153846153848
iforest,iforest_n200_ms_0p5,pooled,0.95,45,0,47,47,1,111.0,111.0,middle,middle,111,111,0.9807692307692308,0.9807692307692308
iforest,iforest_n200_ms_0p5,pooled,0.95,45,0,52,52,1,106.0,106.0,middle,middle,106,106,0.9648351648351648,0.9648351648351648
iforest,iforest_n200_ms_0p5,pooled,0.95,45,0,61,61,1,97.0,97.0,middle,middle,97,97,0.9582417582417584,0.9582417582417584
iforest,iforest_n200_ms_0p5,pooled,0.95,45,0,77,78,2,81.0,80.0,middle,middle,81,80,0.9648351648351648,0.9642857142857143
iforest,iforest_n200_ms_0p5,pooled,0.95,45,0,84,84,1,74.0,74.0,middle,middle,74,74,0.9934065934065934,0.9934065934065934
iforest,iforest_n200_ms_0p5,pooled,0.95,45,0,88,88,1,70.0,70.0,middle,middle,70,70,0.9582417582417584,0.9582417582417584
iforest,iforest_n200_ms_0p5,pooled,0.95,45,0,91,91,1,67.0,67.0,middle,middle,67,67,0.9505494505494504,0.9505494505494504
iforest,iforest_n200_ms_0p5,pooled,0.95,45,0,97,98,2,61.0,60.0,middle,middle,61,60,0.9703296703296704,0.967857142857143
iforest,iforest_n200_ms_0p5,pooled,0.95,45,0,100,100,1,58.0,58.0,middle,middle,58,58,0.9934065934065934,0.9934065934065934
iforest,iforest_n200_ms_0p5,pooled,0.95,45,0,104,104,1,54.0,54.0,middle,middle,54,54,0.9829670329670328,0.9829670329670328
iforest,iforest_n200_ms_0p5,pooled,0.95,45,0,106,106,1,52.0,52.0,middle,middle,52,52,0.9868131868131867,0.9868131868131867
iforest,iforest_n200_ms_0p5,pooled,0.95,45,0,108,108,1,50.0,50.0,middle,middle,50,50,0.9763736263736263,0.9763736263736263
iforest,iforest_n200_ms_0p5,pooled,0.95,45,0,110,111,2,48.0,47.0,middle,middle,48,47,0.965934065934066,0.960989010989011
iforest,iforest_n200_ms_0p5,pooled,0.95,45,0,113,114,2,45.0,44.0,middle,middle,45,44,0.9928571428571428,0.9914835164835164
iforest,iforest_n200_ms_0p5,pooled,0.95,45,0,116,158,43,42.0,0.0,middle,near_failure,42,0,1.0,0.9954255047278304
iforest,iforest_n200_ms_0p5,pooled,0.95,46,0,1,1,1,255.0,255.0,healthy,healthy,255,255,0.9752747252747253,0.9752747252747253
iforest,iforest_n200_ms_0p5,pooled,0.95,46,0,31,31,1,225.0,225.0,healthy,healthy,225,225,0.9923076923076924,0.9923076923076924
iforest,iforest_n200_ms_0p5,pooled,0.95,46,0,64,64,1,192.0,192.0,healthy,healthy,192,192,0.99010989010989,0.99010989010989
iforest,iforest_n200_ms_0p5,pooled,0.95,46,0,75,75,1,181.0,181.0,healthy,healthy,181,181,0.9846153846153848,0.9846153846153848
iforest,iforest_n200_ms_0p5,pooled,0.95,46,0,80,80,1,176.0,176.0,healthy,healthy,176,176,0.9626373626373628,0.9626373626373628
iforest,iforest_n200_ms_0p5,pooled,0.95,46,0,84,84,1,172.0,172.0,healthy,healthy,172,172,0.9928571428571428,0.9928571428571428
iforest,iforest_n200_ms_0p5,pooled,0.95,46,0,96,96,1,160.0,160.0,healthy,healthy,160,160,0.9829670329670328,0.9829670329670328
iforest,iforest_n200_ms_0p5,pooled,0.95,46,0,189,189,1,67.0,67.0,middle,middle,67,67,0.9637362637362638,0.9637362637362638
iforest,iforest_n200_ms_0p5,pooled,0.95,46,0,197,197,1,59.0,59.0,middle,middle,59,59,0.9857142857142858,0.9857142857142858
iforest,iforest_n200_ms_0p5,pooled,0.95,46,0,203,203,1,53.0,53.0,middle,middle,53,53,0.9868131868131867,0.9868131868131867
iforest,iforest_n200_ms_0p5,pooled,0.95,46,0,209,256,48,47.0,0.0,middle,near_failure,47,0,1.0,0.996783424908425
iforest,iforest_n200_ms_0p5,pooled,0.95,54,0,6,6,1,251.0,251.0,healthy,healthy,251,251,0.968131868131868,0.968131868131868
iforest,iforest_n200_ms_0p5,pooled,0.95,54,0,24,24,1,233.0,233.0,healthy,healthy,233,233,0.987912087912088,0.987912087912088
iforest,iforest_n200_ms_0p5,pooled,0.95,54,0,35,35,1,222.0,222.0,healthy,healthy,222,222,0.9686813186813188,0.9686813186813188
iforest,iforest_n200_ms_0p5,pooled,0.95,54,0,74,74,1,183.0,183.0,healthy,healthy,183,183,0.9835164835164836,0.9835164835164836
iforest,iforest_n200_ms_0p5,pooled,0.95,54,0,110,110,1,147.0,147.0,healthy,healthy,147,147,0.9730769230769232,0.9730769230769232
iforest,iforest_n200_ms_0p5,pooled,0.95,54,0,145,145,1,112.0,112.0,middle,middle,112,112,0.965934065934066,0.965934065934066
iforest,iforest_n200_ms_0p5,pooled,0.95,54,0,150,150,1,107.0,107.0,middle,middle,107,107,0.9741758241758242,0.9741758241758242
iforest,iforest_n200_ms_0p5,pooled,0.95,54,0,152,152,1,105.0,105.0,middle,middle,105,105,0.9752747252747253,0.9752747252747253
iforest,iforest_n200_ms_0p5,pooled,0.95,54,0,161,161,1,96.0,96.0,middle,middle,96,96,0.956043956043956,0.956043956043956
iforest,iforest_n200_ms_0p5,pooled,0.95,54,0,163,163,1,94.0,94.0,middle,middle,94,94,0.965934065934066,0.965934065934066
iforest,iforest_n200_ms_0p5,pooled,0.95,54,0,168,168,1,89.0,89.0,middle,middle,89,89,0.9846153846153848,0.9846153846153848
iforest,iforest_n200_ms_0p5,pooled,0.95,54,0,173,175,3,84.0,82.0,middle,middle,84,82,0.9950549450549452,0.9824175824175825
iforest,iforest_n200_ms_0p5,pooled,0.95,54,0,179,188,10,78.0,69.0,middle,middle,78,69,0.9994505494505496,0.981043956043956
iforest,iforest_n200_ms_0p5,pooled,0.95,54,0,190,257,68,67.0,0.0,middle,near_failure,67,0,1.0,0.9965982546864902
iforest,iforest_n200_ms_0p5,pooled,0.95,74,0,19,19,1,147.0,147.0,healthy,healthy,147,147,0.9582417582417584,0.9582417582417584
iforest,iforest_n200_ms_0p5,pooled,0.95,74,0,26,26,1,140.0,140.0,healthy,healthy,140,140,0.9791208791208792,0.9791208791208792
iforest,iforest_n200_ms_0p5,pooled,0.95,74,0,117,117,1,49.0,49.0,middle,middle,49,49,0.962087912087912,0.962087912087912
iforest,iforest_n200_ms_0p5,pooled,0.95,74,0,125,125,1,41.0,41.0,middle,middle,41,41,0.952197802197802,0.952197802197802
iforest,iforest_n200_ms_0p5,pooled,0.95,74,0,128,128,1,38.0,38.0,middle,middle,38,38,0.9989010989010988,0.9989010989010988
iforest,iforest_n200_ms_0p5,pooled,0.95,74,0,130,134,5,36.0,32.0,middle,middle,36,32,0.9967032967032968,0.9835164835164836
iforest,iforest_n200_ms_0p5,pooled,0.95,74,0,136,166,31,30.0,0.0,near_failure,near_failure,30,0,1.0,0.9989719957461893
iforest,iforest_n200_ms_0p5,pooled,0.95,77,0,23,23,1,131.0,131.0,healthy,healthy,131,131,0.9945054945054944,0.9945054945054944
iforest,iforest_n200_ms_0p5,pooled,0.95,77,0,35,35,1,119.0,119.0,middle,middle,119,119,0.9917582417582418,0.9917582417582418
iforest,iforest_n200_ms_0p5,pooled,0.95,77,0,61,61,1,93.0,93.0,middle,middle,93,93,0.9604395604395604,0.9604395604395604
iforest,iforest_n200_ms_0p5,pooled,0.95,77,0,80,80,1,74.0,74.0,middle,middle,74,74,0.965934065934066,0.965934065934066
iforest,iforest_n200_ms_0p5,pooled,0.95,77,0,89,89,1,65.0,65.0,middle,middle,65,65,0.9923076923076924,0.9923076923076924
iforest,iforest_n200_ms_0p5,pooled,0.95,77,0,91,91,1,63.0,63.0,middle,middle,63,63,0.95989010989011,0.95989010989011
iforest,iforest_n200_ms_0p5,pooled,0.95,77,0,93,96,4,61.0,58.0,middle,middle,61,58,0.9928571428571428,0.9774725274725276
iforest,iforest_n200_ms_0p5,pooled,0.95,77,0,98,99,2,56.0,55.0,middle,middle,56,55,0.9967032967032968,0.9821428571428572
iforest,iforest_n200_ms_0p5,pooled,0.95,77,0,105,107,3,49.0,47.0,middle,middle,49,47,0.9950549450549452,0.9822344322344323
iforest,iforest_n200_ms_0p5,pooled,0.95,77,0,109,109,1,45.0,45.0,middle,middle,45,45,0.9917582417582418,0.9917582417582418
iforest,iforest_n200_ms_0p5,pooled,0.95,77,0,111,111,1,43.0,43.0,middle,middle,43,43,0.9917582417582418,0.9917582417582418
iforest,iforest_n200_ms_0p5,pooled,0.95,77,0,113,154,42,41.0,0.0,middle,near_failure,41,0,1.0,0.9984039769754056
iforest,iforest_n200_ms_0p5,pooled,0.95,78,0,1,5,5,230.0,226.0,healthy,healthy,230,226,0.9989010989010988,0.9926373626373627
iforest,iforest_n200_ms_0p5,pooled,0.95,78,0,8,8,1,223.0,223.0,healthy,healthy,223,223,0.9829670329670328,0.9829670329670328
iforest,iforest_n200_ms_0p5,pooled,0.95,78,0,11,11,1,220.0,220.0,healthy,healthy,220,220,0.9961538461538462,0.9961538461538462
iforest,iforest_n200_ms_0p5,pooled,0.95,78,0,20,21,2,211.0,210.0,healthy,healthy,211,210,0.993956043956044,0.9807692307692308
iforest,iforest_n200_ms_0p5,pooled,0.95,78,0,26,26,1,205.0,205.0,healthy,healthy,205,205,0.965934065934066,0.965934065934066
iforest,iforest_n200_ms_0p5,pooled,0.95,78,0,32,32,1,199.0,199.0,healthy,healthy,199,199,0.95989010989011,0.95989010989011
iforest,iforest_n200_ms_0p5,pooled,0.95,78,0,35,38,4,196.0,193.0,healthy,healthy,196,193,0.9928571428571428,0.9774725274725273
iforest,iforest_n200_ms_0p5,pooled,0.95,78,0,45,45,1,186.0,186.0,healthy,healthy,186,186,0.9989010989010988,0.9989010989010988
iforest,iforest_n200_ms_0p5,pooled,0.95,78,0,52,53,2,179.0,178.0,healthy,healthy,179,178,0.9846153846153848,0.9818681318681319
iforest,iforest_n200_ms_0p5,pooled,0.95,78,0,56,56,1,175.0,175.0,healthy,healthy,175,175,0.9593406593406594,0.9593406593406594
iforest,iforest_n200_ms_0p5,pooled,0.95,78,0,62,62,1,169.0,169.0,healthy,healthy,169,169,0.9642857142857144,0.9642857142857144
iforest,iforest_n200_ms_0p5,pooled,0.95,78,0,72,72,1,159.0,159.0,healthy,healthy,159,159,0.9829670329670328,0.9829670329670328
iforest,iforest_n200_ms_0p5,pooled,0.95,78,0,80,80,1,151.0,151.0,healthy,healthy,151,151,0.9631868131868132,0.9631868131868132
iforest,iforest_n200_ms_0p5,pooled,0.95,78,0,93,93,1,138.0,138.0,healthy,healthy,138,138,0.954945054945055,0.954945054945055
iforest,iforest_n200_ms_0p5,pooled,0.95,78,0,107,107,1,124.0,124.0,middle,middle,124,124,0.9582417582417584,0.9582417582417584
iforest,iforest_n200_ms_0p5,pooled,0.95,78,0,129,129,1,102.0,102.0,middle,middle,102,102,0.9648351648351648,0.9648351648351648
iforest,iforest_n200_ms_0p5,pooled,0.95,78,0,138,138,1,93.0,93.0,middle,middle,93,93,0.9752747252747253,0.9752747252747253
iforest,iforest_n200_ms_0p5,pooled,0.95,78,0,148,148,1,83.0,83.0,middle,middle,83,83,0.95989010989011,0.95989010989011
iforest,iforest_n200_ms_0p5,pooled,0.95,78,0,173,173,1,58.0,58.0,middle,middle,58,58,0.95989010989011,0.95989010989011
iforest,iforest_n200_ms_0p5,pooled,0.95,78,0,180,181,2,51.0,50.0,middle,middle,51,50,0.9917582417582418,0.9807692307692308
iforest,iforest_n200_ms_0p5,pooled,0.95,78,0,183,184,2,48.0,47.0,middle,middle,48,47,0.9829670329670328,0.9744505494505494
iforest,iforest_n200_ms_0p5,pooled,0.95,78,0,186,231,46,45.0,0.0,middle,near_failure,45,0,1.0,0.9968227424749164
iforest,iforest_n200_ms_0p5,pooled,0.95,81,0,84,84,1,156.0,156.0,healthy,healthy,156,156,0.9912087912087912,0.9912087912087912
iforest,iforest_n200_ms_0p5,pooled,0.95,81,0,119,119,1,121.0,121.0,middle,middle,121,121,0.95989010989011,0.95989010989011
iforest,iforest_n200_ms_0p5,pooled,0.95,81,0,130,130,1,110.0,110.0,middle,middle,110,110,0.954945054945055,0.954945054945055
iforest,iforest_n200_ms_0p5,pooled,0.95,81,0,137,137,1,103.0,103.0,middle,middle,103,103,0.9675824175824176,0.9675824175824176
iforest,iforest_n200_ms_0p5,pooled,0.95,81,0,150,150,1,90.0,90.0,middle,middle,90,90,0.9791208791208792,0.9791208791208792
iforest,iforest_n200_ms_0p5,pooled,0.95,81,0,154,154,1,86.0,86.0,middle,middle,86,86,0.9637362637362638,0.9637362637362638
iforest,iforest_n200_ms_0p5,pooled,0.95,81,0,157,157,1,83.0,83.0,middle,middle,83,83,0.9923076923076924,0.9923076923076924
iforest,iforest_n200_ms_0p5,pooled,0.95,81,0,163,164,2,77.0,76.0,middle,middle,77,76,0.9884615384615384,0.9752747252747251
iforest,iforest_n200_ms_0p5,pooled,0.95,81,0,168,170,3,72.0,70.0,middle,middle,72,70,0.9934065934065934,0.9813186813186814
iforest,iforest_n200_ms_0p5,pooled,0.95,81,0,172,173,2,68.0,67.0,middle,middle,68,67,0.9807692307692308,0.9719780219780221
iforest,iforest_n200_ms_0p5,pooled,0.95,81,0,175,240,66,65.0,0.0,middle,near_failure,65,0,1.0,0.9987012987012986
iforest,iforest_n200_ms_0p5,pooled,0.95,89,0,1,2,2,216.0,215.0,healthy,healthy,216,215,0.9923076923076924,0.9837912087912088
iforest,iforest_n200_ms_0p5,pooled,0.95,89,0,4,4,1,213.0,213.0,healthy,healthy,213,213,0.9945054945054944,0.9945054945054944
iforest,iforest_n200_ms_0p5,pooled,0.95,89,0,17,17,1,200.0,200.0,healthy,healthy,200,200,0.9934065934065934,0.9934065934065934
iforest,iforest_n200_ms_0p5,pooled,0.95,89,0,154,154,1,63.0,63.0,middle,middle,63,63,0.9796703296703296,0.9796703296703296
iforest,iforest_n200_ms_0p5,pooled,0.95,89,0,165,165,1,52.0,52.0,middle,middle,52,52,0.9829670329670328,0.9829670329670328
iforest,iforest_n200_ms_0p5,pooled,0.95,89,0,172,172,1,45.0,45.0,middle,middle,45,45,0.9686813186813188,0.9686813186813188
iforest,iforest_n200_ms_0p5,pooled,0.95,89,0,175,217,43,42.0,0.0,middle,near_failure,42,0,1.0,0.9973294147712752
iforest,iforest_n200_ms_0p5,pooled,0.95,91,0,6,7,2,129.0,128.0,healthy,healthy,129,128,0.9851648351648352,0.9788461538461538
iforest,iforest_n200_ms_0p5,pooled,0.95,91,0,11,11,1,124.0,124.0,middle,middle,124,124,0.952197802197802,0.952197802197802
iforest,iforest_n200_ms_0p5,pooled,0.95,91,0,22,22,1,113.0,113.0,middle,middle,113,113,0.9686813186813188,0.9686813186813188
iforest,iforest_n200_ms_0p5,pooled,0.95,91,0,24,24,1,111.0,111.0,middle,middle,111,111,0.954945054945055,0.954945054945055
iforest,iforest_n200_ms_0p5,pooled,0.95,91,0,26,26,1,109.0,109.0,middle,middle,109,109,0.965934065934066,0.965934065934066
iforest,iforest_n200_ms_0p5,pooled,0.95,91,0,32,33,2,103.0,102.0,middle,middle,103,102,0.9829670329670328,0.979120879120879
iforest,iforest_n200_ms_0p5,pooled,0.95,91,0,42,45,4,93.0,90.0,middle,middle,93,90,0.9989010989010988,0.9806318681318682
iforest,iforest_n200_ms_0p5,pooled,0.95,91,0,49,49,1,86.0,86.0,middle,middle,86,86,0.9637362637362638,0.9637362637362638
iforest,iforest_n200_ms_0p5,pooled,0.95,91,0,52,52,1,83.0,83.0,middle,middle,83,83,0.9928571428571428,0.9928571428571428
iforest,iforest_n200_ms_0p5,pooled,0.95,91,0,54,56,3,81.0,79.0,middle,middle,81,79,0.9961538461538462,0.9851648351648352
iforest,iforest_n200_ms_0p5,pooled,0.95,91,0,58,59,2,77.0,76.0,middle,middle,77,76,0.9928571428571428,0.9807692307692308
iforest,iforest_n200_ms_0p5,pooled,0.95,91,0,61,61,1,74.0,74.0,middle,middle,74,74,0.9675824175824176,0.9675824175824176
iforest,iforest_n200_ms_0p5,pooled,0.95,91,0,63,66,4,72.0,69.0,middle,middle,72,69,0.9912087912087912,0.9678571428571427
iforest,iforest_n200_ms_0p5,pooled,0.95,91,0,68,135,68,67.0,0.0,middle,near_failure,67,0,1.0,0.996606334841629
iforest,iforest_n200_ms_0p5,pooled,0.975,1,0,149,154,6,43.0,38.0,middle,middle,43,38,1.0,0.9897435897435898
iforest,iforest_n200_ms_0p5,pooled,0.975,1,0,156,157,2,36.0,35.0,middle,middle,36,35,0.9956043956043956,0.9895604395604396
iforest,iforest_n200_ms_0p5,pooled,0.975,1,0,159,192,34,33.0,0.0,middle,near_failure,33,0,1.0,0.9997899159663867
iforest,iforest_n200_ms_0p5,pooled,0.975,5,0,7,7,1,262.0,262.0,healthy,healthy,262,262,0.9950549450549452,0.9950549450549452
iforest,iforest_n200_ms_0p5,pooled,0.975,5,0,10,10,1,259.0,259.0,healthy,healthy,259,259,0.9868131868131867,0.9868131868131867
iforest,iforest_n200_ms_0p5,pooled,0.975,5,0,12,12,1,257.0,257.0,healthy,healthy,257,257,0.9758241758241758,0.9758241758241758
iforest,iforest_n200_ms_0p5,pooled,0.975,5,0,23,23,1,246.0,246.0,healthy,healthy,246,246,0.9972527472527472,0.9972527472527472
iforest,iforest_n200_ms_0p5,pooled,0.975,5,0,27,27,1,242.0,242.0,healthy,healthy,242,242,0.9807692307692308,0.9807692307692308
iforest,iforest_n200_ms_0p5,pooled,0.975,5,0,29,30,2,240.0,239.0,healthy,healthy,240,239,0.9967032967032968,0.9898351648351649
iforest,iforest_n200_ms_0p5,pooled,0.975,5,0,34,34,1,235.0,235.0,healthy,healthy,235,235,0.9752747252747253,0.9752747252747253
iforest,iforest_n200_ms_0p5,pooled,0.975,5,0,52,52,1,217.0,217.0,healthy,healthy,217,217,0.9807692307692308,0.9807692307692308
iforest,iforest_n200_ms_0p5,pooled,0.975,5,0,65,65,1,204.0,204.0,healthy,healthy,204,204,0.9868131868131867,0.9868131868131867
iforest,iforest_n200_ms_0p5,pooled,0.975,5,0,68,68,1,201.0,201.0,healthy,healthy,201,201,0.9752747252747253,0.9752747252747253
iforest,iforest_n200_ms_0p5,pooled,0.975,5,0,71,71,1,198.0,198.0,healthy,healthy,198,198,0.9923076923076924,0.9923076923076924
iforest,iforest_n200_ms_0p5,pooled,0.975,5,0,74,74,1,195.0,195.0,healthy,healthy,195,195,0.9791208791208792,0.9791208791208792
iforest,iforest_n200_ms_0p5,pooled,0.975,5,0,87,87,1,182.0,182.0,healthy,healthy,182,182,0.9934065934065934,0.9934065934065934
iforest,iforest_n200_ms_0p5,pooled,0.975,5,0,100,100,1,169.0,169.0,healthy,healthy,169,169,0.9945054945054944,0.9945054945054944
iforest,iforest_n200_ms_0p5,pooled,0.975,5,0,123,123,1,146.0,146.0,healthy,healthy,146,146,0.984065934065934,0.984065934065934
iforest,iforest_n200_ms_0p5,pooled,0.975,5,0,147,147,1,122.0,122.0,middle,middle,122,122,0.9752747252747253,0.9752747252747253
iforest,iforest_n200_ms_0p5,pooled,0.975,5,0,160,160,1,109.0,109.0,middle,middle,109,109,0.9868131868131867,0.9868131868131867
iforest,iforest_n200_ms_0p5,pooled,0.975,5,0,170,170,1,99.0,99.0,middle,middle,99,99,0.9758241758241758,0.9758241758241758
iforest,iforest_n200_ms_0p5,pooled,0.975,5,0,172,173,2,97.0,96.0,middle,middle,97,96,0.9912087912087912,0.9873626373626374
iforest,iforest_n200_ms_0p5,pooled,0.975,5,0,175,175,1,94.0,94.0,middle,middle,94,94,0.9752747252747253,0.9752747252747253
iforest,iforest_n200_ms_0p5,pooled,0.975,5,0,181,181,1,88.0,88.0,middle,middle,88,88,0.9967032967032968,0.9967032967032968
iforest,iforest_n200_ms_0p5,pooled,0.975,5,0,189,197,9,80.0,72.0,middle,middle,80,72,0.9961538461538462,0.9894383394383394
iforest,iforest_n200_ms_0p5,pooled,0.975,5,0,199,269,71,70.0,0.0,middle,near_failure,70,0,1.0,0.9979260176443274
iforest,iforest_n200_ms_0p5,pooled,0.975,10,0,13,13,1,209.0,209.0,healthy,healthy,209,209,0.9807692307692308,0.9807692307692308
iforest,iforest_n200_ms_0p5,pooled,0.975,10,0,16,16,1,206.0,206.0,healthy,healthy,206,206,0.99010989010989,0.99010989010989
iforest,iforest_n200_ms_0p5,pooled,0.975,10,0,43,43,1,179.0,179.0,healthy,healthy,179,179,0.9945054945054944,0.9945054945054944
iforest,iforest_n200_ms_0p5,pooled,0.975,10,0,67,67,1,155.0,155.0,healthy,healthy,155,155,0.9928571428571428,0.9928571428571428
iforest,iforest_n200_ms_0p5,pooled,0.975,10,0,75,75,1,147.0,147.0,healthy,healthy,147,147,0.987912087912088,0.987912087912088
iforest,iforest_n200_ms_0p5,pooled,0.975,10,0,158,158,1,64.0,64.0,middle,middle,64,64,0.9928571428571428,0.9928571428571428
iforest,iforest_n200_ms_0p5,pooled,0.975,10,0,164,164,1,58.0,58.0,middle,middle,58,58,0.9763736263736263,0.9763736263736263
iforest,iforest_n200_ms_0p5,pooled,0.975,10,0,169,169,1,53.0,53.0,middle,middle,53,53,0.9846153846153848,0.9846153846153848
iforest,iforest_n200_ms_0p5,pooled,0.975,10,0,172,173,2,50.0,49.0,middle,middle,50,49,0.9989010989010988,0.9912087912087912
iforest,iforest_n200_ms_0p5,pooled,0.975,10,0,175,178,4,47.0,44.0,middle,middle,47,44,0.9945054945054944,0.9906593406593406
iforest,iforest_n200_ms_0p5,pooled,0.975,10,0,180,222,43,42.0,0.0,middle,near_failure,42,0,1.0,0.9991949910554562
iforest,iforest_n200_ms_0p5,pooled,0.975,11,0,2,2,1,238.0,238.0,healthy,healthy,238,238,0.9934065934065934,0.9934065934065934
iforest,iforest_n200_ms_0p5,pooled,0.975,11,0,9,9,1,231.0,231.0,healthy,healthy,231,231,0.9868131868131867,0.9868131868131867
iforest,iforest_n200_ms_0p5,pooled,0.975,11,0,14,14,1,226.0,226.0,healthy,healthy,226,226,0.9912087912087912,0.9912087912087912
iforest,iforest_n200_ms_0p5,pooled,0.975,11,0,35,35,1,205.0,205.0,healthy,healthy,205,205,0.9928571428571428,0.9928571428571428
iforest,iforest_n200_ms_0p5,pooled,0.975,11,0,39,39,1,201.0,201.0,healthy,healthy,201,201,0.9923076923076924,0.9923076923076924
iforest,iforest_n200_ms_0p5,pooled,0.975,11,0,43,43,1,197.0,197.0,healthy,healthy,197,197,0.9868131868131867,0.9868131868131867
iforest,iforest_n200_ms_0p5,pooled,0.975,11,0,159,159,1,81.0,81.0,middle,middle,81,81,0.99010989010989,0.99010989010989
iforest,iforest_n200_ms_0p5,pooled,0.975,11,0,171,171,1,69.0,69.0,middle,middle,69,69,0.9752747252747253,0.9752747252747253
iforest,iforest_n200_ms_0p5,pooled,0.975,11,0,178,178,1,62.0,62.0,middle,middle,62,62,0.9791208791208792,0.9791208791208792
iforest,iforest_n200_ms_0p5,pooled,0.975,11,0,182,184,3,58.0,56.0,middle,middle,58,56,0.9967032967032968,0.9908424908424909
iforest,iforest_n200_ms_0p5,pooled,0.975,11,0,187,240,54,53.0,0.0,middle,near_failure,53,0,1.0,0.998962148962149
iforest,iforest_n200_ms_0p5,pooled,0.975,13,0,92,92,1,71.0,71.0,middle,middle,71,71,0.9752747252747253,0.9752747252747253
iforest,iforest_n200_ms_0p5,pooled,0.975,13,0,95,95,1,68.0,68.0,middle,middle,68,68,0.9829670329670328,0.9829670329670328
iforest,iforest_n200_ms_0p5,pooled,0.975,13,0,101,101,1,62.0,62.0,middle,middle,62,62,0.9835164835164836,0.9835164835164836
iforest,iforest_n200_ms_0p5,pooled,0.975,13,0,104,104,1,59.0,59.0,middle,middle,59,59,0.9846153846153848,0.9846153846153848
iforest,iforest_n200_ms_0p5,pooled,0.975,13,0,106,107,2,57.0,56.0,middle,middle,57,56,0.9967032967032968,0.9898351648351649
iforest,iforest_n200_ms_0p5,pooled,0.975,13,0,109,163,55,54.0,0.0,middle,near_failure,54,0,1.0,0.9989210789210788
iforest,iforest_n200_ms_0p5,pooled,0.975,16,0,28,28,1,181.0,181.0,healthy,healthy,181,181,0.9868131868131867,0.9868131868131867
iforest,iforest_n200_ms_0p5,pooled,0.975,16,0,43,43,1,166.0,166.0,healthy,healthy,166,166,0.9851648351648352,0.9851648351648352
iforest,iforest_n200_ms_0p5,pooled,0.975,16,0,56,56,1,153.0,153.0,healthy,healthy,153,153,0.9807692307692308,0.9807692307692308
iforest,iforest_n200_ms_0p5,pooled,0.975,16,0,63,63,1,146.0,146.0,healthy,healthy,146,146,0.9923076923076924,0.9923076923076924
iforest,iforest_n200_ms_0p5,pooled,0.975,16,0,71,71,1,138.0,138.0,healthy,healthy,138,138,0.9829670329670328,0.9829670329670328
iforest,iforest_n200_ms_0p5,pooled,0.975,16,0,73,73,1,136.0,136.0,healthy,healthy,136,136,0.9923076923076924,0.9923076923076924
iforest,iforest_n200_ms_0p5,pooled,0.975,16,0,78,78,1,131.0,131.0,healthy,healthy,131,131,0.9923076923076924,0.9923076923076924
iforest,iforest_n200_ms_0p5,pooled,0.975,16,0,83,83,1,126.0,126.0,healthy,healthy,126,126,0.9967032967032968,0.9967032967032968
iforest,iforest_n200_ms_0p5,pooled,0.975,16,0,88,88,1,121.0,121.0,middle,middle,121,121,0.9928571428571428,0.9928571428571428
iforest,iforest_n200_ms_0p5,pooled,0.975,16,0,91,91,1,118.0,118.0,middle,middle,118,118,0.9989010989010988,0.9989010989010988
iforest,iforest_n200_ms_0p5,pooled,0.975,16,0,93,95,3,116.0,114.0,middle,middle,116,114,0.9791208791208792,0.9767399267399268
iforest,iforest_n200_ms_0p5,pooled,0.975,16,0,97,101,5,112.0,108.0,middle,middle,112,108,0.9934065934065934,0.9889010989010989
iforest,iforest_n200_ms_0p5,pooled,0.975,16,0,104,105,2,105.0,104.0,middle,middle,105,104,0.9994505494505496,0.9972527472527474
iforest,iforest_n200_ms_0p5,pooled,0.975,16,0,107,107,1,102.0,102.0,middle,middle,102,102,0.9835164835164836,0.9835164835164836
iforest,iforest_n200_ms_0p5,pooled,0.975,16,0,109,112,4,100.0,97.0,middle,middle,100,97,0.9945054945054944,0.9853021978021977
iforest,iforest_n200_ms_0p5,pooled,0.975,16,0,116,117,2,93.0,92.0,middle,middle,93,92,1.0,0.9994505494505495
iforest,iforest_n200_ms_0p5,pooled,0.975,16,0,120,122,3,89.0,87.0,middle,middle,89,87,1.0,0.9994505494505495
iforest,iforest_n200_ms_0p5,pooled,0.975,16,0,124,126,3,85.0,83.0,middle,middle,85,83,0.9967032967032968,0.9954212454212454
iforest,iforest_n200_ms_0p5,pooled,0.975,16,0,128,209,82,81.0,0.0,middle,near_failure,81,0,1.0,0.9994572500670061
iforest,iforest_n200_ms_0p5,pooled,0.975,27,0,52,52,1,104.0,104.0,middle,middle,104,104,0.9846153846153848,0.9846153846153848
iforest,iforest_n200_ms_0p5,pooled,0.975,27,0,80,80,1,76.0,76.0,middle,middle,76,76,0.9752747252747253,0.9752747252747253
iforest,iforest_n200_ms_0p5,pooled,0.975,27,0,92,92,1,64.0,64.0,middle,middle,64,64,0.9818681318681318,0.9818681318681318
iforest,iforest_n200_ms_0p5,pooled,0.975,27,0,95,99,5,61.0,57.0,middle,middle,61,57,0.9967032967032968,0.9895604395604396
iforest,iforest_n200_ms_0p5,pooled,0.975,27,0,102,103,2,54.0,53.0,middle,middle,54,53,0.9989010989010988,0.9986263736263736
iforest,iforest_n200_ms_0p5,pooled,0.975,27,0,106,107,2,50.0,49.0,middle,middle,50,49,0.9994505494505496,0.9961538461538462
iforest,iforest_n200_ms_0p5,pooled,0.975,27,0,109,156,48,47.0,0.0,middle,near_failure,47,0,1.0,0.999290293040293
iforest,iforest_n200_ms_0p5,pooled,0.975,31,0,29,29,1,205.0,205.0,healthy,healthy,205,205,0.9884615384615384,0.9884615384615384
iforest,iforest_n200_ms_0p5,pooled,0.975,31,0,40,40,1,194.0,194.0,healthy,healthy,194,194,0.9752747252747253,0.9752747252747253
iforest,iforest_n200_ms_0p5,pooled,0.975,31,0,82,82,1,152.0,152.0,healthy,healthy,152,152,0.9763736263736263,0.9763736263736263
iforest,iforest_n200_ms_0p5,pooled,0.975,31,0,151,151,1,83.0,83.0,middle,middle,83,83,0.9802197802197802,0.9802197802197802
iforest,iforest_n200_ms_0p5,pooled,0.975,31,0,167,167,1,67.0,67.0,middle,middle,67,67,0.9829670329670328,0.9829670329670328
iforest,iforest_n200_ms_0p5,pooled,0.975,31,0,188,188,1,46.0,46.0,middle,middle,46,46,0.9923076923076924,0.9923076923076924
iforest,iforest_n200_ms_0p5,pooled,0.975,31,0,194,234,41,40.0,0.0,middle,near_failure,40,0,1.0,0.9989145001340122
iforest,iforest_n200_ms_0p5,pooled,0.975,34,0,93,93,1,102.0,102.0,middle,middle,102,102,0.9923076923076924,0.9923076923076924
iforest,iforest_n200_ms_0p5,pooled,0.975,34,0,123,128,6,72.0,67.0,middle,middle,72,67,0.9961538461538462,0.9895604395604396
iforest,iforest_n200_ms_0p5,pooled,0.975,34,0,130,137,8,65.0,58.0,middle,middle,65,58,0.9989010989010988,0.9945054945054945
iforest,iforest_n200_ms_0p5,pooled,0.975,34,0,139,195,57,56.0,0.0,middle,near_failure,56,0,1.0,0.9996818970503181
iforest,iforest_n200_ms_0p5,pooled,0.975,40,0,39,39,1,149.0,149.0,healthy,healthy,149,149,0.9829670329670328,0.9829670329670328
iforest,iforest_n200_ms_0p5,pooled,0.975,40,0,68,68,1,120.0,120.0,middle,middle,120,120,0.9791208791208792,0.9791208791208792
iforest,iforest_n200_ms_0p5,pooled,0.975,40,0,76,76,1,112.0,112.0,middle,middle,112,112,0.9846153846153848,0.9846153846153848
iforest,iforest_n200_ms_0p5,pooled,0.975,40,0,81,81,1,107.0,107.0,middle,middle,107,107,0.9851648351648352,0.9851648351648352
iforest,iforest_n200_ms_0p5,pooled,0.975,40,0,84,84,1,104.0,104.0,middle,middle,104,104,0.9774725274725274,0.9774725274725274
iforest,iforest_n200_ms_0p5,pooled,0.975,40,0,86,87,2,102.0,101.0,middle,middle,102,101,0.9983516483516484,0.9950549450549451
iforest,iforest_n200_ms_0p5,pooled,0.975,40,0,91,92,2,97.0,96.0,middle,middle,97,96,0.9884615384615384,0.9876373626373626
iforest,iforest_n200_ms_0p5,pooled,0.975,40,0,95,95,1,93.0,93.0,middle,middle,93,93,0.9994505494505496,0.9994505494505496
iforest,iforest_n200_ms_0p5,pooled,0.975,40,0,98,98,1,90.0,90.0,middle,middle,90,90,0.993956043956044,0.993956043956044
iforest,iforest_n200_ms_0p5,pooled,0.975,40,0,100,103,4,88.0,85.0,middle,middle,88,85,0.9967032967032968,0.9901098901098901
iforest,iforest_n200_ms_0p5,pooled,0.975,40,0,106,108,3,82.0,80.0,middle,middle,82,80,0.9989010989010988,0.9981684981684982
iforest,iforest_n200_ms_0p5,pooled,0.975,40,0,110,111,2,78.0,77.0,middle,middle,78,77,0.9923076923076924,0.9895604395604396
iforest,iforest_n200_ms_0p5,pooled,0.975,40,0,114,188,75,74.0,0.0,middle,near_failure,74,0,1.0,0.9992893772893774
iforest,iforest_n200_ms_0p5,pooled,0.975,41,0,16,16,1,200.0,200.0,healthy,healthy,200,200,0.9912087912087912,0.9912087912087912
iforest,iforest_n200_ms_0p5,pooled,0.975,41,0,35,35,1,181.0,181.0,healthy,healthy,181,181,0.9928571428571428,0.9928571428571428
iforest,iforest_n200_ms_0p5,pooled,0.975,41,0,40,40,1,176.0,176.0,healthy,healthy,176,176,0.9945054945054944,0.9945054945054944
iforest,iforest_n200_ms_0p5,pooled,0.975,41,0,112,112,1,104.0,104.0,middle,middle,104,104,0.9956043956043956,0.9956043956043956
iforest,iforest_n200_ms_0p5,pooled,0.975,41,0,120,120,1,96.0,96.0,middle,middle,96,96,0.9912087912087912,0.9912087912087912
iforest,iforest_n200_ms_0p5,pooled,0.975,41,0,128,128,1,88.0,88.0,middle,middle,88,88,0.9873626373626374,0.9873626373626374
iforest,iforest_n200_ms_0p5,pooled,0.975,41,0,131,132,2,85.0,84.0,middle,middle,85,84,0.993956043956044,0.9865384615384616
iforest,iforest_n200_ms_0p5,pooled,0.975,41,0,140,140,1,76.0,76.0,middle,middle,76,76,0.9923076923076924,0.9923076923076924
iforest,iforest_n200_ms_0p5,pooled,0.975,41,0,145,145,1,71.0,71.0,middle,middle,71,71,0.9752747252747253,0.9752747252747253
iforest,iforest_n200_ms_0p5,pooled,0.975,41,0,147,151,5,69.0,65.0,middle,middle,69,65,0.9934065934065934,0.9865934065934067
iforest,iforest_n200_ms_0p5,pooled,0.975,41,0,153,216,64,63.0,0.0,middle,near_failure,63,0,1.0,0.9975618131868131
iforest,iforest_n200_ms_0p5,pooled,0.975,45,0,9,9,1,149.0,149.0,healthy,healthy,149,149,0.9994505494505496,0.9994505494505496
iforest,iforest_n200_ms_0p5,pooled,0.975,45,0,17,17,1,141.0,141.0,healthy,healthy,141,141,0.9912087912087912,0.9912087912087912
iforest,iforest_n200_ms_0p5,pooled,0.975,45,0,21,21,1,137.0,137.0,healthy,healthy,137,137,0.9829670329670328,0.9829670329670328
iforest,iforest_n200_ms_0p5,pooled,0.975,45,0,27,27,1,131.0,131.0,healthy,healthy,131,131,0.9923076923076924,0.9923076923076924
iforest,iforest_n200_ms_0p5,pooled,0.975,45,0,45,45,1,113.0,113.0,middle,middle,113,113,0.9846153846153848,0.9846153846153848
iforest,iforest_n200_ms_0p5,pooled,0.975,45,0,47,47,1,111.0,111.0,middle,middle,111,111,0.9807692307692308,0.9807692307692308
iforest,iforest_n200_ms_0p5,pooled,0.975,45,0,84,84,1,74.0,74.0,middle,middle,74,74,0.9934065934065934,0.9934065934065934
iforest,iforest_n200_ms_0p5,pooled,0.975,45,0,100,100,1,58.0,58.0,middle,middle,58,58,0.9934065934065934,0.9934065934065934
iforest,iforest_n200_ms_0p5,pooled,0.975,45,0,104,104,1,54.0,54.0,middle,middle,54,54,0.9829670329670328,0.9829670329670328
iforest,iforest_n200_ms_0p5,pooled,0.975,45,0,106,106,1,52.0,52.0,middle,middle,52,52,0.9868131868131867,0.9868131868131867
iforest,iforest_n200_ms_0p5,pooled,0.975,45,0,108,108,1,50.0,50.0,middle,middle,50,50,0.9763736263736263,0.9763736263736263
iforest,iforest_n200_ms_0p5,pooled,0.975,45,0,113,114,2,45.0,44.0,middle,middle,45,44,0.9928571428571428,0.9914835164835164
iforest,iforest_n200_ms_0p5,pooled,0.975,45,0,116,116,1,42.0,42.0,middle,middle,42,42,0.9967032967032968,0.9967032967032968
iforest,iforest_n200_ms_0p5,pooled,0.975,45,0,118,118,1,40.0,40.0,middle,middle,40,40,0.9961538461538462,0.9961538461538462
iforest,iforest_n200_ms_0p5,pooled,0.975,45,0,121,124,4,37.0,34.0,middle,middle,37,34,0.9994505494505496,0.9945054945054945
iforest,iforest_n200_ms_0p5,pooled,0.975,45,0,126,158,33,32.0,0.0,middle,near_failure,32,0,1.0,0.9991674991674993
iforest,iforest_n200_ms_0p5,pooled,0.975,46,0,1,1,1,255.0,255.0,healthy,healthy,255,255,0.9752747252747253,0.9752747252747253
iforest,iforest_n200_ms_0p5,pooled,0.975,46,0,31,31,1,225.0,225.0,healthy,healthy,225,225,0.9923076923076924,0.9923076923076924
iforest,iforest_n200_ms_0p5,pooled,0.975,46,0,64,64,1,192.0,192.0,healthy,healthy,192,192,0.99010989010989,0.99010989010989
iforest,iforest_n200_ms_0p5,pooled,0.975,46,0,75,75,1,181.0,181.0,healthy,healthy,181,181,0.9846153846153848,0.9846153846153848
iforest,iforest_n200_ms_0p5,pooled,0.975,46,0,84,84,1,172.0,172.0,healthy,healthy,172,172,0.9928571428571428,0.9928571428571428
iforest,iforest_n200_ms_0p5,pooled,0.975,46,0,96,96,1,160.0,160.0,healthy,healthy,160,160,0.9829670329670328,0.9829670329670328
iforest,iforest_n200_ms_0p5,pooled,0.975,46,0,197,197,1,59.0,59.0,middle,middle,59,59,0.9857142857142858,0.9857142857142858
iforest,iforest_n200_ms_0p5,pooled,0.975,46,0,203,203,1,53.0,53.0,middle,middle,53,53,0.9868131868131867,0.9868131868131867
iforest,iforest_n200_ms_0p5,pooled,0.975,46,0,209,211,3,47.0,45.0,middle,middle,47,45,0.9967032967032968,0.98992673992674
iforest,iforest_n200_ms_0p5,pooled,0.975,46,0,213,213,1,43.0,43.0,middle,middle,43,43,0.9934065934065934,0.9934065934065934
iforest,iforest_n200_ms_0p5,pooled,0.975,46,0,216,256,41,40.0,0.0,middle,near_failure,40,0,1.0,0.9996113642455107
iforest,iforest_n200_ms_0p5,pooled,0.975,54,0,24,24,1,233.0,233.0,healthy,healthy,233,233,0.987912087912088,0.987912087912088
iforest,iforest_n200_ms_0p5,pooled,0.975,54,0,74,74,1,183.0,183.0,healthy,healthy,183,183,0.9835164835164836,0.9835164835164836
iforest,iforest_n200_ms_0p5,pooled,0.975,54,0,152,152,1,105.0,105.0,middle,middle,105,105,0.9752747252747253,0.9752747252747253
iforest,iforest_n200_ms_0p5,pooled,0.975,54,0,168,168,1,89.0,89.0,middle,middle,89,89,0.9846153846153848,0.9846153846153848
iforest,iforest_n200_ms_0p5,pooled,0.975,54,0,173,174,2,84.0,83.0,middle,middle,84,83,0.9950549450549452,0.9870879120879121
iforest,iforest_n200_ms_0p5,pooled,0.975,54,0,180,183,4,77.0,74.0,middle,middle,77,74,0.9994505494505496,0.9957417582417583
iforest,iforest_n200_ms_0p5,pooled,0.975,54,0,185,186,2,72.0,71.0,middle,middle,72,71,0.9994505494505496,0.9906593406593407
iforest,iforest_n200_ms_0p5,pooled,0.975,54,0,190,190,1,67.0,67.0,middle,middle,67,67,0.9835164835164836,0.9835164835164836
iforest,iforest_n200_ms_0p5,pooled,0.975,54,0,193,195,3,64.0,62.0,middle,middle,64,62,0.989010989010989,0.9871794871794872
iforest,iforest_n200_ms_0p5,pooled,0.975,54,0,198,257,60,59.0,0.0,middle,near_failure,59,0,1.0,0.9992673992673993
iforest,iforest_n200_ms_0p5,pooled,0.975,74,0,26,26,1,140.0,140.0,healthy,healthy,140,140,0.9791208791208792,0.9791208791208792
iforest,iforest_n200_ms_0p5,pooled,0.975,74,0,128,128,1,38.0,38.0,middle,middle,38,38,0.9989010989010988,0.9989010989010988
iforest,iforest_n200_ms_0p5,pooled,0.975,74,0,131,134,4,35.0,32.0,middle,middle,35,32,0.9967032967032968,0.987912087912088
iforest,iforest_n200_ms_0p5,pooled,0.975,74,0,136,166,31,30.0,0.0,near_failure,near_failure,30,0,1.0,0.9989719957461893
iforest,iforest_n200_ms_0p5,pooled,0.975,77,0,23,23,1,131.0,131.0,healthy,healthy,131,131,0.9945054945054944,0.9945054945054944
iforest,iforest_n200_ms_0p5,pooled,0.975,77,0,35,35,1,119.0,119.0,middle,middle,119,119,0.9917582417582418,0.9917582417582418
iforest,iforest_n200_ms_0p5,pooled,0.975,77,0,89,89,1,65.0,65.0,middle,middle,65,65,0.9923076923076924,0.9923076923076924
iforest,iforest_n200_ms_0p5,pooled,0.975,77,0,94,95,2,60.0,59.0,middle,middle,60,59,0.9928571428571428,0.9928571428571428
iforest,iforest_n200_ms_0p5,pooled,0.975,77,0,99,99,1,55.0,55.0,middle,middle,55,55,0.9967032967032968,0.9967032967032968
iforest,iforest_n200_ms_0p5,pooled,0.975,77,0,105,105,1,49.0,49.0,middle,middle,49,49,0.9950549450549452,0.9950549450549452
iforest,iforest_n200_ms_0p5,pooled,0.975,77,0,107,107,1,47.0,47.0,middle,middle,47,47,0.9934065934065934,0.9934065934065934
iforest,iforest_n200_ms_0p5,pooled,0.975,77,0,109,109,1,45.0,45.0,middle,middle,45,45,0.9917582417582418,0.9917582417582418
iforest,iforest_n200_ms_0p5,pooled,0.975,77,0,111,111,1,43.0,43.0,middle,middle,43,43,0.9917582417582418,0.9917582417582418
iforest,iforest_n200_ms_0p5,pooled,0.975,77,0,113,154,42,41.0,0.0,middle,near_failure,41,0,1.0,0.9984039769754056
iforest,iforest_n200_ms_0p5,pooled,0.975,78,0,1,4,4,230.0,227.0,healthy,healthy,230,227,0.9989010989010988,0.9972527472527473
iforest,iforest_n200_ms_0p5,pooled,0.975,78,0,8,8,1,223.0,223.0,healthy,healthy,223,223,0.9829670329670328,0.9829670329670328
iforest,iforest_n200_ms_0p5,pooled,0.975,78,0,11,11,1,220.0,220.0,healthy,healthy,220,220,0.9961538461538462,0.9961538461538462
iforest,iforest_n200_ms_0p5,pooled,0.975,78,0,20,20,1,211.0,211.0,healthy,healthy,211,211,0.993956043956044,0.993956043956044
iforest,iforest_n200_ms_0p5,pooled,0.975,78,0,35,36,2,196.0,195.0,healthy,healthy,196,195,0.9928571428571428,0.9879120879120877
iforest,iforest_n200_ms_0p5,pooled,0.975,78,0,45,45,1,186.0,186.0,healthy,healthy,186,186,0.9989010989010988,0.9989010989010988
iforest,iforest_n200_ms_0p5,pooled,0.975,78,0,52,53,2,179.0,178.0,healthy,healthy,179,178,0.9846153846153848,0.9818681318681319
iforest,iforest_n200_ms_0p5,pooled,0.975,78,0,72,72,1,159.0,159.0,healthy,healthy,159,159,0.9829670329670328,0.9829670329670328
iforest,iforest_n200_ms_0p5,pooled,0.975,78,0,138,138,1,93.0,93.0,middle,middle,93,93,0.9752747252747253,0.9752747252747253
iforest,iforest_n200_ms_0p5,pooled,0.975,78,0,181,181,1,50.0,50.0,middle,middle,50,50,0.9917582417582418,0.9917582417582418
iforest,iforest_n200_ms_0p5,pooled,0.975,78,0,184,184,1,47.0,47.0,middle,middle,47,47,0.9829670329670328,0.9829670329670328
iforest,iforest_n200_ms_0p5,pooled,0.975,78,0,186,188,3,45.0,43.0,middle,middle,45,43,0.9961538461538462,0.9913919413919414
iforest,iforest_n200_ms_0p5,pooled,0.975,78,0,190,191,2,41.0,40.0,middle,middle,41,40,0.9989010989010988,0.9950549450549451
iforest,iforest_n200_ms_0p5,pooled,0.975,78,0,193,231,39,38.0,0.0,middle,near_failure,38,0,1.0,0.9993237531699071
iforest,iforest_n200_ms_0p5,pooled,0.975,81,0,84,84,1,156.0,156.0,healthy,healthy,156,156,0.9912087912087912,0.9912087912087912
iforest,iforest_n200_ms_0p5,pooled,0.975,81,0,150,150,1,90.0,90.0,middle,middle,90,90,0.9791208791208792,0.9791208791208792
iforest,iforest_n200_ms_0p5,pooled,0.975,81,0,157,157,1,83.0,83.0,middle,middle,83,83,0.9923076923076924,0.9923076923076924
iforest,iforest_n200_ms_0p5,pooled,0.975,81,0,164,164,1,76.0,76.0,middle,middle,76,76,0.9884615384615384,0.9884615384615384
iforest,iforest_n200_ms_0p5,pooled,0.975,81,0,168,169,2,72.0,71.0,middle,middle,72,71,0.9934065934065934,0.9934065934065934
iforest,iforest_n200_ms_0p5,pooled,0.975,81,0,172,172,1,68.0,68.0,middle,middle,68,68,0.9807692307692308,0.9807692307692308
iforest,iforest_n200_ms_0p5,pooled,0.975,81,0,175,240,66,65.0,0.0,middle,near_failure,65,0,1.0,0.9987012987012986
iforest,iforest_n200_ms_0p5,pooled,0.975,89,0,1,2,2,216.0,215.0,healthy,healthy,216,215,0.9923076923076924,0.9837912087912088
iforest,iforest_n200_ms_0p5,pooled,0.975,89,0,4,4,1,213.0,213.0,healthy,healthy,213,213,0.9945054945054944,0.9945054945054944
iforest,iforest_n200_ms_0p5,pooled,0.975,89,0,17,17,1,200.0,200.0,healthy,healthy,200,200,0.9934065934065934,0.9934065934065934
iforest,iforest_n200_ms_0p5,pooled,0.975,89,0,154,154,1,63.0,63.0,middle,middle,63,63,0.9796703296703296,0.9796703296703296
iforest,iforest_n200_ms_0p5,pooled,0.975,89,0,165,165,1,52.0,52.0,middle,middle,52,52,0.9829670329670328,0.9829670329670328
iforest,iforest_n200_ms_0p5,pooled,0.975,89,0,175,176,2,42.0,41.0,middle,middle,42,41,0.9928571428571428,0.9928571428571428
iforest,iforest_n200_ms_0p5,pooled,0.975,89,0,178,217,40,39.0,0.0,middle,near_failure,39,0,1.0,0.9986126373626373
iforest,iforest_n200_ms_0p5,pooled,0.975,91,0,6,6,1,129.0,129.0,healthy,healthy,129,129,0.9851648351648352,0.9851648351648352
iforest,iforest_n200_ms_0p5,pooled,0.975,91,0,32,33,2,103.0,102.0,middle,middle,103,102,0.9829670329670328,0.979120879120879
iforest,iforest_n200_ms_0p5,pooled,0.975,91,0,42,42,1,93.0,93.0,middle,middle,93,93,0.9989010989010988,0.9989010989010988
iforest,iforest_n200_ms_0p5,pooled,0.975,91,0,44,44,1,91.0,91.0,middle,middle,91,91,0.9917582417582418,0.9917582417582418
iforest,iforest_n200_ms_0p5,pooled,0.975,91,0,52,52,1,83.0,83.0,middle,middle,83,83,0.9928571428571428,0.9928571428571428
iforest,iforest_n200_ms_0p5,pooled,0.975,91,0,55,56,2,80.0,79.0,middle,middle,80,79,0.9961538461538462,0.993956043956044
iforest,iforest_n200_ms_0p5,pooled,0.975,91,0,59,59,1,76.0,76.0,middle,middle,76,76,0.9928571428571428,0.9928571428571428
iforest,iforest_n200_ms_0p5,pooled,0.975,91,0,65,65,1,70.0,70.0,middle,middle,70,70,0.9912087912087912,0.9912087912087912
iforest,iforest_n200_ms_0p5,pooled,0.975,91,0,70,71,2,65.0,64.0,middle,middle,65,64,0.9945054945054944,0.9928571428571429
iforest,iforest_n200_ms_0p5,pooled,0.975,91,0,73,80,8,62.0,55.0,middle,middle,62,55,1.0,0.9961538461538462
iforest,iforest_n200_ms_0p5,pooled,0.975,91,0,82,135,54,53.0,0.0,middle,near_failure,53,0,1.0,0.9994708994708995
iforest,iforest_n200_ms_0p5,pooled,0.99,1,0,150,150,1,42.0,42.0,middle,middle,42,42,0.9928571428571428,0.9928571428571428
iforest,iforest_n200_ms_0p5,pooled,0.99,1,0,152,152,1,40.0,40.0,middle,middle,40,40,1.0,1.0
iforest,iforest_n200_ms_0p5,pooled,0.99,1,0,154,154,1,38.0,38.0,middle,middle,38,38,0.9928571428571428,0.9928571428571428
iforest,iforest_n200_ms_0p5,pooled,0.99,1,0,156,156,1,36.0,36.0,middle,middle,36,36,0.9956043956043956,0.9956043956043956
iforest,iforest_n200_ms_0p5,pooled,0.99,1,0,159,192,34,33.0,0.0,middle,near_failure,33,0,1.0,0.9997899159663867
iforest,iforest_n200_ms_0p5,pooled,0.99,5,0,7,7,1,262.0,262.0,healthy,healthy,262,262,0.9950549450549452,0.9950549450549452
iforest,iforest_n200_ms_0p5,pooled,0.99,5,0,23,23,1,246.0,246.0,healthy,healthy,246,246,0.9972527472527472,0.9972527472527472
iforest,iforest_n200_ms_0p5,pooled,0.99,5,0,30,30,1,239.0,239.0,healthy,healthy,239,239,0.9967032967032968,0.9967032967032968
iforest,iforest_n200_ms_0p5,pooled,0.99,5,0,71,71,1,198.0,198.0,healthy,healthy,198,198,0.9923076923076924,0.9923076923076924
iforest,iforest_n200_ms_0p5,pooled,0.99,5,0,87,87,1,182.0,182.0,healthy,healthy,182,182,0.9934065934065934,0.9934065934065934
iforest,iforest_n200_ms_0p5,pooled,0.99,5,0,100,100,1,169.0,169.0,healthy,healthy,169,169,0.9945054945054944,0.9945054945054944
iforest,iforest_n200_ms_0p5,pooled,0.99,5,0,173,173,1,96.0,96.0,middle,middle,96,96,0.9912087912087912,0.9912087912087912
iforest,iforest_n200_ms_0p5,pooled,0.99,5,0,181,181,1,88.0,88.0,middle,middle,88,88,0.9967032967032968,0.9967032967032968
iforest,iforest_n200_ms_0p5,pooled,0.99,5,0,189,190,2,80.0,79.0,middle,middle,80,79,0.9961538461538462,0.9953296703296703
iforest,iforest_n200_ms_0p5,pooled,0.99,5,0,193,196,4,76.0,73.0,middle,middle,76,73,0.9928571428571428,0.9921703296703297
iforest,iforest_n200_ms_0p5,pooled,0.99,5,0,199,200,2,70.0,69.0,middle,middle,70,69,0.9994505494505496,0.9964285714285714
iforest,iforest_n200_ms_0p5,pooled,0.99,5,0,203,203,1,66.0,66.0,middle,middle,66,66,0.9956043956043956,0.9956043956043956
iforest,iforest_n200_ms_0p5,pooled,0.99,5,0,207,269,63,62.0,0.0,middle,near_failure,62,0,1.0,0.9991278562707134
iforest,iforest_n200_ms_0p5,pooled,0.99,10,0,16,16,1,206.0,206.0,healthy,healthy,206,206,0.99010989010989,0.99010989010989
iforest,iforest_n200_ms_0p5,pooled,0.99,10,0,43,43,1,179.0,179.0,healthy,healthy,179,179,0.9945054945054944,0.9945054945054944
iforest,iforest_n200_ms_0p5,pooled,0.99,10,0,67,67,1,155.0,155.0,healthy,healthy,155,155,0.9928571428571428,0.9928571428571428
iforest,iforest_n200_ms_0p5,pooled,0.99,10,0,158,158,1,64.0,64.0,middle,middle,64,64,0.9928571428571428,0.9928571428571428
iforest,iforest_n200_ms_0p5,pooled,0.99,10,0,173,173,1,49.0,49.0,middle,middle,49,49,0.9989010989010988,0.9989010989010988
iforest,iforest_n200_ms_0p5,pooled,0.99,10,0,176,177,2,46.0,45.0,middle,middle,46,45,0.9945054945054944,0.9936813186813186
iforest,iforest_n200_ms_0p5,pooled,0.99,10,0,180,180,1,42.0,42.0,middle,middle,42,42,0.9923076923076924,0.9923076923076924
iforest,iforest_n200_ms_0p5,pooled,0.99,10,0,182,222,41,40.0,0.0,middle,near_failure,40,0,1.0,0.9997051728759045
iforest,iforest_n200_ms_0p5,pooled,0.99,11,0,2,2,1,238.0,238.0,healthy,healthy,238,238,0.9934065934065934,0.9934065934065934
iforest,iforest_n200_ms_0p5,pooled,0.99,11,0,14,14,1,226.0,226.0,healthy,healthy,226,226,0.9912087912087912,0.9912087912087912
iforest,iforest_n200_ms_0p5,pooled,0.99,11,0,35,35,1,205.0,205.0,healthy,healthy,205,205,0.9928571428571428,0.9928571428571428
iforest,iforest_n200_ms_0p5,pooled,0.99,11,0,39,39,1,201.0,201.0,healthy,healthy,201,201,0.9923076923076924,0.9923076923076924
iforest,iforest_n200_ms_0p5,pooled,0.99,11,0,159,159,1,81.0,81.0,middle,middle,81,81,0.99010989010989,0.99010989010989
iforest,iforest_n200_ms_0p5,pooled,0.99,11,0,183,184,2,57.0,56.0,middle,middle,57,56,0.9967032967032968,0.993956043956044
iforest,iforest_n200_ms_0p5,pooled,0.99,11,0,187,240,54,53.0,0.0,middle,near_failure,53,0,1.0,0.998962148962149
iforest,iforest_n200_ms_0p5,pooled,0.99,13,0,106,106,1,57.0,57.0,middle,middle,57,57,0.9967032967032968,0.9967032967032968
iforest,iforest_n200_ms_0p5,pooled,0.99,13,0,109,112,4,54.0,51.0,middle,middle,54,51,0.9983516483516484,0.9965659340659341
iforest,iforest_n200_ms_0p5,pooled,0.99,13,0,114,163,50,49.0,0.0,middle,near_failure,49,0,1.0,0.9993516483516484
iforest,iforest_n200_ms_0p5,pooled,0.99,16,0,63,63,1,146.0,146.0,healthy,healthy,146,146,0.9923076923076924,0.9923076923076924
iforest,iforest_n200_ms_0p5,pooled,0.99,16,0,73,73,1,136.0,136.0,healthy,healthy,136,136,0.9923076923076924,0.9923076923076924
iforest,iforest_n200_ms_0p5,pooled,0.99,16,0,78,78,1,131.0,131.0,healthy,healthy,131,131,0.9923076923076924,0.9923076923076924
iforest,iforest_n200_ms_0p5,pooled,0.99,16,0,83,83,1,126.0,126.0,healthy,healthy,126,126,0.9967032967032968,0.9967032967032968
iforest,iforest_n200_ms_0p5,pooled,0.99,16,0,88,88,1,121.0,121.0,middle,middle,121,121,0.9928571428571428,0.9928571428571428
iforest,iforest_n200_ms_0p5,pooled,0.99,16,0,91,91,1,118.0,118.0,middle,middle,118,118,0.9989010989010988,0.9989010989010988
iforest,iforest_n200_ms_0p5,pooled,0.99,16,0,97,97,1,112.0,112.0,middle,middle,112,112,0.9934065934065934,0.9934065934065934
iforest,iforest_n200_ms_0p5,pooled,0.99,16,0,100,101,2,109.0,108.0,middle,middle,109,108,0.9934065934065934,0.9931318681318682
iforest,iforest_n200_ms_0p5,pooled,0.99,16,0,104,105,2,105.0,104.0,middle,middle,105,104,0.9994505494505496,0.9972527472527474
iforest,iforest_n200_ms_0p5,pooled,0.99,16,0,110,110,1,99.0,99.0,middle,middle,99,99,0.99010989010989,0.99010989010989
iforest,iforest_n200_ms_0p5,pooled,0.99,16,0,112,112,1,97.0,97.0,middle,middle,97,97,0.9945054945054944,0.9945054945054944
iforest,iforest_n200_ms_0p5,pooled,0.99,16,0,116,117,2,93.0,92.0,middle,middle,93,92,1.0,0.9994505494505495
iforest,iforest_n200_ms_0p5,pooled,0.99,16,0,120,122,3,89.0,87.0,middle,middle,89,87,1.0,0.9994505494505495
iforest,iforest_n200_ms_0p5,pooled,0.99,16,0,124,126,3,85.0,83.0,middle,middle,85,83,0.9967032967032968,0.9954212454212454
iforest,iforest_n200_ms_0p5,pooled,0.99,16,0,128,209,82,81.0,0.0,middle,near_failure,81,0,1.0,0.9994572500670061
iforest,iforest_n200_ms_0p5,pooled,0.99,27,0,96,96,1,60.0,60.0,middle,middle,60,60,0.9928571428571428,0.9928571428571428
iforest,iforest_n200_ms_0p5,pooled,0.99,27,0,98,98,1,58.0,58.0,middle,middle,58,58,0.9967032967032968,0.9967032967032968
iforest,iforest_n200_ms_0p5,pooled,0.99,27,0,102,103,2,54.0,53.0,middle,middle,54,53,0.9989010989010988,0.9986263736263736
iforest,iforest_n200_ms_0p5,pooled,0.99,27,0,106,107,2,50.0,49.0,middle,middle,50,49,0.9994505494505496,0.9961538461538462
iforest,iforest_n200_ms_0p5,pooled,0.99,27,0,109,113,5,47.0,43.0,middle,middle,47,43,1.0,0.9983516483516484
iforest,iforest_n200_ms_0p5,pooled,0.99,27,0,115,156,42,41.0,0.0,middle,near_failure,41,0,1.0,0.9997121925693354
iforest,iforest_n200_ms_0p5,pooled,0.99,31,0,188,188,1,46.0,46.0,middle,middle,46,46,0.9923076923076924,0.9923076923076924
iforest,iforest_n200_ms_0p5,pooled,0.99,31,0,194,194,1,40.0,40.0,middle,middle,40,40,0.9912087912087912,0.9912087912087912
iforest,iforest_n200_ms_0p5,pooled,0.99,31,0,196,234,39,38.0,0.0,middle,near_failure,38,0,1.0,0.9995209918286841
iforest,iforest_n200_ms_0p5,pooled,0.99,34,0,93,93,1,102.0,102.0,middle,middle,102,102,0.9923076923076924,0.9923076923076924
iforest,iforest_n200_ms_0p5,pooled,0.99,34,0,123,125,3,72.0,70.0,middle,middle,72,70,0.9961538461538462,0.993956043956044
iforest,iforest_n200_ms_0p5,pooled,0.99,34,0,128,128,1,67.0,67.0,middle,middle,67,67,0.9945054945054944,0.9945054945054944
iforest,iforest_n200_ms_0p5,pooled,0.99,34,0,130,134,5,65.0,61.0,middle,middle,65,61,0.9989010989010988,0.995934065934066
iforest,iforest_n200_ms_0p5,pooled,0.99,34,0,136,137,2,59.0,58.0,middle,middle,59,58,0.9989010989010988,0.9958791208791208
iforest,iforest_n200_ms_0p5,pooled,0.99,34,0,139,195,57,56.0,0.0,middle,near_failure,56,0,1.0,0.9996818970503181
iforest,iforest_n200_ms_0p5,pooled,0.99,40,0,86,87,2,102.0,101.0,middle,middle,102,101,0.9983516483516484,0.9950549450549451
iforest,iforest_n200_ms_0p5,pooled,0.99,40,0,95,95,1,93.0,93.0,middle,middle,93,93,0.9994505494505496,0.9994505494505496
iforest,iforest_n200_ms_0p5,pooled,0.99,40,0,98,98,1,90.0,90.0,middle,middle,90,90,0.993956043956044,0.993956043956044
iforest,iforest_n200_ms_0p5,pooled,0.99,40,0,100,100,1,88.0,88.0,middle,middle,88,88,0.9917582417582418,0.9917582417582418
iforest,iforest_n200_ms_0p5,pooled,0.99,40,0,102,102,1,86.0,86.0,middle,middle,86,86,0.9967032967032968,0.9967032967032968
iforest,iforest_n200_ms_0p5,pooled,0.99,40,0,106,108,3,82.0,80.0,middle,middle,82,80,0.9989010989010988,0.9981684981684982
iforest,iforest_n200_ms_0p5,pooled,0.99,40,0,110,110,1,78.0,78.0,middle,middle,78,78,0.9923076923076924,0.9923076923076924
iforest,iforest_n200_ms_0p5,pooled,0.99,40,0,114,114,1,74.0,74.0,middle,middle,74,74,0.9983516483516484,0.9983516483516484
iforest,iforest_n200_ms_0p5,pooled,0.99,40,0,116,188,73,72.0,0.0,middle,near_failure,72,0,1.0,0.9994731296101158
iforest,iforest_n200_ms_0p5,pooled,0.99,41,0,16,16,1,200.0,200.0,healthy,healthy,200,200,0.9912087912087912,0.9912087912087912
iforest,iforest_n200_ms_0p5,pooled,0.99,41,0,35,35,1,181.0,181.0,healthy,healthy,181,181,0.9928571428571428,0.9928571428571428
iforest,iforest_n200_ms_0p5,pooled,0.99,41,0,40,40,1,176.0,176.0,healthy,healthy,176,176,0.9945054945054944,0.9945054945054944
iforest,iforest_n200_ms_0p5,pooled,0.99,41,0,112,112,1,104.0,104.0,middle,middle,104,104,0.9956043956043956,0.9956043956043956
iforest,iforest_n200_ms_0p5,pooled,0.99,41,0,120,120,1,96.0,96.0,middle,middle,96,96,0.9912087912087912,0.9912087912087912
iforest,iforest_n200_ms_0p5,pooled,0.99,41,0,132,132,1,84.0,84.0,middle,middle,84,84,0.993956043956044,0.993956043956044
iforest,iforest_n200_ms_0p5,pooled,0.99,41,0,140,140,1,76.0,76.0,middle,middle,76,76,0.9923076923076924,0.9923076923076924
iforest,iforest_n200_ms_0p5,pooled,0.99,41,0,151,151,1,65.0,65.0,middle,middle,65,65,0.9934065934065934,0.9934065934065934
iforest,iforest_n200_ms_0p5,pooled,0.99,41,0,153,153,1,63.0,63.0,middle,middle,63,63,0.9934065934065934,0.9934065934065934
iforest,iforest_n200_ms_0p5,pooled,0.99,41,0,155,158,4,61.0,58.0,middle,middle,61,58,0.9945054945054944,0.9929945054945055
iforest,iforest_n200_ms_0p5,pooled,0.99,41,0,160,170,11,56.0,46.0,middle,middle,56,46,0.9994505494505496,0.9955544455544456
iforest,iforest_n200_ms_0p5,pooled,0.99,41,0,172,216,45,44.0,0.0,middle,near_failure,44,0,1.0,0.9996459096459097
iforest,iforest_n200_ms_0p5,pooled,0.99,45,0,9,9,1,149.0,149.0,healthy,healthy,149,149,0.9994505494505496,0.9994505494505496
iforest,iforest_n200_ms_0p5,pooled,0.99,45,0,17,17,1,141.0,141.0,healthy,healthy,141,141,0.9912087912087912,0.9912087912087912
iforest,iforest_n200_ms_0p5,pooled,0.99,45,0,27,27,1,131.0,131.0,healthy,healthy,131,131,0.9923076923076924,0.9923076923076924
iforest,iforest_n200_ms_0p5,pooled,0.99,45,0,84,84,1,74.0,74.0,middle,middle,74,74,0.9934065934065934,0.9934065934065934
iforest,iforest_n200_ms_0p5,pooled,0.99,45,0,100,100,1,58.0,58.0,middle,middle,58,58,0.9934065934065934,0.9934065934065934
iforest,iforest_n200_ms_0p5,pooled,0.99,45,0,113,114,2,45.0,44.0,middle,middle,45,44,0.9928571428571428,0.9914835164835164
iforest,iforest_n200_ms_0p5,pooled,0.99,45,0,116,116,1,42.0,42.0,middle,middle,42,42,0.9967032967032968,0.9967032967032968
iforest,iforest_n200_ms_0p5,pooled,0.99,45,0,118,118,1,40.0,40.0,middle,middle,40,40,0.9961538461538462,0.9961538461538462
iforest,iforest_n200_ms_0p5,pooled,0.99,45,0,122,124,3,36.0,34.0,middle,middle,36,34,0.9994505494505496,0.9970695970695972
iforest,iforest_n200_ms_0p5,pooled,0.99,45,0,127,158,32,31.0,0.0,middle,near_failure,31,0,1.0,0.9996737637362638
iforest,iforest_n200_ms_0p5,pooled,0.99,46,0,31,31,1,225.0,225.0,healthy,healthy,225,225,0.9923076923076924,0.9923076923076924
iforest,iforest_n200_ms_0p5,pooled,0.99,46,0,64,64,1,192.0,192.0,healthy,healthy,192,192,0.99010989010989,0.99010989010989
iforest,iforest_n200_ms_0p5,pooled,0.99,46,0,84,84,1,172.0,172.0,healthy,healthy,172,172,0.9928571428571428,0.9928571428571428
iforest,iforest_n200_ms_0p5,pooled,0.99,46,0,210,211,2,46.0,45.0,middle,middle,46,45,0.9967032967032968,0.9945054945054946
iforest,iforest_n200_ms_0p5,pooled,0.99,46,0,213,213,1,43.0,43.0,middle,middle,43,43,0.9934065934065934,0.9934065934065934
iforest,iforest_n200_ms_0p5,pooled,0.99,46,0,216,256,41,40.0,0.0,middle,near_failure,40,0,1.0,0.9996113642455107
iforest,iforest_n200_ms_0p5,pooled,0.99,54,0,174,174,1,83.0,83.0,middle,middle,83,83,0.9950549450549452,0.9950549450549452
iforest,iforest_n200_ms_0p5,pooled,0.99,54,0,180,183,4,77.0,74.0,middle,middle,77,74,0.9994505494505496,0.9957417582417583
iforest,iforest_n200_ms_0p5,pooled,0.99,54,0,186,186,1,71.0,71.0,middle,middle,71,71,0.9994505494505496,0.9994505494505496
iforest,iforest_n200_ms_0p5,pooled,0.99,54,0,198,257,60,59.0,0.0,middle,near_failure,59,0,1.0,0.9992673992673993
iforest,iforest_n200_ms_0p5,pooled,0.99,74,0,128,128,1,38.0,38.0,middle,middle,38,38,0.9989010989010988,0.9989010989010988
iforest,iforest_n200_ms_0p5,pooled,0.99,74,0,132,132,1,34.0,34.0,middle,middle,34,34,0.9923076923076924,0.9923076923076924
iforest,iforest_n200_ms_0p5,pooled,0.99,74,0,134,134,1,32.0,32.0,middle,middle,32,32,0.9967032967032968,0.9967032967032968
iforest,iforest_n200_ms_0p5,pooled,0.99,74,0,136,166,31,30.0,0.0,near_failure,near_failure,30,0,1.0,0.9989719957461893
iforest,iforest_n200_ms_0p5,pooled,0.99,77,0,23,23,1,131.0,131.0,healthy,healthy,131,131,0.9945054945054944,0.9945054945054944
iforest,iforest_n200_ms_0p5,pooled,0.99,77,0,35,35,1,119.0,119.0,middle,middle,119,119,0.9917582417582418,0.9917582417582418
iforest,iforest_n200_ms_0p5,pooled,0.99,77,0,89,89,1,65.0,65.0,middle,middle,65,65,0.9923076923076924,0.9923076923076924
iforest,iforest_n200_ms_0p5,pooled,0.99,77,0,94,95,2,60.0,59.0,middle,middle,60,59,0.9928571428571428,0.9928571428571428
iforest,iforest_n200_ms_0p5,pooled,0.99,77,0,99,99,1,55.0,55.0,middle,middle,55,55,0.9967032967032968,0.9967032967032968
iforest,iforest_n200_ms_0p5,pooled,0.99,77,0,105,105,1,49.0,49.0,middle,middle,49,49,0.9950549450549452,0.9950549450549452
iforest,iforest_n200_ms_0p5,pooled,0.99,77,0,107,107,1,47.0,47.0,middle,middle,47,47,0.9934065934065934,0.9934065934065934
iforest,iforest_n200_ms_0p5,pooled,0.99,77,0,109,109,1,45.0,45.0,middle,middle,45,45,0.9917582417582418,0.9917582417582418
iforest,iforest_n200_ms_0p5,pooled,0.99,77,0,111,111,1,43.0,43.0,middle,middle,43,43,0.9917582417582418,0.9917582417582418
iforest,iforest_n200_ms_0p5,pooled,0.99,77,0,113,113,1,41.0,41.0,middle,middle,41,41,1.0,1.0
iforest,iforest_n200_ms_0p5,pooled,0.99,77,0,115,118,4,39.0,36.0,middle,middle,39,36,1.0,0.9973901098901099
iforest,iforest_n200_ms_0p5,pooled,0.99,77,0,120,154,35,34.0,0.0,middle,near_failure,34,0,1.0,0.9994191522762951
iforest,iforest_n200_ms_0p5,pooled,0.99,78,0,1,4,4,230.0,227.0,healthy,healthy,230,227,0.9989010989010988,0.9972527472527473
iforest,iforest_n200_ms_0p5,pooled,0.99,78,0,11,11,1,220.0,220.0,healthy,healthy,220,220,0.9961538461538462,0.9961538461538462
iforest,iforest_n200_ms_0p5,pooled,0.99,78,0,20,20,1,211.0,211.0,healthy,healthy,211,211,0.993956043956044,0.993956043956044
iforest,iforest_n200_ms_0p5,pooled,0.99,78,0,35,35,1,196.0,196.0,healthy,healthy,196,196,0.9928571428571428,0.9928571428571428
iforest,iforest_n200_ms_0p5,pooled,0.99,78,0,45,45,1,186.0,186.0,healthy,healthy,186,186,0.9989010989010988,0.9989010989010988
iforest,iforest_n200_ms_0p5,pooled,0.99,78,0,181,181,1,50.0,50.0,middle,middle,50,50,0.9917582417582418,0.9917582417582418
iforest,iforest_n200_ms_0p5,pooled,0.99,78,0,187,188,2,44.0,43.0,middle,middle,44,43,0.9961538461538462,0.9956043956043956
iforest,iforest_n200_ms_0p5,pooled,0.99,78,0,190,191,2,41.0,40.0,middle,middle,41,40,0.9989010989010988,0.9950549450549451
iforest,iforest_n200_ms_0p5,pooled,0.99,78,0,193,193,1,38.0,38.0,middle,middle,38,38,0.9923076923076924,0.9923076923076924
iforest,iforest_n200_ms_0p5,pooled,0.99,78,0,195,231,37,36.0,0.0,middle,near_failure,36,0,1.0,0.9998960498960499
iforest,iforest_n200_ms_0p5,pooled,0.99,81,0,84,84,1,156.0,156.0,healthy,healthy,156,156,0.9912087912087912,0.9912087912087912
iforest,iforest_n200_ms_0p5,pooled,0.99,81,0,157,157,1,83.0,83.0,middle,middle,83,83,0.9923076923076924,0.9923076923076924
iforest,iforest_n200_ms_0p5,pooled,0.99,81,0,168,169,2,72.0,71.0,middle,middle,72,71,0.9934065934065934,0.9934065934065934
iforest,iforest_n200_ms_0p5,pooled,0.99,81,0,175,179,5,65.0,61.0,middle,middle,65,61,0.9994505494505496,0.9951648351648352
iforest,iforest_n200_ms_0p5,pooled,0.99,81,0,181,182,2,59.0,58.0,middle,middle,59,58,0.9994505494505496,0.9980769230769232
iforest,iforest_n200_ms_0p5,pooled,0.99,81,0,184,187,4,56.0,53.0,middle,middle,56,53,1.0,0.9987637362637363
iforest,iforest_n200_ms_0p5,pooled,0.99,81,0,189,240,52,51.0,0.0,middle,near_failure,51,0,1.0,0.9999049027895182
iforest,iforest_n200_ms_0p5,pooled,0.99,89,0,1,1,1,216.0,216.0,healthy,healthy,216,216,0.9923076923076924,0.9923076923076924
iforest,iforest_n200_ms_0p5,pooled,0.99,89,0,4,4,1,213.0,213.0,healthy,healthy,213,213,0.9945054945054944,0.9945054945054944
iforest,iforest_n200_ms_0p5,pooled,0.99,89,0,17,17,1,200.0,200.0,healthy,healthy,200,200,0.9934065934065934,0.9934065934065934
iforest,iforest_n200_ms_0p5,pooled,0.99,89,0,175,176,2,42.0,41.0,middle,middle,42,41,0.9928571428571428,0.9928571428571428
iforest,iforest_n200_ms_0p5,pooled,0.99,89,0,178,178,1,39.0,39.0,middle,middle,39,39,0.9989010989010988,0.9989010989010988
iforest,iforest_n200_ms_0p5,pooled,0.99,89,0,181,217,37,36.0,0.0,middle,near_failure,36,0,1.0,0.9996138996138997
iforest,iforest_n200_ms_0p5,pooled,0.99,91,0,42,42,1,93.0,93.0,middle,middle,93,93,0.9989010989010988,0.9989010989010988
iforest,iforest_n200_ms_0p5,pooled,0.99,91,0,44,44,1,91.0,91.0,middle,middle,91,91,0.9917582417582418,0.9917582417582418
iforest,iforest_n200_ms_0p5,pooled,0.99,91,0,52,52,1,83.0,83.0,middle,middle,83,83,0.9928571428571428,0.9928571428571428
iforest,iforest_n200_ms_0p5,pooled,0.99,91,0,55,56,2,80.0,79.0,middle,middle,80,79,0.9961538461538462,0.993956043956044
iforest,iforest_n200_ms_0p5,pooled,0.99,91,0,59,59,1,76.0,76.0,middle,middle,76,76,0.9928571428571428,0.9928571428571428
iforest,iforest_n200_ms_0p5,pooled,0.99,91,0,65,65,1,70.0,70.0,middle,middle,70,70,0.9912087912087912,0.9912087912087912
iforest,iforest_n200_ms_0p5,pooled,0.99,91,0,70,71,2,65.0,64.0,middle,middle,65,64,0.9945054945054944,0.9928571428571429
iforest,iforest_n200_ms_0p5,pooled,0.99,91,0,73,73,1,62.0,62.0,middle,middle,62,62,0.9956043956043956,0.9956043956043956
iforest,iforest_n200_ms_0p5,pooled,0.99,91,0,75,80,6,60.0,55.0,middle,middle,60,55,1.0,0.9987179487179487
iforest,iforest_n200_ms_0p5,pooled,0.99,91,0,82,89,8,53.0,46.0,middle,middle,53,46,1.0,0.9990384615384615
iforest,iforest_n200_ms_0p5,pooled,0.99,91,0,91,135,45,44.0,0.0,middle,near_failure,44,0,1.0,0.99996336996337
iforest,iforest_n200_ms_0p5,engine_balanced,0.9,1,0,28,28,1,164.0,164.0,healthy,healthy,164,164,0.9421296296296297,0.9421296296296297
iforest,iforest_n200_ms_0p5,engine_balanced,0.9,1,0,132,132,1,60.0,60.0,middle,middle,60,60,0.9560185185185184,0.9560185185185184
iforest,iforest_n200_ms_0p5,engine_balanced,0.9,1,0,141,142,2,51.0,50.0,middle,middle,51,50,0.9236111111111112,0.9201388888888888
iforest,iforest_n200_ms_0p5,engine_balanced,0.9,1,0,145,145,1,47.0,47.0,middle,middle,47,47,0.9398148148148148,0.9398148148148148
iforest,iforest_n200_ms_0p5,engine_balanced,0.9,1,0,149,192,44,43.0,0.0,middle,near_failure,43,0,1.0,0.9956334175084174
iforest,iforest_n200_ms_0p5,engine_balanced,0.9,5,0,7,7,1,262.0,262.0,healthy,healthy,262,262,0.9930555555555556,0.9930555555555556
iforest,iforest_n200_ms_0p5,engine_balanced,0.9,5,0,10,10,1,259.0,259.0,healthy,healthy,259,259,0.9837962962962964,0.9837962962962964
iforest,iforest_n200_ms_0p5,engine_balanced,0.9,5,0,12,13,2,257.0,256.0,healthy,healthy,257,256,0.9699074074074074,0.9548611111111112
iforest,iforest_n200_ms_0p5,engine_balanced,0.9,5,0,16,16,1,253.0,253.0,healthy,healthy,253,253,0.9166666666666666,0.9166666666666666
iforest,iforest_n200_ms_0p5,engine_balanced,0.9,5,0,23,23,1,246.0,246.0,healthy,healthy,246,246,1.0,1.0
iforest,iforest_n200_ms_0p5,engine_balanced,0.9,5,0,27,27,1,242.0,242.0,healthy,healthy,242,242,0.9814814814814816,0.9814814814814816
iforest,iforest_n200_ms_0p5,engine_balanced,0.9,5,0,29,30,2,240.0,239.0,healthy,healthy,240,239,0.9976851851851852,0.9895833333333335
iforest,iforest_n200_ms_0p5,engine_balanced,0.9,5,0,34,34,1,235.0,235.0,healthy,healthy,235,235,0.9699074074074074,0.9699074074074074
iforest,iforest_n200_ms_0p5,engine_balanced,0.9,5,0,41,41,1,228.0,228.0,healthy,healthy,228,228,0.9560185185185184,0.9560185185185184
iforest,iforest_n200_ms_0p5,engine_balanced,0.9,5,0,45,45,1,224.0,224.0,healthy,healthy,224,224,0.9074074074074074,0.9074074074074074
iforest,iforest_n200_ms_0p5,engine_balanced,0.9,5,0,47,48,2,222.0,221.0,healthy,healthy,222,221,0.9421296296296297,0.9386574074074074
iforest,iforest_n200_ms_0p5,engine_balanced,0.9,5,0,52,52,1,217.0,217.0,healthy,healthy,217,217,0.9814814814814816,0.9814814814814816
iforest,iforest_n200_ms_0p5,engine_balanced,0.9,5,0,59,60,2,210.0,209.0,healthy,healthy,210,209,0.9675925925925926,0.9340277777777777
iforest,iforest_n200_ms_0p5,engine_balanced,0.9,5,0,65,65,1,204.0,204.0,healthy,healthy,204,204,0.9837962962962964,0.9837962962962964
iforest,iforest_n200_ms_0p5,engine_balanced,0.9,5,0,67,68,2,202.0,201.0,healthy,healthy,202,201,0.9699074074074074,0.9629629629629629
iforest,iforest_n200_ms_0p5,engine_balanced,0.9,5,0,71,71,1,198.0,198.0,healthy,healthy,198,198,0.988425925925926,0.988425925925926
iforest,iforest_n200_ms_0p5,engine_balanced,0.9,5,0,74,75,2,195.0,194.0,healthy,healthy,195,194,0.976851851851852,0.9583333333333334
iforest,iforest_n200_ms_0p5,engine_balanced,0.9,5,0,78,78,1,191.0,191.0,healthy,healthy,191,191,0.9120370370370372,0.9120370370370372
iforest,iforest_n200_ms_0p5,engine_balanced,0.9,5,0,86,87,2,183.0,182.0,healthy,healthy,183,182,0.9930555555555556,0.9664351851851851
iforest,iforest_n200_ms_0p5,engine_balanced,0.9,5,0,97,97,1,172.0,172.0,healthy,healthy,172,172,0.9097222222222222,0.9097222222222222
iforest,iforest_n200_ms_0p5,engine_balanced,0.9,5,0,100,100,1,169.0,169.0,healthy,healthy,169,169,0.9930555555555556,0.9930555555555556
iforest,iforest_n200_ms_0p5,engine_balanced,0.9,5,0,113,113,1,156.0,156.0,healthy,healthy,156,156,0.9166666666666666,0.9166666666666666
iforest,iforest_n200_ms_0p5,engine_balanced,0.9,5,0,123,123,1,146.0,146.0,healthy,healthy,146,146,0.9814814814814816,0.9814814814814816
iforest,iforest_n200_ms_0p5,engine_balanced,0.9,5,0,137,137,1,132.0,132.0,healthy,healthy,132,132,0.949074074074074,0.949074074074074
iforest,iforest_n200_ms_0p5,engine_balanced,0.9,5,0,141,141,1,128.0,128.0,healthy,healthy,128,128,0.9305555555555556,0.9305555555555556
iforest,iforest_n200_ms_0p5,engine_balanced,0.9,5,0,147,147,1,122.0,122.0,middle,middle,122,122,0.9699074074074074,0.9699074074074074
iforest,iforest_n200_ms_0p5,engine_balanced,0.9,5,0,152,152,1,117.0,117.0,middle,middle,117,117,0.9560185185185184,0.9560185185185184
iforest,iforest_n200_ms_0p5,engine_balanced,0.9,5,0,158,158,1,111.0,111.0,middle,middle,111,111,0.9675925925925926,0.9675925925925926
iforest,iforest_n200_ms_0p5,engine_balanced,0.9,5,0,160,160,1,109.0,109.0,middle,middle,109,109,0.9837962962962964,0.9837962962962964
iforest,iforest_n200_ms_0p5,engine_balanced,0.9,5,0,163,163,1,106.0,106.0,middle,middle,106,106,0.9513888888888888,0.9513888888888888
iforest,iforest_n200_ms_0p5,engine_balanced,0.9,5,0,165,165,1,104.0,104.0,middle,middle,104,104,0.949074074074074,0.949074074074074
iforest,iforest_n200_ms_0p5,engine_balanced,0.9,5,0,169,173,5,100.0,96.0,middle,middle,100,96,0.9861111111111112,0.9689814814814817
iforest,iforest_n200_ms_0p5,engine_balanced,0.9,5,0,175,177,3,94.0,92.0,middle,middle,94,92,0.9699074074074074,0.9506172839506174
iforest,iforest_n200_ms_0p5,engine_balanced,0.9,5,0,180,185,6,89.0,84.0,middle,middle,89,84,0.9976851851851852,0.9564043209876543
iforest,iforest_n200_ms_0p5,engine_balanced,0.9,5,0,187,269,83,82.0,0.0,middle,near_failure,82,0,1.0,0.9946173583221777
iforest,iforest_n200_ms_0p5,engine_balanced,0.9,10,0,2,2,1,220.0,220.0,healthy,healthy,220,220,0.9166666666666666,0.9166666666666666
iforest,iforest_n200_ms_0p5,engine_balanced,0.9,10,0,5,5,1,217.0,217.0,healthy,healthy,217,217,0.960648148148148,0.960648148148148
iforest,iforest_n200_ms_0p5,engine_balanced,0.9,10,0,13,13,1,209.0,209.0,healthy,healthy,209,209,0.9814814814814816,0.9814814814814816
iforest,iforest_n200_ms_0p5,engine_balanced,0.9,10,0,16,16,1,206.0,206.0,healthy,healthy,206,206,0.9837962962962964,0.9837962962962964
iforest,iforest_n200_ms_0p5,engine_balanced,0.9,10,0,19,19,1,203.0,203.0,healthy,healthy,203,203,0.9120370370370372,0.9120370370370372
iforest,iforest_n200_ms_0p5,engine_balanced,0.9,10,0,26,26,1,196.0,196.0,healthy,healthy,196,196,0.9560185185185184,0.9560185185185184
iforest,iforest_n200_ms_0p5,engine_balanced,0.9,10,0,29,29,1,193.0,193.0,healthy,healthy,193,193,0.9560185185185184,0.9560185185185184
iforest,iforest_n200_ms_0p5,engine_balanced,0.9,10,0,35,35,1,187.0,187.0,healthy,healthy,187,187,0.9421296296296297,0.9421296296296297
iforest,iforest_n200_ms_0p5,engine_balanced,0.9,10,0,39,39,1,183.0,183.0,healthy,healthy,183,183,0.9421296296296297,0.9421296296296297
iforest,iforest_n200_ms_0p5,engine_balanced,0.9,10,0,43,43,1,179.0,179.0,healthy,healthy,179,179,0.9930555555555556,0.9930555555555556
iforest,iforest_n200_ms_0p5,engine_balanced,0.9,10,0,49,49,1,173.0,173.0,healthy,healthy,173,173,0.9560185185185184,0.9560185185185184
iforest,iforest_n200_ms_0p5,engine_balanced,0.9,10,0,61,61,1,161.0,161.0,healthy,healthy,161,161,0.9560185185185184,0.9560185185185184
iforest,iforest_n200_ms_0p5,engine_balanced,0.9,10,0,67,67,1,155.0,155.0,healthy,healthy,155,155,0.9907407407407408,0.9907407407407408
iforest,iforest_n200_ms_0p5,engine_balanced,0.9,10,0,75,75,1,147.0,147.0,healthy,healthy,147,147,0.9837962962962964,0.9837962962962964
iforest,iforest_n200_ms_0p5,engine_balanced,0.9,10,0,90,90,1,132.0,132.0,healthy,healthy,132,132,0.9560185185185184,0.9560185185185184
iforest,iforest_n200_ms_0p5,engine_balanced,0.9,10,0,103,103,1,119.0,119.0,middle,middle,119,119,0.9421296296296297,0.9421296296296297
iforest,iforest_n200_ms_0p5,engine_balanced,0.9,10,0,155,155,1,67.0,67.0,middle,middle,67,67,0.9560185185185184,0.9560185185185184
iforest,iforest_n200_ms_0p5,engine_balanced,0.9,10,0,158,158,1,64.0,64.0,middle,middle,64,64,0.9907407407407408,0.9907407407407408
iforest,iforest_n200_ms_0p5,engine_balanced,0.9,10,0,164,169,6,58.0,53.0,middle,middle,58,53,0.9814814814814816,0.9560185185185186
iforest,iforest_n200_ms_0p5,engine_balanced,0.9,10,0,172,222,51,50.0,0.0,middle,near_failure,50,0,1.0,0.9948257080610022
iforest,iforest_n200_ms_0p5,engine_balanced,0.9,11,0,2,2,1,238.0,238.0,healthy,healthy,238,238,0.9930555555555556,0.9930555555555556
iforest,iforest_n200_ms_0p5,engine_balanced,0.9,11,0,4,4,1,236.0,236.0,healthy,healthy,236,236,0.9421296296296297,0.9421296296296297
iforest,iforest_n200_ms_0p5,engine_balanced,0.9,11,0,9,9,1,231.0,231.0,healthy,healthy,231,231,0.9837962962962964,0.9837962962962964
iforest,iforest_n200_ms_0p5,engine_balanced,0.9,11,0,13,14,2,227.0,226.0,healthy,healthy,227,226,0.9861111111111112,0.9710648148148148
iforest,iforest_n200_ms_0p5,engine_balanced,0.9,11,0,20,20,1,220.0,220.0,healthy,healthy,220,220,0.9560185185185184,0.9560185185185184
iforest,iforest_n200_ms_0p5,engine_balanced,0.9,11,0,25,25,1,215.0,215.0,healthy,healthy,215,215,0.9560185185185184,0.9560185185185184
iforest,iforest_n200_ms_0p5,engine_balanced,0.9,11,0,28,28,1,212.0,212.0,healthy,healthy,212,212,0.9282407407407408,0.9282407407407408
iforest,iforest_n200_ms_0p5,engine_balanced,0.9,11,0,30,30,1,210.0,210.0,healthy,healthy,210,210,0.9120370370370372,0.9120370370370372
iforest,iforest_n200_ms_0p5,engine_balanced,0.9,11,0,35,35,1,205.0,205.0,healthy,healthy,205,205,0.9907407407407408,0.9907407407407408
iforest,iforest_n200_ms_0p5,engine_balanced,0.9,11,0,39,39,1,201.0,201.0,healthy,healthy,201,201,0.988425925925926,0.988425925925926
iforest,iforest_n200_ms_0p5,engine_balanced,0.9,11,0,43,43,1,197.0,197.0,healthy,healthy,197,197,0.9837962962962964,0.9837962962962964
iforest,iforest_n200_ms_0p5,engine_balanced,0.9,11,0,50,50,1,190.0,190.0,healthy,healthy,190,190,0.9398148148148148,0.9398148148148148
iforest,iforest_n200_ms_0p5,engine_balanced,0.9,11,0,113,113,1,127.0,127.0,healthy,healthy,127,127,0.9629629629629628,0.9629629629629628
iforest,iforest_n200_ms_0p5,engine_balanced,0.9,11,0,159,159,1,81.0,81.0,middle,middle,81,81,0.9837962962962964,0.9837962962962964
iforest,iforest_n200_ms_0p5,engine_balanced,0.9,11,0,171,240,70,69.0,0.0,middle,near_failure,69,0,1.0,0.9898148148148148
iforest,iforest_n200_ms_0p5,engine_balanced,0.9,13,0,49,49,1,114.0,114.0,middle,middle,114,114,0.9398148148148148,0.9398148148148148
iforest,iforest_n200_ms_0p5,engine_balanced,0.9,13,0,92,92,1,71.0,71.0,middle,middle,71,71,0.9699074074074074,0.9699074074074074
iforest,iforest_n200_ms_0p5,engine_balanced,0.9,13,0,95,95,1,68.0,68.0,middle,middle,68,68,0.9814814814814816,0.9814814814814816
iforest,iforest_n200_ms_0p5,engine_balanced,0.9,13,0,98,98,1,65.0,65.0,middle,middle,65,65,0.9560185185185184,0.9560185185185184
iforest,iforest_n200_ms_0p5,engine_balanced,0.9,13,0,101,101,1,62.0,62.0,middle,middle,62,62,0.9814814814814816,0.9814814814814816
iforest,iforest_n200_ms_0p5,engine_balanced,0.9,13,0,103,163,61,60.0,0.0,middle,near_failure,60,0,1.0,0.995787795992714
iforest,iforest_n200_ms_0p5,engine_balanced,0.9,16,0,4,4,1,205.0,205.0,healthy,healthy,205,205,0.9074074074074074,0.9074074074074074
iforest,iforest_n200_ms_0p5,engine_balanced,0.9,16,0,7,7,1,202.0,202.0,healthy,healthy,202,202,0.9629629629629628,0.9629629629629628
iforest,iforest_n200_ms_0p5,engine_balanced,0.9,16,0,14,14,1,195.0,195.0,healthy,healthy,195,195,0.925925925925926,0.925925925925926
iforest,iforest_n200_ms_0p5,engine_balanced,0.9,16,0,17,17,1,192.0,192.0,healthy,healthy,192,192,0.9027777777777778,0.9027777777777778
iforest,iforest_n200_ms_0p5,engine_balanced,0.9,16,0,28,28,1,181.0,181.0,healthy,healthy,181,181,0.9837962962962964,0.9837962962962964
iforest,iforest_n200_ms_0p5,engine_balanced,0.9,16,0,35,35,1,174.0,174.0,healthy,healthy,174,174,0.9120370370370372,0.9120370370370372
iforest,iforest_n200_ms_0p5,engine_balanced,0.9,16,0,41,43,3,168.0,166.0,healthy,healthy,168,166,0.9814814814814816,0.9475308641975309
iforest,iforest_n200_ms_0p5,engine_balanced,0.9,16,0,47,47,1,162.0,162.0,healthy,healthy,162,162,0.9375,0.9375
iforest,iforest_n200_ms_0p5,engine_balanced,0.9,16,0,49,49,1,160.0,160.0,healthy,healthy,160,160,0.9560185185185184,0.9560185185185184
iforest,iforest_n200_ms_0p5,engine_balanced,0.9,16,0,53,53,1,156.0,156.0,healthy,healthy,156,156,0.9421296296296297,0.9421296296296297
iforest,iforest_n200_ms_0p5,engine_balanced,0.9,16,0,55,56,2,154.0,153.0,healthy,healthy,154,153,0.9814814814814816,0.9594907407407408
iforest,iforest_n200_ms_0p5,engine_balanced,0.9,16,0,62,63,2,147.0,146.0,healthy,healthy,147,146,0.988425925925926,0.9722222222222222
iforest,iforest_n200_ms_0p5,engine_balanced,0.9,16,0,70,71,2,139.0,138.0,healthy,healthy,139,138,0.9814814814814816,0.9733796296296298
iforest,iforest_n200_ms_0p5,engine_balanced,0.9,16,0,73,73,1,136.0,136.0,healthy,healthy,136,136,0.988425925925926,0.988425925925926
iforest,iforest_n200_ms_0p5,engine_balanced,0.9,16,0,78,78,1,131.0,131.0,healthy,healthy,131,131,0.988425925925926,0.988425925925926
iforest,iforest_n200_ms_0p5,engine_balanced,0.9,16,0,80,81,2,129.0,128.0,healthy,healthy,129,128,0.9560185185185184,0.9340277777777778
iforest,iforest_n200_ms_0p5,engine_balanced,0.9,16,0,83,83,1,126.0,126.0,healthy,healthy,126,126,0.9976851851851852,0.9976851851851852
iforest,iforest_n200_ms_0p5,engine_balanced,0.9,16,0,88,89,2,121.0,120.0,middle,middle,121,120,0.9907407407407408,0.9664351851851852
iforest,iforest_n200_ms_0p5,engine_balanced,0.9,16,0,91,91,1,118.0,118.0,middle,middle,118,118,1.0,1.0
iforest,iforest_n200_ms_0p5,engine_balanced,0.9,16,0,93,95,3,116.0,114.0,middle,middle,116,114,0.976851851851852,0.9722222222222223
iforest,iforest_n200_ms_0p5,engine_balanced,0.9,16,0,97,112,16,112.0,97.0,middle,middle,112,97,1.0,0.9751157407407407
iforest,iforest_n200_ms_0p5,engine_balanced,0.9,16,0,116,118,3,93.0,91.0,middle,middle,93,91,1.0,0.9853395061728394
iforest,iforest_n200_ms_0p5,engine_balanced,0.9,16,0,120,209,90,89.0,0.0,middle,near_failure,89,0,1.0,0.9978652263374487
iforest,iforest_n200_ms_0p5,engine_balanced,0.9,27,0,24,24,1,132.0,132.0,healthy,healthy,132,132,0.9120370370370372,0.9120370370370372
iforest,iforest_n200_ms_0p5,engine_balanced,0.9,27,0,52,52,1,104.0,104.0,middle,middle,104,104,0.9814814814814816,0.9814814814814816
iforest,iforest_n200_ms_0p5,engine_balanced,0.9,27,0,80,80,1,76.0,76.0,middle,middle,76,76,0.9699074074074074,0.9699074074074074
iforest,iforest_n200_ms_0p5,engine_balanced,0.9,27,0,84,85,2,72.0,71.0,middle,middle,72,71,0.9421296296296297,0.9409722222222222
iforest,iforest_n200_ms_0p5,engine_balanced,0.9,27,0,87,87,1,69.0,69.0,middle,middle,69,69,0.9305555555555556,0.9305555555555556
iforest,iforest_n200_ms_0p5,engine_balanced,0.9,27,0,89,90,2,67.0,66.0,middle,middle,67,66,0.9120370370370372,0.9097222222222223
iforest,iforest_n200_ms_0p5,engine_balanced,0.9,27,0,92,100,9,64.0,56.0,middle,middle,64,56,0.9976851851851852,0.9701646090534979
iforest,iforest_n200_ms_0p5,engine_balanced,0.9,27,0,102,104,3,54.0,52.0,middle,middle,54,52,1.0,0.9853395061728394
iforest,iforest_n200_ms_0p5,engine_balanced,0.9,27,0,106,156,51,50.0,0.0,middle,near_failure,50,0,1.0,0.9983660130718955
iforest,iforest_n200_ms_0p5,engine_balanced,0.9,31,0,4,4,1,230.0,230.0,healthy,healthy,230,230,0.9120370370370372,0.9120370370370372
iforest,iforest_n200_ms_0p5,engine_balanced,0.9,31,0,10,10,1,224.0,224.0,healthy,healthy,224,224,0.9351851851851852,0.9351851851851852
iforest,iforest_n200_ms_0p5,engine_balanced,0.9,31,0,18,18,1,216.0,216.0,healthy,healthy,216,216,0.925925925925926,0.925925925925926
iforest,iforest_n200_ms_0p5,engine_balanced,0.9,31,0,29,29,1,205.0,205.0,healthy,healthy,205,205,0.9837962962962964,0.9837962962962964
iforest,iforest_n200_ms_0p5,engine_balanced,0.9,31,0,32,32,1,202.0,202.0,healthy,healthy,202,202,0.9629629629629628,0.9629629629629628
iforest,iforest_n200_ms_0p5,engine_balanced,0.9,31,0,40,41,2,194.0,193.0,healthy,healthy,194,193,0.9699074074074074,0.9502314814814815
iforest,iforest_n200_ms_0p5,engine_balanced,0.9,31,0,47,48,2,187.0,186.0,healthy,healthy,187,186,0.9560185185185184,0.9502314814814814
iforest,iforest_n200_ms_0p5,engine_balanced,0.9,31,0,50,50,1,184.0,184.0,healthy,healthy,184,184,0.9560185185185184,0.9560185185185184
iforest,iforest_n200_ms_0p5,engine_balanced,0.9,31,0,64,64,1,170.0,170.0,healthy,healthy,170,170,0.9398148148148148,0.9398148148148148
iforest,iforest_n200_ms_0p5,engine_balanced,0.9,31,0,71,71,1,163.0,163.0,healthy,healthy,163,163,0.9050925925925926,0.9050925925925926
iforest,iforest_n200_ms_0p5,engine_balanced,0.9,31,0,82,82,1,152.0,152.0,healthy,healthy,152,152,0.9722222222222222,0.9722222222222222
iforest,iforest_n200_ms_0p5,engine_balanced,0.9,31,0,101,101,1,133.0,133.0,healthy,healthy,133,133,0.9560185185185184,0.9560185185185184
iforest,iforest_n200_ms_0p5,engine_balanced,0.9,31,0,105,105,1,129.0,129.0,healthy,healthy,129,129,0.9421296296296297,0.9421296296296297
iforest,iforest_n200_ms_0p5,engine_balanced,0.9,31,0,129,130,2,105.0,104.0,middle,middle,105,104,0.9583333333333334,0.9375
iforest,iforest_n200_ms_0p5,engine_balanced,0.9,31,0,135,135,1,99.0,99.0,middle,middle,99,99,0.9560185185185184,0.9560185185185184
iforest,iforest_n200_ms_0p5,engine_balanced,0.9,31,0,151,151,1,83.0,83.0,middle,middle,83,83,0.9791666666666666,0.9791666666666666
iforest,iforest_n200_ms_0p5,engine_balanced,0.9,31,0,167,167,1,67.0,67.0,middle,middle,67,67,0.9814814814814816,0.9814814814814816
iforest,iforest_n200_ms_0p5,engine_balanced,0.9,31,0,179,179,1,55.0,55.0,middle,middle,55,55,0.9351851851851852,0.9351851851851852
iforest,iforest_n200_ms_0p5,engine_balanced,0.9,31,0,185,185,1,49.0,49.0,middle,middle,49,49,0.9583333333333334,0.9583333333333334
iforest,iforest_n200_ms_0p5,engine_balanced,0.9,31,0,188,190,3,46.0,44.0,middle,middle,46,44,0.988425925925926,0.9629629629629629
iforest,iforest_n200_ms_0p5,engine_balanced,0.9,31,0,194,234,41,40.0,0.0,middle,near_failure,40,0,1.0,0.9987579042457092
iforest,iforest_n200_ms_0p5,engine_balanced,0.9,34,0,25,25,1,170.0,170.0,healthy,healthy,170,170,0.9120370370370372,0.9120370370370372
iforest,iforest_n200_ms_0p5,engine_balanced,0.9,34,0,49,49,1,146.0,146.0,healthy,healthy,146,146,0.949074074074074,0.949074074074074
iforest,iforest_n200_ms_0p5,engine_balanced,0.9,34,0,93,93,1,102.0,102.0,middle,middle,102,102,0.988425925925926,0.988425925925926
iforest,iforest_n200_ms_0p5,engine_balanced,0.9,34,0,100,102,3,95.0,93.0,middle,middle,95,93,0.9398148148148148,0.9266975308641977
iforest,iforest_n200_ms_0p5,engine_balanced,0.9,34,0,106,106,1,89.0,89.0,middle,middle,89,89,0.9398148148148148,0.9398148148148148
iforest,iforest_n200_ms_0p5,engine_balanced,0.9,34,0,111,111,1,84.0,84.0,middle,middle,84,84,0.9236111111111112,0.9236111111111112
iforest,iforest_n200_ms_0p5,engine_balanced,0.9,34,0,113,113,1,82.0,82.0,middle,middle,82,82,0.9212962962962964,0.9212962962962964
iforest,iforest_n200_ms_0p5,engine_balanced,0.9,34,0,116,116,1,79.0,79.0,middle,middle,79,79,0.9421296296296297,0.9421296296296297
iforest,iforest_n200_ms_0p5,engine_balanced,0.9,34,0,120,195,76,75.0,0.0,middle,near_failure,75,0,1.0,0.9951267056530215
iforest,iforest_n200_ms_0p5,engine_balanced,0.9,40,0,22,23,2,166.0,165.0,healthy,healthy,166,165,0.9398148148148148,0.9201388888888888
iforest,iforest_n200_ms_0p5,engine_balanced,0.9,40,0,26,26,1,162.0,162.0,healthy,healthy,162,162,0.9629629629629628,0.9629629629629628
iforest,iforest_n200_ms_0p5,engine_balanced,0.9,40,0,36,36,1,152.0,152.0,healthy,healthy,152,152,0.9652777777777778,0.9652777777777778
iforest,iforest_n200_ms_0p5,engine_balanced,0.9,40,0,39,40,2,149.0,148.0,healthy,healthy,149,148,0.9814814814814816,0.9618055555555556
iforest,iforest_n200_ms_0p5,engine_balanced,0.9,40,0,46,46,1,142.0,142.0,healthy,healthy,142,142,0.9120370370370372,0.9120370370370372
iforest,iforest_n200_ms_0p5,engine_balanced,0.9,40,0,48,48,1,140.0,140.0,healthy,healthy,140,140,0.9560185185185184,0.9560185185185184
iforest,iforest_n200_ms_0p5,engine_balanced,0.9,40,0,52,52,1,136.0,136.0,healthy,healthy,136,136,0.9120370370370372,0.9120370370370372
iforest,iforest_n200_ms_0p5,engine_balanced,0.9,40,0,55,55,1,133.0,133.0,healthy,healthy,133,133,0.925925925925926,0.925925925925926
iforest,iforest_n200_ms_0p5,engine_balanced,0.9,40,0,62,62,1,126.0,126.0,healthy,healthy,126,126,0.9236111111111112,0.9236111111111112
iforest,iforest_n200_ms_0p5,engine_balanced,0.9,40,0,68,69,2,120.0,119.0,middle,middle,120,119,0.976851851851852,0.9733796296296298
iforest,iforest_n200_ms_0p5,engine_balanced,0.9,40,0,71,71,1,117.0,117.0,middle,middle,117,117,0.9097222222222222,0.9097222222222222
iforest,iforest_n200_ms_0p5,engine_balanced,0.9,40,0,73,73,1,115.0,115.0,middle,middle,115,115,0.9351851851851852,0.9351851851851852
iforest,iforest_n200_ms_0p5,engine_balanced,0.9,40,0,76,77,2,112.0,111.0,middle,middle,112,111,0.9814814814814816,0.96875
iforest,iforest_n200_ms_0p5,engine_balanced,0.9,40,0,81,81,1,107.0,107.0,middle,middle,107,107,0.9814814814814816,0.9814814814814816
iforest,iforest_n200_ms_0p5,engine_balanced,0.9,40,0,83,93,11,105.0,95.0,middle,middle,105,95,1.0,0.956439393939394
iforest,iforest_n200_ms_0p5,engine_balanced,0.9,40,0,95,95,1,93.0,93.0,middle,middle,93,93,1.0,1.0
iforest,iforest_n200_ms_0p5,engine_balanced,0.9,40,0,98,188,91,90.0,0.0,middle,near_failure,90,0,1.0,0.9939967439967441
iforest,iforest_n200_ms_0p5,engine_balanced,0.9,41,0,16,17,2,200.0,199.0,healthy,healthy,200,199,0.9861111111111112,0.9675925925925926
iforest,iforest_n200_ms_0p5,engine_balanced,0.9,41,0,21,21,1,195.0,195.0,healthy,healthy,195,195,0.914351851851852,0.914351851851852
iforest,iforest_n200_ms_0p5,engine_balanced,0.9,41,0,35,35,1,181.0,181.0,healthy,healthy,181,181,0.9907407407407408,0.9907407407407408
iforest,iforest_n200_ms_0p5,engine_balanced,0.9,41,0,40,40,1,176.0,176.0,healthy,healthy,176,176,0.9930555555555556,0.9930555555555556
iforest,iforest_n200_ms_0p5,engine_balanced,0.9,41,0,84,84,1,132.0,132.0,healthy,healthy,132,132,0.9421296296296297,0.9421296296296297
iforest,iforest_n200_ms_0p5,engine_balanced,0.9,41,0,87,87,1,129.0,129.0,healthy,healthy,129,129,0.9560185185185184,0.9560185185185184
iforest,iforest_n200_ms_0p5,engine_balanced,0.9,41,0,112,112,1,104.0,104.0,middle,middle,104,104,0.9953703703703703,0.9953703703703703
iforest,iforest_n200_ms_0p5,engine_balanced,0.9,41,0,120,120,1,96.0,96.0,middle,middle,96,96,0.9861111111111112,0.9861111111111112
iforest,iforest_n200_ms_0p5,engine_balanced,0.9,41,0,128,128,1,88.0,88.0,middle,middle,88,88,0.9837962962962964,0.9837962962962964
iforest,iforest_n200_ms_0p5,engine_balanced,0.9,41,0,131,132,2,85.0,84.0,middle,middle,85,84,0.9930555555555556,0.9849537037037037
iforest,iforest_n200_ms_0p5,engine_balanced,0.9,41,0,139,141,3,77.0,75.0,middle,middle,77,75,0.988425925925926,0.9668209876543209
iforest,iforest_n200_ms_0p5,engine_balanced,0.9,41,0,144,151,8,72.0,65.0,middle,middle,72,65,0.9930555555555556,0.9733796296296298
iforest,iforest_n200_ms_0p5,engine_balanced,0.9,41,0,153,216,64,63.0,0.0,middle,near_failure,63,0,1.0,0.9970703125
iforest,iforest_n200_ms_0p5,engine_balanced,0.9,45,0,4,4,1,154.0,154.0,healthy,healthy,154,154,0.9444444444444444,0.9444444444444444
iforest,iforest_n200_ms_0p5,engine_balanced,0.9,45,0,9,9,1,149.0,149.0,healthy,healthy,149,149,1.0,1.0
iforest,iforest_n200_ms_0p5,engine_balanced,0.9,45,0,13,14,2,145.0,144.0,healthy,healthy,145,144,0.949074074074074,0.9375
iforest,iforest_n200_ms_0p5,engine_balanced,0.9,45,0,17,17,1,141.0,141.0,healthy,healthy,141,141,0.9861111111111112,0.9861111111111112
iforest,iforest_n200_ms_0p5,engine_balanced,0.9,45,0,21,21,1,137.0,137.0,healthy,healthy,137,137,0.9814814814814816,0.9814814814814816
iforest,iforest_n200_ms_0p5,engine_balanced,0.9,45,0,23,23,1,135.0,135.0,healthy,healthy,135,135,0.9421296296296297,0.9421296296296297
iforest,iforest_n200_ms_0p5,engine_balanced,0.9,45,0,27,27,1,131.0,131.0,healthy,healthy,131,131,0.988425925925926,0.988425925925926
iforest,iforest_n200_ms_0p5,engine_balanced,0.9,45,0,31,32,2,127.0,126.0,healthy,healthy,127,126,0.9421296296296297,0.9409722222222222
iforest,iforest_n200_ms_0p5,engine_balanced,0.9,45,0,34,34,1,124.0,124.0,middle,middle,124,124,0.9421296296296297,0.9421296296296297
iforest,iforest_n200_ms_0p5,engine_balanced,0.9,45,0,36,36,1,122.0,122.0,middle,middle,122,122,0.9421296296296297,0.9421296296296297
iforest,iforest_n200_ms_0p5,engine_balanced,0.9,45,0,43,43,1,115.0,115.0,middle,middle,115,115,0.9421296296296297,0.9421296296296297
iforest,iforest_n200_ms_0p5,engine_balanced,0.9,45,0,45,45,1,113.0,113.0,middle,middle,113,113,0.9814814814814816,0.9814814814814816
iforest,iforest_n200_ms_0p5,engine_balanced,0.9,45,0,47,47,1,111.0,111.0,middle,middle,111,111,0.9814814814814816,0.9814814814814816
iforest,iforest_n200_ms_0p5,engine_balanced,0.9,45,0,52,52,1,106.0,106.0,middle,middle,106,106,0.9513888888888888,0.9513888888888888
iforest,iforest_n200_ms_0p5,engine_balanced,0.9,45,0,55,55,1,103.0,103.0,middle,middle,103,103,0.9004629629629629,0.9004629629629629
iforest,iforest_n200_ms_0p5,engine_balanced,0.9,45,0,61,61,1,97.0,97.0,middle,middle,97,97,0.9421296296296297,0.9421296296296297
iforest,iforest_n200_ms_0p5,engine_balanced,0.9,45,0,65,65,1,93.0,93.0,middle,middle,93,93,0.9212962962962964,0.9212962962962964
iforest,iforest_n200_ms_0p5,engine_balanced,0.9,45,0,70,70,1,88.0,88.0,middle,middle,88,88,0.9120370370370372,0.9120370370370372
iforest,iforest_n200_ms_0p5,engine_balanced,0.9,45,0,73,73,1,85.0,85.0,middle,middle,85,85,0.9166666666666666,0.9166666666666666
iforest,iforest_n200_ms_0p5,engine_balanced,0.9,45,0,77,78,2,81.0,80.0,middle,middle,81,80,0.9513888888888888,0.9502314814814814
iforest,iforest_n200_ms_0p5,engine_balanced,0.9,45,0,82,82,1,76.0,76.0,middle,middle,76,76,0.9004629629629629,0.9004629629629629
iforest,iforest_n200_ms_0p5,engine_balanced,0.9,45,0,84,84,1,74.0,74.0,middle,middle,74,74,0.9930555555555556,0.9930555555555556
iforest,iforest_n200_ms_0p5,engine_balanced,0.9,45,0,87,88,2,71.0,70.0,middle,middle,71,70,0.9421296296296297,0.9293981481481481
iforest,iforest_n200_ms_0p5,engine_balanced,0.9,45,0,91,91,1,67.0,67.0,middle,middle,67,67,0.9398148148148148,0.9398148148148148
iforest,iforest_n200_ms_0p5,engine_balanced,0.9,45,0,97,98,2,61.0,60.0,middle,middle,61,60,0.9583333333333334,0.9560185185185185
iforest,iforest_n200_ms_0p5,engine_balanced,0.9,45,0,100,100,1,58.0,58.0,middle,middle,58,58,0.9930555555555556,0.9930555555555556
iforest,iforest_n200_ms_0p5,engine_balanced,0.9,45,0,104,104,1,54.0,54.0,middle,middle,54,54,0.9814814814814816,0.9814814814814816
iforest,iforest_n200_ms_0p5,engine_balanced,0.9,45,0,106,108,3,52.0,50.0,middle,middle,52,50,0.9837962962962964,0.9560185185185186
iforest,iforest_n200_ms_0p5,engine_balanced,0.9,45,0,110,111,2,48.0,47.0,middle,middle,48,47,0.9560185185185184,0.949074074074074
iforest,iforest_n200_ms_0p5,engine_balanced,0.9,45,0,113,114,2,45.0,44.0,middle,middle,45,44,0.9907407407407408,0.9872685185185186
iforest,iforest_n200_ms_0p5,engine_balanced,0.9,45,0,116,158,43,42.0,0.0,middle,near_failure,42,0,1.0,0.9942398794142979
iforest,iforest_n200_ms_0p5,engine_balanced,0.9,46,0,1,1,1,255.0,255.0,healthy,healthy,255,255,0.9699074074074074,0.9699074074074074
iforest,iforest_n200_ms_0p5,engine_balanced,0.9,46,0,6,6,1,250.0,250.0,healthy,healthy,250,250,0.9398148148148148,0.9398148148148148
iforest,iforest_n200_ms_0p5,engine_balanced,0.9,46,0,22,22,1,234.0,234.0,healthy,healthy,234,234,0.9166666666666666,0.9166666666666666
iforest,iforest_n200_ms_0p5,engine_balanced,0.9,46,0,31,31,1,225.0,225.0,healthy,healthy,225,225,0.988425925925926,0.988425925925926
iforest,iforest_n200_ms_0p5,engine_balanced,0.9,46,0,64,64,1,192.0,192.0,healthy,healthy,192,192,0.9837962962962964,0.9837962962962964
iforest,iforest_n200_ms_0p5,engine_balanced,0.9,46,0,75,75,1,181.0,181.0,healthy,healthy,181,181,0.9814814814814816,0.9814814814814816
iforest,iforest_n200_ms_0p5,engine_balanced,0.9,46,0,80,80,1,176.0,176.0,healthy,healthy,176,176,0.949074074074074,0.949074074074074
iforest,iforest_n200_ms_0p5,engine_balanced,0.9,46,0,84,84,1,172.0,172.0,healthy,healthy,172,172,0.9907407407407408,0.9907407407407408
iforest,iforest_n200_ms_0p5,engine_balanced,0.9,46,0,96,96,1,160.0,160.0,healthy,healthy,160,160,0.9814814814814816,0.9814814814814816
iforest,iforest_n200_ms_0p5,engine_balanced,0.9,46,0,189,189,1,67.0,67.0,middle,middle,67,67,0.949074074074074,0.949074074074074
iforest,iforest_n200_ms_0p5,engine_balanced,0.9,46,0,197,197,1,59.0,59.0,middle,middle,59,59,0.9814814814814816,0.9814814814814816
iforest,iforest_n200_ms_0p5,engine_balanced,0.9,46,0,200,200,1,56.0,56.0,middle,middle,56,56,0.9305555555555556,0.9305555555555556
iforest,iforest_n200_ms_0p5,engine_balanced,0.9,46,0,203,203,1,53.0,53.0,middle,middle,53,53,0.9837962962962964,0.9837962962962964
iforest,iforest_n200_ms_0p5,engine_balanced,0.9,46,0,205,205,1,51.0,51.0,middle,middle,51,51,0.9004629629629629,0.9004629629629629
iforest,iforest_n200_ms_0p5,engine_balanced,0.9,46,0,209,256,48,47.0,0.0,middle,near_failure,47,0,1.0,0.9959490740740741
iforest,iforest_n200_ms_0p5,engine_balanced,0.9,54,0,6,6,1,251.0,251.0,healthy,healthy,251,251,0.9560185185185184,0.9560185185185184
iforest,iforest_n200_ms_0p5,engine_balanced,0.9,54,0,15,15,1,242.0,242.0,healthy,healthy,242,242,0.9074074074074074,0.9074074074074074
iforest,iforest_n200_ms_0p5,engine_balanced,0.9,54,0,24,24,1,233.0,233.0,healthy,healthy,233,233,0.9837962962962964,0.9837962962962964
iforest,iforest_n200_ms_0p5,engine_balanced,0.9,54,0,35,35,1,222.0,222.0,healthy,healthy,222,222,0.9560185185185184,0.9560185185185184
iforest,iforest_n200_ms_0p5,engine_balanced,0.9,54,0,41,41,1,216.0,216.0,healthy,healthy,216,216,0.9166666666666666,0.9166666666666666
iforest,iforest_n200_ms_0p5,engine_balanced,0.9,54,0,64,64,1,193.0,193.0,healthy,healthy,193,193,0.9166666666666666,0.9166666666666666
iforest,iforest_n200_ms_0p5,engine_balanced,0.9,54,0,74,74,1,183.0,183.0,healthy,healthy,183,183,0.9814814814814816,0.9814814814814816
iforest,iforest_n200_ms_0p5,engine_balanced,0.9,54,0,87,87,1,170.0,170.0,healthy,healthy,170,170,0.9074074074074074,0.9074074074074074
iforest,iforest_n200_ms_0p5,engine_balanced,0.9,54,0,110,110,1,147.0,147.0,healthy,healthy,147,147,0.9675925925925926,0.9675925925925926
iforest,iforest_n200_ms_0p5,engine_balanced,0.9,54,0,145,145,1,112.0,112.0,middle,middle,112,112,0.9560185185185184,0.9560185185185184
iforest,iforest_n200_ms_0p5,engine_balanced,0.9,54,0,150,150,1,107.0,107.0,middle,middle,107,107,0.9699074074074074,0.9699074074074074
iforest,iforest_n200_ms_0p5,engine_balanced,0.9,54,0,152,152,1,105.0,105.0,middle,middle,105,105,0.9699074074074074,0.9699074074074074
iforest,iforest_n200_ms_0p5,engine_balanced,0.9,54,0,158,158,1,99.0,99.0,middle,middle,99,99,0.9375,0.9375
iforest,iforest_n200_ms_0p5,engine_balanced,0.9,54,0,161,164,4,96.0,93.0,middle,middle,96,93,0.9560185185185184,0.9386574074074074
iforest,iforest_n200_ms_0p5,engine_balanced,0.9,54,0,168,168,1,89.0,89.0,middle,middle,89,89,0.9814814814814816,0.9814814814814816
iforest,iforest_n200_ms_0p5,engine_balanced,0.9,54,0,170,170,1,87.0,87.0,middle,middle,87,87,0.9398148148148148,0.9398148148148148
iforest,iforest_n200_ms_0p5,engine_balanced,0.9,54,0,173,175,3,84.0,82.0,middle,middle,84,82,0.9930555555555556,0.9791666666666666
iforest,iforest_n200_ms_0p5,engine_balanced,0.9,54,0,177,177,1,80.0,80.0,middle,middle,80,80,0.925925925925926,0.925925925925926
iforest,iforest_n200_ms_0p5,engine_balanced,0.9,54,0,179,188,10,78.0,69.0,middle,middle,78,69,1.0,0.9747685185185186
iforest,iforest_n200_ms_0p5,engine_balanced,0.9,54,0,190,257,68,67.0,0.0,middle,near_failure,67,0,1.0,0.9956086601307189
iforest,iforest_n200_ms_0p5,engine_balanced,0.9,74,0,19,19,1,147.0,147.0,healthy,healthy,147,147,0.9421296296296297,0.9421296296296297
iforest,iforest_n200_ms_0p5,engine_balanced,0.9,74,0,26,26,1,140.0,140.0,healthy,healthy,140,140,0.976851851851852,0.976851851851852
iforest,iforest_n200_ms_0p5,engine_balanced,0.9,74,0,56,56,1,110.0,110.0,middle,middle,110,110,0.9120370370370372,0.9120370370370372
iforest,iforest_n200_ms_0p5,engine_balanced,0.9,74,0,117,117,1,49.0,49.0,middle,middle,49,49,0.949074074074074,0.949074074074074
iforest,iforest_n200_ms_0p5,engine_balanced,0.9,74,0,125,125,1,41.0,41.0,middle,middle,41,41,0.9398148148148148,0.9398148148148148
iforest,iforest_n200_ms_0p5,engine_balanced,0.9,74,0,128,128,1,38.0,38.0,middle,middle,38,38,1.0,1.0
iforest,iforest_n200_ms_0p5,engine_balanced,0.9,74,0,130,134,5,36.0,32.0,middle,middle,36,32,0.9976851851851852,0.9791666666666667
iforest,iforest_n200_ms_0p5,engine_balanced,0.9,74,0,136,166,31,30.0,0.0,near_failure,near_failure,30,0,1.0,0.9988799283154122
iforest,iforest_n200_ms_0p5,engine_balanced,0.9,77,0,23,23,1,131.0,131.0,healthy,healthy,131,131,0.9930555555555556,0.9930555555555556
iforest,iforest_n200_ms_0p5,engine_balanced,0.9,77,0,33,33,1,121.0,121.0,middle,middle,121,121,0.9351851851851852,0.9351851851851852
iforest,iforest_n200_ms_0p5,engine_balanced,0.9,77,0,35,35,1,119.0,119.0,middle,middle,119,119,0.988425925925926,0.988425925925926
iforest,iforest_n200_ms_0p5,engine_balanced,0.9,77,0,61,61,1,93.0,93.0,middle,middle,93,93,0.9444444444444444,0.9444444444444444
iforest,iforest_n200_ms_0p5,engine_balanced,0.9,77,0,80,80,1,74.0,74.0,middle,middle,74,74,0.9560185185185184,0.9560185185185184
iforest,iforest_n200_ms_0p5,engine_balanced,0.9,77,0,86,86,1,68.0,68.0,middle,middle,68,68,0.9398148148148148,0.9398148148148148
iforest,iforest_n200_ms_0p5,engine_balanced,0.9,77,0,88,89,2,66.0,65.0,middle,middle,66,65,0.988425925925926,0.9444444444444444
iforest,iforest_n200_ms_0p5,engine_balanced,0.9,77,0,91,91,1,63.0,63.0,middle,middle,63,63,0.9444444444444444,0.9444444444444444
iforest,iforest_n200_ms_0p5,engine_balanced,0.9,77,0,93,96,4,61.0,58.0,middle,middle,61,58,0.9907407407407408,0.9699074074074074
iforest,iforest_n200_ms_0p5,engine_balanced,0.9,77,0,98,99,2,56.0,55.0,middle,middle,56,55,0.9976851851851852,0.9768518518518519
iforest,iforest_n200_ms_0p5,engine_balanced,0.9,77,0,103,103,1,51.0,51.0,middle,middle,51,51,0.9074074074074074,0.9074074074074074
iforest,iforest_n200_ms_0p5,engine_balanced,0.9,77,0,105,107,3,49.0,47.0,middle,middle,49,47,0.9930555555555556,0.9760802469135802
iforest,iforest_n200_ms_0p5,engine_balanced,0.9,77,0,109,109,1,45.0,45.0,middle,middle,45,45,0.988425925925926,0.988425925925926
iforest,iforest_n200_ms_0p5,engine_balanced,0.9,77,0,111,111,1,43.0,43.0,middle,middle,43,43,0.988425925925926,0.988425925925926
iforest,iforest_n200_ms_0p5,engine_balanced,0.9,77,0,113,154,42,41.0,0.0,middle,near_failure,41,0,1.0,0.998181216931217
iforest,iforest_n200_ms_0p5,engine_balanced,0.9,78,0,1,5,5,230.0,226.0,healthy,healthy,230,226,1.0,0.9916666666666668
iforest,iforest_n200_ms_0p5,engine_balanced,0.9,78,0,8,8,1,223.0,223.0,healthy,healthy,223,223,0.9814814814814816,0.9814814814814816
iforest,iforest_n200_ms_0p5,engine_balanced,0.9,78,0,11,11,1,220.0,220.0,healthy,healthy,220,220,0.9976851851851852,0.9976851851851852
iforest,iforest_n200_ms_0p5,engine_balanced,0.9,78,0,20,21,2,211.0,210.0,healthy,healthy,211,210,0.9930555555555556,0.974537037037037
iforest,iforest_n200_ms_0p5,engine_balanced,0.9,78,0,26,26,1,205.0,205.0,healthy,healthy,205,205,0.9560185185185184,0.9560185185185184
iforest,iforest_n200_ms_0p5,engine_balanced,0.9,78,0,32,32,1,199.0,199.0,healthy,healthy,199,199,0.9444444444444444,0.9444444444444444
iforest,iforest_n200_ms_0p5,engine_balanced,0.9,78,0,35,38,4,196.0,193.0,healthy,healthy,196,193,0.9907407407407408,0.9710648148148147
iforest,iforest_n200_ms_0p5,engine_balanced,0.9,78,0,43,43,1,188.0,188.0,healthy,healthy,188,188,0.9074074074074074,0.9074074074074074
iforest,iforest_n200_ms_0p5,engine_balanced,0.9,78,0,45,45,1,186.0,186.0,healthy,healthy,186,186,1.0,1.0
iforest,iforest_n200_ms_0p5,engine_balanced,0.9,78,0,52,53,2,179.0,178.0,healthy,healthy,179,178,0.9814814814814816,0.9791666666666667
iforest,iforest_n200_ms_0p5,engine_balanced,0.9,78,0,56,56,1,175.0,175.0,healthy,healthy,175,175,0.9421296296296297,0.9421296296296297
iforest,iforest_n200_ms_0p5,engine_balanced,0.9,78,0,62,62,1,169.0,169.0,healthy,healthy,169,169,0.9513888888888888,0.9513888888888888
iforest,iforest_n200_ms_0p5,engine_balanced,0.9,78,0,72,72,1,159.0,159.0,healthy,healthy,159,159,0.9814814814814816,0.9814814814814816
iforest,iforest_n200_ms_0p5,engine_balanced,0.9,78,0,78,78,1,153.0,153.0,healthy,healthy,153,153,0.9166666666666666,0.9166666666666666
iforest,iforest_n200_ms_0p5,engine_balanced,0.9,78,0,80,80,1,151.0,151.0,healthy,healthy,151,151,0.949074074074074,0.949074074074074
iforest,iforest_n200_ms_0p5,engine_balanced,0.9,78,0,93,93,1,138.0,138.0,healthy,healthy,138,138,0.9421296296296297,0.9421296296296297
iforest,iforest_n200_ms_0p5,engine_balanced,0.9,78,0,107,107,1,124.0,124.0,middle,middle,124,124,0.9421296296296297,0.9421296296296297
iforest,iforest_n200_ms_0p5,engine_balanced,0.9,78,0,129,129,1,102.0,102.0,middle,middle,102,102,0.9513888888888888,0.9513888888888888
iforest,iforest_n200_ms_0p5,engine_balanced,0.9,78,0,134,134,1,97.0,97.0,middle,middle,97,97,0.9328703703703703,0.9328703703703703
iforest,iforest_n200_ms_0p5,engine_balanced,0.9,78,0,138,138,1,93.0,93.0,middle,middle,93,93,0.9699074074074074,0.9699074074074074
iforest,iforest_n200_ms_0p5,engine_balanced,0.9,78,0,148,148,1,83.0,83.0,middle,middle,83,83,0.9444444444444444,0.9444444444444444
iforest,iforest_n200_ms_0p5,engine_balanced,0.9,78,0,173,173,1,58.0,58.0,middle,middle,58,58,0.9444444444444444,0.9444444444444444
iforest,iforest_n200_ms_0p5,engine_balanced,0.9,78,0,180,181,2,51.0,50.0,middle,middle,51,50,0.988425925925926,0.9722222222222222
iforest,iforest_n200_ms_0p5,engine_balanced,0.9,78,0,183,231,49,48.0,0.0,middle,near_failure,48,0,1.0,0.9930555555555556
iforest,iforest_n200_ms_0p5,engine_balanced,0.9,81,0,84,84,1,156.0,156.0,healthy,healthy,156,156,0.9861111111111112,0.9861111111111112
iforest,iforest_n200_ms_0p5,engine_balanced,0.9,81,0,119,121,3,121.0,119.0,middle,middle,121,119,0.9444444444444444,0.933641975308642
iforest,iforest_n200_ms_0p5,engine_balanced,0.9,81,0,130,130,1,110.0,110.0,middle,middle,110,110,0.9421296296296297,0.9421296296296297
iforest,iforest_n200_ms_0p5,engine_balanced,0.9,81,0,137,137,1,103.0,103.0,middle,middle,103,103,0.9560185185185184,0.9560185185185184
iforest,iforest_n200_ms_0p5,engine_balanced,0.9,81,0,143,144,2,97.0,96.0,middle,middle,97,96,0.9305555555555556,0.9212962962962964
iforest,iforest_n200_ms_0p5,engine_balanced,0.9,81,0,150,150,1,90.0,90.0,middle,middle,90,90,0.976851851851852,0.976851851851852
iforest,iforest_n200_ms_0p5,engine_balanced,0.9,81,0,154,155,2,86.0,85.0,middle,middle,86,85,0.949074074074074,0.9444444444444444
iforest,iforest_n200_ms_0p5,engine_balanced,0.9,81,0,157,157,1,83.0,83.0,middle,middle,83,83,0.988425925925926,0.988425925925926
iforest,iforest_n200_ms_0p5,engine_balanced,0.9,81,0,163,165,3,77.0,75.0,middle,middle,77,75,0.9837962962962964,0.9483024691358025
iforest,iforest_n200_ms_0p5,engine_balanced,0.9,81,0,167,173,7,73.0,67.0,middle,middle,73,67,0.9930555555555556,0.9580026455026456
iforest,iforest_n200_ms_0p5,engine_balanced,0.9,81,0,175,240,66,65.0,0.0,middle,near_failure,65,0,1.0,0.9985970819304154
iforest,iforest_n200_ms_0p5,engine_balanced,0.9,89,0,1,2,2,216.0,215.0,healthy,healthy,216,215,0.988425925925926,0.9791666666666667
iforest,iforest_n200_ms_0p5,engine_balanced,0.9,89,0,4,4,1,213.0,213.0,healthy,healthy,213,213,0.9930555555555556,0.9930555555555556
iforest,iforest_n200_ms_0p5,engine_balanced,0.9,89,0,17,17,1,200.0,200.0,healthy,healthy,200,200,0.9930555555555556,0.9930555555555556
iforest,iforest_n200_ms_0p5,engine_balanced,0.9,89,0,75,75,1,142.0,142.0,healthy,healthy,142,142,0.9398148148148148,0.9398148148148148
iforest,iforest_n200_ms_0p5,engine_balanced,0.9,89,0,113,113,1,104.0,104.0,middle,middle,104,104,0.9120370370370372,0.9120370370370372
iforest,iforest_n200_ms_0p5,engine_balanced,0.9,89,0,154,154,1,63.0,63.0,middle,middle,63,63,0.976851851851852,0.976851851851852
iforest,iforest_n200_ms_0p5,engine_balanced,0.9,89,0,165,165,1,52.0,52.0,middle,middle,52,52,0.9814814814814816,0.9814814814814816
iforest,iforest_n200_ms_0p5,engine_balanced,0.9,89,0,169,169,1,48.0,48.0,middle,middle,48,48,0.9398148148148148,0.9398148148148148
iforest,iforest_n200_ms_0p5,engine_balanced,0.9,89,0,171,173,3,46.0,44.0,middle,middle,46,44,0.9560185185185184,0.9282407407407408
iforest,iforest_n200_ms_0p5,engine_balanced,0.9,89,0,175,217,43,42.0,0.0,middle,near_failure,42,0,1.0,0.9970391903531438
iforest,iforest_n200_ms_0p5,engine_balanced,0.9,91,0,6,8,3,129.0,127.0,healthy,healthy,129,127,0.9814814814814816,0.9606481481481483
iforest,iforest_n200_ms_0p5,engine_balanced,0.9,91,0,11,11,1,124.0,124.0,middle,middle,124,124,0.9398148148148148,0.9398148148148148
iforest,iforest_n200_ms_0p5,engine_balanced,0.9,91,0,22,24,3,113.0,111.0,middle,middle,113,111,0.9560185185185184,0.9459876543209876
iforest,iforest_n200_ms_0p5,engine_balanced,0.9,91,0,26,26,1,109.0,109.0,middle,middle,109,109,0.9560185185185184,0.9560185185185184
iforest,iforest_n200_ms_0p5,engine_balanced,0.9,91,0,29,30,2,106.0,105.0,middle,middle,106,105,0.9166666666666666,0.9097222222222222
iforest,iforest_n200_ms_0p5,engine_balanced,0.9,91,0,32,33,2,103.0,102.0,middle,middle,103,102,0.9814814814814816,0.9756944444444445
iforest,iforest_n200_ms_0p5,engine_balanced,0.9,91,0,35,35,1,100.0,100.0,middle,middle,100,100,0.9120370370370372,0.9120370370370372
iforest,iforest_n200_ms_0p5,engine_balanced,0.9,91,0,42,45,4,93.0,90.0,middle,middle,93,90,1.0,0.9751157407407407
iforest,iforest_n200_ms_0p5,engine_balanced,0.9,91,0,49,49,1,86.0,86.0,middle,middle,86,86,0.949074074074074,0.949074074074074
iforest,iforest_n200_ms_0p5,engine_balanced,0.9,91,0,52,52,1,83.0,83.0,middle,middle,83,83,0.9907407407407408,0.9907407407407408
iforest,iforest_n200_ms_0p5,engine_balanced,0.9,91,0,54,56,3,81.0,79.0,middle,middle,81,79,0.9976851851851852,0.98070987654321
iforest,iforest_n200_ms_0p5,engine_balanced,0.9,91,0,58,59,2,77.0,76.0,middle,middle,77,76,0.9907407407407408,0.9733796296296295
iforest,iforest_n200_ms_0p5,engine_balanced,0.9,91,0,61,61,1,74.0,74.0,middle,middle,74,74,0.9560185185185184,0.9560185185185184
iforest,iforest_n200_ms_0p5,engine_balanced,0.9,91,0,63,135,73,72.0,0.0,middle,near_failure,72,0,1.0,0.992579908675799
iforest,iforest_n200_ms_0p5,engine_balanced,0.95,1,0,132,132,1,60.0,60.0,middle,middle,60,60,0.9560185185185184,0.9560185185185184
iforest,iforest_n200_ms_0p5,engine_balanced,0.95,1,0,149,192,44,43.0,0.0,middle,near_failure,43,0,1.0,0.9956334175084174
iforest,iforest_n200_ms_0p5,engine_balanced,0.95,5,0,7,7,1,262.0,262.0,healthy,healthy,262,262,0.9930555555555556,0.9930555555555556
iforest,iforest_n200_ms_0p5,engine_balanced,0.95,5,0,10,10,1,259.0,259.0,healthy,healthy,259,259,0.9837962962962964,0.9837962962962964
iforest,iforest_n200_ms_0p5,engine_balanced,0.95,5,0,12,12,1,257.0,257.0,healthy,healthy,257,257,0.9699074074074074,0.9699074074074074
iforest,iforest_n200_ms_0p5,engine_balanced,0.95,5,0,23,23,1,246.0,246.0,healthy,healthy,246,246,1.0,1.0
iforest,iforest_n200_ms_0p5,engine_balanced,0.95,5,0,27,27,1,242.0,242.0,healthy,healthy,242,242,0.9814814814814816,0.9814814814814816
iforest,iforest_n200_ms_0p5,engine_balanced,0.95,5,0,29,30,2,240.0,239.0,healthy,healthy,240,239,0.9976851851851852,0.9895833333333335
iforest,iforest_n200_ms_0p5,engine_balanced,0.95,5,0,34,34,1,235.0,235.0,healthy,healthy,235,235,0.9699074074074074,0.9699074074074074
iforest,iforest_n200_ms_0p5,engine_balanced,0.95,5,0,41,41,1,228.0,228.0,healthy,healthy,228,228,0.9560185185185184,0.9560185185185184
iforest,iforest_n200_ms_0p5,engine_balanced,0.95,5,0,52,52,1,217.0,217.0,healthy,healthy,217,217,0.9814814814814816,0.9814814814814816
iforest,iforest_n200_ms_0p5,engine_balanced,0.95,5,0,59,59,1,210.0,210.0,healthy,healthy,210,210,0.9675925925925926,0.9675925925925926
iforest,iforest_n200_ms_0p5,engine_balanced,0.95,5,0,65,65,1,204.0,204.0,healthy,healthy,204,204,0.9837962962962964,0.9837962962962964
iforest,iforest_n200_ms_0p5,engine_balanced,0.95,5,0,67,68,2,202.0,201.0,healthy,healthy,202,201,0.9699074074074074,0.9629629629629629
iforest,iforest_n200_ms_0p5,engine_balanced,0.95,5,0,71,71,1,198.0,198.0,healthy,healthy,198,198,0.988425925925926,0.988425925925926
iforest,iforest_n200_ms_0p5,engine_balanced,0.95,5,0,74,74,1,195.0,195.0,healthy,healthy,195,195,0.976851851851852,0.976851851851852
iforest,iforest_n200_ms_0p5,engine_balanced,0.95,5,0,87,87,1,182.0,182.0,healthy,healthy,182,182,0.9930555555555556,0.9930555555555556
iforest,iforest_n200_ms_0p5,engine_balanced,0.95,5,0,100,100,1,169.0,169.0,healthy,healthy,169,169,0.9930555555555556,0.9930555555555556
iforest,iforest_n200_ms_0p5,engine_balanced,0.95,5,0,123,123,1,146.0,146.0,healthy,healthy,146,146,0.9814814814814816,0.9814814814814816
iforest,iforest_n200_ms_0p5,engine_balanced,0.95,5,0,147,147,1,122.0,122.0,middle,middle,122,122,0.9699074074074074,0.9699074074074074
iforest,iforest_n200_ms_0p5,engine_balanced,0.95,5,0,152,152,1,117.0,117.0,middle,middle,117,117,0.9560185185185184,0.9560185185185184
iforest,iforest_n200_ms_0p5,engine_balanced,0.95,5,0,158,158,1,111.0,111.0,middle,middle,111,111,0.9675925925925926,0.9675925925925926
iforest,iforest_n200_ms_0p5,engine_balanced,0.95,5,0,160,160,1,109.0,109.0,middle,middle,109,109,0.9837962962962964,0.9837962962962964
iforest,iforest_n200_ms_0p5,engine_balanced,0.95,5,0,163,163,1,106.0,106.0,middle,middle,106,106,0.9513888888888888,0.9513888888888888
iforest,iforest_n200_ms_0p5,engine_balanced,0.95,5,0,169,173,5,100.0,96.0,middle,middle,100,96,0.9861111111111112,0.9689814814814817
iforest,iforest_n200_ms_0p5,engine_balanced,0.95,5,0,175,175,1,94.0,94.0,middle,middle,94,94,0.9699074074074074,0.9699074074074074
iforest,iforest_n200_ms_0p5,engine_balanced,0.95,5,0,181,181,1,88.0,88.0,middle,middle,88,88,0.9976851851851852,0.9976851851851852
iforest,iforest_n200_ms_0p5,engine_balanced,0.95,5,0,183,183,1,86.0,86.0,middle,middle,86,86,0.9560185185185184,0.9560185185185184
iforest,iforest_n200_ms_0p5,engine_balanced,0.95,5,0,185,185,1,84.0,84.0,middle,middle,84,84,0.9560185185185184,0.9560185185185184
iforest,iforest_n200_ms_0p5,engine_balanced,0.95,5,0,187,187,1,82.0,82.0,middle,middle,82,82,0.9560185185185184,0.9560185185185184
iforest,iforest_n200_ms_0p5,engine_balanced,0.95,5,0,189,197,9,80.0,72.0,middle,middle,80,72,0.9976851851851852,0.9866255144032922
iforest,iforest_n200_ms_0p5,engine_balanced,0.95,5,0,199,269,71,70.0,0.0,middle,near_failure,70,0,1.0,0.997554773082942
iforest,iforest_n200_ms_0p5,engine_balanced,0.95,10,0,5,5,1,217.0,217.0,healthy,healthy,217,217,0.960648148148148,0.960648148148148
iforest,iforest_n200_ms_0p5,engine_balanced,0.95,10,0,13,13,1,209.0,209.0,healthy,healthy,209,209,0.9814814814814816,0.9814814814814816
iforest,iforest_n200_ms_0p5,engine_balanced,0.95,10,0,16,16,1,206.0,206.0,healthy,healthy,206,206,0.9837962962962964,0.9837962962962964
iforest,iforest_n200_ms_0p5,engine_balanced,0.95,10,0,26,26,1,196.0,196.0,healthy,healthy,196,196,0.9560185185185184,0.9560185185185184
iforest,iforest_n200_ms_0p5,engine_balanced,0.95,10,0,29,29,1,193.0,193.0,healthy,healthy,193,193,0.9560185185185184,0.9560185185185184
iforest,iforest_n200_ms_0p5,engine_balanced,0.95,10,0,43,43,1,179.0,179.0,healthy,healthy,179,179,0.9930555555555556,0.9930555555555556
iforest,iforest_n200_ms_0p5,engine_balanced,0.95,10,0,49,49,1,173.0,173.0,healthy,healthy,173,173,0.9560185185185184,0.9560185185185184
iforest,iforest_n200_ms_0p5,engine_balanced,0.95,10,0,61,61,1,161.0,161.0,healthy,healthy,161,161,0.9560185185185184,0.9560185185185184
iforest,iforest_n200_ms_0p5,engine_balanced,0.95,10,0,67,67,1,155.0,155.0,healthy,healthy,155,155,0.9907407407407408,0.9907407407407408
iforest,iforest_n200_ms_0p5,engine_balanced,0.95,10,0,75,75,1,147.0,147.0,healthy,healthy,147,147,0.9837962962962964,0.9837962962962964
iforest,iforest_n200_ms_0p5,engine_balanced,0.95,10,0,90,90,1,132.0,132.0,healthy,healthy,132,132,0.9560185185185184,0.9560185185185184
iforest,iforest_n200_ms_0p5,engine_balanced,0.95,10,0,155,155,1,67.0,67.0,middle,middle,67,67,0.9560185185185184,0.9560185185185184
iforest,iforest_n200_ms_0p5,engine_balanced,0.95,10,0,158,158,1,64.0,64.0,middle,middle,64,64,0.9907407407407408,0.9907407407407408
iforest,iforest_n200_ms_0p5,engine_balanced,0.95,10,0,164,164,1,58.0,58.0,middle,middle,58,58,0.9722222222222222,0.9722222222222222
iforest,iforest_n200_ms_0p5,engine_balanced,0.95,10,0,166,166,1,56.0,56.0,middle,middle,56,56,0.9652777777777778,0.9652777777777778
iforest,iforest_n200_ms_0p5,engine_balanced,0.95,10,0,169,169,1,53.0,53.0,middle,middle,53,53,0.9814814814814816,0.9814814814814816
iforest,iforest_n200_ms_0p5,engine_balanced,0.95,10,0,172,173,2,50.0,49.0,middle,middle,50,49,1.0,0.9907407407407408
iforest,iforest_n200_ms_0p5,engine_balanced,0.95,10,0,175,178,4,47.0,44.0,middle,middle,47,44,0.9930555555555556,0.9878472222222222
iforest,iforest_n200_ms_0p5,engine_balanced,0.95,10,0,180,222,43,42.0,0.0,middle,near_failure,42,0,1.0,0.9991386735572781
iforest,iforest_n200_ms_0p5,engine_balanced,0.95,11,0,2,2,1,238.0,238.0,healthy,healthy,238,238,0.9930555555555556,0.9930555555555556
iforest,iforest_n200_ms_0p5,engine_balanced,0.95,11,0,9,9,1,231.0,231.0,healthy,healthy,231,231,0.9837962962962964,0.9837962962962964
iforest,iforest_n200_ms_0p5,engine_balanced,0.95,11,0,13,14,2,227.0,226.0,healthy,healthy,227,226,0.9861111111111112,0.9710648148148148
iforest,iforest_n200_ms_0p5,engine_balanced,0.95,11,0,20,20,1,220.0,220.0,healthy,healthy,220,220,0.9560185185185184,0.9560185185185184
iforest,iforest_n200_ms_0p5,engine_balanced,0.95,11,0,25,25,1,215.0,215.0,healthy,healthy,215,215,0.9560185185185184,0.9560185185185184
iforest,iforest_n200_ms_0p5,engine_balanced,0.95,11,0,35,35,1,205.0,205.0,healthy,healthy,205,205,0.9907407407407408,0.9907407407407408
iforest,iforest_n200_ms_0p5,engine_balanced,0.95,11,0,39,39,1,201.0,201.0,healthy,healthy,201,201,0.988425925925926,0.988425925925926
iforest,iforest_n200_ms_0p5,engine_balanced,0.95,11,0,43,43,1,197.0,197.0,healthy,healthy,197,197,0.9837962962962964,0.9837962962962964
iforest,iforest_n200_ms_0p5,engine_balanced,0.95,11,0,113,113,1,127.0,127.0,healthy,healthy,127,127,0.9629629629629628,0.9629629629629628
iforest,iforest_n200_ms_0p5,engine_balanced,0.95,11,0,159,159,1,81.0,81.0,middle,middle,81,81,0.9837962962962964,0.9837962962962964
iforest,iforest_n200_ms_0p5,engine_balanced,0.95,11,0,171,171,1,69.0,69.0,middle,middle,69,69,0.9699074074074074,0.9699074074074074
iforest,iforest_n200_ms_0p5,engine_balanced,0.95,11,0,175,175,1,65.0,65.0,middle,middle,65,65,0.9560185185185184,0.9560185185185184
iforest,iforest_n200_ms_0p5,engine_balanced,0.95,11,0,177,240,64,63.0,0.0,middle,near_failure,63,0,1.0,0.9942129629629629
iforest,iforest_n200_ms_0p5,engine_balanced,0.95,13,0,92,92,1,71.0,71.0,middle,middle,71,71,0.9699074074074074,0.9699074074074074
iforest,iforest_n200_ms_0p5,engine_balanced,0.95,13,0,95,95,1,68.0,68.0,middle,middle,68,68,0.9814814814814816,0.9814814814814816
iforest,iforest_n200_ms_0p5,engine_balanced,0.95,13,0,98,98,1,65.0,65.0,middle,middle,65,65,0.9560185185185184,0.9560185185185184
iforest,iforest_n200_ms_0p5,engine_balanced,0.95,13,0,101,101,1,62.0,62.0,middle,middle,62,62,0.9814814814814816,0.9814814814814816
iforest,iforest_n200_ms_0p5,engine_balanced,0.95,13,0,103,104,2,60.0,59.0,middle,middle,60,59,0.9814814814814816,0.96875
iforest,iforest_n200_ms_0p5,engine_balanced,0.95,13,0,106,107,2,57.0,56.0,middle,middle,57,56,0.9976851851851852,0.9895833333333335
iforest,iforest_n200_ms_0p5,engine_balanced,0.95,13,0,109,163,55,54.0,0.0,middle,near_failure,54,0,1.0,0.9988636363636364
iforest,iforest_n200_ms_0p5,engine_balanced,0.95,16,0,7,7,1,202.0,202.0,healthy,healthy,202,202,0.9629629629629628,0.9629629629629628
iforest,iforest_n200_ms_0p5,engine_balanced,0.95,16,0,28,28,1,181.0,181.0,healthy,healthy,181,181,0.9837962962962964,0.9837962962962964
iforest,iforest_n200_ms_0p5,engine_balanced,0.95,16,0,43,43,1,166.0,166.0,healthy,healthy,166,166,0.9814814814814816,0.9814814814814816
iforest,iforest_n200_ms_0p5,engine_balanced,0.95,16,0,49,49,1,160.0,160.0,healthy,healthy,160,160,0.9560185185185184,0.9560185185185184
iforest,iforest_n200_ms_0p5,engine_balanced,0.95,16,0,56,56,1,153.0,153.0,healthy,healthy,153,153,0.9814814814814816,0.9814814814814816
iforest,iforest_n200_ms_0p5,engine_balanced,0.95,16,0,62,63,2,147.0,146.0,healthy,healthy,147,146,0.988425925925926,0.9722222222222222
iforest,iforest_n200_ms_0p5,engine_balanced,0.95,16,0,70,71,2,139.0,138.0,healthy,healthy,139,138,0.9814814814814816,0.9733796296296298
iforest,iforest_n200_ms_0p5,engine_balanced,0.95,16,0,73,73,1,136.0,136.0,healthy,healthy,136,136,0.988425925925926,0.988425925925926
iforest,iforest_n200_ms_0p5,engine_balanced,0.95,16,0,78,78,1,131.0,131.0,healthy,healthy,131,131,0.988425925925926,0.988425925925926
iforest,iforest_n200_ms_0p5,engine_balanced,0.95,16,0,80,80,1,129.0,129.0,healthy,healthy,129,129,0.9560185185185184,0.9560185185185184
iforest,iforest_n200_ms_0p5,engine_balanced,0.95,16,0,83,83,1,126.0,126.0,healthy,healthy,126,126,0.9976851851851852,0.9976851851851852
iforest,iforest_n200_ms_0p5,engine_balanced,0.95,16,0,88,88,1,121.0,121.0,middle,middle,121,121,0.9907407407407408,0.9907407407407408
iforest,iforest_n200_ms_0p5,engine_balanced,0.95,16,0,91,91,1,118.0,118.0,middle,middle,118,118,1.0,1.0
iforest,iforest_n200_ms_0p5,engine_balanced,0.95,16,0,93,95,3,116.0,114.0,middle,middle,116,114,0.976851851851852,0.9722222222222223
iforest,iforest_n200_ms_0p5,engine_balanced,0.95,16,0,97,101,5,112.0,108.0,middle,middle,112,108,0.9930555555555556,0.9865740740740743
iforest,iforest_n200_ms_0p5,engine_balanced,0.95,16,0,103,105,3,106.0,104.0,middle,middle,106,104,1.0,0.9830246913580246
iforest,iforest_n200_ms_0p5,engine_balanced,0.95,16,0,107,112,6,102.0,97.0,middle,middle,102,97,0.9930555555555556,0.9776234567901234
iforest,iforest_n200_ms_0p5,engine_balanced,0.95,16,0,116,118,3,93.0,91.0,middle,middle,93,91,1.0,0.9853395061728394
iforest,iforest_n200_ms_0p5,engine_balanced,0.95,16,0,120,122,3,89.0,87.0,middle,middle,89,87,1.0,1.0
iforest,iforest_n200_ms_0p5,engine_balanced,0.95,16,0,124,126,3,85.0,83.0,middle,middle,85,83,0.9976851851851852,0.996141975308642
iforest,iforest_n200_ms_0p5,engine_balanced,0.95,16,0,128,209,82,81.0,0.0,middle,near_failure,81,0,1.0,0.9995765582655826
iforest,iforest_n200_ms_0p5,engine_balanced,0.95,27,0,52,52,1,104.0,104.0,middle,middle,104,104,0.9814814814814816,0.9814814814814816
iforest,iforest_n200_ms_0p5,engine_balanced,0.95,27,0,80,80,1,76.0,76.0,middle,middle,76,76,0.9699074074074074,0.9699074074074074
iforest,iforest_n200_ms_0p5,engine_balanced,0.95,27,0,92,93,2,64.0,63.0,middle,middle,64,63,0.9814814814814816,0.96875
iforest,iforest_n200_ms_0p5,engine_balanced,0.95,27,0,95,99,5,61.0,57.0,middle,middle,61,57,0.9976851851851852,0.9875
iforest,iforest_n200_ms_0p5,engine_balanced,0.95,27,0,102,104,3,54.0,52.0,middle,middle,54,52,1.0,0.9853395061728394
iforest,iforest_n200_ms_0p5,engine_balanced,0.95,27,0,106,156,51,50.0,0.0,middle,near_failure,50,0,1.0,0.9983660130718955
iforest,iforest_n200_ms_0p5,engine_balanced,0.95,31,0,29,29,1,205.0,205.0,healthy,healthy,205,205,0.9837962962962964,0.9837962962962964
iforest,iforest_n200_ms_0p5,engine_balanced,0.95,31,0,32,32,1,202.0,202.0,healthy,healthy,202,202,0.9629629629629628,0.9629629629629628
iforest,iforest_n200_ms_0p5,engine_balanced,0.95,31,0,40,40,1,194.0,194.0,healthy,healthy,194,194,0.9699074074074074,0.9699074074074074
iforest,iforest_n200_ms_0p5,engine_balanced,0.95,31,0,47,47,1,187.0,187.0,healthy,healthy,187,187,0.9560185185185184,0.9560185185185184
iforest,iforest_n200_ms_0p5,engine_balanced,0.95,31,0,50,50,1,184.0,184.0,healthy,healthy,184,184,0.9560185185185184,0.9560185185185184
iforest,iforest_n200_ms_0p5,engine_balanced,0.95,31,0,82,82,1,152.0,152.0,healthy,healthy,152,152,0.9722222222222222,0.9722222222222222
iforest,iforest_n200_ms_0p5,engine_balanced,0.95,31,0,101,101,1,133.0,133.0,healthy,healthy,133,133,0.9560185185185184,0.9560185185185184
iforest,iforest_n200_ms_0p5,engine_balanced,0.95,31,0,130,130,1,104.0,104.0,middle,middle,104,104,0.9583333333333334,0.9583333333333334
iforest,iforest_n200_ms_0p5,engine_balanced,0.95,31,0,135,135,1,99.0,99.0,middle,middle,99,99,0.9560185185185184,0.9560185185185184
iforest,iforest_n200_ms_0p5,engine_balanced,0.95,31,0,151,151,1,83.0,83.0,middle,middle,83,83,0.9791666666666666,0.9791666666666666
iforest,iforest_n200_ms_0p5,engine_balanced,0.95,31,0,167,167,1,67.0,67.0,middle,middle,67,67,0.9814814814814816,0.9814814814814816
iforest,iforest_n200_ms_0p5,engine_balanced,0.95,31,0,185,185,1,49.0,49.0,middle,middle,49,49,0.9583333333333334,0.9583333333333334
iforest,iforest_n200_ms_0p5,engine_balanced,0.95,31,0,188,188,1,46.0,46.0,middle,middle,46,46,0.988425925925926,0.988425925925926
iforest,iforest_n200_ms_0p5,engine_balanced,0.95,31,0,190,190,1,44.0,44.0,middle,middle,44,44,0.9560185185185184,0.9560185185185184
iforest,iforest_n200_ms_0p5,engine_balanced,0.95,31,0,194,234,41,40.0,0.0,middle,near_failure,40,0,1.0,0.9987579042457092
iforest,iforest_n200_ms_0p5,engine_balanced,0.95,34,0,93,93,1,102.0,102.0,middle,middle,102,102,0.988425925925926,0.988425925925926
iforest,iforest_n200_ms_0p5,engine_balanced,0.95,34,0,120,128,9,75.0,67.0,middle,middle,75,67,0.9976851851851852,0.9768518518518517
iforest,iforest_n200_ms_0p5,engine_balanced,0.95,34,0,130,195,66,65.0,0.0,middle,near_failure,65,0,1.0,0.9984567901234569
iforest,iforest_n200_ms_0p5,engine_balanced,0.95,40,0,26,26,1,162.0,162.0,healthy,healthy,162,162,0.9629629629629628,0.9629629629629628
iforest,iforest_n200_ms_0p5,engine_balanced,0.95,40,0,36,36,1,152.0,152.0,healthy,healthy,152,152,0.9652777777777778,0.9652777777777778
iforest,iforest_n200_ms_0p5,engine_balanced,0.95,40,0,39,39,1,149.0,149.0,healthy,healthy,149,149,0.9814814814814816,0.9814814814814816
iforest,iforest_n200_ms_0p5,engine_balanced,0.95,40,0,48,48,1,140.0,140.0,healthy,healthy,140,140,0.9560185185185184,0.9560185185185184
iforest,iforest_n200_ms_0p5,engine_balanced,0.95,40,0,68,69,2,120.0,119.0,middle,middle,120,119,0.976851851851852,0.9733796296296298
iforest,iforest_n200_ms_0p5,engine_balanced,0.95,40,0,76,77,2,112.0,111.0,middle,middle,112,111,0.9814814814814816,0.96875
iforest,iforest_n200_ms_0p5,engine_balanced,0.95,40,0,81,81,1,107.0,107.0,middle,middle,107,107,0.9814814814814816,0.9814814814814816
iforest,iforest_n200_ms_0p5,engine_balanced,0.95,40,0,84,84,1,104.0,104.0,middle,middle,104,104,0.9745370370370372,0.9745370370370372
iforest,iforest_n200_ms_0p5,engine_balanced,0.95,40,0,86,88,3,102.0,100.0,middle,middle,102,100,1.0,0.9814814814814815
iforest,iforest_n200_ms_0p5,engine_balanced,0.95,40,0,91,93,3,97.0,95.0,middle,middle,97,95,0.9837962962962964,0.9745370370370371
iforest,iforest_n200_ms_0p5,engine_balanced,0.95,40,0,95,95,1,93.0,93.0,middle,middle,93,93,1.0,1.0
iforest,iforest_n200_ms_0p5,engine_balanced,0.95,40,0,98,98,1,90.0,90.0,middle,middle,90,90,0.9930555555555556,0.9930555555555556
iforest,iforest_n200_ms_0p5,engine_balanced,0.95,40,0,100,103,4,88.0,85.0,middle,middle,88,85,0.9976851851851852,0.9878472222222223
iforest,iforest_n200_ms_0p5,engine_balanced,0.95,40,0,106,111,6,82.0,77.0,middle,middle,82,77,1.0,0.9876543209876544
iforest,iforest_n200_ms_0p5,engine_balanced,0.95,40,0,114,188,75,74.0,0.0,middle,near_failure,74,0,1.0,0.9992283950617282
iforest,iforest_n200_ms_0p5,engine_balanced,0.95,41,0,16,16,1,200.0,200.0,healthy,healthy,200,200,0.9861111111111112,0.9861111111111112
iforest,iforest_n200_ms_0p5,engine_balanced,0.95,41,0,35,35,1,181.0,181.0,healthy,healthy,181,181,0.9907407407407408,0.9907407407407408
iforest,iforest_n200_ms_0p5,engine_balanced,0.95,41,0,40,40,1,176.0,176.0,healthy,healthy,176,176,0.9930555555555556,0.9930555555555556
iforest,iforest_n200_ms_0p5,engine_balanced,0.95,41,0,87,87,1,129.0,129.0,healthy,healthy,129,129,0.9560185185185184,0.9560185185185184
iforest,iforest_n200_ms_0p5,engine_balanced,0.95,41,0,112,112,1,104.0,104.0,middle,middle,104,104,0.9953703703703703,0.9953703703703703
iforest,iforest_n200_ms_0p5,engine_balanced,0.95,41,0,120,120,1,96.0,96.0,middle,middle,96,96,0.9861111111111112,0.9861111111111112
iforest,iforest_n200_ms_0p5,engine_balanced,0.95,41,0,128,128,1,88.0,88.0,middle,middle,88,88,0.9837962962962964,0.9837962962962964
iforest,iforest_n200_ms_0p5,engine_balanced,0.95,41,0,131,132,2,85.0,84.0,middle,middle,85,84,0.9930555555555556,0.9849537037037037
iforest,iforest_n200_ms_0p5,engine_balanced,0.95,41,0,139,141,3,77.0,75.0,middle,middle,77,75,0.988425925925926,0.9668209876543209
iforest,iforest_n200_ms_0p5,engine_balanced,0.95,41,0,145,151,7,71.0,65.0,middle,middle,71,65,0.9930555555555556,0.9781746031746034
iforest,iforest_n200_ms_0p5,engine_balanced,0.95,41,0,153,216,64,63.0,0.0,middle,near_failure,63,0,1.0,0.9970703125
iforest,iforest_n200_ms_0p5,engine_balanced,0.95,45,0,9,9,1,149.0,149.0,healthy,healthy,149,149,1.0,1.0
iforest,iforest_n200_ms_0p5,engine_balanced,0.95,45,0,17,17,1,141.0,141.0,healthy,healthy,141,141,0.9861111111111112,0.9861111111111112
iforest,iforest_n200_ms_0p5,engine_balanced,0.95,45,0,21,21,1,137.0,137.0,healthy,healthy,137,137,0.9814814814814816,0.9814814814814816
iforest,iforest_n200_ms_0p5,engine_balanced,0.95,45,0,27,27,1,131.0,131.0,healthy,healthy,131,131,0.988425925925926,0.988425925925926
iforest,iforest_n200_ms_0p5,engine_balanced,0.95,45,0,45,45,1,113.0,113.0,middle,middle,113,113,0.9814814814814816,0.9814814814814816
iforest,iforest_n200_ms_0p5,engine_balanced,0.95,45,0,47,47,1,111.0,111.0,middle,middle,111,111,0.9814814814814816,0.9814814814814816
iforest,iforest_n200_ms_0p5,engine_balanced,0.95,45,0,52,52,1,106.0,106.0,middle,middle,106,106,0.9513888888888888,0.9513888888888888
iforest,iforest_n200_ms_0p5,engine_balanced,0.95,45,0,78,78,1,80.0,80.0,middle,middle,80,80,0.9513888888888888,0.9513888888888888
iforest,iforest_n200_ms_0p5,engine_balanced,0.95,45,0,84,84,1,74.0,74.0,middle,middle,74,74,0.9930555555555556,0.9930555555555556
iforest,iforest_n200_ms_0p5,engine_balanced,0.95,45,0,97,98,2,61.0,60.0,middle,middle,61,60,0.9583333333333334,0.9560185185185185
iforest,iforest_n200_ms_0p5,engine_balanced,0.95,45,0,100,100,1,58.0,58.0,middle,middle,58,58,0.9930555555555556,0.9930555555555556
iforest,iforest_n200_ms_0p5,engine_balanced,0.95,45,0,104,104,1,54.0,54.0,middle,middle,54,54,0.9814814814814816,0.9814814814814816
iforest,iforest_n200_ms_0p5,engine_balanced,0.95,45,0,106,106,1,52.0,52.0,middle,middle,52,52,0.9837962962962964,0.9837962962962964
iforest,iforest_n200_ms_0p5,engine_balanced,0.95,45,0,108,108,1,50.0,50.0,middle,middle,50,50,0.9722222222222222,0.9722222222222222
iforest,iforest_n200_ms_0p5,engine_balanced,0.95,45,0,111,111,1,47.0,47.0,middle,middle,47,47,0.9560185185185184,0.9560185185185184
iforest,iforest_n200_ms_0p5,engine_balanced,0.95,45,0,113,114,2,45.0,44.0,middle,middle,45,44,0.9907407407407408,0.9872685185185186
iforest,iforest_n200_ms_0p5,engine_balanced,0.95,45,0,116,118,3,42.0,40.0,middle,middle,42,40,0.9976851851851852,0.9837962962962963
iforest,iforest_n200_ms_0p5,engine_balanced,0.95,45,0,120,158,39,38.0,0.0,middle,near_failure,38,0,1.0,0.9963793922127255
iforest,iforest_n200_ms_0p5,engine_balanced,0.95,46,0,1,1,1,255.0,255.0,healthy,healthy,255,255,0.9699074074074074,0.9699074074074074
iforest,iforest_n200_ms_0p5,engine_balanced,0.95,46,0,31,31,1,225.0,225.0,healthy,healthy,225,225,0.988425925925926,0.988425925925926
iforest,iforest_n200_ms_0p5,engine_balanced,0.95,46,0,64,64,1,192.0,192.0,healthy,healthy,192,192,0.9837962962962964,0.9837962962962964
iforest,iforest_n200_ms_0p5,engine_balanced,0.95,46,0,75,75,1,181.0,181.0,healthy,healthy,181,181,0.9814814814814816,0.9814814814814816
iforest,iforest_n200_ms_0p5,engine_balanced,0.95,46,0,84,84,1,172.0,172.0,healthy,healthy,172,172,0.9907407407407408,0.9907407407407408
iforest,iforest_n200_ms_0p5,engine_balanced,0.95,46,0,96,96,1,160.0,160.0,healthy,healthy,160,160,0.9814814814814816,0.9814814814814816
iforest,iforest_n200_ms_0p5,engine_balanced,0.95,46,0,197,197,1,59.0,59.0,middle,middle,59,59,0.9814814814814816,0.9814814814814816
iforest,iforest_n200_ms_0p5,engine_balanced,0.95,46,0,203,203,1,53.0,53.0,middle,middle,53,53,0.9837962962962964,0.9837962962962964
iforest,iforest_n200_ms_0p5,engine_balanced,0.95,46,0,209,213,5,47.0,43.0,middle,middle,47,43,0.9976851851851852,0.9833333333333334
iforest,iforest_n200_ms_0p5,engine_balanced,0.95,46,0,215,256,42,41.0,0.0,middle,near_failure,41,0,1.0,0.9985670194003528
iforest,iforest_n200_ms_0p5,engine_balanced,0.95,54,0,6,6,1,251.0,251.0,healthy,healthy,251,251,0.9560185185185184,0.9560185185185184
iforest,iforest_n200_ms_0p5,engine_balanced,0.95,54,0,24,24,1,233.0,233.0,healthy,healthy,233,233,0.9837962962962964,0.9837962962962964
iforest,iforest_n200_ms_0p5,engine_balanced,0.95,54,0,35,35,1,222.0,222.0,healthy,healthy,222,222,0.9560185185185184,0.9560185185185184
iforest,iforest_n200_ms_0p5,engine_balanced,0.95,54,0,74,74,1,183.0,183.0,healthy,healthy,183,183,0.9814814814814816,0.9814814814814816
iforest,iforest_n200_ms_0p5,engine_balanced,0.95,54,0,110,110,1,147.0,147.0,healthy,healthy,147,147,0.9675925925925926,0.9675925925925926
iforest,iforest_n200_ms_0p5,engine_balanced,0.95,54,0,145,145,1,112.0,112.0,middle,middle,112,112,0.9560185185185184,0.9560185185185184
iforest,iforest_n200_ms_0p5,engine_balanced,0.95,54,0,150,150,1,107.0,107.0,middle,middle,107,107,0.9699074074074074,0.9699074074074074
iforest,iforest_n200_ms_0p5,engine_balanced,0.95,54,0,152,152,1,105.0,105.0,middle,middle,105,105,0.9699074074074074,0.9699074074074074
iforest,iforest_n200_ms_0p5,engine_balanced,0.95,54,0,163,163,1,94.0,94.0,middle,middle,94,94,0.9560185185185184,0.9560185185185184
iforest,iforest_n200_ms_0p5,engine_balanced,0.95,54,0,168,168,1,89.0,89.0,middle,middle,89,89,0.9814814814814816,0.9814814814814816
iforest,iforest_n200_ms_0p5,engine_balanced,0.95,54,0,173,175,3,84.0,82.0,middle,middle,84,82,0.9930555555555556,0.9791666666666666
iforest,iforest_n200_ms_0p5,engine_balanced,0.95,54,0,180,183,4,77.0,74.0,middle,middle,77,74,1.0,0.994212962962963
iforest,iforest_n200_ms_0p5,engine_balanced,0.95,54,0,185,187,3,72.0,70.0,middle,middle,72,70,1.0,0.9791666666666666
iforest,iforest_n200_ms_0p5,engine_balanced,0.95,54,0,190,190,1,67.0,67.0,middle,middle,67,67,0.9814814814814816,0.9814814814814816
iforest,iforest_n200_ms_0p5,engine_balanced,0.95,54,0,192,257,66,65.0,0.0,middle,near_failure,65,0,1.0,0.9965277777777779
iforest,iforest_n200_ms_0p5,engine_balanced,0.95,74,0,26,26,1,140.0,140.0,healthy,healthy,140,140,0.976851851851852,0.976851851851852
iforest,iforest_n200_ms_0p5,engine_balanced,0.95,74,0,128,128,1,38.0,38.0,middle,middle,38,38,1.0,1.0
iforest,iforest_n200_ms_0p5,engine_balanced,0.95,74,0,130,134,5,36.0,32.0,middle,middle,36,32,0.9976851851851852,0.9791666666666667
iforest,iforest_n200_ms_0p5,engine_balanced,0.95,74,0,136,166,31,30.0,0.0,near_failure,near_failure,30,0,1.0,0.9988799283154122
iforest,iforest_n200_ms_0p5,engine_balanced,0.95,77,0,23,23,1,131.0,131.0,healthy,healthy,131,131,0.9930555555555556,0.9930555555555556
iforest,iforest_n200_ms_0p5,engine_balanced,0.95,77,0,35,35,1,119.0,119.0,middle,middle,119,119,0.988425925925926,0.988425925925926
iforest,iforest_n200_ms_0p5,engine_balanced,0.95,77,0,80,80,1,74.0,74.0,middle,middle,74,74,0.9560185185185184,0.9560185185185184
iforest,iforest_n200_ms_0p5,engine_balanced,0.95,77,0,89,89,1,65.0,65.0,middle,middle,65,65,0.988425925925926,0.988425925925926
iforest,iforest_n200_ms_0p5,engine_balanced,0.95,77,0,94,96,3,60.0,58.0,middle,middle,60,58,0.9907407407407408,0.9791666666666666
iforest,iforest_n200_ms_0p5,engine_balanced,0.95,77,0,98,99,2,56.0,55.0,middle,middle,56,55,0.9976851851851852,0.9768518518518519
iforest,iforest_n200_ms_0p5,engine_balanced,0.95,77,0,105,105,1,49.0,49.0,middle,middle,49,49,0.9930555555555556,0.9930555555555556
iforest,iforest_n200_ms_0p5,engine_balanced,0.95,77,0,107,107,1,47.0,47.0,middle,middle,47,47,0.9930555555555556,0.9930555555555556
iforest,iforest_n200_ms_0p5,engine_balanced,0.95,77,0,109,109,1,45.0,45.0,middle,middle,45,45,0.988425925925926,0.988425925925926
iforest,iforest_n200_ms_0p5,engine_balanced,0.95,77,0,111,111,1,43.0,43.0,middle,middle,43,43,0.988425925925926,0.988425925925926
iforest,iforest_n200_ms_0p5,engine_balanced,0.95,77,0,113,154,42,41.0,0.0,middle,near_failure,41,0,1.0,0.998181216931217
iforest,iforest_n200_ms_0p5,engine_balanced,0.95,78,0,1,5,5,230.0,226.0,healthy,healthy,230,226,1.0,0.9916666666666668
iforest,iforest_n200_ms_0p5,engine_balanced,0.95,78,0,8,8,1,223.0,223.0,healthy,healthy,223,223,0.9814814814814816,0.9814814814814816
iforest,iforest_n200_ms_0p5,engine_balanced,0.95,78,0,11,11,1,220.0,220.0,healthy,healthy,220,220,0.9976851851851852,0.9976851851851852
iforest,iforest_n200_ms_0p5,engine_balanced,0.95,78,0,20,21,2,211.0,210.0,healthy,healthy,211,210,0.9930555555555556,0.974537037037037
iforest,iforest_n200_ms_0p5,engine_balanced,0.95,78,0,26,26,1,205.0,205.0,healthy,healthy,205,205,0.9560185185185184,0.9560185185185184
iforest,iforest_n200_ms_0p5,engine_balanced,0.95,78,0,35,38,4,196.0,193.0,healthy,healthy,196,193,0.9907407407407408,0.9710648148148147
iforest,iforest_n200_ms_0p5,engine_balanced,0.95,78,0,45,45,1,186.0,186.0,healthy,healthy,186,186,1.0,1.0
iforest,iforest_n200_ms_0p5,engine_balanced,0.95,78,0,52,53,2,179.0,178.0,healthy,healthy,179,178,0.9814814814814816,0.9791666666666667
iforest,iforest_n200_ms_0p5,engine_balanced,0.95,78,0,62,62,1,169.0,169.0,healthy,healthy,169,169,0.9513888888888888,0.9513888888888888
iforest,iforest_n200_ms_0p5,engine_balanced,0.95,78,0,72,72,1,159.0,159.0,healthy,healthy,159,159,0.9814814814814816,0.9814814814814816
iforest,iforest_n200_ms_0p5,engine_balanced,0.95,78,0,129,129,1,102.0,102.0,middle,middle,102,102,0.9513888888888888,0.9513888888888888
iforest,iforest_n200_ms_0p5,engine_balanced,0.95,78,0,138,138,1,93.0,93.0,middle,middle,93,93,0.9699074074074074,0.9699074074074074
iforest,iforest_n200_ms_0p5,engine_balanced,0.95,78,0,180,181,2,51.0,50.0,middle,middle,51,50,0.988425925925926,0.9722222222222222
iforest,iforest_n200_ms_0p5,engine_balanced,0.95,78,0,183,184,2,48.0,47.0,middle,middle,48,47,0.9814814814814816,0.96875
iforest,iforest_n200_ms_0p5,engine_balanced,0.95,78,0,186,188,3,45.0,43.0,middle,middle,45,43,0.9976851851851852,0.9907407407407408
iforest,iforest_n200_ms_0p5,engine_balanced,0.95,78,0,190,191,2,41.0,40.0,middle,middle,41,40,1.0,0.9930555555555556
iforest,iforest_n200_ms_0p5,engine_balanced,0.95,78,0,193,231,39,38.0,0.0,middle,near_failure,38,0,1.0,0.9992283950617283
iforest,iforest_n200_ms_0p5,engine_balanced,0.95,81,0,84,84,1,156.0,156.0,healthy,healthy,156,156,0.9861111111111112,0.9861111111111112
iforest,iforest_n200_ms_0p5,engine_balanced,0.95,81,0,137,137,1,103.0,103.0,middle,middle,103,103,0.9560185185185184,0.9560185185185184
iforest,iforest_n200_ms_0p5,engine_balanced,0.95,81,0,150,150,1,90.0,90.0,middle,middle,90,90,0.976851851851852,0.976851851851852
iforest,iforest_n200_ms_0p5,engine_balanced,0.95,81,0,157,157,1,83.0,83.0,middle,middle,83,83,0.988425925925926,0.988425925925926
iforest,iforest_n200_ms_0p5,engine_balanced,0.95,81,0,164,164,1,76.0,76.0,middle,middle,76,76,0.9837962962962964,0.9837962962962964
iforest,iforest_n200_ms_0p5,engine_balanced,0.95,81,0,168,169,2,72.0,71.0,middle,middle,72,71,0.9930555555555556,0.9930555555555556
iforest,iforest_n200_ms_0p5,engine_balanced,0.95,81,0,172,172,1,68.0,68.0,middle,middle,68,68,0.9814814814814816,0.9814814814814816
iforest,iforest_n200_ms_0p5,engine_balanced,0.95,81,0,175,240,66,65.0,0.0,middle,near_failure,65,0,1.0,0.9985970819304154
iforest,iforest_n200_ms_0p5,engine_balanced,0.95,89,0,1,2,2,216.0,215.0,healthy,healthy,216,215,0.988425925925926,0.9791666666666667
iforest,iforest_n200_ms_0p5,engine_balanced,0.95,89,0,4,4,1,213.0,213.0,healthy,healthy,213,213,0.9930555555555556,0.9930555555555556
iforest,iforest_n200_ms_0p5,engine_balanced,0.95,89,0,17,17,1,200.0,200.0,healthy,healthy,200,200,0.9930555555555556,0.9930555555555556
iforest,iforest_n200_ms_0p5,engine_balanced,0.95,89,0,154,154,1,63.0,63.0,middle,middle,63,63,0.976851851851852,0.976851851851852
iforest,iforest_n200_ms_0p5,engine_balanced,0.95,89,0,165,165,1,52.0,52.0,middle,middle,52,52,0.9814814814814816,0.9814814814814816
iforest,iforest_n200_ms_0p5,engine_balanced,0.95,89,0,172,172,1,45.0,45.0,middle,middle,45,45,0.9560185185185184,0.9560185185185184
iforest,iforest_n200_ms_0p5,engine_balanced,0.95,89,0,175,176,2,42.0,41.0,middle,middle,42,41,0.9907407407407408,0.9907407407407408
iforest,iforest_n200_ms_0p5,engine_balanced,0.95,89,0,178,217,40,39.0,0.0,middle,near_failure,39,0,1.0,0.998726851851852
iforest,iforest_n200_ms_0p5,engine_balanced,0.95,91,0,6,7,2,129.0,128.0,healthy,healthy,129,128,0.9814814814814816,0.9733796296296298
iforest,iforest_n200_ms_0p5,engine_balanced,0.95,91,0,22,22,1,113.0,113.0,middle,middle,113,113,0.9560185185185184,0.9560185185185184
iforest,iforest_n200_ms_0p5,engine_balanced,0.95,91,0,26,26,1,109.0,109.0,middle,middle,109,109,0.9560185185185184,0.9560185185185184
iforest,iforest_n200_ms_0p5,engine_balanced,0.95,91,0,32,33,2,103.0,102.0,middle,middle,103,102,0.9814814814814816,0.9756944444444445
iforest,iforest_n200_ms_0p5,engine_balanced,0.95,91,0,42,45,4,93.0,90.0,middle,middle,93,90,1.0,0.9751157407407407
iforest,iforest_n200_ms_0p5,engine_balanced,0.95,91,0,52,52,1,83.0,83.0,middle,middle,83,83,0.9907407407407408,0.9907407407407408
iforest,iforest_n200_ms_0p5,engine_balanced,0.95,91,0,54,56,3,81.0,79.0,middle,middle,81,79,0.9976851851851852,0.98070987654321
iforest,iforest_n200_ms_0p5,engine_balanced,0.95,91,0,58,59,2,77.0,76.0,middle,middle,77,76,0.9907407407407408,0.9733796296296295
iforest,iforest_n200_ms_0p5,engine_balanced,0.95,91,0,61,61,1,74.0,74.0,middle,middle,74,74,0.9560185185185184,0.9560185185185184
iforest,iforest_n200_ms_0p5,engine_balanced,0.95,91,0,64,65,2,71.0,70.0,middle,middle,71,70,0.9861111111111112,0.9710648148148148
iforest,iforest_n200_ms_0p5,engine_balanced,0.95,91,0,68,68,1,67.0,67.0,middle,middle,67,67,0.9560185185185184,0.9560185185185184
iforest,iforest_n200_ms_0p5,engine_balanced,0.95,91,0,70,71,2,65.0,64.0,middle,middle,65,64,0.9930555555555556,0.9895833333333334
iforest,iforest_n200_ms_0p5,engine_balanced,0.95,91,0,73,80,8,62.0,55.0,middle,middle,62,55,1.0,0.9968171296296297
iforest,iforest_n200_ms_0p5,engine_balanced,0.95,91,0,82,135,54,53.0,0.0,middle,near_failure,53,0,1.0,0.9994855967078189
iforest,iforest_n200_ms_0p5,engine_balanced,0.975,1,0,149,154,6,43.0,38.0,middle,middle,43,38,1.0,0.98804012345679
iforest,iforest_n200_ms_0p5,engine_balanced,0.975,1,0,156,157,2,36.0,35.0,middle,middle,36,35,0.9953703703703703,0.988425925925926
iforest,iforest_n200_ms_0p5,engine_balanced,0.975,1,0,159,192,34,33.0,0.0,middle,near_failure,33,0,1.0,0.9998638344226578
iforest,iforest_n200_ms_0p5,engine_balanced,0.975,5,0,7,7,1,262.0,262.0,healthy,healthy,262,262,0.9930555555555556,0.9930555555555556
iforest,iforest_n200_ms_0p5,engine_balanced,0.975,5,0,10,10,1,259.0,259.0,healthy,healthy,259,259,0.9837962962962964,0.9837962962962964
iforest,iforest_n200_ms_0p5,engine_balanced,0.975,5,0,23,23,1,246.0,246.0,healthy,healthy,246,246,1.0,1.0
iforest,iforest_n200_ms_0p5,engine_balanced,0.975,5,0,27,27,1,242.0,242.0,healthy,healthy,242,242,0.9814814814814816,0.9814814814814816
iforest,iforest_n200_ms_0p5,engine_balanced,0.975,5,0,29,30,2,240.0,239.0,healthy,healthy,240,239,0.9976851851851852,0.9895833333333335
iforest,iforest_n200_ms_0p5,engine_balanced,0.975,5,0,52,52,1,217.0,217.0,healthy,healthy,217,217,0.9814814814814816,0.9814814814814816
iforest,iforest_n200_ms_0p5,engine_balanced,0.975,5,0,65,65,1,204.0,204.0,healthy,healthy,204,204,0.9837962962962964,0.9837962962962964
iforest,iforest_n200_ms_0p5,engine_balanced,0.975,5,0,71,71,1,198.0,198.0,healthy,healthy,198,198,0.988425925925926,0.988425925925926
iforest,iforest_n200_ms_0p5,engine_balanced,0.975,5,0,74,74,1,195.0,195.0,healthy,healthy,195,195,0.976851851851852,0.976851851851852
iforest,iforest_n200_ms_0p5,engine_balanced,0.975,5,0,87,87,1,182.0,182.0,healthy,healthy,182,182,0.9930555555555556,0.9930555555555556
iforest,iforest_n200_ms_0p5,engine_balanced,0.975,5,0,100,100,1,169.0,169.0,healthy,healthy,169,169,0.9930555555555556,0.9930555555555556
iforest,iforest_n200_ms_0p5,engine_balanced,0.975,5,0,123,123,1,146.0,146.0,healthy,healthy,146,146,0.9814814814814816,0.9814814814814816
iforest,iforest_n200_ms_0p5,engine_balanced,0.975,5,0,160,160,1,109.0,109.0,middle,middle,109,109,0.9837962962962964,0.9837962962962964
iforest,iforest_n200_ms_0p5,engine_balanced,0.975,5,0,172,173,2,97.0,96.0,middle,middle,97,96,0.9861111111111112,0.9837962962962964
iforest,iforest_n200_ms_0p5,engine_balanced,0.975,5,0,181,181,1,88.0,88.0,middle,middle,88,88,0.9976851851851852,0.9976851851851852
iforest,iforest_n200_ms_0p5,engine_balanced,0.975,5,0,189,196,8,80.0,73.0,middle,middle,80,73,0.9976851851851852,0.9887152777777779
iforest,iforest_n200_ms_0p5,engine_balanced,0.975,5,0,199,269,71,70.0,0.0,middle,near_failure,70,0,1.0,0.997554773082942
iforest,iforest_n200_ms_0p5,engine_balanced,0.975,10,0,13,13,1,209.0,209.0,healthy,healthy,209,209,0.9814814814814816,0.9814814814814816
iforest,iforest_n200_ms_0p5,engine_balanced,0.975,10,0,16,16,1,206.0,206.0,healthy,healthy,206,206,0.9837962962962964,0.9837962962962964
iforest,iforest_n200_ms_0p5,engine_balanced,0.975,10,0,43,43,1,179.0,179.0,healthy,healthy,179,179,0.9930555555555556,0.9930555555555556
iforest,iforest_n200_ms_0p5,engine_balanced,0.975,10,0,67,67,1,155.0,155.0,healthy,healthy,155,155,0.9907407407407408,0.9907407407407408
iforest,iforest_n200_ms_0p5,engine_balanced,0.975,10,0,75,75,1,147.0,147.0,healthy,healthy,147,147,0.9837962962962964,0.9837962962962964
iforest,iforest_n200_ms_0p5,engine_balanced,0.975,10,0,158,158,1,64.0,64.0,middle,middle,64,64,0.9907407407407408,0.9907407407407408
iforest,iforest_n200_ms_0p5,engine_balanced,0.975,10,0,169,169,1,53.0,53.0,middle,middle,53,53,0.9814814814814816,0.9814814814814816
iforest,iforest_n200_ms_0p5,engine_balanced,0.975,10,0,172,173,2,50.0,49.0,middle,middle,50,49,1.0,0.9907407407407408
iforest,iforest_n200_ms_0p5,engine_balanced,0.975,10,0,175,178,4,47.0,44.0,middle,middle,47,44,0.9930555555555556,0.9878472222222222
iforest,iforest_n200_ms_0p5,engine_balanced,0.975,10,0,180,222,43,42.0,0.0,middle,near_failure,42,0,1.0,0.9991386735572781
iforest,iforest_n200_ms_0p5,engine_balanced,0.975,11,0,2,2,1,238.0,238.0,healthy,healthy,238,238,0.9930555555555556,0.9930555555555556
iforest,iforest_n200_ms_0p5,engine_balanced,0.975,11,0,9,9,1,231.0,231.0,healthy,healthy,231,231,0.9837962962962964,0.9837962962962964
iforest,iforest_n200_ms_0p5,engine_balanced,0.975,11,0,14,14,1,226.0,226.0,healthy,healthy,226,226,0.9861111111111112,0.9861111111111112
iforest,iforest_n200_ms_0p5,engine_balanced,0.975,11,0,35,35,1,205.0,205.0,healthy,healthy,205,205,0.9907407407407408,0.9907407407407408
iforest,iforest_n200_ms_0p5,engine_balanced,0.975,11,0,39,39,1,201.0,201.0,healthy,healthy,201,201,0.988425925925926,0.988425925925926
iforest,iforest_n200_ms_0p5,engine_balanced,0.975,11,0,43,43,1,197.0,197.0,healthy,healthy,197,197,0.9837962962962964,0.9837962962962964
iforest,iforest_n200_ms_0p5,engine_balanced,0.975,11,0,159,159,1,81.0,81.0,middle,middle,81,81,0.9837962962962964,0.9837962962962964
iforest,iforest_n200_ms_0p5,engine_balanced,0.975,11,0,178,178,1,62.0,62.0,middle,middle,62,62,0.976851851851852,0.976851851851852
iforest,iforest_n200_ms_0p5,engine_balanced,0.975,11,0,182,184,3,58.0,56.0,middle,middle,58,56,0.9976851851851852,0.988425925925926
iforest,iforest_n200_ms_0p5,engine_balanced,0.975,11,0,187,240,54,53.0,0.0,middle,near_failure,53,0,1.0,0.9989283264746228
iforest,iforest_n200_ms_0p5,engine_balanced,0.975,13,0,95,95,1,68.0,68.0,middle,middle,68,68,0.9814814814814816,0.9814814814814816
iforest,iforest_n200_ms_0p5,engine_balanced,0.975,13,0,101,101,1,62.0,62.0,middle,middle,62,62,0.9814814814814816,0.9814814814814816
iforest,iforest_n200_ms_0p5,engine_balanced,0.975,13,0,104,104,1,59.0,59.0,middle,middle,59,59,0.9814814814814816,0.9814814814814816
iforest,iforest_n200_ms_0p5,engine_balanced,0.975,13,0,106,107,2,57.0,56.0,middle,middle,57,56,0.9976851851851852,0.9895833333333335
iforest,iforest_n200_ms_0p5,engine_balanced,0.975,13,0,109,163,55,54.0,0.0,middle,near_failure,54,0,1.0,0.9988636363636364
iforest,iforest_n200_ms_0p5,engine_balanced,0.975,16,0,28,28,1,181.0,181.0,healthy,healthy,181,181,0.9837962962962964,0.9837962962962964
iforest,iforest_n200_ms_0p5,engine_balanced,0.975,16,0,43,43,1,166.0,166.0,healthy,healthy,166,166,0.9814814814814816,0.9814814814814816
iforest,iforest_n200_ms_0p5,engine_balanced,0.975,16,0,56,56,1,153.0,153.0,healthy,healthy,153,153,0.9814814814814816,0.9814814814814816
iforest,iforest_n200_ms_0p5,engine_balanced,0.975,16,0,63,63,1,146.0,146.0,healthy,healthy,146,146,0.988425925925926,0.988425925925926
iforest,iforest_n200_ms_0p5,engine_balanced,0.975,16,0,71,71,1,138.0,138.0,healthy,healthy,138,138,0.9814814814814816,0.9814814814814816
iforest,iforest_n200_ms_0p5,engine_balanced,0.975,16,0,73,73,1,136.0,136.0,healthy,healthy,136,136,0.988425925925926,0.988425925925926
iforest,iforest_n200_ms_0p5,engine_balanced,0.975,16,0,78,78,1,131.0,131.0,healthy,healthy,131,131,0.988425925925926,0.988425925925926
iforest,iforest_n200_ms_0p5,engine_balanced,0.975,16,0,83,83,1,126.0,126.0,healthy,healthy,126,126,0.9976851851851852,0.9976851851851852
iforest,iforest_n200_ms_0p5,engine_balanced,0.975,16,0,88,88,1,121.0,121.0,middle,middle,121,121,0.9907407407407408,0.9907407407407408
iforest,iforest_n200_ms_0p5,engine_balanced,0.975,16,0,91,91,1,118.0,118.0,middle,middle,118,118,1.0,1.0
iforest,iforest_n200_ms_0p5,engine_balanced,0.975,16,0,93,93,1,116.0,116.0,middle,middle,116,116,0.976851851851852,0.976851851851852
iforest,iforest_n200_ms_0p5,engine_balanced,0.975,16,0,97,98,2,112.0,111.0,middle,middle,112,111,0.9930555555555556,0.988425925925926
iforest,iforest_n200_ms_0p5,engine_balanced,0.975,16,0,100,101,2,109.0,108.0,middle,middle,109,108,0.9930555555555556,0.9918981481481481
iforest,iforest_n200_ms_0p5,engine_balanced,0.975,16,0,104,105,2,105.0,104.0,middle,middle,105,104,1.0,0.9965277777777778
iforest,iforest_n200_ms_0p5,engine_balanced,0.975,16,0,107,107,1,102.0,102.0,middle,middle,102,102,0.9814814814814816,0.9814814814814816
iforest,iforest_n200_ms_0p5,engine_balanced,0.975,16,0,110,112,3,99.0,97.0,middle,middle,99,97,0.9930555555555556,0.9861111111111113
iforest,iforest_n200_ms_0p5,engine_balanced,0.975,16,0,116,117,2,93.0,92.0,middle,middle,93,92,1.0,1.0
iforest,iforest_n200_ms_0p5,engine_balanced,0.975,16,0,120,122,3,89.0,87.0,middle,middle,89,87,1.0,1.0
iforest,iforest_n200_ms_0p5,engine_balanced,0.975,16,0,124,126,3,85.0,83.0,middle,middle,85,83,0.9976851851851852,0.996141975308642
iforest,iforest_n200_ms_0p5,engine_balanced,0.975,16,0,128,209,82,81.0,0.0,middle,near_failure,81,0,1.0,0.9995765582655826
iforest,iforest_n200_ms_0p5,engine_balanced,0.975,27,0,52,52,1,104.0,104.0,middle,middle,104,104,0.9814814814814816,0.9814814814814816
iforest,iforest_n200_ms_0p5,engine_balanced,0.975,27,0,92,92,1,64.0,64.0,middle,middle,64,64,0.9814814814814816,0.9814814814814816
iforest,iforest_n200_ms_0p5,engine_balanced,0.975,27,0,95,99,5,61.0,57.0,middle,middle,61,57,0.9976851851851852,0.9875
iforest,iforest_n200_ms_0p5,engine_balanced,0.975,27,0,102,103,2,54.0,53.0,middle,middle,54,53,1.0,1.0
iforest,iforest_n200_ms_0p5,engine_balanced,0.975,27,0,106,107,2,50.0,49.0,middle,middle,50,49,1.0,0.9953703703703705
iforest,iforest_n200_ms_0p5,engine_balanced,0.975,27,0,109,156,48,47.0,0.0,middle,near_failure,47,0,1.0,0.9993730709876543
iforest,iforest_n200_ms_0p5,engine_balanced,0.975,31,0,29,29,1,205.0,205.0,healthy,healthy,205,205,0.9837962962962964,0.9837962962962964
iforest,iforest_n200_ms_0p5,engine_balanced,0.975,31,0,151,151,1,83.0,83.0,middle,middle,83,83,0.9791666666666666,0.9791666666666666
iforest,iforest_n200_ms_0p5,engine_balanced,0.975,31,0,167,167,1,67.0,67.0,middle,middle,67,67,0.9814814814814816,0.9814814814814816
iforest,iforest_n200_ms_0p5,engine_balanced,0.975,31,0,188,188,1,46.0,46.0,middle,middle,46,46,0.988425925925926,0.988425925925926
iforest,iforest_n200_ms_0p5,engine_balanced,0.975,31,0,194,234,41,40.0,0.0,middle,near_failure,40,0,1.0,0.9987579042457092
iforest,iforest_n200_ms_0p5,engine_balanced,0.975,34,0,93,93,1,102.0,102.0,middle,middle,102,102,0.988425925925926,0.988425925925926
iforest,iforest_n200_ms_0p5,engine_balanced,0.975,34,0,123,125,3,72.0,70.0,middle,middle,72,70,0.9976851851851852,0.9930555555555557
iforest,iforest_n200_ms_0p5,engine_balanced,0.975,34,0,127,128,2,68.0,67.0,middle,middle,68,67,0.9930555555555556,0.9872685185185186
iforest,iforest_n200_ms_0p5,engine_balanced,0.975,34,0,130,137,8,65.0,58.0,middle,middle,65,58,1.0,0.9936342592592593
iforest,iforest_n200_ms_0p5,engine_balanced,0.975,34,0,139,195,57,56.0,0.0,middle,near_failure,56,0,1.0,0.9998781676413255
iforest,iforest_n200_ms_0p5,engine_balanced,0.975,40,0,39,39,1,149.0,149.0,healthy,healthy,149,149,0.9814814814814816,0.9814814814814816
iforest,iforest_n200_ms_0p5,engine_balanced,0.975,40,0,68,68,1,120.0,120.0,middle,middle,120,120,0.976851851851852,0.976851851851852
iforest,iforest_n200_ms_0p5,engine_balanced,0.975,40,0,76,76,1,112.0,112.0,middle,middle,112,112,0.9814814814814816,0.9814814814814816
iforest,iforest_n200_ms_0p5,engine_balanced,0.975,40,0,81,81,1,107.0,107.0,middle,middle,107,107,0.9814814814814816,0.9814814814814816
iforest,iforest_n200_ms_0p5,engine_balanced,0.975,40,0,86,87,2,102.0,101.0,middle,middle,102,101,1.0,0.994212962962963
iforest,iforest_n200_ms_0p5,engine_balanced,0.975,40,0,91,92,2,97.0,96.0,middle,middle,97,96,0.9837962962962964,0.9837962962962964
iforest,iforest_n200_ms_0p5,engine_balanced,0.975,40,0,95,95,1,93.0,93.0,middle,middle,93,93,1.0,1.0
iforest,iforest_n200_ms_0p5,engine_balanced,0.975,40,0,98,98,1,90.0,90.0,middle,middle,90,90,0.9930555555555556,0.9930555555555556
iforest,iforest_n200_ms_0p5,engine_balanced,0.975,40,0,100,103,4,88.0,85.0,middle,middle,88,85,0.9976851851851852,0.9878472222222223
iforest,iforest_n200_ms_0p5,engine_balanced,0.975,40,0,106,108,3,82.0,80.0,middle,middle,82,80,1.0,0.9992283950617283
iforest,iforest_n200_ms_0p5,engine_balanced,0.975,40,0,110,111,2,78.0,77.0,middle,middle,78,77,0.988425925925926,0.9861111111111112
iforest,iforest_n200_ms_0p5,engine_balanced,0.975,40,0,114,188,75,74.0,0.0,middle,near_failure,74,0,1.0,0.9992283950617282
iforest,iforest_n200_ms_0p5,engine_balanced,0.975,41,0,16,16,1,200.0,200.0,healthy,healthy,200,200,0.9861111111111112,0.9861111111111112
iforest,iforest_n200_ms_0p5,engine_balanced,0.975,41,0,35,35,1,181.0,181.0,healthy,healthy,181,181,0.9907407407407408,0.9907407407407408
iforest,iforest_n200_ms_0p5,engine_balanced,0.975,41,0,40,40,1,176.0,176.0,healthy,healthy,176,176,0.9930555555555556,0.9930555555555556
iforest,iforest_n200_ms_0p5,engine_balanced,0.975,41,0,112,112,1,104.0,104.0,middle,middle,104,104,0.9953703703703703,0.9953703703703703
iforest,iforest_n200_ms_0p5,engine_balanced,0.975,41,0,120,120,1,96.0,96.0,middle,middle,96,96,0.9861111111111112,0.9861111111111112
iforest,iforest_n200_ms_0p5,engine_balanced,0.975,41,0,128,128,1,88.0,88.0,middle,middle,88,88,0.9837962962962964,0.9837962962962964
iforest,iforest_n200_ms_0p5,engine_balanced,0.975,41,0,131,132,2,85.0,84.0,middle,middle,85,84,0.9930555555555556,0.9849537037037037
iforest,iforest_n200_ms_0p5,engine_balanced,0.975,41,0,140,140,1,76.0,76.0,middle,middle,76,76,0.988425925925926,0.988425925925926
iforest,iforest_n200_ms_0p5,engine_balanced,0.975,41,0,147,151,5,69.0,65.0,middle,middle,69,65,0.9930555555555556,0.9842592592592594
iforest,iforest_n200_ms_0p5,engine_balanced,0.975,41,0,153,153,1,63.0,63.0,middle,middle,63,63,0.9930555555555556,0.9930555555555556
iforest,iforest_n200_ms_0p5,engine_balanced,0.975,41,0,155,216,62,61.0,0.0,middle,near_failure,61,0,1.0,0.9975731780167264
iforest,iforest_n200_ms_0p5,engine_balanced,0.975,45,0,9,9,1,149.0,149.0,healthy,healthy,149,149,1.0,1.0
iforest,iforest_n200_ms_0p5,engine_balanced,0.975,45,0,17,17,1,141.0,141.0,healthy,healthy,141,141,0.9861111111111112,0.9861111111111112
iforest,iforest_n200_ms_0p5,engine_balanced,0.975,45,0,21,21,1,137.0,137.0,healthy,healthy,137,137,0.9814814814814816,0.9814814814814816
iforest,iforest_n200_ms_0p5,engine_balanced,0.975,45,0,27,27,1,131.0,131.0,healthy,healthy,131,131,0.988425925925926,0.988425925925926
iforest,iforest_n200_ms_0p5,engine_balanced,0.975,45,0,45,45,1,113.0,113.0,middle,middle,113,113,0.9814814814814816,0.9814814814814816
iforest,iforest_n200_ms_0p5,engine_balanced,0.975,45,0,47,47,1,111.0,111.0,middle,middle,111,111,0.9814814814814816,0.9814814814814816
iforest,iforest_n200_ms_0p5,engine_balanced,0.975,45,0,84,84,1,74.0,74.0,middle,middle,74,74,0.9930555555555556,0.9930555555555556
iforest,iforest_n200_ms_0p5,engine_balanced,0.975,45,0,100,100,1,58.0,58.0,middle,middle,58,58,0.9930555555555556,0.9930555555555556
iforest,iforest_n200_ms_0p5,engine_balanced,0.975,45,0,104,104,1,54.0,54.0,middle,middle,54,54,0.9814814814814816,0.9814814814814816
iforest,iforest_n200_ms_0p5,engine_balanced,0.975,45,0,106,106,1,52.0,52.0,middle,middle,52,52,0.9837962962962964,0.9837962962962964
iforest,iforest_n200_ms_0p5,engine_balanced,0.975,45,0,113,114,2,45.0,44.0,middle,middle,45,44,0.9907407407407408,0.9872685185185186
iforest,iforest_n200_ms_0p5,engine_balanced,0.975,45,0,116,116,1,42.0,42.0,middle,middle,42,42,0.9976851851851852,0.9976851851851852
iforest,iforest_n200_ms_0p5,engine_balanced,0.975,45,0,118,118,1,40.0,40.0,middle,middle,40,40,0.9976851851851852,0.9976851851851852
iforest,iforest_n200_ms_0p5,engine_balanced,0.975,45,0,121,124,4,37.0,34.0,middle,middle,37,34,1.0,0.9936342592592593
iforest,iforest_n200_ms_0p5,engine_balanced,0.975,45,0,126,158,33,32.0,0.0,middle,near_failure,32,0,1.0,0.9991582491582491
iforest,iforest_n200_ms_0p5,engine_balanced,0.975,46,0,31,31,1,225.0,225.0,healthy,healthy,225,225,0.988425925925926,0.988425925925926
iforest,iforest_n200_ms_0p5,engine_balanced,0.975,46,0,64,64,1,192.0,192.0,healthy,healthy,192,192,0.9837962962962964,0.9837962962962964
iforest,iforest_n200_ms_0p5,engine_balanced,0.975,46,0,75,75,1,181.0,181.0,healthy,healthy,181,181,0.9814814814814816,0.9814814814814816
iforest,iforest_n200_ms_0p5,engine_balanced,0.975,46,0,84,84,1,172.0,172.0,healthy,healthy,172,172,0.9907407407407408,0.9907407407407408
iforest,iforest_n200_ms_0p5,engine_balanced,0.975,46,0,96,96,1,160.0,160.0,healthy,healthy,160,160,0.9814814814814816,0.9814814814814816
iforest,iforest_n200_ms_0p5,engine_balanced,0.975,46,0,197,197,1,59.0,59.0,middle,middle,59,59,0.9814814814814816,0.9814814814814816
iforest,iforest_n200_ms_0p5,engine_balanced,0.975,46,0,203,203,1,53.0,53.0,middle,middle,53,53,0.9837962962962964,0.9837962962962964
iforest,iforest_n200_ms_0p5,engine_balanced,0.975,46,0,209,211,3,47.0,45.0,middle,middle,47,45,0.9976851851851852,0.9891975308641977
iforest,iforest_n200_ms_0p5,engine_balanced,0.975,46,0,213,213,1,43.0,43.0,middle,middle,43,43,0.9930555555555556,0.9930555555555556
iforest,iforest_n200_ms_0p5,engine_balanced,0.975,46,0,216,256,41,40.0,0.0,middle,near_failure,40,0,1.0,0.9996047877145436
iforest,iforest_n200_ms_0p5,engine_balanced,0.975,54,0,24,24,1,233.0,233.0,healthy,healthy,233,233,0.9837962962962964,0.9837962962962964
iforest,iforest_n200_ms_0p5,engine_balanced,0.975,54,0,74,74,1,183.0,183.0,healthy,healthy,183,183,0.9814814814814816,0.9814814814814816
iforest,iforest_n200_ms_0p5,engine_balanced,0.975,54,0,168,168,1,89.0,89.0,middle,middle,89,89,0.9814814814814816,0.9814814814814816
iforest,iforest_n200_ms_0p5,engine_balanced,0.975,54,0,173,174,2,84.0,83.0,middle,middle,84,83,0.9930555555555556,0.9849537037037037
iforest,iforest_n200_ms_0p5,engine_balanced,0.975,54,0,180,183,4,77.0,74.0,middle,middle,77,74,1.0,0.994212962962963
iforest,iforest_n200_ms_0p5,engine_balanced,0.975,54,0,185,186,2,72.0,71.0,middle,middle,72,71,1.0,0.9907407407407408
iforest,iforest_n200_ms_0p5,engine_balanced,0.975,54,0,190,190,1,67.0,67.0,middle,middle,67,67,0.9814814814814816,0.9814814814814816
iforest,iforest_n200_ms_0p5,engine_balanced,0.975,54,0,193,195,3,64.0,62.0,middle,middle,64,62,0.9837962962962964,0.9830246913580248
iforest,iforest_n200_ms_0p5,engine_balanced,0.975,54,0,198,257,60,59.0,0.0,middle,near_failure,59,0,1.0,0.9992283950617283
iforest,iforest_n200_ms_0p5,engine_balanced,0.975,74,0,26,26,1,140.0,140.0,healthy,healthy,140,140,0.976851851851852,0.976851851851852
iforest,iforest_n200_ms_0p5,engine_balanced,0.975,74,0,128,128,1,38.0,38.0,middle,middle,38,38,1.0,1.0
iforest,iforest_n200_ms_0p5,engine_balanced,0.975,74,0,131,132,2,35.0,34.0,middle,middle,35,34,0.988425925925926,0.9861111111111112
iforest,iforest_n200_ms_0p5,engine_balanced,0.975,74,0,134,134,1,32.0,32.0,middle,middle,32,32,0.9976851851851852,0.9976851851851852
iforest,iforest_n200_ms_0p5,engine_balanced,0.975,74,0,136,166,31,30.0,0.0,near_failure,near_failure,30,0,1.0,0.9988799283154122
iforest,iforest_n200_ms_0p5,engine_balanced,0.975,77,0,23,23,1,131.0,131.0,healthy,healthy,131,131,0.9930555555555556,0.9930555555555556
iforest,iforest_n200_ms_0p5,engine_balanced,0.975,77,0,35,35,1,119.0,119.0,middle,middle,119,119,0.988425925925926,0.988425925925926
iforest,iforest_n200_ms_0p5,engine_balanced,0.975,77,0,89,89,1,65.0,65.0,middle,middle,65,65,0.988425925925926,0.988425925925926
iforest,iforest_n200_ms_0p5,engine_balanced,0.975,77,0,94,95,2,60.0,59.0,middle,middle,60,59,0.9907407407407408,0.9907407407407408
iforest,iforest_n200_ms_0p5,engine_balanced,0.975,77,0,99,99,1,55.0,55.0,middle,middle,55,55,0.9976851851851852,0.9976851851851852
iforest,iforest_n200_ms_0p5,engine_balanced,0.975,77,0,105,105,1,49.0,49.0,middle,middle,49,49,0.9930555555555556,0.9930555555555556
iforest,iforest_n200_ms_0p5,engine_balanced,0.975,77,0,107,107,1,47.0,47.0,middle,middle,47,47,0.9930555555555556,0.9930555555555556
iforest,iforest_n200_ms_0p5,engine_balanced,0.975,77,0,109,109,1,45.0,45.0,middle,middle,45,45,0.988425925925926,0.988425925925926
iforest,iforest_n200_ms_0p5,engine_balanced,0.975,77,0,111,111,1,43.0,43.0,middle,middle,43,43,0.988425925925926,0.988425925925926
iforest,iforest_n200_ms_0p5,engine_balanced,0.975,77,0,113,154,42,41.0,0.0,middle,near_failure,41,0,1.0,0.998181216931217
iforest,iforest_n200_ms_0p5,engine_balanced,0.975,78,0,1,4,4,230.0,227.0,healthy,healthy,230,227,1.0,0.9971064814814815
iforest,iforest_n200_ms_0p5,engine_balanced,0.975,78,0,8,8,1,223.0,223.0,healthy,healthy,223,223,0.9814814814814816,0.9814814814814816
iforest,iforest_n200_ms_0p5,engine_balanced,0.975,78,0,11,11,1,220.0,220.0,healthy,healthy,220,220,0.9976851851851852,0.9976851851851852
iforest,iforest_n200_ms_0p5,engine_balanced,0.975,78,0,20,20,1,211.0,211.0,healthy,healthy,211,211,0.9930555555555556,0.9930555555555556
iforest,iforest_n200_ms_0p5,engine_balanced,0.975,78,0,35,36,2,196.0,195.0,healthy,healthy,196,195,0.9907407407407408,0.9861111111111112
iforest,iforest_n200_ms_0p5,engine_balanced,0.975,78,0,45,45,1,186.0,186.0,healthy,healthy,186,186,1.0,1.0
iforest,iforest_n200_ms_0p5,engine_balanced,0.975,78,0,52,53,2,179.0,178.0,healthy,healthy,179,178,0.9814814814814816,0.9791666666666667
iforest,iforest_n200_ms_0p5,engine_balanced,0.975,78,0,72,72,1,159.0,159.0,healthy,healthy,159,159,0.9814814814814816,0.9814814814814816
iforest,iforest_n200_ms_0p5,engine_balanced,0.975,78,0,181,181,1,50.0,50.0,middle,middle,50,50,0.988425925925926,0.988425925925926
iforest,iforest_n200_ms_0p5,engine_balanced,0.975,78,0,184,184,1,47.0,47.0,middle,middle,47,47,0.9814814814814816,0.9814814814814816
iforest,iforest_n200_ms_0p5,engine_balanced,0.975,78,0,186,188,3,45.0,43.0,middle,middle,45,43,0.9976851851851852,0.9907407407407408
iforest,iforest_n200_ms_0p5,engine_balanced,0.975,78,0,190,191,2,41.0,40.0,middle,middle,41,40,1.0,0.9930555555555556
iforest,iforest_n200_ms_0p5,engine_balanced,0.975,78,0,193,231,39,38.0,0.0,middle,near_failure,38,0,1.0,0.9992283950617283
iforest,iforest_n200_ms_0p5,engine_balanced,0.975,81,0,84,84,1,156.0,156.0,healthy,healthy,156,156,0.9861111111111112,0.9861111111111112
iforest,iforest_n200_ms_0p5,engine_balanced,0.975,81,0,150,150,1,90.0,90.0,middle,middle,90,90,0.976851851851852,0.976851851851852
iforest,iforest_n200_ms_0p5,engine_balanced,0.975,81,0,157,157,1,83.0,83.0,middle,middle,83,83,0.988425925925926,0.988425925925926
iforest,iforest_n200_ms_0p5,engine_balanced,0.975,81,0,164,164,1,76.0,76.0,middle,middle,76,76,0.9837962962962964,0.9837962962962964
iforest,iforest_n200_ms_0p5,engine_balanced,0.975,81,0,168,169,2,72.0,71.0,middle,middle,72,71,0.9930555555555556,0.9930555555555556
iforest,iforest_n200_ms_0p5,engine_balanced,0.975,81,0,172,172,1,68.0,68.0,middle,middle,68,68,0.9814814814814816,0.9814814814814816
iforest,iforest_n200_ms_0p5,engine_balanced,0.975,81,0,175,240,66,65.0,0.0,middle,near_failure,65,0,1.0,0.9985970819304154
iforest,iforest_n200_ms_0p5,engine_balanced,0.975,89,0,1,1,1,216.0,216.0,healthy,healthy,216,216,0.988425925925926,0.988425925925926
iforest,iforest_n200_ms_0p5,engine_balanced,0.975,89,0,4,4,1,213.0,213.0,healthy,healthy,213,213,0.9930555555555556,0.9930555555555556
iforest,iforest_n200_ms_0p5,engine_balanced,0.975,89,0,17,17,1,200.0,200.0,healthy,healthy,200,200,0.9930555555555556,0.9930555555555556
iforest,iforest_n200_ms_0p5,engine_balanced,0.975,89,0,154,154,1,63.0,63.0,middle,middle,63,63,0.976851851851852,0.976851851851852
iforest,iforest_n200_ms_0p5,engine_balanced,0.975,89,0,165,165,1,52.0,52.0,middle,middle,52,52,0.9814814814814816,0.9814814814814816
iforest,iforest_n200_ms_0p5,engine_balanced,0.975,89,0,175,176,2,42.0,41.0,middle,middle,42,41,0.9907407407407408,0.9907407407407408
iforest,iforest_n200_ms_0p5,engine_balanced,0.975,89,0,178,217,40,39.0,0.0,middle,near_failure,39,0,1.0,0.998726851851852
iforest,iforest_n200_ms_0p5,engine_balanced,0.975,91,0,6,6,1,129.0,129.0,healthy,healthy,129,129,0.9814814814814816,0.9814814814814816
iforest,iforest_n200_ms_0p5,engine_balanced,0.975,91,0,32,32,1,103.0,103.0,middle,middle,103,103,0.9814814814814816,0.9814814814814816
iforest,iforest_n200_ms_0p5,engine_balanced,0.975,91,0,42,42,1,93.0,93.0,middle,middle,93,93,1.0,1.0
iforest,iforest_n200_ms_0p5,engine_balanced,0.975,91,0,44,44,1,91.0,91.0,middle,middle,91,91,0.988425925925926,0.988425925925926
iforest,iforest_n200_ms_0p5,engine_balanced,0.975,91,0,52,52,1,83.0,83.0,middle,middle,83,83,0.9907407407407408,0.9907407407407408
iforest,iforest_n200_ms_0p5,engine_balanced,0.975,91,0,55,56,2,80.0,79.0,middle,middle,80,79,0.9976851851851852,0.9930555555555556
iforest,iforest_n200_ms_0p5,engine_balanced,0.975,91,0,59,59,1,76.0,76.0,middle,middle,76,76,0.9907407407407408,0.9907407407407408
iforest,iforest_n200_ms_0p5,engine_balanced,0.975,91,0,65,65,1,70.0,70.0,middle,middle,70,70,0.9861111111111112,0.9861111111111112
iforest,iforest_n200_ms_0p5,engine_balanced,0.975,91,0,70,71,2,65.0,64.0,middle,middle,65,64,0.9930555555555556,0.9895833333333334
iforest,iforest_n200_ms_0p5,engine_balanced,0.975,91,0,73,80,8,62.0,55.0,middle,middle,62,55,1.0,0.9968171296296297
iforest,iforest_n200_ms_0p5,engine_balanced,0.975,91,0,82,135,54,53.0,0.0,middle,near_failure,53,0,1.0,0.9994855967078189
iforest,iforest_n200_ms_0p5,engine_balanced,0.99,1,0,150,150,1,42.0,42.0,middle,middle,42,42,0.9907407407407408,0.9907407407407408
iforest,iforest_n200_ms_0p5,engine_balanced,0.99,1,0,152,152,1,40.0,40.0,middle,middle,40,40,1.0,1.0
iforest,iforest_n200_ms_0p5,engine_balanced,0.99,1,0,154,154,1,38.0,38.0,middle,middle,38,38,0.9907407407407408,0.9907407407407408
iforest,iforest_n200_ms_0p5,engine_balanced,0.99,1,0,156,156,1,36.0,36.0,middle,middle,36,36,0.9953703703703703,0.9953703703703703
iforest,iforest_n200_ms_0p5,engine_balanced,0.99,1,0,159,192,34,33.0,0.0,middle,near_failure,33,0,1.0,0.9998638344226578
iforest,iforest_n200_ms_0p5,engine_balanced,0.99,5,0,7,7,1,262.0,262.0,healthy,healthy,262,262,0.9930555555555556,0.9930555555555556
iforest,iforest_n200_ms_0p5,engine_balanced,0.99,5,0,23,23,1,246.0,246.0,healthy,healthy,246,246,1.0,1.0
iforest,iforest_n200_ms_0p5,engine_balanced,0.99,5,0,30,30,1,239.0,239.0,healthy,healthy,239,239,0.9976851851851852,0.9976851851851852
iforest,iforest_n200_ms_0p5,engine_balanced,0.99,5,0,87,87,1,182.0,182.0,healthy,healthy,182,182,0.9930555555555556,0.9930555555555556
iforest,iforest_n200_ms_0p5,engine_balanced,0.99,5,0,100,100,1,169.0,169.0,healthy,healthy,169,169,0.9930555555555556,0.9930555555555556
iforest,iforest_n200_ms_0p5,engine_balanced,0.99,5,0,181,181,1,88.0,88.0,middle,middle,88,88,0.9976851851851852,0.9976851851851852
iforest,iforest_n200_ms_0p5,engine_balanced,0.99,5,0,189,190,2,80.0,79.0,middle,middle,80,79,0.9976851851851852,0.9953703703703705
iforest,iforest_n200_ms_0p5,engine_balanced,0.99,5,0,194,194,1,75.0,75.0,middle,middle,75,75,0.9907407407407408,0.9907407407407408
iforest,iforest_n200_ms_0p5,engine_balanced,0.99,5,0,199,200,2,70.0,69.0,middle,middle,70,69,1.0,0.9965277777777778
iforest,iforest_n200_ms_0p5,engine_balanced,0.99,5,0,203,203,1,66.0,66.0,middle,middle,66,66,0.9953703703703703,0.9953703703703703
iforest,iforest_n200_ms_0p5,engine_balanced,0.99,5,0,209,213,5,60.0,56.0,middle,middle,60,56,1.0,0.9953703703703705
iforest,iforest_n200_ms_0p5,engine_balanced,0.99,5,0,215,269,55,54.0,0.0,middle,near_failure,54,0,1.0,0.9998737373737374
iforest,iforest_n200_ms_0p5,engine_balanced,0.99,10,0,43,43,1,179.0,179.0,healthy,healthy,179,179,0.9930555555555556,0.9930555555555556
iforest,iforest_n200_ms_0p5,engine_balanced,0.99,10,0,67,67,1,155.0,155.0,healthy,healthy,155,155,0.9907407407407408,0.9907407407407408
iforest,iforest_n200_ms_0p5,engine_balanced,0.99,10,0,158,158,1,64.0,64.0,middle,middle,64,64,0.9907407407407408,0.9907407407407408
iforest,iforest_n200_ms_0p5,engine_balanced,0.99,10,0,173,173,1,49.0,49.0,middle,middle,49,49,1.0,1.0
iforest,iforest_n200_ms_0p5,engine_balanced,0.99,10,0,176,177,2,46.0,45.0,middle,middle,46,45,0.9930555555555556,0.9918981481481481
iforest,iforest_n200_ms_0p5,engine_balanced,0.99,10,0,182,222,41,40.0,0.0,middle,near_failure,40,0,1.0,0.9998306233062331
iforest,iforest_n200_ms_0p5,engine_balanced,0.99,11,0,2,2,1,238.0,238.0,healthy,healthy,238,238,0.9930555555555556,0.9930555555555556
iforest,iforest_n200_ms_0p5,engine_balanced,0.99,11,0,35,35,1,205.0,205.0,healthy,healthy,205,205,0.9907407407407408,0.9907407407407408
iforest,iforest_n200_ms_0p5,engine_balanced,0.99,11,0,184,184,1,56.0,56.0,middle,middle,56,56,0.9976851851851852,0.9976851851851852
iforest,iforest_n200_ms_0p5,engine_balanced,0.99,11,0,188,189,2,52.0,51.0,middle,middle,52,51,0.9976851851851852,0.9953703703703705
iforest,iforest_n200_ms_0p5,engine_balanced,0.99,11,0,191,192,2,49.0,48.0,middle,middle,49,48,1.0,0.9965277777777778
iforest,iforest_n200_ms_0p5,engine_balanced,0.99,11,0,194,240,47,46.0,0.0,middle,near_failure,46,0,1.0,0.9999507486209613
iforest,iforest_n200_ms_0p5,engine_balanced,0.99,13,0,106,106,1,57.0,57.0,middle,middle,57,57,0.9976851851851852,0.9976851851851852
iforest,iforest_n200_ms_0p5,engine_balanced,0.99,13,0,109,112,4,54.0,51.0,middle,middle,54,51,1.0,0.9971064814814815
iforest,iforest_n200_ms_0p5,engine_balanced,0.99,13,0,114,114,1,49.0,49.0,middle,middle,49,49,1.0,1.0
iforest,iforest_n200_ms_0p5,engine_balanced,0.99,13,0,116,118,3,47.0,45.0,middle,middle,47,45,1.0,0.9976851851851851
iforest,iforest_n200_ms_0p5,engine_balanced,0.99,13,0,120,163,44,43.0,0.0,middle,near_failure,43,0,1.0,0.999894781144781
iforest,iforest_n200_ms_0p5,engine_balanced,0.99,16,0,83,83,1,126.0,126.0,healthy,healthy,126,126,0.9976851851851852,0.9976851851851852
iforest,iforest_n200_ms_0p5,engine_balanced,0.99,16,0,88,88,1,121.0,121.0,middle,middle,121,121,0.9907407407407408,0.9907407407407408
iforest,iforest_n200_ms_0p5,engine_balanced,0.99,16,0,91,91,1,118.0,118.0,middle,middle,118,118,1.0,1.0
iforest,iforest_n200_ms_0p5,engine_balanced,0.99,16,0,97,97,1,112.0,112.0,middle,middle,112,112,0.9930555555555556,0.9930555555555556
iforest,iforest_n200_ms_0p5,engine_balanced,0.99,16,0,100,101,2,109.0,108.0,middle,middle,109,108,0.9930555555555556,0.9918981481481481
iforest,iforest_n200_ms_0p5,engine_balanced,0.99,16,0,104,105,2,105.0,104.0,middle,middle,105,104,1.0,0.9965277777777778
iforest,iforest_n200_ms_0p5,engine_balanced,0.99,16,0,112,112,1,97.0,97.0,middle,middle,97,97,0.9930555555555556,0.9930555555555556
iforest,iforest_n200_ms_0p5,engine_balanced,0.99,16,0,116,117,2,93.0,92.0,middle,middle,93,92,1.0,1.0
iforest,iforest_n200_ms_0p5,engine_balanced,0.99,16,0,120,122,3,89.0,87.0,middle,middle,89,87,1.0,1.0
iforest,iforest_n200_ms_0p5,engine_balanced,0.99,16,0,124,126,3,85.0,83.0,middle,middle,85,83,0.9976851851851852,0.996141975308642
iforest,iforest_n200_ms_0p5,engine_balanced,0.99,16,0,128,152,25,81.0,57.0,middle,middle,81,57,1.0,0.9990740740740742
iforest,iforest_n200_ms_0p5,engine_balanced,0.99,16,0,154,209,56,55.0,0.0,middle,near_failure,55,0,1.0,1.0
iforest,iforest_n200_ms_0p5,engine_balanced,0.99,27,0,96,96,1,60.0,60.0,middle,middle,60,60,0.9907407407407408,0.9907407407407408
iforest,iforest_n200_ms_0p5,engine_balanced,0.99,27,0,98,98,1,58.0,58.0,middle,middle,58,58,0.9976851851851852,0.9976851851851852
iforest,iforest_n200_ms_0p5,engine_balanced,0.99,27,0,102,103,2,54.0,53.0,middle,middle,54,53,1.0,1.0
iforest,iforest_n200_ms_0p5,engine_balanced,0.99,27,0,106,107,2,50.0,49.0,middle,middle,50,49,1.0,0.9953703703703705
iforest,iforest_n200_ms_0p5,engine_balanced,0.99,27,0,109,113,5,47.0,43.0,middle,middle,47,43,1.0,0.999074074074074
iforest,iforest_n200_ms_0p5,engine_balanced,0.99,27,0,115,156,42,41.0,0.0,middle,near_failure,41,0,1.0,0.9997795414462081
iforest,iforest_n200_ms_0p5,engine_balanced,0.99,31,0,197,234,38,37.0,0.0,middle,near_failure,37,0,1.0,0.9998781676413254
iforest,iforest_n200_ms_0p5,engine_balanced,0.99,34,0,123,125,3,72.0,70.0,middle,middle,72,70,0.9976851851851852,0.9930555555555557
iforest,iforest_n200_ms_0p5,engine_balanced,0.99,34,0,128,128,1,67.0,67.0,middle,middle,67,67,0.9930555555555556,0.9930555555555556
iforest,iforest_n200_ms_0p5,engine_balanced,0.99,34,0,130,133,4,65.0,62.0,middle,middle,65,62,1.0,0.9976851851851851
iforest,iforest_n200_ms_0p5,engine_balanced,0.99,34,0,136,137,2,59.0,58.0,middle,middle,59,58,1.0,0.9953703703703705
iforest,iforest_n200_ms_0p5,engine_balanced,0.99,34,0,139,195,57,56.0,0.0,middle,near_failure,56,0,1.0,0.9998781676413255
iforest,iforest_n200_ms_0p5,engine_balanced,0.99,40,0,87,87,1,101.0,101.0,middle,middle,101,101,1.0,1.0
iforest,iforest_n200_ms_0p5,engine_balanced,0.99,40,0,95,95,1,93.0,93.0,middle,middle,93,93,1.0,1.0
iforest,iforest_n200_ms_0p5,engine_balanced,0.99,40,0,98,98,1,90.0,90.0,middle,middle,90,90,0.9930555555555556,0.9930555555555556
iforest,iforest_n200_ms_0p5,engine_balanced,0.99,40,0,102,102,1,86.0,86.0,middle,middle,86,86,0.9976851851851852,0.9976851851851852
iforest,iforest_n200_ms_0p5,engine_balanced,0.99,40,0,106,108,3,82.0,80.0,middle,middle,82,80,1.0,0.9992283950617283
iforest,iforest_n200_ms_0p5,engine_balanced,0.99,40,0,114,114,1,74.0,74.0,middle,middle,74,74,1.0,1.0
iforest,iforest_n200_ms_0p5,engine_balanced,0.99,40,0,116,120,5,72.0,68.0,middle,middle,72,68,1.0,1.0
iforest,iforest_n200_ms_0p5,engine_balanced,0.99,40,0,122,138,17,66.0,50.0,middle,middle,66,50,1.0,0.9989106753812635
iforest,iforest_n200_ms_0p5,engine_balanced,0.99,40,0,140,188,49,48.0,0.0,middle,near_failure,48,0,1.0,1.0
iforest,iforest_n200_ms_0p5,engine_balanced,0.99,41,0,35,35,1,181.0,181.0,healthy,healthy,181,181,0.9907407407407408,0.9907407407407408
iforest,iforest_n200_ms_0p5,engine_balanced,0.99,41,0,40,40,1,176.0,176.0,healthy,healthy,176,176,0.9930555555555556,0.9930555555555556
iforest,iforest_n200_ms_0p5,engine_balanced,0.99,41,0,112,112,1,104.0,104.0,middle,middle,104,104,0.9953703703703703,0.9953703703703703
iforest,iforest_n200_ms_0p5,engine_balanced,0.99,41,0,132,132,1,84.0,84.0,middle,middle,84,84,0.9930555555555556,0.9930555555555556
iforest,iforest_n200_ms_0p5,engine_balanced,0.99,41,0,151,151,1,65.0,65.0,middle,middle,65,65,0.9930555555555556,0.9930555555555556
iforest,iforest_n200_ms_0p5,engine_balanced,0.99,41,0,153,153,1,63.0,63.0,middle,middle,63,63,0.9930555555555556,0.9930555555555556
iforest,iforest_n200_ms_0p5,engine_balanced,0.99,41,0,156,156,1,60.0,60.0,middle,middle,60,60,0.9930555555555556,0.9930555555555556
iforest,iforest_n200_ms_0p5,engine_balanced,0.99,41,0,158,158,1,58.0,58.0,middle,middle,58,58,0.9930555555555556,0.9930555555555556
iforest,iforest_n200_ms_0p5,engine_balanced,0.99,41,0,162,164,3,54.0,52.0,middle,middle,54,52,1.0,0.9969135802469137
iforest,iforest_n200_ms_0p5,engine_balanced,0.99,41,0,166,166,1,50.0,50.0,middle,middle,50,50,1.0,1.0
iforest,iforest_n200_ms_0p5,engine_balanced,0.99,41,0,168,170,3,48.0,46.0,middle,middle,48,46,1.0,0.9992283950617283
iforest,iforest_n200_ms_0p5,engine_balanced,0.99,41,0,172,216,45,44.0,0.0,middle,near_failure,44,0,1.0,0.9997942386831276
iforest,iforest_n200_ms_0p5,engine_balanced,0.99,45,0,9,9,1,149.0,149.0,healthy,healthy,149,149,1.0,1.0
iforest,iforest_n200_ms_0p5,engine_balanced,0.99,45,0,84,84,1,74.0,74.0,middle,middle,74,74,0.9930555555555556,0.9930555555555556
iforest,iforest_n200_ms_0p5,engine_balanced,0.99,45,0,100,100,1,58.0,58.0,middle,middle,58,58,0.9930555555555556,0.9930555555555556
iforest,iforest_n200_ms_0p5,engine_balanced,0.99,45,0,114,114,1,44.0,44.0,middle,middle,44,44,0.9907407407407408,0.9907407407407408
iforest,iforest_n200_ms_0p5,engine_balanced,0.99,45,0,116,116,1,42.0,42.0,middle,middle,42,42,0.9976851851851852,0.9976851851851852
iforest,iforest_n200_ms_0p5,engine_balanced,0.99,45,0,118,118,1,40.0,40.0,middle,middle,40,40,0.9976851851851852,0.9976851851851852
iforest,iforest_n200_ms_0p5,engine_balanced,0.99,45,0,122,124,3,36.0,34.0,middle,middle,36,34,1.0,0.9969135802469137
iforest,iforest_n200_ms_0p5,engine_balanced,0.99,45,0,127,158,32,31.0,0.0,middle,near_failure,31,0,1.0,0.9997106481481481
iforest,iforest_n200_ms_0p5,engine_balanced,0.99,46,0,84,84,1,172.0,172.0,healthy,healthy,172,172,0.9907407407407408,0.9907407407407408
iforest,iforest_n200_ms_0p5,engine_balanced,0.99,46,0,210,210,1,46.0,46.0,middle,middle,46,46,0.9976851851851852,0.9976851851851852
iforest,iforest_n200_ms_0p5,engine_balanced,0.99,46,0,213,213,1,43.0,43.0,middle,middle,43,43,0.9930555555555556,0.9930555555555556
iforest,iforest_n200_ms_0p5,engine_balanced,0.99,46,0,216,222,7,40.0,34.0,middle,middle,40,34,1.0,0.9996693121693122
iforest,iforest_n200_ms_0p5,engine_balanced,0.99,46,0,224,256,33,32.0,0.0,middle,near_failure,32,0,1.0,1.0
iforest,iforest_n200_ms_0p5,engine_balanced,0.99,54,0,174,174,1,83.0,83.0,middle,middle,83,83,0.9930555555555556,0.9930555555555556
iforest,iforest_n200_ms_0p5,engine_balanced,0.99,54,0,180,181,2,77.0,76.0,middle,middle,77,76,1.0,0.9965277777777778
iforest,iforest_n200_ms_0p5,engine_balanced,0.99,54,0,183,183,1,74.0,74.0,middle,middle,74,74,1.0,1.0
iforest,iforest_n200_ms_0p5,engine_balanced,0.99,54,0,186,186,1,71.0,71.0,middle,middle,71,71,1.0,1.0
iforest,iforest_n200_ms_0p5,engine_balanced,0.99,54,0,198,198,1,59.0,59.0,middle,middle,59,59,0.9930555555555556,0.9930555555555556
iforest,iforest_n200_ms_0p5,engine_balanced,0.99,54,0,200,257,58,57.0,0.0,middle,near_failure,57,0,1.0,0.9995210727969348
iforest,iforest_n200_ms_0p5,engine_balanced,0.99,74,0,128,128,1,38.0,38.0,middle,middle,38,38,1.0,1.0
iforest,iforest_n200_ms_0p5,engine_balanced,0.99,74,0,134,134,1,32.0,32.0,middle,middle,32,32,0.9976851851851852,0.9976851851851852
iforest,iforest_n200_ms_0p5,engine_balanced,0.99,74,0,136,166,31,30.0,0.0,near_failure,near_failure,30,0,1.0,0.9988799283154122
iforest,iforest_n200_ms_0p5,engine_balanced,0.99,77,0,23,23,1,131.0,131.0,healthy,healthy,131,131,0.9930555555555556,0.9930555555555556
iforest,iforest_n200_ms_0p5,engine_balanced,0.99,77,0,94,95,2,60.0,59.0,middle,middle,60,59,0.9907407407407408,0.9907407407407408
iforest,iforest_n200_ms_0p5,engine_balanced,0.99,77,0,99,99,1,55.0,55.0,middle,middle,55,55,0.9976851851851852,0.9976851851851852
iforest,iforest_n200_ms_0p5,engine_balanced,0.99,77,0,105,105,1,49.0,49.0,middle,middle,49,49,0.9930555555555556,0.9930555555555556
iforest,iforest_n200_ms_0p5,engine_balanced,0.99,77,0,107,107,1,47.0,47.0,middle,middle,47,47,0.9930555555555556,0.9930555555555556
iforest,iforest_n200_ms_0p5,engine_balanced,0.99,77,0,113,113,1,41.0,41.0,middle,middle,41,41,1.0,1.0
iforest,iforest_n200_ms_0p5,engine_balanced,0.99,77,0,116,118,3,38.0,36.0,middle,middle,38,36,1.0,1.0
iforest,iforest_n200_ms_0p5,engine_balanced,0.99,77,0,120,122,3,34.0,32.0,middle,middle,34,32,1.0,0.9953703703703703
iforest,iforest_n200_ms_0p5,engine_balanced,0.99,77,0,124,154,31,30.0,0.0,near_failure,near_failure,30,0,1.0,1.0
iforest,iforest_n200_ms_0p5,engine_balanced,0.99,78,0,2,4,3,229.0,227.0,healthy,healthy,229,227,1.0,1.0
iforest,iforest_n200_ms_0p5,engine_balanced,0.99,78,0,11,11,1,220.0,220.0,healthy,healthy,220,220,0.9976851851851852,0.9976851851851852
iforest,iforest_n200_ms_0p5,engine_balanced,0.99,78,0,20,20,1,211.0,211.0,healthy,healthy,211,211,0.9930555555555556,0.9930555555555556
iforest,iforest_n200_ms_0p5,engine_balanced,0.99,78,0,35,35,1,196.0,196.0,healthy,healthy,196,196,0.9907407407407408,0.9907407407407408
iforest,iforest_n200_ms_0p5,engine_balanced,0.99,78,0,45,45,1,186.0,186.0,healthy,healthy,186,186,1.0,1.0
iforest,iforest_n200_ms_0p5,engine_balanced,0.99,78,0,187,188,2,44.0,43.0,middle,middle,44,43,0.9976851851851852,0.9953703703703705
iforest,iforest_n200_ms_0p5,engine_balanced,0.99,78,0,191,191,1,40.0,40.0,middle,middle,40,40,1.0,1.0
iforest,iforest_n200_ms_0p5,engine_balanced,0.99,78,0,195,231,37,36.0,0.0,middle,near_failure,36,0,1.0,1.0
iforest,iforest_n200_ms_0p5,engine_balanced,0.99,81,0,168,169,2,72.0,71.0,middle,middle,72,71,0.9930555555555556,0.9930555555555556
iforest,iforest_n200_ms_0p5,engine_balanced,0.99,81,0,175,177,3,65.0,63.0,middle,middle,65,63,1.0,0.9984567901234568
iforest,iforest_n200_ms_0p5,engine_balanced,0.99,81,0,179,179,1,61.0,61.0,middle,middle,61,61,0.9930555555555556,0.9930555555555556
iforest,iforest_n200_ms_0p5,engine_balanced,0.99,81,0,181,182,2,59.0,58.0,middle,middle,59,58,1.0,0.9988425925925926
iforest,iforest_n200_ms_0p5,engine_balanced,0.99,81,0,184,187,4,56.0,53.0,middle,middle,56,53,1.0,0.9994212962962963
iforest,iforest_n200_ms_0p5,engine_balanced,0.99,81,0,189,240,52,51.0,0.0,middle,near_failure,51,0,1.0,0.9999554843304843
iforest,iforest_n200_ms_0p5,engine_balanced,0.99,89,0,4,4,1,213.0,213.0,healthy,healthy,213,213,0.9930555555555556,0.9930555555555556
iforest,iforest_n200_ms_0p5,engine_balanced,0.99,89,0,17,17,1,200.0,200.0,healthy,healthy,200,200,0.9930555555555556,0.9930555555555556
iforest,iforest_n200_ms_0p5,engine_balanced,0.99,89,0,175,176,2,42.0,41.0,middle,middle,42,41,0.9907407407407408,0.9907407407407408
iforest,iforest_n200_ms_0p5,engine_balanced,0.99,89,0,178,178,1,39.0,39.0,middle,middle,39,39,1.0,1.0
iforest,iforest_n200_ms_0p5,engine_balanced,0.99,89,0,181,217,37,36.0,0.0,middle,near_failure,36,0,1.0,0.9997497497497497
iforest,iforest_n200_ms_0p5,engine_balanced,0.99,91,0,42,42,1,93.0,93.0,middle,middle,93,93,1.0,1.0
iforest,iforest_n200_ms_0p5,engine_balanced,0.99,91,0,52,52,1,83.0,83.0,middle,middle,83,83,0.9907407407407408,0.9907407407407408
iforest,iforest_n200_ms_0p5,engine_balanced,0.99,91,0,56,56,1,79.0,79.0,middle,middle,79,79,0.9976851851851852,0.9976851851851852
iforest,iforest_n200_ms_0p5,engine_balanced,0.99,91,0,59,59,1,76.0,76.0,middle,middle,76,76,0.9907407407407408,0.9907407407407408
iforest,iforest_n200_ms_0p5,engine_balanced,0.99,91,0,70,70,1,65.0,65.0,middle,middle,65,65,0.9930555555555556,0.9930555555555556
iforest,iforest_n200_ms_0p5,engine_balanced,0.99,91,0,73,73,1,62.0,62.0,middle,middle,62,62,0.9953703703703703,0.9953703703703703
iforest,iforest_n200_ms_0p5,engine_balanced,0.99,91,0,75,80,6,60.0,55.0,middle,middle,60,55,1.0,0.9996141975308642
iforest,iforest_n200_ms_0p5,engine_balanced,0.99,91,0,82,89,8,53.0,46.0,middle,middle,53,46,1.0,0.9988425925925926
iforest,iforest_n200_ms_0p5,engine_balanced,0.99,91,0,91,135,45,44.0,0.0,middle,near_failure,44,0,1.0,1.0
lof,lof_k50,pooled,0.9,1,0,4,4,1,188.0,188.0,healthy,healthy,188,188,0.9115384615384616,0.9115384615384616
lof,lof_k50,pooled,0.9,1,0,10,10,1,182.0,182.0,healthy,healthy,182,182,0.967032967032967,0.967032967032967
lof,lof_k50,pooled,0.9,1,0,14,14,1,178.0,178.0,healthy,healthy,178,178,0.9175824175824177,0.9175824175824177
lof,lof_k50,pooled,0.9,1,0,20,20,1,172.0,172.0,healthy,healthy,172,172,0.906043956043956,0.906043956043956
lof,lof_k50,pooled,0.9,1,0,28,28,1,164.0,164.0,healthy,healthy,164,164,0.9873626373626374,0.9873626373626374
lof,lof_k50,pooled,0.9,1,0,43,43,1,149.0,149.0,healthy,healthy,149,149,0.937912087912088,0.937912087912088
lof,lof_k50,pooled,0.9,1,0,52,52,1,140.0,140.0,healthy,healthy,140,140,0.9807692307692308,0.9807692307692308
lof,lof_k50,pooled,0.9,1,0,56,56,1,136.0,136.0,healthy,healthy,136,136,0.9043956043956044,0.9043956043956044
lof,lof_k50,pooled,0.9,1,0,59,59,1,133.0,133.0,healthy,healthy,133,133,0.939010989010989,0.939010989010989
lof,lof_k50,pooled,0.9,1,0,74,75,2,118.0,117.0,middle,middle,118,117,0.9368131868131868,0.9184065934065935
lof,lof_k50,pooled,0.9,1,0,78,78,1,114.0,114.0,middle,middle,114,114,0.9516483516483516,0.9516483516483516
lof,lof_k50,pooled,0.9,1,0,80,80,1,112.0,112.0,middle,middle,112,112,0.9313186813186812,0.9313186813186812
lof,lof_k50,pooled,0.9,1,0,90,90,1,102.0,102.0,middle,middle,102,102,0.9137362637362636,0.9137362637362636
lof,lof_k50,pooled,0.9,1,0,95,95,1,97.0,97.0,middle,middle,97,97,0.9741758241758242,0.9741758241758242
lof,lof_k50,pooled,0.9,1,0,98,98,1,94.0,94.0,middle,middle,94,94,0.939010989010989,0.939010989010989
lof,lof_k50,pooled,0.9,1,0,107,108,2,85.0,84.0,middle,middle,85,84,0.9818681318681318,0.9675824175824176
lof,lof_k50,pooled,0.9,1,0,117,117,1,75.0,75.0,middle,middle,75,75,0.9214285714285714,0.9214285714285714
lof,lof_k50,pooled,0.9,1,0,121,121,1,71.0,71.0,middle,middle,71,71,0.960989010989011,0.960989010989011
lof,lof_k50,pooled,0.9,1,0,132,132,1,60.0,60.0,middle,middle,60,60,0.95,0.95
lof,lof_k50,pooled,0.9,1,0,152,152,1,40.0,40.0,middle,middle,40,40,0.9972527472527472,0.9972527472527472
lof,lof_k50,pooled,0.9,1,0,156,157,2,36.0,35.0,middle,middle,36,35,0.9961538461538462,0.9744505494505495
lof,lof_k50,pooled,0.9,1,0,159,160,2,33.0,32.0,middle,middle,33,32,1.0,0.9870879120879121
lof,lof_k50,pooled,0.9,1,0,162,192,31,30.0,0.0,near_failure,near_failure,30,0,1.0,0.9996986884083658
lof,lof_k50,pooled,0.9,5,0,16,16,1,253.0,253.0,healthy,healthy,253,253,0.9285714285714286,0.9285714285714286
lof,lof_k50,pooled,0.9,5,0,29,29,1,240.0,240.0,healthy,healthy,240,240,0.9395604395604396,0.9395604395604396
lof,lof_k50,pooled,0.9,5,0,48,48,1,221.0,221.0,healthy,healthy,221,221,0.9576923076923076,0.9576923076923076
lof,lof_k50,pooled,0.9,5,0,60,60,1,209.0,209.0,healthy,healthy,209,209,0.9208791208791208,0.9208791208791208
lof,lof_k50,pooled,0.9,5,0,65,65,1,204.0,204.0,healthy,healthy,204,204,0.9708791208791208,0.9708791208791208
lof,lof_k50,pooled,0.9,5,0,67,67,1,202.0,202.0,healthy,healthy,202,202,0.9516483516483516,0.9516483516483516
lof,lof_k50,pooled,0.9,5,0,74,75,2,195.0,194.0,healthy,healthy,195,194,0.9884615384615384,0.9865384615384616
lof,lof_k50,pooled,0.9,5,0,78,78,1,191.0,191.0,healthy,healthy,191,191,0.9142857142857144,0.9142857142857144
lof,lof_k50,pooled,0.9,5,0,85,85,1,184.0,184.0,healthy,healthy,184,184,0.9747252747252748,0.9747252747252748
lof,lof_k50,pooled,0.9,5,0,101,101,1,168.0,168.0,healthy,healthy,168,168,0.95,0.95
lof,lof_k50,pooled,0.9,5,0,103,103,1,166.0,166.0,healthy,healthy,166,166,0.9368131868131868,0.9368131868131868
lof,lof_k50,pooled,0.9,5,0,107,107,1,162.0,162.0,healthy,healthy,162,162,0.9027472527472528,0.9027472527472528
lof,lof_k50,pooled,0.9,5,0,115,115,1,154.0,154.0,healthy,healthy,154,154,0.9104395604395604,0.9104395604395604
lof,lof_k50,pooled,0.9,5,0,123,124,2,146.0,145.0,healthy,healthy,146,145,0.989010989010989,0.9629120879120879
lof,lof_k50,pooled,0.9,5,0,131,131,1,138.0,138.0,healthy,healthy,138,138,0.9027472527472528,0.9027472527472528
lof,lof_k50,pooled,0.9,5,0,133,133,1,136.0,136.0,healthy,healthy,136,136,0.918131868131868,0.918131868131868
lof,lof_k50,pooled,0.9,5,0,137,137,1,132.0,132.0,healthy,healthy,132,132,0.9835164835164836,0.9835164835164836
lof,lof_k50,pooled,0.9,5,0,140,141,2,129.0,128.0,healthy,healthy,129,128,0.987912087912088,0.9571428571428572
lof,lof_k50,pooled,0.9,5,0,144,144,1,125.0,125.0,middle,middle,125,125,0.9483516483516484,0.9483516483516484
lof,lof_k50,pooled,0.9,5,0,147,147,1,122.0,122.0,middle,middle,122,122,0.9532967032967034,0.9532967032967034
lof,lof_k50,pooled,0.9,5,0,150,150,1,119.0,119.0,middle,middle,119,119,0.910989010989011,0.910989010989011
lof,lof_k50,pooled,0.9,5,0,152,152,1,117.0,117.0,middle,middle,117,117,0.9983516483516484,0.9983516483516484
lof,lof_k50,pooled,0.9,5,0,155,156,2,114.0,113.0,middle,middle,114,113,0.9802197802197802,0.9543956043956043
lof,lof_k50,pooled,0.9,5,0,158,158,1,111.0,111.0,middle,middle,111,111,0.9972527472527472,0.9972527472527472
lof,lof_k50,pooled,0.9,5,0,160,161,2,109.0,108.0,middle,middle,109,108,0.9983516483516484,0.9582417582417582
lof,lof_k50,pooled,0.9,5,0,163,166,4,106.0,103.0,middle,middle,106,103,0.9956043956043956,0.9545329670329671
lof,lof_k50,pooled,0.9,5,0,168,173,6,101.0,96.0,middle,middle,101,96,1.0,0.9915750915750916
lof,lof_k50,pooled,0.9,5,0,175,269,95,94.0,0.0,middle,near_failure,94,0,1.0,0.9985772122614228
lof,lof_k50,pooled,0.9,10,0,15,15,1,207.0,207.0,healthy,healthy,207,207,0.95989010989011,0.95989010989011
lof,lof_k50,pooled,0.9,10,0,25,25,1,197.0,197.0,healthy,healthy,197,197,0.9,0.9
lof,lof_k50,pooled,0.9,10,0,28,29,2,194.0,193.0,healthy,healthy,194,193,0.9747252747252748,0.964835164835165
lof,lof_k50,pooled,0.9,10,0,39,39,1,183.0,183.0,healthy,healthy,183,183,0.967032967032967,0.967032967032967
lof,lof_k50,pooled,0.9,10,0,57,57,1,165.0,165.0,healthy,healthy,165,165,0.9708791208791208,0.9708791208791208
lof,lof_k50,pooled,0.9,10,0,84,84,1,138.0,138.0,healthy,healthy,138,138,0.9532967032967034,0.9532967032967034
lof,lof_k50,pooled,0.9,10,0,89,89,1,133.0,133.0,healthy,healthy,133,133,0.9115384615384616,0.9115384615384616
lof,lof_k50,pooled,0.9,10,0,103,103,1,119.0,119.0,middle,middle,119,119,0.9923076923076924,0.9923076923076924
lof,lof_k50,pooled,0.9,10,0,110,110,1,112.0,112.0,middle,middle,112,112,0.915934065934066,0.915934065934066
lof,lof_k50,pooled,0.9,10,0,153,153,1,69.0,69.0,middle,middle,69,69,0.9230769230769232,0.9230769230769232
lof,lof_k50,pooled,0.9,10,0,155,155,1,67.0,67.0,middle,middle,67,67,0.9945054945054944,0.9945054945054944
lof,lof_k50,pooled,0.9,10,0,157,158,2,65.0,64.0,middle,middle,65,64,0.9978021978021978,0.9923076923076923
lof,lof_k50,pooled,0.9,10,0,164,178,15,58.0,44.0,middle,middle,58,44,1.0,0.9758241758241759
lof,lof_k50,pooled,0.9,10,0,180,222,43,42.0,0.0,middle,near_failure,42,0,1.0,0.9996677740863787
lof,lof_k50,pooled,0.9,11,0,3,3,1,237.0,237.0,healthy,healthy,237,237,0.906043956043956,0.906043956043956
lof,lof_k50,pooled,0.9,11,0,25,25,1,215.0,215.0,healthy,healthy,215,215,0.9994505494505496,0.9994505494505496
lof,lof_k50,pooled,0.9,11,0,28,28,1,212.0,212.0,healthy,healthy,212,212,0.9214285714285714,0.9214285714285714
lof,lof_k50,pooled,0.9,11,0,30,31,2,210.0,209.0,healthy,healthy,210,209,0.9203296703296704,0.9131868131868133
lof,lof_k50,pooled,0.9,11,0,50,50,1,190.0,190.0,healthy,healthy,190,190,0.9956043956043956,0.9956043956043956
lof,lof_k50,pooled,0.9,11,0,118,118,1,122.0,122.0,middle,middle,122,122,0.9741758241758242,0.9741758241758242
lof,lof_k50,pooled,0.9,11,0,125,125,1,115.0,115.0,middle,middle,115,115,0.9489010989010987,0.9489010989010987
lof,lof_k50,pooled,0.9,11,0,134,134,1,106.0,106.0,middle,middle,106,106,0.9747252747252748,0.9747252747252748
lof,lof_k50,pooled,0.9,11,0,136,136,1,104.0,104.0,middle,middle,104,104,0.987912087912088,0.987912087912088
lof,lof_k50,pooled,0.9,11,0,139,139,1,101.0,101.0,middle,middle,101,101,0.960989010989011,0.960989010989011
lof,lof_k50,pooled,0.9,11,0,143,143,1,97.0,97.0,middle,middle,97,97,0.9505494505494504,0.9505494505494504
lof,lof_k50,pooled,0.9,11,0,157,157,1,83.0,83.0,middle,middle,83,83,0.9851648351648352,0.9851648351648352
lof,lof_k50,pooled,0.9,11,0,159,159,1,81.0,81.0,middle,middle,81,81,0.9648351648351648,0.9648351648351648
lof,lof_k50,pooled,0.9,11,0,166,166,1,74.0,74.0,middle,middle,74,74,0.9285714285714286,0.9285714285714286
lof,lof_k50,pooled,0.9,11,0,168,240,73,72.0,0.0,middle,near_failure,72,0,1.0,0.9955517085654073
lof,lof_k50,pooled,0.9,13,0,5,5,1,158.0,158.0,healthy,healthy,158,158,0.99010989010989,0.99010989010989
lof,lof_k50,pooled,0.9,13,0,15,15,1,148.0,148.0,healthy,healthy,148,148,0.9263736263736264,0.9263736263736264
lof,lof_k50,pooled,0.9,13,0,40,40,1,123.0,123.0,middle,middle,123,123,0.9115384615384616,0.9115384615384616
lof,lof_k50,pooled,0.9,13,0,49,49,1,114.0,114.0,middle,middle,114,114,0.9076923076923076,0.9076923076923076
lof,lof_k50,pooled,0.9,13,0,67,67,1,96.0,96.0,middle,middle,96,96,0.9697802197802198,0.9697802197802198
lof,lof_k50,pooled,0.9,13,0,82,82,1,81.0,81.0,middle,middle,81,81,0.904945054945055,0.904945054945055
lof,lof_k50,pooled,0.9,13,0,92,92,1,71.0,71.0,middle,middle,71,71,0.9945054945054944,0.9945054945054944
lof,lof_k50,pooled,0.9,13,0,95,95,1,68.0,68.0,middle,middle,68,68,0.9851648351648352,0.9851648351648352
lof,lof_k50,pooled,0.9,13,0,98,101,4,65.0,62.0,middle,middle,65,62,0.934065934065934,0.9184065934065935
lof,lof_k50,pooled,0.9,13,0,103,107,5,60.0,56.0,middle,middle,60,56,0.9961538461538462,0.9686813186813186
lof,lof_k50,pooled,0.9,13,0,109,163,55,54.0,0.0,middle,near_failure,54,0,1.0,0.9988011988011988
lof,lof_k50,pooled,0.9,16,0,7,7,1,202.0,202.0,healthy,healthy,202,202,0.9961538461538462,0.9961538461538462
lof,lof_k50,pooled,0.9,16,0,17,17,1,192.0,192.0,healthy,healthy,192,192,0.9829670329670328,0.9829670329670328
lof,lof_k50,pooled,0.9,16,0,28,28,1,181.0,181.0,healthy,healthy,181,181,0.9835164835164836,0.9835164835164836
lof,lof_k50,pooled,0.9,16,0,43,43,1,166.0,166.0,healthy,healthy,166,166,0.915934065934066,0.915934065934066
lof,lof_k50,pooled,0.9,16,0,46,46,1,163.0,163.0,healthy,healthy,163,163,0.934065934065934,0.934065934065934
lof,lof_k50,pooled,0.9,16,0,49,49,1,160.0,160.0,healthy,healthy,160,160,0.9043956043956044,0.9043956043956044
lof,lof_k50,pooled,0.9,16,0,59,59,1,150.0,150.0,healthy,healthy,150,150,0.9247252747252748,0.9247252747252748
lof,lof_k50,pooled,0.9,16,0,62,62,1,147.0,147.0,healthy,healthy,147,147,0.904945054945055,0.904945054945055
lof,lof_k50,pooled,0.9,16,0,70,70,1,139.0,139.0,healthy,healthy,139,139,0.9576923076923076,0.9576923076923076
lof,lof_k50,pooled,0.9,16,0,72,73,2,137.0,136.0,healthy,healthy,137,136,0.99010989010989,0.9478021978021978
lof,lof_k50,pooled,0.9,16,0,76,76,1,133.0,133.0,healthy,healthy,133,133,0.939010989010989,0.939010989010989
lof,lof_k50,pooled,0.9,16,0,78,78,1,131.0,131.0,healthy,healthy,131,131,0.987912087912088,0.987912087912088
lof,lof_k50,pooled,0.9,16,0,83,83,1,126.0,126.0,healthy,healthy,126,126,0.9923076923076924,0.9923076923076924
lof,lof_k50,pooled,0.9,16,0,88,89,2,121.0,120.0,middle,middle,121,120,0.987912087912088,0.9469780219780219
lof,lof_k50,pooled,0.9,16,0,91,91,1,118.0,118.0,middle,middle,118,118,0.9686813186813188,0.9686813186813188
lof,lof_k50,pooled,0.9,16,0,94,94,1,115.0,115.0,middle,middle,115,115,0.9313186813186812,0.9313186813186812
lof,lof_k50,pooled,0.9,16,0,97,97,1,112.0,112.0,middle,middle,112,112,0.9807692307692308,0.9807692307692308
lof,lof_k50,pooled,0.9,16,0,100,101,2,109.0,108.0,middle,middle,109,108,0.939010989010989,0.9384615384615385
lof,lof_k50,pooled,0.9,16,0,103,105,3,106.0,104.0,middle,middle,106,104,0.9994505494505496,0.9657509157509158
lof,lof_k50,pooled,0.9,16,0,107,108,2,102.0,101.0,middle,middle,102,101,0.9692307692307692,0.9502747252747252
lof,lof_k50,pooled,0.9,16,0,110,112,3,99.0,97.0,middle,middle,99,97,0.9807692307692308,0.9597069597069597
lof,lof_k50,pooled,0.9,16,0,116,117,2,93.0,92.0,middle,middle,93,92,0.9994505494505496,0.9975274725274725
lof,lof_k50,pooled,0.9,16,0,120,126,7,89.0,83.0,middle,middle,89,83,0.9994505494505496,0.9787284144427002
lof,lof_k50,pooled,0.9,16,0,128,209,82,81.0,0.0,middle,near_failure,81,0,1.0,0.9942776735459662
lof,lof_k50,pooled,0.9,27,0,11,11,1,145.0,145.0,healthy,healthy,145,145,0.9285714285714286,0.9285714285714286
lof,lof_k50,pooled,0.9,27,0,24,24,1,132.0,132.0,healthy,healthy,132,132,0.9675824175824176,0.9675824175824176
lof,lof_k50,pooled,0.9,27,0,36,36,1,120.0,120.0,middle,middle,120,120,0.9071428571428573,0.9071428571428573
lof,lof_k50,pooled,0.9,27,0,52,52,1,104.0,104.0,middle,middle,104,104,0.9923076923076924,0.9923076923076924
lof,lof_k50,pooled,0.9,27,0,59,59,1,97.0,97.0,middle,middle,97,97,0.9164835164835164,0.9164835164835164
lof,lof_k50,pooled,0.9,27,0,69,69,1,87.0,87.0,middle,middle,87,87,0.926923076923077,0.926923076923077
lof,lof_k50,pooled,0.9,27,0,77,77,1,79.0,79.0,middle,middle,79,79,0.926923076923077,0.926923076923077
lof,lof_k50,pooled,0.9,27,0,80,80,1,76.0,76.0,middle,middle,76,76,0.9868131868131867,0.9868131868131867
lof,lof_k50,pooled,0.9,27,0,82,85,4,74.0,71.0,middle,middle,74,71,0.9873626373626374,0.9570054945054944
lof,lof_k50,pooled,0.9,27,0,87,89,3,69.0,67.0,middle,middle,69,67,0.9697802197802198,0.9476190476190475
lof,lof_k50,pooled,0.9,27,0,91,100,10,65.0,56.0,middle,middle,65,56,0.9994505494505496,0.9796703296703297
lof,lof_k50,pooled,0.9,27,0,102,156,55,54.0,0.0,middle,near_failure,54,0,1.0,0.9978121878121878
lof,lof_k50,pooled,0.9,31,0,4,4,1,230.0,230.0,healthy,healthy,230,230,0.9274725274725276,0.9274725274725276
lof,lof_k50,pooled,0.9,31,0,10,10,1,224.0,224.0,healthy,healthy,224,224,0.9807692307692308,0.9807692307692308
lof,lof_k50,pooled,0.9,31,0,18,18,1,216.0,216.0,healthy,healthy,216,216,0.9758241758241758,0.9758241758241758
lof,lof_k50,pooled,0.9,31,0,26,26,1,208.0,208.0,healthy,healthy,208,208,0.9082417582417582,0.9082417582417582
lof,lof_k50,pooled,0.9,31,0,48,48,1,186.0,186.0,healthy,healthy,186,186,0.9846153846153848,0.9846153846153848
lof,lof_k50,pooled,0.9,31,0,75,75,1,159.0,159.0,healthy,healthy,159,159,0.9961538461538462,0.9961538461538462
lof,lof_k50,pooled,0.9,31,0,92,92,1,142.0,142.0,healthy,healthy,142,142,0.9796703296703296,0.9796703296703296
lof,lof_k50,pooled,0.9,31,0,116,116,1,118.0,118.0,middle,middle,118,118,0.9225274725274726,0.9225274725274726
lof,lof_k50,pooled,0.9,31,0,121,122,2,113.0,112.0,middle,middle,113,112,0.9362637362637364,0.9293956043956044
lof,lof_k50,pooled,0.9,31,0,126,126,1,108.0,108.0,middle,middle,108,108,0.9807692307692308,0.9807692307692308
lof,lof_k50,pooled,0.9,31,0,135,135,1,99.0,99.0,middle,middle,99,99,0.9983516483516484,0.9983516483516484
lof,lof_k50,pooled,0.9,31,0,137,137,1,97.0,97.0,middle,middle,97,97,0.917032967032967,0.917032967032967
lof,lof_k50,pooled,0.9,31,0,149,149,1,85.0,85.0,middle,middle,85,85,0.9368131868131868,0.9368131868131868
lof,lof_k50,pooled,0.9,31,0,151,151,1,83.0,83.0,middle,middle,83,83,0.9675824175824176,0.9675824175824176
lof,lof_k50,pooled,0.9,31,0,167,167,1,67.0,67.0,middle,middle,67,67,0.9961538461538462,0.9961538461538462
lof,lof_k50,pooled,0.9,31,0,176,176,1,58.0,58.0,middle,middle,58,58,0.9774725274725274,0.9774725274725274
lof,lof_k50,pooled,0.9,31,0,185,185,1,49.0,49.0,middle,middle,49,49,0.910989010989011,0.910989010989011
lof,lof_k50,pooled,0.9,31,0,188,188,1,46.0,46.0,middle,middle,46,46,0.9576923076923076,0.9576923076923076
lof,lof_k50,pooled,0.9,31,0,196,234,39,38.0,0.0,middle,near_failure,38,0,1.0,0.9941391941391942
lof,lof_k50,pooled,0.9,34,0,2,2,1,193.0,193.0,healthy,healthy,193,193,0.9428571428571428,0.9428571428571428
lof,lof_k50,pooled,0.9,34,0,5,5,1,190.0,190.0,healthy,healthy,190,190,0.928021978021978,0.928021978021978
lof,lof_k50,pooled,0.9,34,0,12,12,1,183.0,183.0,healthy,healthy,183,183,0.967032967032967,0.967032967032967
lof,lof_k50,pooled,0.9,34,0,25,26,2,170.0,169.0,healthy,healthy,170,169,0.9862637362637364,0.9587912087912088
lof,lof_k50,pooled,0.9,34,0,29,29,1,166.0,166.0,healthy,healthy,166,166,0.906043956043956,0.906043956043956
lof,lof_k50,pooled,0.9,34,0,36,36,1,159.0,159.0,healthy,healthy,159,159,0.962087912087912,0.962087912087912
lof,lof_k50,pooled,0.9,34,0,45,45,1,150.0,150.0,healthy,healthy,150,150,0.95,0.95
lof,lof_k50,pooled,0.9,34,0,49,49,1,146.0,146.0,healthy,healthy,146,146,0.934065934065934,0.934065934065934
lof,lof_k50,pooled,0.9,34,0,83,83,1,112.0,112.0,middle,middle,112,112,0.954945054945055,0.954945054945055
lof,lof_k50,pooled,0.9,34,0,93,93,1,102.0,102.0,middle,middle,102,102,0.9989010989010988,0.9989010989010988
lof,lof_k50,pooled,0.9,34,0,100,102,3,95.0,93.0,middle,middle,95,93,0.9741758241758242,0.9520146520146519
lof,lof_k50,pooled,0.9,34,0,106,106,1,89.0,89.0,middle,middle,89,89,0.9763736263736263,0.9763736263736263
lof,lof_k50,pooled,0.9,34,0,108,108,1,87.0,87.0,middle,middle,87,87,0.934065934065934,0.934065934065934
lof,lof_k50,pooled,0.9,34,0,111,111,1,84.0,84.0,middle,middle,84,84,0.9653846153846154,0.9653846153846154
lof,lof_k50,pooled,0.9,34,0,113,114,2,82.0,81.0,middle,middle,82,81,0.9527472527472528,0.9458791208791208
lof,lof_k50,pooled,0.9,34,0,116,116,1,79.0,79.0,middle,middle,79,79,0.934065934065934,0.934065934065934
lof,lof_k50,pooled,0.9,34,0,120,195,76,75.0,0.0,middle,near_failure,75,0,1.0,0.9970792365529209
lof,lof_k50,pooled,0.9,40,0,19,19,1,169.0,169.0,healthy,healthy,169,169,0.9252747252747252,0.9252747252747252
lof,lof_k50,pooled,0.9,40,0,22,23,2,166.0,165.0,healthy,healthy,166,165,0.926923076923077,0.9164835164835166
lof,lof_k50,pooled,0.9,40,0,26,26,1,162.0,162.0,healthy,healthy,162,162,0.9736263736263736,0.9736263736263736
lof,lof_k50,pooled,0.9,40,0,36,36,1,152.0,152.0,healthy,healthy,152,152,0.9285714285714286,0.9285714285714286
lof,lof_k50,pooled,0.9,40,0,39,40,2,149.0,148.0,healthy,healthy,149,148,0.9807692307692308,0.9414835164835165
lof,lof_k50,pooled,0.9,40,0,55,55,1,133.0,133.0,healthy,healthy,133,133,0.9285714285714286,0.9285714285714286
lof,lof_k50,pooled,0.9,40,0,62,62,1,126.0,126.0,healthy,healthy,126,126,0.934065934065934,0.934065934065934
lof,lof_k50,pooled,0.9,40,0,68,71,4,120.0,117.0,middle,middle,120,117,0.9835164835164836,0.9416208791208791
lof,lof_k50,pooled,0.9,40,0,76,77,2,112.0,111.0,middle,middle,112,111,0.9472527472527472,0.9406593406593406
lof,lof_k50,pooled,0.9,40,0,81,81,1,107.0,107.0,middle,middle,107,107,0.9802197802197802,0.9802197802197802
lof,lof_k50,pooled,0.9,40,0,86,88,3,102.0,100.0,middle,middle,102,100,0.9989010989010988,0.9756410256410256
lof,lof_k50,pooled,0.9,40,0,91,91,1,97.0,97.0,middle,middle,97,97,0.9631868131868132,0.9631868131868132
lof,lof_k50,pooled,0.9,40,0,95,95,1,93.0,93.0,middle,middle,93,93,0.9961538461538462,0.9961538461538462
lof,lof_k50,pooled,0.9,40,0,98,98,1,90.0,90.0,middle,middle,90,90,0.9934065934065934,0.9934065934065934
lof,lof_k50,pooled,0.9,40,0,100,103,4,88.0,85.0,middle,middle,88,85,0.9873626373626374,0.970467032967033
lof,lof_k50,pooled,0.9,40,0,106,111,6,82.0,77.0,middle,middle,82,77,0.9989010989010988,0.9727106227106228
lof,lof_k50,pooled,0.9,40,0,114,188,75,74.0,0.0,middle,near_failure,74,0,1.0,0.997003663003663
lof,lof_k50,pooled,0.9,41,0,4,4,1,212.0,212.0,healthy,healthy,212,212,0.9302197802197802,0.9302197802197802
lof,lof_k50,pooled,0.9,41,0,6,6,1,210.0,210.0,healthy,healthy,210,210,0.9675824175824176,0.9675824175824176
lof,lof_k50,pooled,0.9,41,0,15,15,1,201.0,201.0,healthy,healthy,201,201,0.9142857142857144,0.9142857142857144
lof,lof_k50,pooled,0.9,41,0,25,25,1,191.0,191.0,healthy,healthy,191,191,0.9675824175824176,0.9675824175824176
lof,lof_k50,pooled,0.9,41,0,61,61,1,155.0,155.0,healthy,healthy,155,155,0.9126373626373626,0.9126373626373626
lof,lof_k50,pooled,0.9,41,0,68,68,1,148.0,148.0,healthy,healthy,148,148,0.9846153846153848,0.9846153846153848
lof,lof_k50,pooled,0.9,41,0,75,75,1,141.0,141.0,healthy,healthy,141,141,0.989010989010989,0.989010989010989
lof,lof_k50,pooled,0.9,41,0,80,80,1,136.0,136.0,healthy,healthy,136,136,0.9230769230769232,0.9230769230769232
lof,lof_k50,pooled,0.9,41,0,84,84,1,132.0,132.0,healthy,healthy,132,132,0.99010989010989,0.99010989010989
lof,lof_k50,pooled,0.9,41,0,90,90,1,126.0,126.0,healthy,healthy,126,126,0.9357142857142856,0.9357142857142856
lof,lof_k50,pooled,0.9,41,0,93,93,1,123.0,123.0,middle,middle,123,123,0.9115384615384616,0.9115384615384616
lof,lof_k50,pooled,0.9,41,0,100,101,2,116.0,115.0,middle,middle,116,115,0.960989010989011,0.9420329670329671
lof,lof_k50,pooled,0.9,41,0,103,103,1,113.0,113.0,middle,middle,113,113,0.9835164835164836,0.9835164835164836
lof,lof_k50,pooled,0.9,41,0,106,106,1,110.0,110.0,middle,middle,110,110,0.9829670329670328,0.9829670329670328
lof,lof_k50,pooled,0.9,41,0,118,118,1,98.0,98.0,middle,middle,98,98,0.918131868131868,0.918131868131868
lof,lof_k50,pooled,0.9,41,0,120,121,2,96.0,95.0,middle,middle,96,95,0.9961538461538462,0.9898351648351649
lof,lof_k50,pooled,0.9,41,0,123,123,1,93.0,93.0,middle,middle,93,93,0.94010989010989,0.94010989010989
lof,lof_k50,pooled,0.9,41,0,125,126,2,91.0,90.0,middle,middle,91,90,0.9571428571428572,0.9376373626373626
lof,lof_k50,pooled,0.9,41,0,128,133,6,88.0,83.0,middle,middle,88,83,1.0,0.9665750915750917
lof,lof_k50,pooled,0.9,41,0,135,136,2,81.0,80.0,middle,middle,81,80,0.9368131868131868,0.932967032967033
lof,lof_k50,pooled,0.9,41,0,139,142,4,77.0,74.0,middle,middle,77,74,0.9994505494505496,0.9899725274725275
lof,lof_k50,pooled,0.9,41,0,144,216,73,72.0,0.0,middle,near_failure,72,0,1.0,0.9994881830498269
lof,lof_k50,pooled,0.9,45,0,7,7,1,151.0,151.0,healthy,healthy,151,151,0.9274725274725276,0.9274725274725276
lof,lof_k50,pooled,0.9,45,0,9,9,1,149.0,149.0,healthy,healthy,149,149,0.9093406593406592,0.9093406593406592
lof,lof_k50,pooled,0.9,45,0,23,23,1,135.0,135.0,healthy,healthy,135,135,0.9527472527472528,0.9527472527472528
lof,lof_k50,pooled,0.9,45,0,31,32,2,127.0,126.0,healthy,healthy,127,126,0.9736263736263736,0.9692307692307692
lof,lof_k50,pooled,0.9,45,0,34,34,1,124.0,124.0,middle,middle,124,124,0.934065934065934,0.934065934065934
lof,lof_k50,pooled,0.9,45,0,37,37,1,121.0,121.0,middle,middle,121,121,0.9313186813186812,0.9313186813186812
lof,lof_k50,pooled,0.9,45,0,45,45,1,113.0,113.0,middle,middle,113,113,0.9774725274725274,0.9774725274725274
lof,lof_k50,pooled,0.9,45,0,47,47,1,111.0,111.0,middle,middle,111,111,0.99010989010989,0.99010989010989
lof,lof_k50,pooled,0.9,45,0,52,53,2,106.0,105.0,middle,middle,106,105,0.9774725274725274,0.9538461538461538
lof,lof_k50,pooled,0.9,45,0,65,65,1,93.0,93.0,middle,middle,93,93,0.99010989010989,0.99010989010989
lof,lof_k50,pooled,0.9,45,0,67,68,2,91.0,90.0,middle,middle,91,90,0.9285714285714286,0.9244505494505495
lof,lof_k50,pooled,0.9,45,0,70,70,1,88.0,88.0,middle,middle,88,88,0.978021978021978,0.978021978021978
lof,lof_k50,pooled,0.9,45,0,73,73,1,85.0,85.0,middle,middle,85,85,0.9324175824175824,0.9324175824175824
lof,lof_k50,pooled,0.9,45,0,77,78,2,81.0,80.0,middle,middle,81,80,0.9818681318681318,0.9719780219780219
lof,lof_k50,pooled,0.9,45,0,83,83,1,75.0,75.0,middle,middle,75,75,0.9774725274725274,0.9774725274725274
lof,lof_k50,pooled,0.9,45,0,87,88,2,71.0,70.0,middle,middle,71,70,0.9835164835164836,0.9692307692307693
lof,lof_k50,pooled,0.9,45,0,91,91,1,67.0,67.0,middle,middle,67,67,0.989010989010989,0.989010989010989
lof,lof_k50,pooled,0.9,45,0,97,101,5,61.0,57.0,middle,middle,61,57,0.9994505494505496,0.976923076923077
lof,lof_k50,pooled,0.9,45,0,103,158,56,55.0,0.0,middle,near_failure,55,0,1.0,0.993563579277865
lof,lof_k50,pooled,0.9,46,0,2,2,1,254.0,254.0,healthy,healthy,254,254,0.9302197802197802,0.9302197802197802
lof,lof_k50,pooled,0.9,46,0,18,18,1,238.0,238.0,healthy,healthy,238,238,0.9005494505494506,0.9005494505494506
lof,lof_k50,pooled,0.9,46,0,28,28,1,228.0,228.0,healthy,healthy,228,228,0.910989010989011,0.910989010989011
lof,lof_k50,pooled,0.9,46,0,57,57,1,199.0,199.0,healthy,healthy,199,199,0.9175824175824177,0.9175824175824177
lof,lof_k50,pooled,0.9,46,0,64,64,1,192.0,192.0,healthy,healthy,192,192,0.9923076923076924,0.9923076923076924
lof,lof_k50,pooled,0.9,46,0,74,74,1,182.0,182.0,healthy,healthy,182,182,0.9835164835164836,0.9835164835164836
lof,lof_k50,pooled,0.9,46,0,109,109,1,147.0,147.0,healthy,healthy,147,147,0.9368131868131868,0.9368131868131868
lof,lof_k50,pooled,0.9,46,0,111,111,1,145.0,145.0,healthy,healthy,145,145,0.9835164835164836,0.9835164835164836
lof,lof_k50,pooled,0.9,46,0,116,116,1,140.0,140.0,healthy,healthy,140,140,0.9005494505494506,0.9005494505494506
lof,lof_k50,pooled,0.9,46,0,118,118,1,138.0,138.0,healthy,healthy,138,138,0.9241758241758242,0.9241758241758242
lof,lof_k50,pooled,0.9,46,0,121,121,1,135.0,135.0,healthy,healthy,135,135,0.9923076923076924,0.9923076923076924
lof,lof_k50,pooled,0.9,46,0,125,125,1,131.0,131.0,healthy,healthy,131,131,0.9076923076923076,0.9076923076923076
lof,lof_k50,pooled,0.9,46,0,153,153,1,103.0,103.0,middle,middle,103,103,0.9071428571428573,0.9071428571428573
lof,lof_k50,pooled,0.9,46,0,158,158,1,98.0,98.0,middle,middle,98,98,0.9428571428571428,0.9428571428571428
lof,lof_k50,pooled,0.9,46,0,174,174,1,82.0,82.0,middle,middle,82,82,0.9796703296703296,0.9796703296703296
lof,lof_k50,pooled,0.9,46,0,190,190,1,66.0,66.0,middle,middle,66,66,0.956043956043956,0.956043956043956
lof,lof_k50,pooled,0.9,46,0,193,193,1,63.0,63.0,middle,middle,63,63,0.989010989010989,0.989010989010989
lof,lof_k50,pooled,0.9,46,0,197,197,1,59.0,59.0,middle,middle,59,59,0.9873626373626374,0.9873626373626374
lof,lof_k50,pooled,0.9,46,0,203,203,1,53.0,53.0,middle,middle,53,53,0.9873626373626374,0.9873626373626374
lof,lof_k50,pooled,0.9,46,0,209,211,3,47.0,45.0,middle,middle,47,45,0.9956043956043956,0.9716117216117216
lof,lof_k50,pooled,0.9,46,0,213,214,2,43.0,42.0,middle,middle,43,42,0.921978021978022,0.9140109890109891
lof,lof_k50,pooled,0.9,46,0,216,222,7,40.0,34.0,middle,middle,40,34,1.0,0.9913657770800628
lof,lof_k50,pooled,0.9,46,0,224,256,33,32.0,0.0,middle,near_failure,32,0,1.0,0.997985347985348
lof,lof_k50,pooled,0.9,54,0,5,5,1,252.0,252.0,healthy,healthy,252,252,0.9082417582417582,0.9082417582417582
lof,lof_k50,pooled,0.9,54,0,35,35,1,222.0,222.0,healthy,healthy,222,222,0.9626373626373628,0.9626373626373628
lof,lof_k50,pooled,0.9,54,0,39,39,1,218.0,218.0,healthy,healthy,218,218,0.903846153846154,0.903846153846154
lof,lof_k50,pooled,0.9,54,0,41,41,1,216.0,216.0,healthy,healthy,216,216,0.9857142857142858,0.9857142857142858
lof,lof_k50,pooled,0.9,54,0,89,89,1,168.0,168.0,healthy,healthy,168,168,0.9263736263736264,0.9263736263736264
lof,lof_k50,pooled,0.9,54,0,114,114,1,143.0,143.0,healthy,healthy,143,143,0.9532967032967034,0.9532967032967034
lof,lof_k50,pooled,0.9,54,0,116,116,1,141.0,141.0,healthy,healthy,141,141,0.9769230769230768,0.9769230769230768
lof,lof_k50,pooled,0.9,54,0,120,120,1,137.0,137.0,healthy,healthy,137,137,0.9021978021978022,0.9021978021978022
lof,lof_k50,pooled,0.9,54,0,127,127,1,130.0,130.0,healthy,healthy,130,130,0.9362637362637364,0.9362637362637364
lof,lof_k50,pooled,0.9,54,0,131,131,1,126.0,126.0,healthy,healthy,126,126,0.9126373626373626,0.9126373626373626
lof,lof_k50,pooled,0.9,54,0,145,146,2,112.0,111.0,middle,middle,112,111,0.9862637362637364,0.9615384615384617
lof,lof_k50,pooled,0.9,54,0,151,152,2,106.0,105.0,middle,middle,106,105,0.9862637362637364,0.9804945054945056
lof,lof_k50,pooled,0.9,54,0,157,158,2,100.0,99.0,middle,middle,100,99,0.9697802197802198,0.9456043956043956
lof,lof_k50,pooled,0.9,54,0,160,164,5,97.0,93.0,middle,middle,97,93,0.9956043956043956,0.9838461538461539
lof,lof_k50,pooled,0.9,54,0,166,166,1,91.0,91.0,middle,middle,91,91,0.954945054945055,0.954945054945055
lof,lof_k50,pooled,0.9,54,0,168,171,4,89.0,86.0,middle,middle,89,86,0.9994505494505496,0.9697802197802198
lof,lof_k50,pooled,0.9,54,0,173,257,85,84.0,0.0,middle,near_failure,84,0,1.0,0.9980155138978669
lof,lof_k50,pooled,0.9,74,0,7,7,1,159.0,159.0,healthy,healthy,159,159,0.9296703296703296,0.9296703296703296
lof,lof_k50,pooled,0.9,74,0,9,9,1,157.0,157.0,healthy,healthy,157,157,0.9285714285714286,0.9285714285714286
lof,lof_k50,pooled,0.9,74,0,26,26,1,140.0,140.0,healthy,healthy,140,140,0.9445054945054944,0.9445054945054944
lof,lof_k50,pooled,0.9,74,0,51,51,1,115.0,115.0,middle,middle,115,115,0.987912087912088,0.987912087912088
lof,lof_k50,pooled,0.9,74,0,54,54,1,112.0,112.0,middle,middle,112,112,0.95,0.95
lof,lof_k50,pooled,0.9,74,0,56,57,2,110.0,109.0,middle,middle,110,109,0.9769230769230768,0.9708791208791208
lof,lof_k50,pooled,0.9,74,0,66,66,1,100.0,100.0,middle,middle,100,100,0.9725274725274724,0.9725274725274724
lof,lof_k50,pooled,0.9,74,0,82,82,1,84.0,84.0,middle,middle,84,84,0.9214285714285714,0.9214285714285714
lof,lof_k50,pooled,0.9,74,0,84,84,1,82.0,82.0,middle,middle,82,82,0.928021978021978,0.928021978021978
lof,lof_k50,pooled,0.9,74,0,94,94,1,72.0,72.0,middle,middle,72,72,0.9423076923076924,0.9423076923076924
lof,lof_k50,pooled,0.9,74,0,117,117,1,49.0,49.0,middle,middle,49,49,0.9516483516483516,0.9516483516483516
lof,lof_k50,pooled,0.9,74,0,124,124,1,42.0,42.0,middle,middle,42,42,0.968131868131868,0.968131868131868
lof,lof_k50,pooled,0.9,74,0,128,128,1,38.0,38.0,middle,middle,38,38,0.9950549450549452,0.9950549450549452
lof,lof_k50,pooled,0.9,74,0,130,134,5,36.0,32.0,middle,middle,36,32,0.9884615384615384,0.9717582417582417
lof,lof_k50,pooled,0.9,74,0,136,166,31,30.0,0.0,near_failure,near_failure,30,0,1.0,0.9922013470400567
lof,lof_k50,pooled,0.9,77,0,7,7,1,147.0,147.0,healthy,healthy,147,147,0.9313186813186812,0.9313186813186812
lof,lof_k50,pooled,0.9,77,0,16,16,1,138.0,138.0,healthy,healthy,138,138,0.9395604395604396,0.9395604395604396
lof,lof_k50,pooled,0.9,77,0,23,23,1,131.0,131.0,healthy,healthy,131,131,1.0,1.0
lof,lof_k50,pooled,0.9,77,0,35,35,1,119.0,119.0,middle,middle,119,119,0.9983516483516484,0.9983516483516484
lof,lof_k50,pooled,0.9,77,0,61,61,1,93.0,93.0,middle,middle,93,93,0.9967032967032968,0.9967032967032968
lof,lof_k50,pooled,0.9,77,0,80,80,1,74.0,74.0,middle,middle,74,74,0.99010989010989,0.99010989010989
lof,lof_k50,pooled,0.9,77,0,89,89,1,65.0,65.0,middle,middle,65,65,0.95,0.95
lof,lof_k50,pooled,0.9,77,0,95,95,1,59.0,59.0,middle,middle,59,59,0.9813186813186812,0.9813186813186812
lof,lof_k50,pooled,0.9,77,0,99,100,2,55.0,54.0,middle,middle,55,54,0.9983516483516484,0.9802197802197802
lof,lof_k50,pooled,0.9,77,0,105,105,1,49.0,49.0,middle,middle,49,49,0.99010989010989,0.99010989010989
lof,lof_k50,pooled,0.9,77,0,107,107,1,47.0,47.0,middle,middle,47,47,0.99010989010989,0.99010989010989
lof,lof_k50,pooled,0.9,77,0,109,109,1,45.0,45.0,middle,middle,45,45,0.9467032967032968,0.9467032967032968
lof,lof_k50,pooled,0.9,77,0,111,111,1,43.0,43.0,middle,middle,43,43,0.918131868131868,0.918131868131868
lof,lof_k50,pooled,0.9,77,0,113,118,6,41.0,36.0,middle,middle,41,36,0.9994505494505496,0.9814102564102565
lof,lof_k50,pooled,0.9,77,0,120,154,35,34.0,0.0,middle,near_failure,34,0,1.0,0.994945054945055
lof,lof_k50,pooled,0.9,78,0,1,1,1,230.0,230.0,healthy,healthy,230,230,0.9527472527472528,0.9527472527472528
lof,lof_k50,pooled,0.9,78,0,5,5,1,226.0,226.0,healthy,healthy,226,226,0.962087912087912,0.962087912087912
lof,lof_k50,pooled,0.9,78,0,18,18,1,213.0,213.0,healthy,healthy,213,213,0.9324175824175824,0.9324175824175824
lof,lof_k50,pooled,0.9,78,0,32,32,1,199.0,199.0,healthy,healthy,199,199,0.967032967032967,0.967032967032967
lof,lof_k50,pooled,0.9,78,0,37,38,2,194.0,193.0,healthy,healthy,194,193,0.9851648351648352,0.976923076923077
lof,lof_k50,pooled,0.9,78,0,58,58,1,173.0,173.0,healthy,healthy,173,173,0.9054945054945056,0.9054945054945056
lof,lof_k50,pooled,0.9,78,0,62,62,1,169.0,169.0,healthy,healthy,169,169,0.962087912087912,0.962087912087912
lof,lof_k50,pooled,0.9,78,0,79,81,3,152.0,150.0,healthy,healthy,152,150,0.9923076923076924,0.9423076923076924
lof,lof_k50,pooled,0.9,78,0,91,91,1,140.0,140.0,healthy,healthy,140,140,0.9274725274725276,0.9274725274725276
lof,lof_k50,pooled,0.9,78,0,94,94,1,137.0,137.0,healthy,healthy,137,137,0.9346153846153846,0.9346153846153846
lof,lof_k50,pooled,0.9,78,0,134,134,1,97.0,97.0,middle,middle,97,97,0.993956043956044,0.993956043956044
lof,lof_k50,pooled,0.9,78,0,166,167,2,65.0,64.0,middle,middle,65,64,0.993956043956044,0.9813186813186814
lof,lof_k50,pooled,0.9,78,0,172,173,2,59.0,58.0,middle,middle,59,58,0.9928571428571428,0.9714285714285713
lof,lof_k50,pooled,0.9,78,0,176,176,1,55.0,55.0,middle,middle,55,55,0.971978021978022,0.971978021978022
lof,lof_k50,pooled,0.9,78,0,180,181,2,51.0,50.0,middle,middle,51,50,0.9950549450549452,0.9947802197802198
lof,lof_k50,pooled,0.9,78,0,183,191,9,48.0,40.0,middle,middle,48,40,0.9994505494505496,0.9657509157509158
lof,lof_k50,pooled,0.9,78,0,193,231,39,38.0,0.0,middle,near_failure,38,0,1.0,0.9981684981684982
lof,lof_k50,pooled,0.9,81,0,5,5,1,235.0,235.0,healthy,healthy,235,235,0.9664835164835164,0.9664835164835164
lof,lof_k50,pooled,0.9,81,0,9,9,1,231.0,231.0,healthy,healthy,231,231,0.9197802197802196,0.9197802197802196
lof,lof_k50,pooled,0.9,81,0,26,26,1,214.0,214.0,healthy,healthy,214,214,0.918131868131868,0.918131868131868
lof,lof_k50,pooled,0.9,81,0,35,35,1,205.0,205.0,healthy,healthy,205,205,0.9351648351648352,0.9351648351648352
lof,lof_k50,pooled,0.9,81,0,41,41,1,199.0,199.0,healthy,healthy,199,199,0.99010989010989,0.99010989010989
lof,lof_k50,pooled,0.9,81,0,56,56,1,184.0,184.0,healthy,healthy,184,184,0.9714285714285714,0.9714285714285714
lof,lof_k50,pooled,0.9,81,0,83,84,2,157.0,156.0,healthy,healthy,157,156,0.9923076923076924,0.9810439560439561
lof,lof_k50,pooled,0.9,81,0,86,86,1,154.0,154.0,healthy,healthy,154,154,0.918131868131868,0.918131868131868
lof,lof_k50,pooled,0.9,81,0,89,89,1,151.0,151.0,healthy,healthy,151,151,0.9587912087912088,0.9587912087912088
lof,lof_k50,pooled,0.9,81,0,109,109,1,131.0,131.0,healthy,healthy,131,131,0.9241758241758242,0.9241758241758242
lof,lof_k50,pooled,0.9,81,0,112,112,1,128.0,128.0,healthy,healthy,128,128,0.9203296703296704,0.9203296703296704
lof,lof_k50,pooled,0.9,81,0,116,116,1,124.0,124.0,middle,middle,124,124,0.9675824175824176,0.9675824175824176
lof,lof_k50,pooled,0.9,81,0,118,121,4,122.0,119.0,middle,middle,122,119,0.99010989010989,0.9596153846153846
lof,lof_k50,pooled,0.9,81,0,130,130,1,110.0,110.0,middle,middle,110,110,0.9406593406593406,0.9406593406593406
lof,lof_k50,pooled,0.9,81,0,134,134,1,106.0,106.0,middle,middle,106,106,0.9142857142857144,0.9142857142857144
lof,lof_k50,pooled,0.9,81,0,137,137,1,103.0,103.0,middle,middle,103,103,0.9774725274725274,0.9774725274725274
lof,lof_k50,pooled,0.9,81,0,143,144,2,97.0,96.0,middle,middle,97,96,0.9857142857142858,0.9796703296703297
lof,lof_k50,pooled,0.9,81,0,154,154,1,86.0,86.0,middle,middle,86,86,0.9505494505494504,0.9505494505494504
lof,lof_k50,pooled,0.9,81,0,157,157,1,83.0,83.0,middle,middle,83,83,0.9818681318681318,0.9818681318681318
lof,lof_k50,pooled,0.9,81,0,164,164,1,76.0,76.0,middle,middle,76,76,0.9769230769230768,0.9769230769230768
lof,lof_k50,pooled,0.9,81,0,168,170,3,72.0,70.0,middle,middle,72,70,0.9818681318681318,0.9587912087912086
lof,lof_k50,pooled,0.9,81,0,175,179,5,65.0,61.0,middle,middle,65,61,0.9994505494505496,0.9795604395604396
lof,lof_k50,pooled,0.9,81,0,181,182,2,59.0,58.0,middle,middle,59,58,0.9956043956043956,0.9895604395604396
lof,lof_k50,pooled,0.9,81,0,184,240,57,56.0,0.0,middle,near_failure,56,0,1.0,0.9966069018700597
lof,lof_k50,pooled,0.9,89,0,3,3,1,214.0,214.0,healthy,healthy,214,214,0.9686813186813188,0.9686813186813188
lof,lof_k50,pooled,0.9,89,0,7,7,1,210.0,210.0,healthy,healthy,210,210,0.934065934065934,0.934065934065934
lof,lof_k50,pooled,0.9,89,0,15,15,1,202.0,202.0,healthy,healthy,202,202,0.9241758241758242,0.9241758241758242
lof,lof_k50,pooled,0.9,89,0,17,17,1,200.0,200.0,healthy,healthy,200,200,0.9994505494505496,0.9994505494505496
lof,lof_k50,pooled,0.9,89,0,20,20,1,197.0,197.0,healthy,healthy,197,197,0.960989010989011,0.960989010989011
lof,lof_k50,pooled,0.9,89,0,22,22,1,195.0,195.0,healthy,healthy,195,195,0.960989010989011,0.960989010989011
lof,lof_k50,pooled,0.9,89,0,29,29,1,188.0,188.0,healthy,healthy,188,188,0.9516483516483516,0.9516483516483516
lof,lof_k50,pooled,0.9,89,0,32,32,1,185.0,185.0,healthy,healthy,185,185,0.921978021978022,0.921978021978022
lof,lof_k50,pooled,0.9,89,0,35,35,1,182.0,182.0,healthy,healthy,182,182,0.9846153846153848,0.9846153846153848
lof,lof_k50,pooled,0.9,89,0,42,42,1,175.0,175.0,healthy,healthy,175,175,0.9285714285714286,0.9285714285714286
lof,lof_k50,pooled,0.9,89,0,47,47,1,170.0,170.0,healthy,healthy,170,170,0.9807692307692308,0.9807692307692308
lof,lof_k50,pooled,0.9,89,0,53,53,1,164.0,164.0,healthy,healthy,164,164,0.9697802197802198,0.9697802197802198
lof,lof_k50,pooled,0.9,89,0,57,57,1,160.0,160.0,healthy,healthy,160,160,0.9021978021978022,0.9021978021978022
lof,lof_k50,pooled,0.9,89,0,59,59,1,158.0,158.0,healthy,healthy,158,158,0.928021978021978,0.928021978021978
lof,lof_k50,pooled,0.9,89,0,76,76,1,141.0,141.0,healthy,healthy,141,141,0.9697802197802198,0.9697802197802198
lof,lof_k50,pooled,0.9,89,0,82,82,1,135.0,135.0,healthy,healthy,135,135,0.9214285714285714,0.9214285714285714
lof,lof_k50,pooled,0.9,89,0,113,114,2,104.0,103.0,middle,middle,104,103,0.9945054945054944,0.951098901098901
lof,lof_k50,pooled,0.9,89,0,119,119,1,98.0,98.0,middle,middle,98,98,0.926923076923077,0.926923076923077
lof,lof_k50,pooled,0.9,89,0,137,137,1,80.0,80.0,middle,middle,80,80,0.9346153846153846,0.9346153846153846
lof,lof_k50,pooled,0.9,89,0,147,147,1,70.0,70.0,middle,middle,70,70,0.9241758241758242,0.9241758241758242
lof,lof_k50,pooled,0.9,89,0,154,154,1,63.0,63.0,middle,middle,63,63,0.9741758241758242,0.9741758241758242
lof,lof_k50,pooled,0.9,89,0,163,163,1,54.0,54.0,middle,middle,54,54,0.9071428571428573,0.9071428571428573
lof,lof_k50,pooled,0.9,89,0,169,169,1,48.0,48.0,middle,middle,48,48,0.9203296703296704,0.9203296703296704
lof,lof_k50,pooled,0.9,89,0,173,173,1,44.0,44.0,middle,middle,44,44,0.9802197802197802,0.9802197802197802
lof,lof_k50,pooled,0.9,89,0,175,176,2,42.0,41.0,middle,middle,42,41,0.9835164835164836,0.9824175824175824
lof,lof_k50,pooled,0.9,89,0,178,178,1,39.0,39.0,middle,middle,39,39,0.9868131868131867,0.9868131868131867
lof,lof_k50,pooled,0.9,89,0,180,217,38,37.0,0.0,middle,near_failure,37,0,1.0,0.9967755928282244
lof,lof_k50,pooled,0.9,91,0,6,8,3,129.0,127.0,healthy,healthy,129,127,0.99010989010989,0.9569597069597068
lof,lof_k50,pooled,0.9,91,0,23,23,1,112.0,112.0,middle,middle,112,112,0.9467032967032968,0.9467032967032968
lof,lof_k50,pooled,0.9,91,0,26,26,1,109.0,109.0,middle,middle,109,109,0.9247252747252748,0.9247252747252748
lof,lof_k50,pooled,0.9,91,0,29,29,1,106.0,106.0,middle,middle,106,106,0.906043956043956,0.906043956043956
lof,lof_k50,pooled,0.9,91,0,31,33,3,104.0,102.0,middle,middle,104,102,0.9543956043956044,0.9221611721611723
lof,lof_k50,pooled,0.9,91,0,42,42,1,93.0,93.0,middle,middle,93,93,0.9994505494505496,0.9994505494505496
lof,lof_k50,pooled,0.9,91,0,44,44,1,91.0,91.0,middle,middle,91,91,0.9763736263736263,0.9763736263736263
lof,lof_k50,pooled,0.9,91,0,52,52,1,83.0,83.0,middle,middle,83,83,0.9769230769230768,0.9769230769230768
lof,lof_k50,pooled,0.9,91,0,55,56,2,80.0,79.0,middle,middle,80,79,0.9675824175824176,0.9675824175824176
lof,lof_k50,pooled,0.9,91,0,59,59,1,76.0,76.0,middle,middle,76,76,0.9225274725274726,0.9225274725274726
lof,lof_k50,pooled,0.9,91,0,65,65,1,70.0,70.0,middle,middle,70,70,0.9076923076923076,0.9076923076923076
lof,lof_k50,pooled,0.9,91,0,70,71,2,65.0,64.0,middle,middle,65,64,0.987912087912088,0.962912087912088
lof,lof_k50,pooled,0.9,91,0,73,73,1,62.0,62.0,middle,middle,62,62,0.9851648351648352,0.9851648351648352
lof,lof_k50,pooled,0.9,91,0,75,80,6,60.0,55.0,middle,middle,60,55,0.9983516483516484,0.981043956043956
lof,lof_k50,pooled,0.9,91,0,82,89,8,53.0,46.0,middle,middle,53,46,1.0,0.9911401098901098
lof,lof_k50,pooled,0.9,91,0,91,135,45,44.0,0.0,middle,near_failure,44,0,1.0,0.9992796092796093
lof,lof_k50,pooled,0.95,1,0,10,10,1,182.0,182.0,healthy,healthy,182,182,0.967032967032967,0.967032967032967
lof,lof_k50,pooled,0.95,1,0,28,28,1,164.0,164.0,healthy,healthy,164,164,0.9873626373626374,0.9873626373626374
lof,lof_k50,pooled,0.95,1,0,52,52,1,140.0,140.0,healthy,healthy,140,140,0.9807692307692308,0.9807692307692308
lof,lof_k50,pooled,0.95,1,0,78,78,1,114.0,114.0,middle,middle,114,114,0.9516483516483516,0.9516483516483516
lof,lof_k50,pooled,0.95,1,0,95,95,1,97.0,97.0,middle,middle,97,97,0.9741758241758242,0.9741758241758242
lof,lof_k50,pooled,0.95,1,0,107,108,2,85.0,84.0,middle,middle,85,84,0.9818681318681318,0.9675824175824176
lof,lof_k50,pooled,0.95,1,0,121,121,1,71.0,71.0,middle,middle,71,71,0.960989010989011,0.960989010989011
lof,lof_k50,pooled,0.95,1,0,132,132,1,60.0,60.0,middle,middle,60,60,0.95,0.95
lof,lof_k50,pooled,0.95,1,0,152,152,1,40.0,40.0,middle,middle,40,40,0.9972527472527472,0.9972527472527472
lof,lof_k50,pooled,0.95,1,0,156,157,2,36.0,35.0,middle,middle,36,35,0.9961538461538462,0.9744505494505495
lof,lof_k50,pooled,0.95,1,0,159,160,2,33.0,32.0,middle,middle,33,32,1.0,0.9870879120879121
lof,lof_k50,pooled,0.95,1,0,162,192,31,30.0,0.0,near_failure,near_failure,30,0,1.0,0.9996986884083658
lof,lof_k50,pooled,0.95,5,0,48,48,1,221.0,221.0,healthy,healthy,221,221,0.9576923076923076,0.9576923076923076
lof,lof_k50,pooled,0.95,5,0,65,65,1,204.0,204.0,healthy,healthy,204,204,0.9708791208791208,0.9708791208791208
lof,lof_k50,pooled,0.95,5,0,67,67,1,202.0,202.0,healthy,healthy,202,202,0.9516483516483516,0.9516483516483516
lof,lof_k50,pooled,0.95,5,0,74,75,2,195.0,194.0,healthy,healthy,195,194,0.9884615384615384,0.9865384615384616
lof,lof_k50,pooled,0.95,5,0,85,85,1,184.0,184.0,healthy,healthy,184,184,0.9747252747252748,0.9747252747252748
lof,lof_k50,pooled,0.95,5,0,101,101,1,168.0,168.0,healthy,healthy,168,168,0.95,0.95
lof,lof_k50,pooled,0.95,5,0,123,123,1,146.0,146.0,healthy,healthy,146,146,0.989010989010989,0.989010989010989
lof,lof_k50,pooled,0.95,5,0,137,137,1,132.0,132.0,healthy,healthy,132,132,0.9835164835164836,0.9835164835164836
lof,lof_k50,pooled,0.95,5,0,141,141,1,128.0,128.0,healthy,healthy,128,128,0.987912087912088,0.987912087912088
lof,lof_k50,pooled,0.95,5,0,147,147,1,122.0,122.0,middle,middle,122,122,0.9532967032967034,0.9532967032967034
lof,lof_k50,pooled,0.95,5,0,152,152,1,117.0,117.0,middle,middle,117,117,0.9983516483516484,0.9983516483516484
lof,lof_k50,pooled,0.95,5,0,155,155,1,114.0,114.0,middle,middle,114,114,0.9802197802197802,0.9802197802197802
lof,lof_k50,pooled,0.95,5,0,158,158,1,111.0,111.0,middle,middle,111,111,0.9972527472527472,0.9972527472527472
lof,lof_k50,pooled,0.95,5,0,160,160,1,109.0,109.0,middle,middle,109,109,0.9983516483516484,0.9983516483516484
lof,lof_k50,pooled,0.95,5,0,163,163,1,106.0,106.0,middle,middle,106,106,0.9917582417582418,0.9917582417582418
lof,lof_k50,pooled,0.95,5,0,165,165,1,104.0,104.0,middle,middle,104,104,0.9956043956043956,0.9956043956043956
lof,lof_k50,pooled,0.95,5,0,168,173,6,101.0,96.0,middle,middle,101,96,1.0,0.9915750915750916
lof,lof_k50,pooled,0.95,5,0,175,269,95,94.0,0.0,middle,near_failure,94,0,1.0,0.9985772122614228
lof,lof_k50,pooled,0.95,10,0,15,15,1,207.0,207.0,healthy,healthy,207,207,0.95989010989011,0.95989010989011
lof,lof_k50,pooled,0.95,10,0,28,29,2,194.0,193.0,healthy,healthy,194,193,0.9747252747252748,0.964835164835165
lof,lof_k50,pooled,0.95,10,0,39,39,1,183.0,183.0,healthy,healthy,183,183,0.967032967032967,0.967032967032967
lof,lof_k50,pooled,0.95,10,0,57,57,1,165.0,165.0,healthy,healthy,165,165,0.9708791208791208,0.9708791208791208
lof,lof_k50,pooled,0.95,10,0,84,84,1,138.0,138.0,healthy,healthy,138,138,0.9532967032967034,0.9532967032967034
lof,lof_k50,pooled,0.95,10,0,103,103,1,119.0,119.0,middle,middle,119,119,0.9923076923076924,0.9923076923076924
lof,lof_k50,pooled,0.95,10,0,155,155,1,67.0,67.0,middle,middle,67,67,0.9945054945054944,0.9945054945054944
lof,lof_k50,pooled,0.95,10,0,157,158,2,65.0,64.0,middle,middle,65,64,0.9978021978021978,0.9923076923076923
lof,lof_k50,pooled,0.95,10,0,164,167,4,58.0,55.0,middle,middle,58,55,0.9956043956043956,0.9765109890109891
lof,lof_k50,pooled,0.95,10,0,169,169,1,53.0,53.0,middle,middle,53,53,0.9978021978021978,0.9978021978021978
lof,lof_k50,pooled,0.95,10,0,171,173,3,51.0,49.0,middle,middle,51,49,0.9994505494505496,0.989010989010989
lof,lof_k50,pooled,0.95,10,0,175,178,4,47.0,44.0,middle,middle,47,44,1.0,0.9938186813186813
lof,lof_k50,pooled,0.95,10,0,180,222,43,42.0,0.0,middle,near_failure,42,0,1.0,0.9996677740863787
lof,lof_k50,pooled,0.95,11,0,25,25,1,215.0,215.0,healthy,healthy,215,215,0.9994505494505496,0.9994505494505496
lof,lof_k50,pooled,0.95,11,0,50,50,1,190.0,190.0,healthy,healthy,190,190,0.9956043956043956,0.9956043956043956
lof,lof_k50,pooled,0.95,11,0,118,118,1,122.0,122.0,middle,middle,122,122,0.9741758241758242,0.9741758241758242
lof,lof_k50,pooled,0.95,11,0,134,134,1,106.0,106.0,middle,middle,106,106,0.9747252747252748,0.9747252747252748
lof,lof_k50,pooled,0.95,11,0,136,136,1,104.0,104.0,middle,middle,104,104,0.987912087912088,0.987912087912088
lof,lof_k50,pooled,0.95,11,0,139,139,1,101.0,101.0,middle,middle,101,101,0.960989010989011,0.960989010989011
lof,lof_k50,pooled,0.95,11,0,143,143,1,97.0,97.0,middle,middle,97,97,0.9505494505494504,0.9505494505494504
lof,lof_k50,pooled,0.95,11,0,157,157,1,83.0,83.0,middle,middle,83,83,0.9851648351648352,0.9851648351648352
lof,lof_k50,pooled,0.95,11,0,159,159,1,81.0,81.0,middle,middle,81,81,0.9648351648351648,0.9648351648351648
lof,lof_k50,pooled,0.95,11,0,168,179,12,72.0,61.0,middle,middle,72,61,0.9989010989010988,0.9810439560439561
lof,lof_k50,pooled,0.95,11,0,181,240,60,59.0,0.0,middle,near_failure,59,0,1.0,0.9996703296703298
lof,lof_k50,pooled,0.95,13,0,5,5,1,158.0,158.0,healthy,healthy,158,158,0.99010989010989,0.99010989010989
lof,lof_k50,pooled,0.95,13,0,67,67,1,96.0,96.0,middle,middle,96,96,0.9697802197802198,0.9697802197802198
lof,lof_k50,pooled,0.95,13,0,92,92,1,71.0,71.0,middle,middle,71,71,0.9945054945054944,0.9945054945054944
lof,lof_k50,pooled,0.95,13,0,95,95,1,68.0,68.0,middle,middle,68,68,0.9851648351648352,0.9851648351648352
lof,lof_k50,pooled,0.95,13,0,104,104,1,59.0,59.0,middle,middle,59,59,0.9884615384615384,0.9884615384615384
lof,lof_k50,pooled,0.95,13,0,106,107,2,57.0,56.0,middle,middle,57,56,0.9961538461538462,0.9895604395604395
lof,lof_k50,pooled,0.95,13,0,109,163,55,54.0,0.0,middle,near_failure,54,0,1.0,0.9988011988011988
lof,lof_k50,pooled,0.95,16,0,7,7,1,202.0,202.0,healthy,healthy,202,202,0.9961538461538462,0.9961538461538462
lof,lof_k50,pooled,0.95,16,0,17,17,1,192.0,192.0,healthy,healthy,192,192,0.9829670329670328,0.9829670329670328
lof,lof_k50,pooled,0.95,16,0,28,28,1,181.0,181.0,healthy,healthy,181,181,0.9835164835164836,0.9835164835164836
lof,lof_k50,pooled,0.95,16,0,70,70,1,139.0,139.0,healthy,healthy,139,139,0.9576923076923076,0.9576923076923076
lof,lof_k50,pooled,0.95,16,0,73,73,1,136.0,136.0,healthy,healthy,136,136,0.99010989010989,0.99010989010989
lof,lof_k50,pooled,0.95,16,0,78,78,1,131.0,131.0,healthy,healthy,131,131,0.987912087912088,0.987912087912088
lof,lof_k50,pooled,0.95,16,0,83,83,1,126.0,126.0,healthy,healthy,126,126,0.9923076923076924,0.9923076923076924
lof,lof_k50,pooled,0.95,16,0,88,88,1,121.0,121.0,middle,middle,121,121,0.987912087912088,0.987912087912088
lof,lof_k50,pooled,0.95,16,0,91,91,1,118.0,118.0,middle,middle,118,118,0.9686813186813188,0.9686813186813188
lof,lof_k50,pooled,0.95,16,0,97,97,1,112.0,112.0,middle,middle,112,112,0.9807692307692308,0.9807692307692308
lof,lof_k50,pooled,0.95,16,0,104,105,2,105.0,104.0,middle,middle,105,104,0.9994505494505496,0.9906593406593407
lof,lof_k50,pooled,0.95,16,0,107,107,1,102.0,102.0,middle,middle,102,102,0.9692307692307692,0.9692307692307692
lof,lof_k50,pooled,0.95,16,0,111,112,2,98.0,97.0,middle,middle,98,97,0.9807692307692308,0.9741758241758243
lof,lof_k50,pooled,0.95,16,0,116,117,2,93.0,92.0,middle,middle,93,92,0.9994505494505496,0.9975274725274725
lof,lof_k50,pooled,0.95,16,0,120,126,7,89.0,83.0,middle,middle,89,83,0.9994505494505496,0.9787284144427002
lof,lof_k50,pooled,0.95,16,0,128,143,16,81.0,66.0,middle,middle,81,66,1.0,0.9912087912087912
lof,lof_k50,pooled,0.95,16,0,146,209,64,63.0,0.0,middle,near_failure,63,0,1.0,0.9974244505494505
lof,lof_k50,pooled,0.95,27,0,24,24,1,132.0,132.0,healthy,healthy,132,132,0.9675824175824176,0.9675824175824176
lof,lof_k50,pooled,0.95,27,0,52,52,1,104.0,104.0,middle,middle,104,104,0.9923076923076924,0.9923076923076924
lof,lof_k50,pooled,0.95,27,0,80,80,1,76.0,76.0,middle,middle,76,76,0.9868131868131867,0.9868131868131867
lof,lof_k50,pooled,0.95,27,0,82,82,1,74.0,74.0,middle,middle,74,74,0.9835164835164836,0.9835164835164836
lof,lof_k50,pooled,0.95,27,0,85,85,1,71.0,71.0,middle,middle,71,71,0.9873626373626374,0.9873626373626374
lof,lof_k50,pooled,0.95,27,0,88,88,1,68.0,68.0,middle,middle,68,68,0.9697802197802198,0.9697802197802198
lof,lof_k50,pooled,0.95,27,0,92,99,8,64.0,57.0,middle,middle,64,57,0.9994505494505496,0.9925137362637363
lof,lof_k50,pooled,0.95,27,0,102,103,2,54.0,53.0,middle,middle,54,53,0.9994505494505496,0.9994505494505496
lof,lof_k50,pooled,0.95,27,0,105,156,52,51.0,0.0,middle,near_failure,51,0,1.0,0.9988060016906171
lof,lof_k50,pooled,0.95,31,0,10,10,1,224.0,224.0,healthy,healthy,224,224,0.9807692307692308,0.9807692307692308
lof,lof_k50,pooled,0.95,31,0,18,18,1,216.0,216.0,healthy,healthy,216,216,0.9758241758241758,0.9758241758241758
lof,lof_k50,pooled,0.95,31,0,48,48,1,186.0,186.0,healthy,healthy,186,186,0.9846153846153848,0.9846153846153848
lof,lof_k50,pooled,0.95,31,0,75,75,1,159.0,159.0,healthy,healthy,159,159,0.9961538461538462,0.9961538461538462
lof,lof_k50,pooled,0.95,31,0,92,92,1,142.0,142.0,healthy,healthy,142,142,0.9796703296703296,0.9796703296703296
lof,lof_k50,pooled,0.95,31,0,126,126,1,108.0,108.0,middle,middle,108,108,0.9807692307692308,0.9807692307692308
lof,lof_k50,pooled,0.95,31,0,135,135,1,99.0,99.0,middle,middle,99,99,0.9983516483516484,0.9983516483516484
lof,lof_k50,pooled,0.95,31,0,151,151,1,83.0,83.0,middle,middle,83,83,0.9675824175824176,0.9675824175824176
lof,lof_k50,pooled,0.95,31,0,167,167,1,67.0,67.0,middle,middle,67,67,0.9961538461538462,0.9961538461538462
lof,lof_k50,pooled,0.95,31,0,176,176,1,58.0,58.0,middle,middle,58,58,0.9774725274725274,0.9774725274725274
lof,lof_k50,pooled,0.95,31,0,188,188,1,46.0,46.0,middle,middle,46,46,0.9576923076923076,0.9576923076923076
lof,lof_k50,pooled,0.95,31,0,198,234,37,36.0,0.0,middle,near_failure,36,0,1.0,0.9984407484407485
lof,lof_k50,pooled,0.95,34,0,12,12,1,183.0,183.0,healthy,healthy,183,183,0.967032967032967,0.967032967032967
lof,lof_k50,pooled,0.95,34,0,25,25,1,170.0,170.0,healthy,healthy,170,170,0.9862637362637364,0.9862637362637364
lof,lof_k50,pooled,0.95,34,0,36,36,1,159.0,159.0,healthy,healthy,159,159,0.962087912087912,0.962087912087912
lof,lof_k50,pooled,0.95,34,0,45,45,1,150.0,150.0,healthy,healthy,150,150,0.95,0.95
lof,lof_k50,pooled,0.95,34,0,83,83,1,112.0,112.0,middle,middle,112,112,0.954945054945055,0.954945054945055
lof,lof_k50,pooled,0.95,34,0,93,93,1,102.0,102.0,middle,middle,102,102,0.9989010989010988,0.9989010989010988
lof,lof_k50,pooled,0.95,34,0,100,100,1,95.0,95.0,middle,middle,95,95,0.9741758241758242,0.9741758241758242
lof,lof_k50,pooled,0.95,34,0,102,102,1,93.0,93.0,middle,middle,93,93,0.9576923076923076,0.9576923076923076
lof,lof_k50,pooled,0.95,34,0,106,106,1,89.0,89.0,middle,middle,89,89,0.9763736263736263,0.9763736263736263
lof,lof_k50,pooled,0.95,34,0,111,111,1,84.0,84.0,middle,middle,84,84,0.9653846153846154,0.9653846153846154
lof,lof_k50,pooled,0.95,34,0,113,113,1,82.0,82.0,middle,middle,82,82,0.9527472527472528,0.9527472527472528
lof,lof_k50,pooled,0.95,34,0,120,137,18,75.0,58.0,middle,middle,75,58,1.0,0.9923076923076923
lof,lof_k50,pooled,0.95,34,0,139,195,57,56.0,0.0,middle,near_failure,56,0,1.0,1.0
lof,lof_k50,pooled,0.95,40,0,26,26,1,162.0,162.0,healthy,healthy,162,162,0.9736263736263736,0.9736263736263736
lof,lof_k50,pooled,0.95,40,0,39,39,1,149.0,149.0,healthy,healthy,149,149,0.9807692307692308,0.9807692307692308
lof,lof_k50,pooled,0.95,40,0,68,69,2,120.0,119.0,middle,middle,120,119,0.9835164835164836,0.9818681318681319
lof,lof_k50,pooled,0.95,40,0,81,81,1,107.0,107.0,middle,middle,107,107,0.9802197802197802,0.9802197802197802
lof,lof_k50,pooled,0.95,40,0,86,87,2,102.0,101.0,middle,middle,102,101,0.9989010989010988,0.9964285714285714
lof,lof_k50,pooled,0.95,40,0,91,91,1,97.0,97.0,middle,middle,97,97,0.9631868131868132,0.9631868131868132
lof,lof_k50,pooled,0.95,40,0,95,95,1,93.0,93.0,middle,middle,93,93,0.9961538461538462,0.9961538461538462
lof,lof_k50,pooled,0.95,40,0,98,98,1,90.0,90.0,middle,middle,90,90,0.9934065934065934,0.9934065934065934
lof,lof_k50,pooled,0.95,40,0,100,103,4,88.0,85.0,middle,middle,88,85,0.9873626373626374,0.970467032967033
lof,lof_k50,pooled,0.95,40,0,106,108,3,82.0,80.0,middle,middle,82,80,0.9989010989010988,0.9961538461538462
lof,lof_k50,pooled,0.95,40,0,110,110,1,78.0,78.0,middle,middle,78,78,0.9873626373626374,0.9873626373626374
lof,lof_k50,pooled,0.95,40,0,114,114,1,74.0,74.0,middle,middle,74,74,0.9884615384615384,0.9884615384615384
lof,lof_k50,pooled,0.95,40,0,116,122,7,72.0,66.0,middle,middle,72,66,1.0,0.9948194662480377
lof,lof_k50,pooled,0.95,40,0,124,188,65,64.0,0.0,middle,near_failure,64,0,1.0,0.9991969568892647
lof,lof_k50,pooled,0.95,41,0,6,6,1,210.0,210.0,healthy,healthy,210,210,0.9675824175824176,0.9675824175824176
lof,lof_k50,pooled,0.95,41,0,25,25,1,191.0,191.0,healthy,healthy,191,191,0.9675824175824176,0.9675824175824176
lof,lof_k50,pooled,0.95,41,0,68,68,1,148.0,148.0,healthy,healthy,148,148,0.9846153846153848,0.9846153846153848
lof,lof_k50,pooled,0.95,41,0,75,75,1,141.0,141.0,healthy,healthy,141,141,0.989010989010989,0.989010989010989
lof,lof_k50,pooled,0.95,41,0,84,84,1,132.0,132.0,healthy,healthy,132,132,0.99010989010989,0.99010989010989
lof,lof_k50,pooled,0.95,41,0,101,101,1,115.0,115.0,middle,middle,115,115,0.960989010989011,0.960989010989011
lof,lof_k50,pooled,0.95,41,0,103,103,1,113.0,113.0,middle,middle,113,113,0.9835164835164836,0.9835164835164836
lof,lof_k50,pooled,0.95,41,0,106,106,1,110.0,110.0,middle,middle,110,110,0.9829670329670328,0.9829670329670328
lof,lof_k50,pooled,0.95,41,0,120,121,2,96.0,95.0,middle,middle,96,95,0.9961538461538462,0.9898351648351649
lof,lof_k50,pooled,0.95,41,0,125,125,1,91.0,91.0,middle,middle,91,91,0.9571428571428572,0.9571428571428572
lof,lof_k50,pooled,0.95,41,0,128,128,1,88.0,88.0,middle,middle,88,88,0.9923076923076924,0.9923076923076924
lof,lof_k50,pooled,0.95,41,0,130,132,3,86.0,84.0,middle,middle,86,84,1.0,0.9835164835164836
lof,lof_k50,pooled,0.95,41,0,139,142,4,77.0,74.0,middle,middle,77,74,0.9994505494505496,0.9899725274725275
lof,lof_k50,pooled,0.95,41,0,144,216,73,72.0,0.0,middle,near_failure,72,0,1.0,0.9994881830498269
lof,lof_k50,pooled,0.95,45,0,23,23,1,135.0,135.0,healthy,healthy,135,135,0.9527472527472528,0.9527472527472528
lof,lof_k50,pooled,0.95,45,0,31,32,2,127.0,126.0,healthy,healthy,127,126,0.9736263736263736,0.9692307692307692
lof,lof_k50,pooled,0.95,45,0,45,45,1,113.0,113.0,middle,middle,113,113,0.9774725274725274,0.9774725274725274
lof,lof_k50,pooled,0.95,45,0,47,47,1,111.0,111.0,middle,middle,111,111,0.99010989010989,0.99010989010989
lof,lof_k50,pooled,0.95,45,0,53,53,1,105.0,105.0,middle,middle,105,105,0.9774725274725274,0.9774725274725274
lof,lof_k50,pooled,0.95,45,0,65,65,1,93.0,93.0,middle,middle,93,93,0.99010989010989,0.99010989010989
lof,lof_k50,pooled,0.95,45,0,70,70,1,88.0,88.0,middle,middle,88,88,0.978021978021978,0.978021978021978
lof,lof_k50,pooled,0.95,45,0,77,78,2,81.0,80.0,middle,middle,81,80,0.9818681318681318,0.9719780219780219
lof,lof_k50,pooled,0.95,45,0,83,83,1,75.0,75.0,middle,middle,75,75,0.9774725274725274,0.9774725274725274
lof,lof_k50,pooled,0.95,45,0,87,88,2,71.0,70.0,middle,middle,71,70,0.9835164835164836,0.9692307692307693
lof,lof_k50,pooled,0.95,45,0,91,91,1,67.0,67.0,middle,middle,67,67,0.989010989010989,0.989010989010989
lof,lof_k50,pooled,0.95,45,0,97,100,4,61.0,58.0,middle,middle,61,58,0.9994505494505496,0.9910714285714286
lof,lof_k50,pooled,0.95,45,0,103,114,12,55.0,44.0,middle,middle,55,44,1.0,0.9826007326007326
lof,lof_k50,pooled,0.95,45,0,116,158,43,42.0,0.0,middle,near_failure,42,0,1.0,0.998172757475083
lof,lof_k50,pooled,0.95,46,0,64,64,1,192.0,192.0,healthy,healthy,192,192,0.9923076923076924,0.9923076923076924
lof,lof_k50,pooled,0.95,46,0,74,74,1,182.0,182.0,healthy,healthy,182,182,0.9835164835164836,0.9835164835164836
lof,lof_k50,pooled,0.95,46,0,111,111,1,145.0,145.0,healthy,healthy,145,145,0.9835164835164836,0.9835164835164836
lof,lof_k50,pooled,0.95,46,0,121,121,1,135.0,135.0,healthy,healthy,135,135,0.9923076923076924,0.9923076923076924
lof,lof_k50,pooled,0.95,46,0,174,174,1,82.0,82.0,middle,middle,82,82,0.9796703296703296,0.9796703296703296
lof,lof_k50,pooled,0.95,46,0,190,190,1,66.0,66.0,middle,middle,66,66,0.956043956043956,0.956043956043956
lof,lof_k50,pooled,0.95,46,0,193,193,1,63.0,63.0,middle,middle,63,63,0.989010989010989,0.989010989010989
lof,lof_k50,pooled,0.95,46,0,197,197,1,59.0,59.0,middle,middle,59,59,0.9873626373626374,0.9873626373626374
lof,lof_k50,pooled,0.95,46,0,203,203,1,53.0,53.0,middle,middle,53,53,0.9873626373626374,0.9873626373626374
lof,lof_k50,pooled,0.95,46,0,209,209,1,47.0,47.0,middle,middle,47,47,0.99010989010989,0.99010989010989
lof,lof_k50,pooled,0.95,46,0,211,211,1,45.0,45.0,middle,middle,45,45,0.9956043956043956,0.9956043956043956
lof,lof_k50,pooled,0.95,46,0,216,222,7,40.0,34.0,middle,middle,40,34,1.0,0.9913657770800628
lof,lof_k50,pooled,0.95,46,0,224,225,2,32.0,31.0,middle,middle,32,31,1.0,0.9986263736263736
lof,lof_k50,pooled,0.95,46,0,227,256,30,29.0,0.0,near_failure,near_failure,29,0,1.0,0.999981684981685
lof,lof_k50,pooled,0.95,54,0,35,35,1,222.0,222.0,healthy,healthy,222,222,0.9626373626373628,0.9626373626373628
lof,lof_k50,pooled,0.95,54,0,41,41,1,216.0,216.0,healthy,healthy,216,216,0.9857142857142858,0.9857142857142858
lof,lof_k50,pooled,0.95,54,0,114,114,1,143.0,143.0,healthy,healthy,143,143,0.9532967032967034,0.9532967032967034
lof,lof_k50,pooled,0.95,54,0,116,116,1,141.0,141.0,healthy,healthy,141,141,0.9769230769230768,0.9769230769230768
lof,lof_k50,pooled,0.95,54,0,145,145,1,112.0,112.0,middle,middle,112,112,0.9862637362637364,0.9862637362637364
lof,lof_k50,pooled,0.95,54,0,151,152,2,106.0,105.0,middle,middle,106,105,0.9862637362637364,0.9804945054945056
lof,lof_k50,pooled,0.95,54,0,158,158,1,99.0,99.0,middle,middle,99,99,0.9697802197802198,0.9697802197802198
lof,lof_k50,pooled,0.95,54,0,160,164,5,97.0,93.0,middle,middle,97,93,0.9956043956043956,0.9838461538461539
lof,lof_k50,pooled,0.95,54,0,166,166,1,91.0,91.0,middle,middle,91,91,0.954945054945055,0.954945054945055
lof,lof_k50,pooled,0.95,54,0,168,168,1,89.0,89.0,middle,middle,89,89,0.9994505494505496,0.9994505494505496
lof,lof_k50,pooled,0.95,54,0,170,171,2,87.0,86.0,middle,middle,87,86,0.993956043956044,0.9722527472527471
lof,lof_k50,pooled,0.95,54,0,173,178,6,84.0,79.0,middle,middle,84,79,0.9994505494505496,0.9891941391941392
lof,lof_k50,pooled,0.95,54,0,180,257,78,77.0,0.0,middle,near_failure,77,0,1.0,0.9994646379261766
lof,lof_k50,pooled,0.95,74,0,51,51,1,115.0,115.0,middle,middle,115,115,0.987912087912088,0.987912087912088
lof,lof_k50,pooled,0.95,74,0,54,54,1,112.0,112.0,middle,middle,112,112,0.95,0.95
lof,lof_k50,pooled,0.95,74,0,56,57,2,110.0,109.0,middle,middle,110,109,0.9769230769230768,0.9708791208791208
lof,lof_k50,pooled,0.95,74,0,66,66,1,100.0,100.0,middle,middle,100,100,0.9725274725274724,0.9725274725274724
lof,lof_k50,pooled,0.95,74,0,117,117,1,49.0,49.0,middle,middle,49,49,0.9516483516483516,0.9516483516483516
lof,lof_k50,pooled,0.95,74,0,124,124,1,42.0,42.0,middle,middle,42,42,0.968131868131868,0.968131868131868
lof,lof_k50,pooled,0.95,74,0,128,128,1,38.0,38.0,middle,middle,38,38,0.9950549450549452,0.9950549450549452
lof,lof_k50,pooled,0.95,74,0,130,134,5,36.0,32.0,middle,middle,36,32,0.9884615384615384,0.9717582417582417
lof,lof_k50,pooled,0.95,74,0,136,138,3,30.0,28.0,near_failure,near_failure,30,28,0.993956043956044,0.9782051282051282
lof,lof_k50,pooled,0.95,74,0,140,143,4,26.0,23.0,near_failure,near_failure,26,23,1.0,0.9947802197802198
lof,lof_k50,pooled,0.95,74,0,145,166,22,21.0,0.0,near_failure,near_failure,21,0,1.0,0.9997752247752248
lof,lof_k50,pooled,0.95,77,0,23,23,1,131.0,131.0,healthy,healthy,131,131,1.0,1.0
lof,lof_k50,pooled,0.95,77,0,35,35,1,119.0,119.0,middle,middle,119,119,0.9983516483516484,0.9983516483516484
lof,lof_k50,pooled,0.95,77,0,61,61,1,93.0,93.0,middle,middle,93,93,0.9967032967032968,0.9967032967032968
lof,lof_k50,pooled,0.95,77,0,80,80,1,74.0,74.0,middle,middle,74,74,0.99010989010989,0.99010989010989
lof,lof_k50,pooled,0.95,77,0,89,89,1,65.0,65.0,middle,middle,65,65,0.95,0.95
lof,lof_k50,pooled,0.95,77,0,95,95,1,59.0,59.0,middle,middle,59,59,0.9813186813186812,0.9813186813186812
lof,lof_k50,pooled,0.95,77,0,99,100,2,55.0,54.0,middle,middle,55,54,0.9983516483516484,0.9802197802197802
lof,lof_k50,pooled,0.95,77,0,105,105,1,49.0,49.0,middle,middle,49,49,0.99010989010989,0.99010989010989
lof,lof_k50,pooled,0.95,77,0,107,107,1,47.0,47.0,middle,middle,47,47,0.99010989010989,0.99010989010989
lof,lof_k50,pooled,0.95,77,0,113,113,1,41.0,41.0,middle,middle,41,41,0.9994505494505496,0.9994505494505496
lof,lof_k50,pooled,0.95,77,0,115,118,4,39.0,36.0,middle,middle,39,36,0.9994505494505496,0.9918956043956044
lof,lof_k50,pooled,0.95,77,0,120,122,3,34.0,32.0,middle,middle,34,32,0.9961538461538462,0.9842490842490842
lof,lof_k50,pooled,0.95,77,0,124,154,31,30.0,0.0,near_failure,near_failure,30,0,1.0,0.9987415809996455
lof,lof_k50,pooled,0.95,78,0,1,1,1,230.0,230.0,healthy,healthy,230,230,0.9527472527472528,0.9527472527472528
lof,lof_k50,pooled,0.95,78,0,5,5,1,226.0,226.0,healthy,healthy,226,226,0.962087912087912,0.962087912087912
lof,lof_k50,pooled,0.95,78,0,32,32,1,199.0,199.0,healthy,healthy,199,199,0.967032967032967,0.967032967032967
lof,lof_k50,pooled,0.95,78,0,37,38,2,194.0,193.0,healthy,healthy,194,193,0.9851648351648352,0.976923076923077
lof,lof_k50,pooled,0.95,78,0,62,62,1,169.0,169.0,healthy,healthy,169,169,0.962087912087912,0.962087912087912
lof,lof_k50,pooled,0.95,78,0,80,80,1,151.0,151.0,healthy,healthy,151,151,0.9923076923076924,0.9923076923076924
lof,lof_k50,pooled,0.95,78,0,134,134,1,97.0,97.0,middle,middle,97,97,0.993956043956044,0.993956043956044
lof,lof_k50,pooled,0.95,78,0,166,167,2,65.0,64.0,middle,middle,65,64,0.993956043956044,0.9813186813186814
lof,lof_k50,pooled,0.95,78,0,172,173,2,59.0,58.0,middle,middle,59,58,0.9928571428571428,0.9714285714285713
lof,lof_k50,pooled,0.95,78,0,176,176,1,55.0,55.0,middle,middle,55,55,0.971978021978022,0.971978021978022
lof,lof_k50,pooled,0.95,78,0,180,181,2,51.0,50.0,middle,middle,51,50,0.9950549450549452,0.9947802197802198
lof,lof_k50,pooled,0.95,78,0,184,185,2,47.0,46.0,middle,middle,47,46,0.9807692307692308,0.9763736263736265
lof,lof_k50,pooled,0.95,78,0,187,188,2,44.0,43.0,middle,middle,44,43,0.9956043956043956,0.9925824175824176
lof,lof_k50,pooled,0.95,78,0,190,191,2,41.0,40.0,middle,middle,41,40,0.9994505494505496,0.9947802197802198
lof,lof_k50,pooled,0.95,78,0,193,231,39,38.0,0.0,middle,near_failure,38,0,1.0,0.9981684981684982
lof,lof_k50,pooled,0.95,81,0,5,5,1,235.0,235.0,healthy,healthy,235,235,0.9664835164835164,0.9664835164835164
lof,lof_k50,pooled,0.95,81,0,41,41,1,199.0,199.0,healthy,healthy,199,199,0.99010989010989,0.99010989010989
lof,lof_k50,pooled,0.95,81,0,56,56,1,184.0,184.0,healthy,healthy,184,184,0.9714285714285714,0.9714285714285714
lof,lof_k50,pooled,0.95,81,0,83,84,2,157.0,156.0,healthy,healthy,157,156,0.9923076923076924,0.9810439560439561
lof,lof_k50,pooled,0.95,81,0,89,89,1,151.0,151.0,healthy,healthy,151,151,0.9587912087912088,0.9587912087912088
lof,lof_k50,pooled,0.95,81,0,116,116,1,124.0,124.0,middle,middle,124,124,0.9675824175824176,0.9675824175824176
lof,lof_k50,pooled,0.95,81,0,120,121,2,120.0,119.0,middle,middle,120,119,0.99010989010989,0.9892857142857142
lof,lof_k50,pooled,0.95,81,0,137,137,1,103.0,103.0,middle,middle,103,103,0.9774725274725274,0.9774725274725274
lof,lof_k50,pooled,0.95,81,0,143,144,2,97.0,96.0,middle,middle,97,96,0.9857142857142858,0.9796703296703297
lof,lof_k50,pooled,0.95,81,0,154,154,1,86.0,86.0,middle,middle,86,86,0.9505494505494504,0.9505494505494504
lof,lof_k50,pooled,0.95,81,0,157,157,1,83.0,83.0,middle,middle,83,83,0.9818681318681318,0.9818681318681318
lof,lof_k50,pooled,0.95,81,0,164,164,1,76.0,76.0,middle,middle,76,76,0.9769230769230768,0.9769230769230768
lof,lof_k50,pooled,0.95,81,0,168,169,2,72.0,71.0,middle,middle,72,71,0.9818681318681318,0.9763736263736262
lof,lof_k50,pooled,0.95,81,0,175,176,2,65.0,64.0,middle,middle,65,64,0.9994505494505496,0.9923076923076923
lof,lof_k50,pooled,0.95,81,0,178,179,2,62.0,61.0,middle,middle,62,61,0.9967032967032968,0.9868131868131869
lof,lof_k50,pooled,0.95,81,0,181,182,2,59.0,58.0,middle,middle,59,58,0.9956043956043956,0.9895604395604396
lof,lof_k50,pooled,0.95,81,0,184,187,4,56.0,53.0,middle,middle,56,53,1.0,0.985989010989011
lof,lof_k50,pooled,0.95,81,0,189,240,52,51.0,0.0,middle,near_failure,51,0,1.0,0.9986052409129333
lof,lof_k50,pooled,0.95,89,0,3,3,1,214.0,214.0,healthy,healthy,214,214,0.9686813186813188,0.9686813186813188
lof,lof_k50,pooled,0.95,89,0,17,17,1,200.0,200.0,healthy,healthy,200,200,0.9994505494505496,0.9994505494505496
lof,lof_k50,pooled,0.95,89,0,20,20,1,197.0,197.0,healthy,healthy,197,197,0.960989010989011,0.960989010989011
lof,lof_k50,pooled,0.95,89,0,22,22,1,195.0,195.0,healthy,healthy,195,195,0.960989010989011,0.960989010989011
lof,lof_k50,pooled,0.95,89,0,29,29,1,188.0,188.0,healthy,healthy,188,188,0.9516483516483516,0.9516483516483516
lof,lof_k50,pooled,0.95,89,0,35,35,1,182.0,182.0,healthy,healthy,182,182,0.9846153846153848,0.9846153846153848
lof,lof_k50,pooled,0.95,89,0,47,47,1,170.0,170.0,healthy,healthy,170,170,0.9807692307692308,0.9807692307692308
lof,lof_k50,pooled,0.95,89,0,53,53,1,164.0,164.0,healthy,healthy,164,164,0.9697802197802198,0.9697802197802198
lof,lof_k50,pooled,0.95,89,0,76,76,1,141.0,141.0,healthy,healthy,141,141,0.9697802197802198,0.9697802197802198
lof,lof_k50,pooled,0.95,89,0,113,113,1,104.0,104.0,middle,middle,104,104,0.9945054945054944,0.9945054945054944
lof,lof_k50,pooled,0.95,89,0,154,154,1,63.0,63.0,middle,middle,63,63,0.9741758241758242,0.9741758241758242
lof,lof_k50,pooled,0.95,89,0,173,173,1,44.0,44.0,middle,middle,44,44,0.9802197802197802,0.9802197802197802
lof,lof_k50,pooled,0.95,89,0,175,176,2,42.0,41.0,middle,middle,42,41,0.9835164835164836,0.9824175824175824
lof,lof_k50,pooled,0.95,89,0,178,178,1,39.0,39.0,middle,middle,39,39,0.9868131868131867,0.9868131868131867
lof,lof_k50,pooled,0.95,89,0,181,217,37,36.0,0.0,middle,near_failure,36,0,1.0,0.9985446985446986
lof,lof_k50,pooled,0.95,91,0,6,7,2,129.0,128.0,healthy,healthy,129,128,0.99010989010989,0.9703296703296702
lof,lof_k50,pooled,0.95,91,0,33,33,1,102.0,102.0,middle,middle,102,102,0.9543956043956044,0.9543956043956044
lof,lof_k50,pooled,0.95,91,0,42,42,1,93.0,93.0,middle,middle,93,93,0.9994505494505496,0.9994505494505496
lof,lof_k50,pooled,0.95,91,0,44,44,1,91.0,91.0,middle,middle,91,91,0.9763736263736263,0.9763736263736263
lof,lof_k50,pooled,0.95,91,0,52,52,1,83.0,83.0,middle,middle,83,83,0.9769230769230768,0.9769230769230768
lof,lof_k50,pooled,0.95,91,0,55,56,2,80.0,79.0,middle,middle,80,79,0.9675824175824176,0.9675824175824176
lof,lof_k50,pooled,0.95,91,0,70,70,1,65.0,65.0,middle,middle,65,65,0.987912087912088,0.987912087912088
lof,lof_k50,pooled,0.95,91,0,73,73,1,62.0,62.0,middle,middle,62,62,0.9851648351648352,0.9851648351648352
lof,lof_k50,pooled,0.95,91,0,75,79,5,60.0,56.0,middle,middle,60,56,0.9983516483516484,0.9880219780219779
lof,lof_k50,pooled,0.95,91,0,82,89,8,53.0,46.0,middle,middle,53,46,1.0,0.9911401098901098
lof,lof_k50,pooled,0.95,91,0,91,135,45,44.0,0.0,middle,near_failure,44,0,1.0,0.9992796092796093
lof,lof_k50,pooled,0.975,1,0,28,28,1,164.0,164.0,healthy,healthy,164,164,0.9873626373626374,0.9873626373626374
lof,lof_k50,pooled,0.975,1,0,52,52,1,140.0,140.0,healthy,healthy,140,140,0.9807692307692308,0.9807692307692308
lof,lof_k50,pooled,0.975,1,0,108,108,1,84.0,84.0,middle,middle,84,84,0.9818681318681318,0.9818681318681318
lof,lof_k50,pooled,0.975,1,0,152,152,1,40.0,40.0,middle,middle,40,40,0.9972527472527472,0.9972527472527472
lof,lof_k50,pooled,0.975,1,0,156,156,1,36.0,36.0,middle,middle,36,36,0.9961538461538462,0.9961538461538462
lof,lof_k50,pooled,0.975,1,0,160,160,1,32.0,32.0,middle,middle,32,32,1.0,1.0
lof,lof_k50,pooled,0.975,1,0,162,192,31,30.0,0.0,near_failure,near_failure,30,0,1.0,0.9996986884083658
lof,lof_k50,pooled,0.975,5,0,74,75,2,195.0,194.0,healthy,healthy,195,194,0.9884615384615384,0.9865384615384616
lof,lof_k50,pooled,0.975,5,0,123,123,1,146.0,146.0,healthy,healthy,146,146,0.989010989010989,0.989010989010989
lof,lof_k50,pooled,0.975,5,0,137,137,1,132.0,132.0,healthy,healthy,132,132,0.9835164835164836,0.9835164835164836
lof,lof_k50,pooled,0.975,5,0,141,141,1,128.0,128.0,healthy,healthy,128,128,0.987912087912088,0.987912087912088
lof,lof_k50,pooled,0.975,5,0,152,152,1,117.0,117.0,middle,middle,117,117,0.9983516483516484,0.9983516483516484
lof,lof_k50,pooled,0.975,5,0,155,155,1,114.0,114.0,middle,middle,114,114,0.9802197802197802,0.9802197802197802
lof,lof_k50,pooled,0.975,5,0,158,158,1,111.0,111.0,middle,middle,111,111,0.9972527472527472,0.9972527472527472
lof,lof_k50,pooled,0.975,5,0,160,160,1,109.0,109.0,middle,middle,109,109,0.9983516483516484,0.9983516483516484
lof,lof_k50,pooled,0.975,5,0,163,163,1,106.0,106.0,middle,middle,106,106,0.9917582417582418,0.9917582417582418
lof,lof_k50,pooled,0.975,5,0,165,165,1,104.0,104.0,middle,middle,104,104,0.9956043956043956,0.9956043956043956
lof,lof_k50,pooled,0.975,5,0,168,170,3,101.0,99.0,middle,middle,101,99,1.0,0.9978021978021978
lof,lof_k50,pooled,0.975,5,0,172,173,2,97.0,96.0,middle,middle,97,96,0.9994505494505496,0.9947802197802198
lof,lof_k50,pooled,0.975,5,0,177,178,2,92.0,91.0,middle,middle,92,91,0.9961538461538462,0.9906593406593407
lof,lof_k50,pooled,0.975,5,0,180,269,90,89.0,0.0,middle,near_failure,89,0,1.0,0.9997252747252747
lof,lof_k50,pooled,0.975,10,0,103,103,1,119.0,119.0,middle,middle,119,119,0.9923076923076924,0.9923076923076924
lof,lof_k50,pooled,0.975,10,0,155,155,1,67.0,67.0,middle,middle,67,67,0.9945054945054944,0.9945054945054944
lof,lof_k50,pooled,0.975,10,0,157,158,2,65.0,64.0,middle,middle,65,64,0.9978021978021978,0.9923076923076923
lof,lof_k50,pooled,0.975,10,0,165,166,2,57.0,56.0,middle,middle,57,56,0.9956043956043956,0.993956043956044
lof,lof_k50,pooled,0.975,10,0,169,169,1,53.0,53.0,middle,middle,53,53,0.9978021978021978,0.9978021978021978
lof,lof_k50,pooled,0.975,10,0,171,173,3,51.0,49.0,middle,middle,51,49,0.9994505494505496,0.989010989010989
lof,lof_k50,pooled,0.975,10,0,175,178,4,47.0,44.0,middle,middle,47,44,1.0,0.9938186813186813
lof,lof_k50,pooled,0.975,10,0,180,222,43,42.0,0.0,middle,near_failure,42,0,1.0,0.9996677740863787
lof,lof_k50,pooled,0.975,11,0,25,25,1,215.0,215.0,healthy,healthy,215,215,0.9994505494505496,0.9994505494505496
lof,lof_k50,pooled,0.975,11,0,50,50,1,190.0,190.0,healthy,healthy,190,190,0.9956043956043956,0.9956043956043956
lof,lof_k50,pooled,0.975,11,0,136,136,1,104.0,104.0,middle,middle,104,104,0.987912087912088,0.987912087912088
lof,lof_k50,pooled,0.975,11,0,157,157,1,83.0,83.0,middle,middle,83,83,0.9851648351648352,0.9851648351648352
lof,lof_k50,pooled,0.975,11,0,170,175,6,70.0,65.0,middle,middle,70,65,0.993956043956044,0.9878205128205129
lof,lof_k50,pooled,0.975,11,0,178,179,2,62.0,61.0,middle,middle,62,61,0.9989010989010988,0.996978021978022
lof,lof_k50,pooled,0.975,11,0,181,240,60,59.0,0.0,middle,near_failure,59,0,1.0,0.9996703296703298
lof,lof_k50,pooled,0.975,13,0,5,5,1,158.0,158.0,healthy,healthy,158,158,0.99010989010989,0.99010989010989
lof,lof_k50,pooled,0.975,13,0,92,92,1,71.0,71.0,middle,middle,71,71,0.9945054945054944,0.9945054945054944
lof,lof_k50,pooled,0.975,13,0,95,95,1,68.0,68.0,middle,middle,68,68,0.9851648351648352,0.9851648351648352
lof,lof_k50,pooled,0.975,13,0,104,104,1,59.0,59.0,middle,middle,59,59,0.9884615384615384,0.9884615384615384
lof,lof_k50,pooled,0.975,13,0,106,107,2,57.0,56.0,middle,middle,57,56,0.9961538461538462,0.9895604395604395
lof,lof_k50,pooled,0.975,13,0,109,112,4,54.0,51.0,middle,middle,54,51,0.9994505494505496,0.996978021978022
lof,lof_k50,pooled,0.975,13,0,114,163,50,49.0,0.0,middle,near_failure,49,0,1.0,0.9995934065934066
lof,lof_k50,pooled,0.975,16,0,7,7,1,202.0,202.0,healthy,healthy,202,202,0.9961538461538462,0.9961538461538462
lof,lof_k50,pooled,0.975,16,0,17,17,1,192.0,192.0,healthy,healthy,192,192,0.9829670329670328,0.9829670329670328
lof,lof_k50,pooled,0.975,16,0,28,28,1,181.0,181.0,healthy,healthy,181,181,0.9835164835164836,0.9835164835164836
lof,lof_k50,pooled,0.975,16,0,73,73,1,136.0,136.0,healthy,healthy,136,136,0.99010989010989,0.99010989010989
lof,lof_k50,pooled,0.975,16,0,78,78,1,131.0,131.0,healthy,healthy,131,131,0.987912087912088,0.987912087912088
lof,lof_k50,pooled,0.975,16,0,83,83,1,126.0,126.0,healthy,healthy,126,126,0.9923076923076924,0.9923076923076924
lof,lof_k50,pooled,0.975,16,0,88,88,1,121.0,121.0,middle,middle,121,121,0.987912087912088,0.987912087912088
lof,lof_k50,pooled,0.975,16,0,97,97,1,112.0,112.0,middle,middle,112,112,0.9807692307692308,0.9807692307692308
lof,lof_k50,pooled,0.975,16,0,104,105,2,105.0,104.0,middle,middle,105,104,0.9994505494505496,0.9906593406593407
lof,lof_k50,pooled,0.975,16,0,112,112,1,97.0,97.0,middle,middle,97,97,0.9807692307692308,0.9807692307692308
lof,lof_k50,pooled,0.975,16,0,116,117,2,93.0,92.0,middle,middle,93,92,0.9994505494505496,0.9975274725274725
lof,lof_k50,pooled,0.975,16,0,120,122,3,89.0,87.0,middle,middle,89,87,0.9994505494505496,0.9976190476190476
lof,lof_k50,pooled,0.975,16,0,124,124,1,85.0,85.0,middle,middle,85,85,0.9818681318681318,0.9818681318681318
lof,lof_k50,pooled,0.975,16,0,128,129,2,81.0,80.0,middle,middle,81,80,0.9983516483516484,0.9895604395604396
lof,lof_k50,pooled,0.975,16,0,131,133,3,78.0,76.0,middle,middle,78,76,1.0,0.9998168498168498
lof,lof_k50,pooled,0.975,16,0,135,143,9,74.0,66.0,middle,middle,74,66,1.0,0.9961538461538461
lof,lof_k50,pooled,0.975,16,0,146,152,7,63.0,57.0,middle,middle,63,57,1.0,0.9937990580847724
lof,lof_k50,pooled,0.975,16,0,154,154,1,55.0,55.0,middle,middle,55,55,1.0,1.0
lof,lof_k50,pooled,0.975,16,0,156,209,54,53.0,0.0,middle,near_failure,53,0,1.0,0.9995726495726496
lof,lof_k50,pooled,0.975,27,0,52,52,1,104.0,104.0,middle,middle,104,104,0.9923076923076924,0.9923076923076924
lof,lof_k50,pooled,0.975,27,0,80,80,1,76.0,76.0,middle,middle,76,76,0.9868131868131867,0.9868131868131867
lof,lof_k50,pooled,0.975,27,0,82,82,1,74.0,74.0,middle,middle,74,74,0.9835164835164836,0.9835164835164836
lof,lof_k50,pooled,0.975,27,0,85,85,1,71.0,71.0,middle,middle,71,71,0.9873626373626374,0.9873626373626374
lof,lof_k50,pooled,0.975,27,0,92,92,1,64.0,64.0,middle,middle,64,64,0.9818681318681318,0.9818681318681318
lof,lof_k50,pooled,0.975,27,0,94,99,6,62.0,57.0,middle,middle,62,57,0.9994505494505496,0.9972527472527473
lof,lof_k50,pooled,0.975,27,0,102,103,2,54.0,53.0,middle,middle,54,53,0.9994505494505496,0.9994505494505496
lof,lof_k50,pooled,0.975,27,0,105,107,3,51.0,49.0,middle,middle,51,49,1.0,0.991941391941392
lof,lof_k50,pooled,0.975,27,0,109,156,48,47.0,0.0,middle,near_failure,47,0,1.0,0.9999885531135532
lof,lof_k50,pooled,0.975,31,0,10,10,1,224.0,224.0,healthy,healthy,224,224,0.9807692307692308,0.9807692307692308
lof,lof_k50,pooled,0.975,31,0,18,18,1,216.0,216.0,healthy,healthy,216,216,0.9758241758241758,0.9758241758241758
lof,lof_k50,pooled,0.975,31,0,48,48,1,186.0,186.0,healthy,healthy,186,186,0.9846153846153848,0.9846153846153848
lof,lof_k50,pooled,0.975,31,0,75,75,1,159.0,159.0,healthy,healthy,159,159,0.9961538461538462,0.9961538461538462
lof,lof_k50,pooled,0.975,31,0,92,92,1,142.0,142.0,healthy,healthy,142,142,0.9796703296703296,0.9796703296703296
lof,lof_k50,pooled,0.975,31,0,126,126,1,108.0,108.0,middle,middle,108,108,0.9807692307692308,0.9807692307692308
lof,lof_k50,pooled,0.975,31,0,135,135,1,99.0,99.0,middle,middle,99,99,0.9983516483516484,0.9983516483516484
lof,lof_k50,pooled,0.975,31,0,167,167,1,67.0,67.0,middle,middle,67,67,0.9961538461538462,0.9961538461538462
lof,lof_k50,pooled,0.975,31,0,176,176,1,58.0,58.0,middle,middle,58,58,0.9774725274725274,0.9774725274725274
lof,lof_k50,pooled,0.975,31,0,198,234,37,36.0,0.0,middle,near_failure,36,0,1.0,0.9984407484407485
lof,lof_k50,pooled,0.975,34,0,25,25,1,170.0,170.0,healthy,healthy,170,170,0.9862637362637364,0.9862637362637364
lof,lof_k50,pooled,0.975,34,0,93,93,1,102.0,102.0,middle,middle,102,102,0.9989010989010988,0.9989010989010988
lof,lof_k50,pooled,0.975,34,0,106,106,1,89.0,89.0,middle,middle,89,89,0.9763736263736263,0.9763736263736263
lof,lof_k50,pooled,0.975,34,0,121,137,17,74.0,58.0,middle,middle,74,58,1.0,0.9947963800904978
lof,lof_k50,pooled,0.975,34,0,139,195,57,56.0,0.0,middle,near_failure,56,0,1.0,1.0
lof,lof_k50,pooled,0.975,40,0,39,39,1,149.0,149.0,healthy,healthy,149,149,0.9807692307692308,0.9807692307692308
lof,lof_k50,pooled,0.975,40,0,68,69,2,120.0,119.0,middle,middle,120,119,0.9835164835164836,0.9818681318681319
lof,lof_k50,pooled,0.975,40,0,81,81,1,107.0,107.0,middle,middle,107,107,0.9802197802197802,0.9802197802197802
lof,lof_k50,pooled,0.975,40,0,86,87,2,102.0,101.0,middle,middle,102,101,0.9989010989010988,0.9964285714285714
lof,lof_k50,pooled,0.975,40,0,95,95,1,93.0,93.0,middle,middle,93,93,0.9961538461538462,0.9961538461538462
lof,lof_k50,pooled,0.975,40,0,98,98,1,90.0,90.0,middle,middle,90,90,0.9934065934065934,0.9934065934065934
lof,lof_k50,pooled,0.975,40,0,102,102,1,86.0,86.0,middle,middle,86,86,0.9873626373626374,0.9873626373626374
lof,lof_k50,pooled,0.975,40,0,106,108,3,82.0,80.0,middle,middle,82,80,0.9989010989010988,0.9961538461538462
lof,lof_k50,pooled,0.975,40,0,110,110,1,78.0,78.0,middle,middle,78,78,0.9873626373626374,0.9873626373626374
lof,lof_k50,pooled,0.975,40,0,114,114,1,74.0,74.0,middle,middle,74,74,0.9884615384615384,0.9884615384615384
lof,lof_k50,pooled,0.975,40,0,116,122,7,72.0,66.0,middle,middle,72,66,1.0,0.9948194662480377
lof,lof_k50,pooled,0.975,40,0,124,188,65,64.0,0.0,middle,near_failure,64,0,1.0,0.9991969568892647
lof,lof_k50,pooled,0.975,41,0,68,68,1,148.0,148.0,healthy,healthy,148,148,0.9846153846153848,0.9846153846153848
lof,lof_k50,pooled,0.975,41,0,75,75,1,141.0,141.0,healthy,healthy,141,141,0.989010989010989,0.989010989010989
lof,lof_k50,pooled,0.975,41,0,84,84,1,132.0,132.0,healthy,healthy,132,132,0.99010989010989,0.99010989010989
lof,lof_k50,pooled,0.975,41,0,103,103,1,113.0,113.0,middle,middle,113,113,0.9835164835164836,0.9835164835164836
lof,lof_k50,pooled,0.975,41,0,106,106,1,110.0,110.0,middle,middle,110,110,0.9829670329670328,0.9829670329670328
lof,lof_k50,pooled,0.975,41,0,120,121,2,96.0,95.0,middle,middle,96,95,0.9961538461538462,0.9898351648351649
lof,lof_k50,pooled,0.975,41,0,128,128,1,88.0,88.0,middle,middle,88,88,0.9923076923076924,0.9923076923076924
lof,lof_k50,pooled,0.975,41,0,131,132,2,85.0,84.0,middle,middle,85,84,1.0,0.9925824175824176
lof,lof_k50,pooled,0.975,41,0,139,141,3,77.0,75.0,middle,middle,77,75,0.9994505494505496,0.9952380952380953
lof,lof_k50,pooled,0.975,41,0,144,216,73,72.0,0.0,middle,near_failure,72,0,1.0,0.9994881830498269
lof,lof_k50,pooled,0.975,45,0,45,45,1,113.0,113.0,middle,middle,113,113,0.9774725274725274,0.9774725274725274
lof,lof_k50,pooled,0.975,45,0,47,47,1,111.0,111.0,middle,middle,111,111,0.99010989010989,0.99010989010989
lof,lof_k50,pooled,0.975,45,0,53,53,1,105.0,105.0,middle,middle,105,105,0.9774725274725274,0.9774725274725274
lof,lof_k50,pooled,0.975,45,0,65,65,1,93.0,93.0,middle,middle,93,93,0.99010989010989,0.99010989010989
lof,lof_k50,pooled,0.975,45,0,70,70,1,88.0,88.0,middle,middle,88,88,0.978021978021978,0.978021978021978
lof,lof_k50,pooled,0.975,45,0,77,77,1,81.0,81.0,middle,middle,81,81,0.9818681318681318,0.9818681318681318
lof,lof_k50,pooled,0.975,45,0,83,83,1,75.0,75.0,middle,middle,75,75,0.9774725274725274,0.9774725274725274
lof,lof_k50,pooled,0.975,45,0,87,87,1,71.0,71.0,middle,middle,71,71,0.9835164835164836,0.9835164835164836
lof,lof_k50,pooled,0.975,45,0,91,91,1,67.0,67.0,middle,middle,67,67,0.989010989010989,0.989010989010989
lof,lof_k50,pooled,0.975,45,0,97,100,4,61.0,58.0,middle,middle,61,58,0.9994505494505496,0.9910714285714286
lof,lof_k50,pooled,0.975,45,0,103,104,2,55.0,54.0,middle,middle,55,54,0.9972527472527472,0.9931318681318682
lof,lof_k50,pooled,0.975,45,0,106,106,1,52.0,52.0,middle,middle,52,52,0.9956043956043956,0.9956043956043956
lof,lof_k50,pooled,0.975,45,0,108,108,1,50.0,50.0,middle,middle,50,50,0.9950549450549452,0.9950549450549452
lof,lof_k50,pooled,0.975,45,0,110,111,2,48.0,47.0,middle,middle,48,47,0.9972527472527472,0.992032967032967
lof,lof_k50,pooled,0.975,45,0,113,114,2,45.0,44.0,middle,middle,45,44,1.0,0.9978021978021978
lof,lof_k50,pooled,0.975,45,0,116,118,3,42.0,40.0,middle,middle,42,40,1.0,0.9985347985347985
lof,lof_k50,pooled,0.975,45,0,120,124,5,38.0,34.0,middle,middle,38,34,1.0,0.9975824175824176
lof,lof_k50,pooled,0.975,45,0,126,158,33,32.0,0.0,middle,near_failure,32,0,1.0,0.9999000999000999
lof,lof_k50,pooled,0.975,46,0,64,64,1,192.0,192.0,healthy,healthy,192,192,0.9923076923076924,0.9923076923076924
lof,lof_k50,pooled,0.975,46,0,74,74,1,182.0,182.0,healthy,healthy,182,182,0.9835164835164836,0.9835164835164836
lof,lof_k50,pooled,0.975,46,0,111,111,1,145.0,145.0,healthy,healthy,145,145,0.9835164835164836,0.9835164835164836
lof,lof_k50,pooled,0.975,46,0,121,121,1,135.0,135.0,healthy,healthy,135,135,0.9923076923076924,0.9923076923076924
lof,lof_k50,pooled,0.975,46,0,174,174,1,82.0,82.0,middle,middle,82,82,0.9796703296703296,0.9796703296703296
lof,lof_k50,pooled,0.975,46,0,193,193,1,63.0,63.0,middle,middle,63,63,0.989010989010989,0.989010989010989
lof,lof_k50,pooled,0.975,46,0,197,197,1,59.0,59.0,middle,middle,59,59,0.9873626373626374,0.9873626373626374
lof,lof_k50,pooled,0.975,46,0,203,203,1,53.0,53.0,middle,middle,53,53,0.9873626373626374,0.9873626373626374
lof,lof_k50,pooled,0.975,46,0,209,209,1,47.0,47.0,middle,middle,47,47,0.99010989010989,0.99010989010989
lof,lof_k50,pooled,0.975,46,0,211,211,1,45.0,45.0,middle,middle,45,45,0.9956043956043956,0.9956043956043956
lof,lof_k50,pooled,0.975,46,0,217,221,5,39.0,35.0,middle,middle,39,35,1.0,0.9995604395604396
lof,lof_k50,pooled,0.975,46,0,224,225,2,32.0,31.0,middle,middle,32,31,1.0,0.9986263736263736
lof,lof_k50,pooled,0.975,46,0,227,256,30,29.0,0.0,near_failure,near_failure,29,0,1.0,0.999981684981685
lof,lof_k50,pooled,0.975,54,0,41,41,1,216.0,216.0,healthy,healthy,216,216,0.9857142857142858,0.9857142857142858
lof,lof_k50,pooled,0.975,54,0,116,116,1,141.0,141.0,healthy,healthy,141,141,0.9769230769230768,0.9769230769230768
lof,lof_k50,pooled,0.975,54,0,145,145,1,112.0,112.0,middle,middle,112,112,0.9862637362637364,0.9862637362637364
lof,lof_k50,pooled,0.975,54,0,152,152,1,105.0,105.0,middle,middle,105,105,0.9862637362637364,0.9862637362637364
lof,lof_k50,pooled,0.975,54,0,160,161,2,97.0,96.0,middle,middle,97,96,0.9956043956043956,0.9953296703296703
lof,lof_k50,pooled,0.975,54,0,163,164,2,94.0,93.0,middle,middle,94,93,0.99010989010989,0.9873626373626374
lof,lof_k50,pooled,0.975,54,0,168,168,1,89.0,89.0,middle,middle,89,89,0.9994505494505496,0.9994505494505496
lof,lof_k50,pooled,0.975,54,0,170,170,1,87.0,87.0,middle,middle,87,87,0.993956043956044,0.993956043956044
lof,lof_k50,pooled,0.975,54,0,173,175,3,84.0,82.0,middle,middle,84,82,0.9994505494505496,0.9972527472527473
lof,lof_k50,pooled,0.975,54,0,177,178,2,80.0,79.0,middle,middle,80,79,0.9945054945054944,0.9881868131868131
lof,lof_k50,pooled,0.975,54,0,180,183,4,77.0,74.0,middle,middle,77,74,1.0,0.9993131868131868
lof,lof_k50,pooled,0.975,54,0,185,257,73,72.0,0.0,middle,near_failure,72,0,1.0,0.9998344121631794
lof,lof_k50,pooled,0.975,74,0,51,51,1,115.0,115.0,middle,middle,115,115,0.987912087912088,0.987912087912088
lof,lof_k50,pooled,0.975,74,0,57,57,1,109.0,109.0,middle,middle,109,109,0.9769230769230768,0.9769230769230768
lof,lof_k50,pooled,0.975,74,0,128,128,1,38.0,38.0,middle,middle,38,38,0.9950549450549452,0.9950549450549452
lof,lof_k50,pooled,0.975,74,0,131,132,2,35.0,34.0,middle,middle,35,34,0.9884615384615384,0.9857142857142855
lof,lof_k50,pooled,0.975,74,0,136,137,2,30.0,29.0,near_failure,near_failure,30,29,0.993956043956044,0.9920329670329671
lof,lof_k50,pooled,0.975,74,0,140,143,4,26.0,23.0,near_failure,near_failure,26,23,1.0,0.9947802197802198
lof,lof_k50,pooled,0.975,74,0,145,166,22,21.0,0.0,near_failure,near_failure,21,0,1.0,0.9997752247752248
lof,lof_k50,pooled,0.975,77,0,23,23,1,131.0,131.0,healthy,healthy,131,131,1.0,1.0
lof,lof_k50,pooled,0.975,77,0,35,35,1,119.0,119.0,middle,middle,119,119,0.9983516483516484,0.9983516483516484
lof,lof_k50,pooled,0.975,77,0,61,61,1,93.0,93.0,middle,middle,93,93,0.9967032967032968,0.9967032967032968
lof,lof_k50,pooled,0.975,77,0,80,80,1,74.0,74.0,middle,middle,74,74,0.99010989010989,0.99010989010989
lof,lof_k50,pooled,0.975,77,0,95,95,1,59.0,59.0,middle,middle,59,59,0.9813186813186812,0.9813186813186812
lof,lof_k50,pooled,0.975,77,0,99,99,1,55.0,55.0,middle,middle,55,55,0.9983516483516484,0.9983516483516484
lof,lof_k50,pooled,0.975,77,0,105,105,1,49.0,49.0,middle,middle,49,49,0.99010989010989,0.99010989010989
lof,lof_k50,pooled,0.975,77,0,107,107,1,47.0,47.0,middle,middle,47,47,0.99010989010989,0.99010989010989
lof,lof_k50,pooled,0.975,77,0,113,113,1,41.0,41.0,middle,middle,41,41,0.9994505494505496,0.9994505494505496
lof,lof_k50,pooled,0.975,77,0,115,115,1,39.0,39.0,middle,middle,39,39,0.993956043956044,0.993956043956044
lof,lof_k50,pooled,0.975,77,0,117,118,2,37.0,36.0,middle,middle,37,36,0.9994505494505496,0.9994505494505496
lof,lof_k50,pooled,0.975,77,0,120,122,3,34.0,32.0,middle,middle,34,32,0.9961538461538462,0.9842490842490842
lof,lof_k50,pooled,0.975,77,0,124,125,2,30.0,29.0,near_failure,near_failure,30,29,1.0,0.996978021978022
lof,lof_k50,pooled,0.975,77,0,127,154,28,27.0,0.0,near_failure,near_failure,27,0,1.0,0.9998430141287284
lof,lof_k50,pooled,0.975,78,0,37,37,1,194.0,194.0,healthy,healthy,194,194,0.9851648351648352,0.9851648351648352
lof,lof_k50,pooled,0.975,78,0,80,80,1,151.0,151.0,healthy,healthy,151,151,0.9923076923076924,0.9923076923076924
lof,lof_k50,pooled,0.975,78,0,134,134,1,97.0,97.0,middle,middle,97,97,0.993956043956044,0.993956043956044
lof,lof_k50,pooled,0.975,78,0,167,167,1,64.0,64.0,middle,middle,64,64,0.993956043956044,0.993956043956044
lof,lof_k50,pooled,0.975,78,0,173,173,1,58.0,58.0,middle,middle,58,58,0.9928571428571428,0.9928571428571428
lof,lof_k50,pooled,0.975,78,0,180,181,2,51.0,50.0,middle,middle,51,50,0.9950549450549452,0.9947802197802198
lof,lof_k50,pooled,0.975,78,0,184,184,1,47.0,47.0,middle,middle,47,47,0.9807692307692308,0.9807692307692308
lof,lof_k50,pooled,0.975,78,0,187,188,2,44.0,43.0,middle,middle,44,43,0.9956043956043956,0.9925824175824176
lof,lof_k50,pooled,0.975,78,0,190,191,2,41.0,40.0,middle,middle,41,40,0.9994505494505496,0.9947802197802198
lof,lof_k50,pooled,0.975,78,0,193,193,1,38.0,38.0,middle,middle,38,38,0.9846153846153848,0.9846153846153848
lof,lof_k50,pooled,0.975,78,0,195,231,37,36.0,0.0,middle,near_failure,36,0,1.0,0.9997326997326997
lof,lof_k50,pooled,0.975,81,0,41,41,1,199.0,199.0,healthy,healthy,199,199,0.99010989010989,0.99010989010989
lof,lof_k50,pooled,0.975,81,0,83,83,1,157.0,157.0,healthy,healthy,157,157,0.9923076923076924,0.9923076923076924
lof,lof_k50,pooled,0.975,81,0,120,121,2,120.0,119.0,middle,middle,120,119,0.99010989010989,0.9892857142857142
lof,lof_k50,pooled,0.975,81,0,137,137,1,103.0,103.0,middle,middle,103,103,0.9774725274725274,0.9774725274725274
lof,lof_k50,pooled,0.975,81,0,143,143,1,97.0,97.0,middle,middle,97,97,0.9857142857142858,0.9857142857142858
lof,lof_k50,pooled,0.975,81,0,157,157,1,83.0,83.0,middle,middle,83,83,0.9818681318681318,0.9818681318681318
lof,lof_k50,pooled,0.975,81,0,164,164,1,76.0,76.0,middle,middle,76,76,0.9769230769230768,0.9769230769230768
lof,lof_k50,pooled,0.975,81,0,169,169,1,71.0,71.0,middle,middle,71,71,0.9818681318681318,0.9818681318681318
lof,lof_k50,pooled,0.975,81,0,175,176,2,65.0,64.0,middle,middle,65,64,0.9994505494505496,0.9923076923076923
lof,lof_k50,pooled,0.975,81,0,178,179,2,62.0,61.0,middle,middle,62,61,0.9967032967032968,0.9868131868131869
lof,lof_k50,pooled,0.975,81,0,181,182,2,59.0,58.0,middle,middle,59,58,0.9956043956043956,0.9895604395604396
lof,lof_k50,pooled,0.975,81,0,184,187,4,56.0,53.0,middle,middle,56,53,1.0,0.985989010989011
lof,lof_k50,pooled,0.975,81,0,189,189,1,51.0,51.0,middle,middle,51,51,0.9945054945054944,0.9945054945054944
lof,lof_k50,pooled,0.975,81,0,191,201,11,49.0,39.0,middle,middle,49,39,1.0,0.9992007992007992
lof,lof_k50,pooled,0.975,81,0,203,240,38,37.0,0.0,middle,near_failure,37,0,1.0,1.0
lof,lof_k50,pooled,0.975,89,0,17,17,1,200.0,200.0,healthy,healthy,200,200,0.9994505494505496,0.9994505494505496
lof,lof_k50,pooled,0.975,89,0,35,35,1,182.0,182.0,healthy,healthy,182,182,0.9846153846153848,0.9846153846153848
lof,lof_k50,pooled,0.975,89,0,47,47,1,170.0,170.0,healthy,healthy,170,170,0.9807692307692308,0.9807692307692308
lof,lof_k50,pooled,0.975,89,0,113,113,1,104.0,104.0,middle,middle,104,104,0.9945054945054944,0.9945054945054944
lof,lof_k50,pooled,0.975,89,0,173,173,1,44.0,44.0,middle,middle,44,44,0.9802197802197802,0.9802197802197802
lof,lof_k50,pooled,0.975,89,0,175,176,2,42.0,41.0,middle,middle,42,41,0.9835164835164836,0.9824175824175824
lof,lof_k50,pooled,0.975,89,0,178,178,1,39.0,39.0,middle,middle,39,39,0.9868131868131867,0.9868131868131867
lof,lof_k50,pooled,0.975,89,0,181,217,37,36.0,0.0,middle,near_failure,36,0,1.0,0.9985446985446986
lof,lof_k50,pooled,0.975,91,0,7,7,1,128.0,128.0,healthy,healthy,128,128,0.99010989010989,0.99010989010989
lof,lof_k50,pooled,0.975,91,0,42,42,1,93.0,93.0,middle,middle,93,93,0.9994505494505496,0.9994505494505496
lof,lof_k50,pooled,0.975,91,0,44,44,1,91.0,91.0,middle,middle,91,91,0.9763736263736263,0.9763736263736263
lof,lof_k50,pooled,0.975,91,0,52,52,1,83.0,83.0,middle,middle,83,83,0.9769230769230768,0.9769230769230768
lof,lof_k50,pooled,0.975,91,0,70,70,1,65.0,65.0,middle,middle,65,65,0.987912087912088,0.987912087912088
lof,lof_k50,pooled,0.975,91,0,73,73,1,62.0,62.0,middle,middle,62,62,0.9851648351648352,0.9851648351648352
lof,lof_k50,pooled,0.975,91,0,75,79,5,60.0,56.0,middle,middle,60,56,0.9983516483516484,0.9880219780219779
lof,lof_k50,pooled,0.975,91,0,82,82,1,53.0,53.0,middle,middle,53,53,0.9868131868131867,0.9868131868131867
lof,lof_k50,pooled,0.975,91,0,84,89,6,51.0,46.0,middle,middle,51,46,1.0,0.9967032967032967
lof,lof_k50,pooled,0.975,91,0,91,135,45,44.0,0.0,middle,near_failure,44,0,1.0,0.9992796092796093
lof,lof_k50,pooled,0.99,1,0,152,152,1,40.0,40.0,middle,middle,40,40,0.9972527472527472,0.9972527472527472
lof,lof_k50,pooled,0.99,1,0,156,156,1,36.0,36.0,middle,middle,36,36,0.9961538461538462,0.9961538461538462
lof,lof_k50,pooled,0.99,1,0,160,160,1,32.0,32.0,middle,middle,32,32,1.0,1.0
lof,lof_k50,pooled,0.99,1,0,162,192,31,30.0,0.0,near_failure,near_failure,30,0,1.0,0.9996986884083658
lof,lof_k50,pooled,0.99,5,0,152,152,1,117.0,117.0,middle,middle,117,117,0.9983516483516484,0.9983516483516484
lof,lof_k50,pooled,0.99,5,0,158,158,1,111.0,111.0,middle,middle,111,111,0.9972527472527472,0.9972527472527472
lof,lof_k50,pooled,0.99,5,0,160,160,1,109.0,109.0,middle,middle,109,109,0.9983516483516484,0.9983516483516484
lof,lof_k50,pooled,0.99,5,0,163,163,1,106.0,106.0,middle,middle,106,106,0.9917582417582418,0.9917582417582418
lof,lof_k50,pooled,0.99,5,0,165,165,1,104.0,104.0,middle,middle,104,104,0.9956043956043956,0.9956043956043956
lof,lof_k50,pooled,0.99,5,0,168,170,3,101.0,99.0,middle,middle,101,99,1.0,0.9978021978021978
lof,lof_k50,pooled,0.99,5,0,172,173,2,97.0,96.0,middle,middle,97,96,0.9994505494505496,0.9947802197802198
lof,lof_k50,pooled,0.99,5,0,177,177,1,92.0,92.0,middle,middle,92,92,0.9961538461538462,0.9961538461538462
lof,lof_k50,pooled,0.99,5,0,180,269,90,89.0,0.0,middle,near_failure,89,0,1.0,0.9997252747252747
lof,lof_k50,pooled,0.99,10,0,103,103,1,119.0,119.0,middle,middle,119,119,0.9923076923076924,0.9923076923076924
lof,lof_k50,pooled,0.99,10,0,155,155,1,67.0,67.0,middle,middle,67,67,0.9945054945054944,0.9945054945054944
lof,lof_k50,pooled,0.99,10,0,158,158,1,64.0,64.0,middle,middle,64,64,0.9978021978021978,0.9978021978021978
lof,lof_k50,pooled,0.99,10,0,165,166,2,57.0,56.0,middle,middle,57,56,0.9956043956043956,0.993956043956044
lof,lof_k50,pooled,0.99,10,0,169,169,1,53.0,53.0,middle,middle,53,53,0.9978021978021978,0.9978021978021978
lof,lof_k50,pooled,0.99,10,0,172,173,2,50.0,49.0,middle,middle,50,49,0.9994505494505496,0.9947802197802198
lof,lof_k50,pooled,0.99,10,0,176,178,3,46.0,44.0,middle,middle,46,44,1.0,0.9992673992673993
lof,lof_k50,pooled,0.99,10,0,180,180,1,42.0,42.0,middle,middle,42,42,0.9983516483516484,0.9983516483516484
lof,lof_k50,pooled,0.99,10,0,182,222,41,40.0,0.0,middle,near_failure,40,0,1.0,0.9999463950683464
lof,lof_k50,pooled,0.99,11,0,25,25,1,215.0,215.0,healthy,healthy,215,215,0.9994505494505496,0.9994505494505496
lof,lof_k50,pooled,0.99,11,0,50,50,1,190.0,190.0,healthy,healthy,190,190,0.9956043956043956,0.9956043956043956
lof,lof_k50,pooled,0.99,11,0,172,172,1,68.0,68.0,middle,middle,68,68,0.993956043956044,0.993956043956044
lof,lof_k50,pooled,0.99,11,0,175,175,1,65.0,65.0,middle,middle,65,65,0.99010989010989,0.99010989010989
lof,lof_k50,pooled,0.99,11,0,178,179,2,62.0,61.0,middle,middle,62,61,0.9989010989010988,0.996978021978022
lof,lof_k50,pooled,0.99,11,0,181,240,60,59.0,0.0,middle,near_failure,59,0,1.0,0.9996703296703298
lof,lof_k50,pooled,0.99,13,0,5,5,1,158.0,158.0,healthy,healthy,158,158,0.99010989010989,0.99010989010989
lof,lof_k50,pooled,0.99,13,0,92,92,1,71.0,71.0,middle,middle,71,71,0.9945054945054944,0.9945054945054944
lof,lof_k50,pooled,0.99,13,0,106,106,1,57.0,57.0,middle,middle,57,57,0.9961538461538462,0.9961538461538462
lof,lof_k50,pooled,0.99,13,0,109,112,4,54.0,51.0,middle,middle,54,51,0.9994505494505496,0.996978021978022
lof,lof_k50,pooled,0.99,13,0,114,163,50,49.0,0.0,middle,near_failure,49,0,1.0,0.9995934065934066
lof,lof_k50,pooled,0.99,16,0,7,7,1,202.0,202.0,healthy,healthy,202,202,0.9961538461538462,0.9961538461538462
lof,lof_k50,pooled,0.99,16,0,73,73,1,136.0,136.0,healthy,healthy,136,136,0.99010989010989,0.99010989010989
lof,lof_k50,pooled,0.99,16,0,83,83,1,126.0,126.0,healthy,healthy,126,126,0.9923076923076924,0.9923076923076924
lof,lof_k50,pooled,0.99,16,0,105,105,1,104.0,104.0,middle,middle,104,104,0.9994505494505496,0.9994505494505496
lof,lof_k50,pooled,0.99,16,0,116,117,2,93.0,92.0,middle,middle,93,92,0.9994505494505496,0.9975274725274725
lof,lof_k50,pooled,0.99,16,0,120,122,3,89.0,87.0,middle,middle,89,87,0.9994505494505496,0.9976190476190476
lof,lof_k50,pooled,0.99,16,0,128,128,1,81.0,81.0,middle,middle,81,81,0.9983516483516484,0.9983516483516484
lof,lof_k50,pooled,0.99,16,0,131,133,3,78.0,76.0,middle,middle,78,76,1.0,0.9998168498168498
lof,lof_k50,pooled,0.99,16,0,135,135,1,74.0,74.0,middle,middle,74,74,0.9961538461538462,0.9961538461538462
lof,lof_k50,pooled,0.99,16,0,137,138,2,72.0,71.0,middle,middle,72,71,1.0,0.9997252747252747
lof,lof_k50,pooled,0.99,16,0,140,143,4,69.0,66.0,middle,middle,69,66,0.9994505494505496,0.9978021978021978
lof,lof_k50,pooled,0.99,16,0,146,148,3,63.0,61.0,middle,middle,63,61,1.0,0.9996336996336996
lof,lof_k50,pooled,0.99,16,0,150,151,2,59.0,58.0,middle,middle,59,58,1.0,1.0
lof,lof_k50,pooled,0.99,16,0,154,154,1,55.0,55.0,middle,middle,55,55,1.0,1.0
lof,lof_k50,pooled,0.99,16,0,156,161,6,53.0,48.0,middle,middle,53,48,1.0,0.9990842490842491
lof,lof_k50,pooled,0.99,16,0,163,209,47,46.0,0.0,middle,near_failure,46,0,1.0,1.0
lof,lof_k50,pooled,0.99,27,0,52,52,1,104.0,104.0,middle,middle,104,104,0.9923076923076924,0.9923076923076924
lof,lof_k50,pooled,0.99,27,0,94,99,6,62.0,57.0,middle,middle,62,57,0.9994505494505496,0.9972527472527473
lof,lof_k50,pooled,0.99,27,0,102,103,2,54.0,53.0,middle,middle,54,53,0.9994505494505496,0.9994505494505496
lof,lof_k50,pooled,0.99,27,0,106,107,2,50.0,49.0,middle,middle,50,49,1.0,0.9991758241758242
lof,lof_k50,pooled,0.99,27,0,109,156,48,47.0,0.0,middle,near_failure,47,0,1.0,0.9999885531135532
lof,lof_k50,pooled,0.99,31,0,75,75,1,159.0,159.0,healthy,healthy,159,159,0.9961538461538462,0.9961538461538462
lof,lof_k50,pooled,0.99,31,0,135,135,1,99.0,99.0,middle,middle,99,99,0.9983516483516484,0.9983516483516484
lof,lof_k50,pooled,0.99,31,0,167,167,1,67.0,67.0,middle,middle,67,67,0.9961538461538462,0.9961538461538462
lof,lof_k50,pooled,0.99,31,0,199,201,3,35.0,33.0,middle,middle,35,33,1.0,0.9974358974358974
lof,lof_k50,pooled,0.99,31,0,203,234,32,31.0,0.0,middle,near_failure,31,0,1.0,0.9996737637362638
lof,lof_k50,pooled,0.99,34,0,93,93,1,102.0,102.0,middle,middle,102,102,0.9989010989010988,0.9989010989010988
lof,lof_k50,pooled,0.99,34,0,123,125,3,72.0,70.0,middle,middle,72,70,0.9994505494505496,0.997985347985348
lof,lof_k50,pooled,0.99,34,0,127,134,8,68.0,61.0,middle,middle,68,61,1.0,0.9975961538461539
lof,lof_k50,pooled,0.99,34,0,136,137,2,59.0,58.0,middle,middle,59,58,1.0,0.9975274725274725
lof,lof_k50,pooled,0.99,34,0,139,195,57,56.0,0.0,middle,near_failure,56,0,1.0,1.0
lof,lof_k50,pooled,0.99,40,0,86,87,2,102.0,101.0,middle,middle,102,101,0.9989010989010988,0.9964285714285714
lof,lof_k50,pooled,0.99,40,0,95,95,1,93.0,93.0,middle,middle,93,93,0.9961538461538462,0.9961538461538462
lof,lof_k50,pooled,0.99,40,0,98,98,1,90.0,90.0,middle,middle,90,90,0.9934065934065934,0.9934065934065934
lof,lof_k50,pooled,0.99,40,0,106,108,3,82.0,80.0,middle,middle,82,80,0.9989010989010988,0.9961538461538462
lof,lof_k50,pooled,0.99,40,0,116,120,5,72.0,68.0,middle,middle,72,68,1.0,0.9967032967032967
lof,lof_k50,pooled,0.99,40,0,122,122,1,66.0,66.0,middle,middle,66,66,0.9994505494505496,0.9994505494505496
lof,lof_k50,pooled,0.99,40,0,124,124,1,64.0,64.0,middle,middle,64,64,0.9983516483516484,0.9983516483516484
lof,lof_k50,pooled,0.99,40,0,126,126,1,62.0,62.0,middle,middle,62,62,1.0,1.0
lof,lof_k50,pooled,0.99,40,0,128,138,11,60.0,50.0,middle,middle,60,50,1.0,0.9999000999001001
lof,lof_k50,pooled,0.99,40,0,140,188,49,48.0,0.0,middle,near_failure,48,0,1.0,1.0
lof,lof_k50,pooled,0.99,41,0,84,84,1,132.0,132.0,healthy,healthy,132,132,0.99010989010989,0.99010989010989
lof,lof_k50,pooled,0.99,41,0,120,120,1,96.0,96.0,middle,middle,96,96,0.9961538461538462,0.9961538461538462
lof,lof_k50,pooled,0.99,41,0,128,128,1,88.0,88.0,middle,middle,88,88,0.9923076923076924,0.9923076923076924
lof,lof_k50,pooled,0.99,41,0,132,132,1,84.0,84.0,middle,middle,84,84,1.0,1.0
lof,lof_k50,pooled,0.99,41,0,139,139,1,77.0,77.0,middle,middle,77,77,0.9983516483516484,0.9983516483516484
lof,lof_k50,pooled,0.99,41,0,141,141,1,75.0,75.0,middle,middle,75,75,0.9994505494505496,0.9994505494505496
lof,lof_k50,pooled,0.99,41,0,144,144,1,72.0,72.0,middle,middle,72,72,0.9961538461538462,0.9961538461538462
lof,lof_k50,pooled,0.99,41,0,146,216,71,70.0,0.0,middle,near_failure,70,0,1.0,0.999713666615075
lof,lof_k50,pooled,0.99,45,0,47,47,1,111.0,111.0,middle,middle,111,111,0.99010989010989,0.99010989010989
lof,lof_k50,pooled,0.99,45,0,65,65,1,93.0,93.0,middle,middle,93,93,0.99010989010989,0.99010989010989
lof,lof_k50,pooled,0.99,45,0,97,97,1,61.0,61.0,middle,middle,61,61,0.9961538461538462,0.9961538461538462
lof,lof_k50,pooled,0.99,45,0,100,100,1,58.0,58.0,middle,middle,58,58,0.9994505494505496,0.9994505494505496
lof,lof_k50,pooled,0.99,45,0,104,104,1,54.0,54.0,middle,middle,54,54,0.9972527472527472,0.9972527472527472
lof,lof_k50,pooled,0.99,45,0,106,106,1,52.0,52.0,middle,middle,52,52,0.9956043956043956,0.9956043956043956
lof,lof_k50,pooled,0.99,45,0,108,108,1,50.0,50.0,middle,middle,50,50,0.9950549450549452,0.9950549450549452
lof,lof_k50,pooled,0.99,45,0,111,111,1,47.0,47.0,middle,middle,47,47,0.9972527472527472,0.9972527472527472
lof,lof_k50,pooled,0.99,45,0,113,114,2,45.0,44.0,middle,middle,45,44,1.0,0.9978021978021978
lof,lof_k50,pooled,0.99,45,0,116,118,3,42.0,40.0,middle,middle,42,40,1.0,0.9985347985347985
lof,lof_k50,pooled,0.99,45,0,121,124,4,37.0,34.0,middle,middle,37,34,1.0,0.9998626373626374
lof,lof_k50,pooled,0.99,45,0,126,158,33,32.0,0.0,middle,near_failure,32,0,1.0,0.9999000999000999
lof,lof_k50,pooled,0.99,46,0,64,64,1,192.0,192.0,healthy,healthy,192,192,0.9923076923076924,0.9923076923076924
lof,lof_k50,pooled,0.99,46,0,121,121,1,135.0,135.0,healthy,healthy,135,135,0.9923076923076924,0.9923076923076924
lof,lof_k50,pooled,0.99,46,0,209,209,1,47.0,47.0,middle,middle,47,47,0.99010989010989,0.99010989010989
lof,lof_k50,pooled,0.99,46,0,211,211,1,45.0,45.0,middle,middle,45,45,0.9956043956043956,0.9956043956043956
lof,lof_k50,pooled,0.99,46,0,217,221,5,39.0,35.0,middle,middle,39,35,1.0,0.9995604395604396
lof,lof_k50,pooled,0.99,46,0,224,225,2,32.0,31.0,middle,middle,32,31,1.0,0.9986263736263736
lof,lof_k50,pooled,0.99,46,0,227,256,30,29.0,0.0,near_failure,near_failure,29,0,1.0,0.999981684981685
lof,lof_k50,pooled,0.99,54,0,160,161,2,97.0,96.0,middle,middle,97,96,0.9956043956043956,0.9953296703296703
lof,lof_k50,pooled,0.99,54,0,163,163,1,94.0,94.0,middle,middle,94,94,0.99010989010989,0.99010989010989
lof,lof_k50,pooled,0.99,54,0,168,168,1,89.0,89.0,middle,middle,89,89,0.9994505494505496,0.9994505494505496
lof,lof_k50,pooled,0.99,54,0,170,170,1,87.0,87.0,middle,middle,87,87,0.993956043956044,0.993956043956044
lof,lof_k50,pooled,0.99,54,0,173,175,3,84.0,82.0,middle,middle,84,82,0.9994505494505496,0.9972527472527473
lof,lof_k50,pooled,0.99,54,0,178,178,1,79.0,79.0,middle,middle,79,79,0.9945054945054944,0.9945054945054944
lof,lof_k50,pooled,0.99,54,0,180,183,4,77.0,74.0,middle,middle,77,74,1.0,0.9993131868131868
lof,lof_k50,pooled,0.99,54,0,185,257,73,72.0,0.0,middle,near_failure,72,0,1.0,0.9998344121631794
lof,lof_k50,pooled,0.99,74,0,128,128,1,38.0,38.0,middle,middle,38,38,0.9950549450549452,0.9950549450549452
lof,lof_k50,pooled,0.99,74,0,136,137,2,30.0,29.0,near_failure,near_failure,30,29,0.993956043956044,0.9920329670329671
lof,lof_k50,pooled,0.99,74,0,140,141,2,26.0,25.0,near_failure,near_failure,26,25,1.0,0.9950549450549451
lof,lof_k50,pooled,0.99,74,0,143,143,1,23.0,23.0,near_failure,near_failure,23,23,1.0,1.0
lof,lof_k50,pooled,0.99,74,0,145,166,22,21.0,0.0,near_failure,near_failure,21,0,1.0,0.9997752247752248
lof,lof_k50,pooled,0.99,77,0,23,23,1,131.0,131.0,healthy,healthy,131,131,1.0,1.0
lof,lof_k50,pooled,0.99,77,0,35,35,1,119.0,119.0,middle,middle,119,119,0.9983516483516484,0.9983516483516484
lof,lof_k50,pooled,0.99,77,0,61,61,1,93.0,93.0,middle,middle,93,93,0.9967032967032968,0.9967032967032968
lof,lof_k50,pooled,0.99,77,0,80,80,1,74.0,74.0,middle,middle,74,74,0.99010989010989,0.99010989010989
lof,lof_k50,pooled,0.99,77,0,99,99,1,55.0,55.0,middle,middle,55,55,0.9983516483516484,0.9983516483516484
lof,lof_k50,pooled,0.99,77,0,105,105,1,49.0,49.0,middle,middle,49,49,0.99010989010989,0.99010989010989
lof,lof_k50,pooled,0.99,77,0,107,107,1,47.0,47.0,middle,middle,47,47,0.99010989010989,0.99010989010989
lof,lof_k50,pooled,0.99,77,0,113,113,1,41.0,41.0,middle,middle,41,41,0.9994505494505496,0.9994505494505496
lof,lof_k50,pooled,0.99,77,0,115,115,1,39.0,39.0,middle,middle,39,39,0.993956043956044,0.993956043956044
lof,lof_k50,pooled,0.99,77,0,117,118,2,37.0,36.0,middle,middle,37,36,0.9994505494505496,0.9994505494505496
lof,lof_k50,pooled,0.99,77,0,122,122,1,32.0,32.0,middle,middle,32,32,0.9961538461538462,0.9961538461538462
lof,lof_k50,pooled,0.99,77,0,124,125,2,30.0,29.0,near_failure,near_failure,30,29,1.0,0.996978021978022
lof,lof_k50,pooled,0.99,77,0,127,154,28,27.0,0.0,near_failure,near_failure,27,0,1.0,0.9998430141287284
lof,lof_k50,pooled,0.99,78,0,80,80,1,151.0,151.0,healthy,healthy,151,151,0.9923076923076924,0.9923076923076924
lof,lof_k50,pooled,0.99,78,0,134,134,1,97.0,97.0,middle,middle,97,97,0.993956043956044,0.993956043956044
lof,lof_k50,pooled,0.99,78,0,167,167,1,64.0,64.0,middle,middle,64,64,0.993956043956044,0.993956043956044
lof,lof_k50,pooled,0.99,78,0,173,173,1,58.0,58.0,middle,middle,58,58,0.9928571428571428,0.9928571428571428
lof,lof_k50,pooled,0.99,78,0,180,181,2,51.0,50.0,middle,middle,51,50,0.9950549450549452,0.9947802197802198
lof,lof_k50,pooled,0.99,78,0,187,187,1,44.0,44.0,middle,middle,44,44,0.9956043956043956,0.9956043956043956
lof,lof_k50,pooled,0.99,78,0,190,191,2,41.0,40.0,middle,middle,41,40,0.9994505494505496,0.9947802197802198
lof,lof_k50,pooled,0.99,78,0,195,231,37,36.0,0.0,middle,near_failure,36,0,1.0,0.9997326997326997
lof,lof_k50,pooled,0.99,81,0,41,41,1,199.0,199.0,healthy,healthy,199,199,0.99010989010989,0.99010989010989
lof,lof_k50,pooled,0.99,81,0,83,83,1,157.0,157.0,healthy,healthy,157,157,0.9923076923076924,0.9923076923076924
lof,lof_k50,pooled,0.99,81,0,121,121,1,119.0,119.0,middle,middle,119,119,0.99010989010989,0.99010989010989
lof,lof_k50,pooled,0.99,81,0,176,176,1,64.0,64.0,middle,middle,64,64,0.9994505494505496,0.9994505494505496
lof,lof_k50,pooled,0.99,81,0,179,179,1,61.0,61.0,middle,middle,61,61,0.9967032967032968,0.9967032967032968
lof,lof_k50,pooled,0.99,81,0,181,181,1,59.0,59.0,middle,middle,59,59,0.9956043956043956,0.9956043956043956
lof,lof_k50,pooled,0.99,81,0,185,185,1,55.0,55.0,middle,middle,55,55,1.0,1.0
lof,lof_k50,pooled,0.99,81,0,189,189,1,51.0,51.0,middle,middle,51,51,0.9945054945054944,0.9945054945054944
lof,lof_k50,pooled,0.99,81,0,191,201,11,49.0,39.0,middle,middle,49,39,1.0,0.9992007992007992
lof,lof_k50,pooled,0.99,81,0,203,240,38,37.0,0.0,middle,near_failure,37,0,1.0,1.0
lof,lof_k50,pooled,0.99,89,0,17,17,1,200.0,200.0,healthy,healthy,200,200,0.9994505494505496,0.9994505494505496
lof,lof_k50,pooled,0.99,89,0,113,113,1,104.0,104.0,middle,middle,104,104,0.9945054945054944,0.9945054945054944
lof,lof_k50,pooled,0.99,89,0,181,181,1,36.0,36.0,middle,middle,36,36,0.9978021978021978,0.9978021978021978
lof,lof_k50,pooled,0.99,89,0,183,192,10,34.0,25.0,middle,near_failure,34,25,1.0,0.997967032967033
lof,lof_k50,pooled,0.99,89,0,194,217,24,23.0,0.0,near_failure,near_failure,23,0,1.0,1.0
lof,lof_k50,pooled,0.99,91,0,7,7,1,128.0,128.0,healthy,healthy,128,128,0.99010989010989,0.99010989010989
lof,lof_k50,pooled,0.99,91,0,42,42,1,93.0,93.0,middle,middle,93,93,0.9994505494505496,0.9994505494505496
lof,lof_k50,pooled,0.99,91,0,78,79,2,57.0,56.0,middle,middle,57,56,0.9983516483516484,0.9983516483516484
lof,lof_k50,pooled,0.99,91,0,84,88,5,51.0,47.0,middle,middle,51,47,1.0,0.9985714285714286
lof,lof_k50,pooled,0.99,91,0,91,95,5,44.0,40.0,middle,middle,44,40,1.0,0.9985714285714286
lof,lof_k50,pooled,0.99,91,0,97,135,39,38.0,0.0,middle,near_failure,38,0,1.0,0.999774584389969
lof,lof_k50,engine_balanced,0.9,1,0,4,4,1,188.0,188.0,healthy,healthy,188,188,0.9097222222222222,0.9097222222222222
lof,lof_k50,engine_balanced,0.9,1,0,10,10,1,182.0,182.0,healthy,healthy,182,182,0.9583333333333334,0.9583333333333334
lof,lof_k50,engine_balanced,0.9,1,0,14,14,1,178.0,178.0,healthy,healthy,178,178,0.914351851851852,0.914351851851852
lof,lof_k50,engine_balanced,0.9,1,0,20,20,1,172.0,172.0,healthy,healthy,172,172,0.9027777777777778,0.9027777777777778
lof,lof_k50,engine_balanced,0.9,1,0,28,28,1,164.0,164.0,healthy,healthy,164,164,0.9861111111111112,0.9861111111111112
lof,lof_k50,engine_balanced,0.9,1,0,43,43,1,149.0,149.0,healthy,healthy,149,149,0.9305555555555556,0.9305555555555556
lof,lof_k50,engine_balanced,0.9,1,0,52,52,1,140.0,140.0,healthy,healthy,140,140,0.9791666666666666,0.9791666666666666
lof,lof_k50,engine_balanced,0.9,1,0,56,56,1,136.0,136.0,healthy,healthy,136,136,0.9027777777777778,0.9027777777777778
lof,lof_k50,engine_balanced,0.9,1,0,59,59,1,133.0,133.0,healthy,healthy,133,133,0.9305555555555556,0.9305555555555556
lof,lof_k50,engine_balanced,0.9,1,0,74,74,1,118.0,118.0,middle,middle,118,118,0.9282407407407408,0.9282407407407408
lof,lof_k50,engine_balanced,0.9,1,0,78,78,1,114.0,114.0,middle,middle,114,114,0.9444444444444444,0.9444444444444444
lof,lof_k50,engine_balanced,0.9,1,0,80,80,1,112.0,112.0,middle,middle,112,112,0.925925925925926,0.925925925925926
lof,lof_k50,engine_balanced,0.9,1,0,90,90,1,102.0,102.0,middle,middle,102,102,0.9097222222222222,0.9097222222222222
lof,lof_k50,engine_balanced,0.9,1,0,95,95,1,97.0,97.0,middle,middle,97,97,0.9675925925925926,0.9675925925925926
lof,lof_k50,engine_balanced,0.9,1,0,98,98,1,94.0,94.0,middle,middle,94,94,0.9305555555555556,0.9305555555555556
lof,lof_k50,engine_balanced,0.9,1,0,107,108,2,85.0,84.0,middle,middle,85,84,0.9791666666666666,0.9629629629629629
lof,lof_k50,engine_balanced,0.9,1,0,117,117,1,75.0,75.0,middle,middle,75,75,0.9166666666666666,0.9166666666666666
lof,lof_k50,engine_balanced,0.9,1,0,121,121,1,71.0,71.0,middle,middle,71,71,0.9560185185185184,0.9560185185185184
lof,lof_k50,engine_balanced,0.9,1,0,132,132,1,60.0,60.0,middle,middle,60,60,0.9444444444444444,0.9444444444444444
lof,lof_k50,engine_balanced,0.9,1,0,152,152,1,40.0,40.0,middle,middle,40,40,0.9953703703703703,0.9953703703703703
lof,lof_k50,engine_balanced,0.9,1,0,156,157,2,36.0,35.0,middle,middle,36,35,0.9930555555555556,0.96875
lof,lof_k50,engine_balanced,0.9,1,0,159,160,2,33.0,32.0,middle,middle,33,32,1.0,0.9837962962962963
lof,lof_k50,engine_balanced,0.9,1,0,162,192,31,30.0,0.0,near_failure,near_failure,30,0,1.0,0.9994772998805257
lof,lof_k50,engine_balanced,0.9,5,0,16,16,1,253.0,253.0,healthy,healthy,253,253,0.9236111111111112,0.9236111111111112
lof,lof_k50,engine_balanced,0.9,5,0,29,29,1,240.0,240.0,healthy,healthy,240,240,0.9328703703703703,0.9328703703703703
lof,lof_k50,engine_balanced,0.9,5,0,48,48,1,221.0,221.0,healthy,healthy,221,221,0.9513888888888888,0.9513888888888888
lof,lof_k50,engine_balanced,0.9,5,0,60,60,1,209.0,209.0,healthy,healthy,209,209,0.9166666666666666,0.9166666666666666
lof,lof_k50,engine_balanced,0.9,5,0,65,65,1,204.0,204.0,healthy,healthy,204,204,0.9652777777777778,0.9652777777777778
lof,lof_k50,engine_balanced,0.9,5,0,67,67,1,202.0,202.0,healthy,healthy,202,202,0.9444444444444444,0.9444444444444444
lof,lof_k50,engine_balanced,0.9,5,0,74,75,2,195.0,194.0,healthy,healthy,195,194,0.9861111111111112,0.9849537037037037
lof,lof_k50,engine_balanced,0.9,5,0,78,78,1,191.0,191.0,healthy,healthy,191,191,0.9097222222222222,0.9097222222222222
lof,lof_k50,engine_balanced,0.9,5,0,85,85,1,184.0,184.0,healthy,healthy,184,184,0.9675925925925926,0.9675925925925926
lof,lof_k50,engine_balanced,0.9,5,0,101,101,1,168.0,168.0,healthy,healthy,168,168,0.9444444444444444,0.9444444444444444
lof,lof_k50,engine_balanced,0.9,5,0,103,103,1,166.0,166.0,healthy,healthy,166,166,0.9282407407407408,0.9282407407407408
lof,lof_k50,engine_balanced,0.9,5,0,107,107,1,162.0,162.0,healthy,healthy,162,162,0.9027777777777778,0.9027777777777778
lof,lof_k50,engine_balanced,0.9,5,0,115,115,1,154.0,154.0,healthy,healthy,154,154,0.9097222222222222,0.9097222222222222
lof,lof_k50,engine_balanced,0.9,5,0,123,124,2,146.0,145.0,healthy,healthy,146,145,0.9861111111111112,0.957175925925926
lof,lof_k50,engine_balanced,0.9,5,0,131,131,1,138.0,138.0,healthy,healthy,138,138,0.9027777777777778,0.9027777777777778
lof,lof_k50,engine_balanced,0.9,5,0,133,133,1,136.0,136.0,healthy,healthy,136,136,0.914351851851852,0.914351851851852
lof,lof_k50,engine_balanced,0.9,5,0,137,137,1,132.0,132.0,healthy,healthy,132,132,0.9837962962962964,0.9837962962962964
lof,lof_k50,engine_balanced,0.9,5,0,140,141,2,129.0,128.0,healthy,healthy,129,128,0.9861111111111112,0.9537037037037037
lof,lof_k50,engine_balanced,0.9,5,0,144,144,1,125.0,125.0,middle,middle,125,125,0.9444444444444444,0.9444444444444444
lof,lof_k50,engine_balanced,0.9,5,0,147,147,1,122.0,122.0,middle,middle,122,122,0.9467592592592592,0.9467592592592592
lof,lof_k50,engine_balanced,0.9,5,0,150,150,1,119.0,119.0,middle,middle,119,119,0.9097222222222222,0.9097222222222222
lof,lof_k50,engine_balanced,0.9,5,0,152,152,1,117.0,117.0,middle,middle,117,117,0.9976851851851852,0.9976851851851852
lof,lof_k50,engine_balanced,0.9,5,0,155,156,2,114.0,113.0,middle,middle,114,113,0.9791666666666666,0.9513888888888888
lof,lof_k50,engine_balanced,0.9,5,0,158,158,1,111.0,111.0,middle,middle,111,111,0.9953703703703703,0.9953703703703703
lof,lof_k50,engine_balanced,0.9,5,0,160,161,2,109.0,108.0,middle,middle,109,108,0.9976851851851852,0.9560185185185186
lof,lof_k50,engine_balanced,0.9,5,0,163,166,4,106.0,103.0,middle,middle,106,103,0.9930555555555556,0.9525462962962963
lof,lof_k50,engine_balanced,0.9,5,0,168,173,6,101.0,96.0,middle,middle,101,96,1.0,0.9884259259259259
lof,lof_k50,engine_balanced,0.9,5,0,175,269,95,94.0,0.0,middle,near_failure,94,0,1.0,0.9980994152046782
lof,lof_k50,engine_balanced,0.9,10,0,15,15,1,207.0,207.0,healthy,healthy,207,207,0.9537037037037036,0.9537037037037036
lof,lof_k50,engine_balanced,0.9,10,0,28,29,2,194.0,193.0,healthy,healthy,194,193,0.9675925925925926,0.9571759259259258
lof,lof_k50,engine_balanced,0.9,10,0,39,39,1,183.0,183.0,healthy,healthy,183,183,0.9583333333333334,0.9583333333333334
lof,lof_k50,engine_balanced,0.9,10,0,57,57,1,165.0,165.0,healthy,healthy,165,165,0.9652777777777778,0.9652777777777778
lof,lof_k50,engine_balanced,0.9,10,0,84,84,1,138.0,138.0,healthy,healthy,138,138,0.9467592592592592,0.9467592592592592
lof,lof_k50,engine_balanced,0.9,10,0,89,89,1,133.0,133.0,healthy,healthy,133,133,0.9097222222222222,0.9097222222222222
lof,lof_k50,engine_balanced,0.9,10,0,103,103,1,119.0,119.0,middle,middle,119,119,0.9907407407407408,0.9907407407407408
lof,lof_k50,engine_balanced,0.9,10,0,110,110,1,112.0,112.0,middle,middle,112,112,0.914351851851852,0.914351851851852
lof,lof_k50,engine_balanced,0.9,10,0,153,153,1,69.0,69.0,middle,middle,69,69,0.9166666666666666,0.9166666666666666
lof,lof_k50,engine_balanced,0.9,10,0,155,155,1,67.0,67.0,middle,middle,67,67,0.9907407407407408,0.9907407407407408
lof,lof_k50,engine_balanced,0.9,10,0,157,158,2,65.0,64.0,middle,middle,65,64,0.9953703703703703,0.9907407407407407
lof,lof_k50,engine_balanced,0.9,10,0,164,178,15,58.0,44.0,middle,middle,58,44,1.0,0.9728395061728394
lof,lof_k50,engine_balanced,0.9,10,0,180,222,43,42.0,0.0,middle,near_failure,42,0,1.0,0.9994078380706288
lof,lof_k50,engine_balanced,0.9,11,0,3,3,1,237.0,237.0,healthy,healthy,237,237,0.9027777777777778,0.9027777777777778
lof,lof_k50,engine_balanced,0.9,11,0,25,25,1,215.0,215.0,healthy,healthy,215,215,0.9976851851851852,0.9976851851851852
lof,lof_k50,engine_balanced,0.9,11,0,28,28,1,212.0,212.0,healthy,healthy,212,212,0.9166666666666666,0.9166666666666666
lof,lof_k50,engine_balanced,0.9,11,0,30,31,2,210.0,209.0,healthy,healthy,210,209,0.9166666666666666,0.9097222222222222
lof,lof_k50,engine_balanced,0.9,11,0,50,50,1,190.0,190.0,healthy,healthy,190,190,0.9930555555555556,0.9930555555555556
lof,lof_k50,engine_balanced,0.9,11,0,118,118,1,122.0,122.0,middle,middle,122,122,0.9675925925925926,0.9675925925925926
lof,lof_k50,engine_balanced,0.9,11,0,125,125,1,115.0,115.0,middle,middle,115,115,0.9444444444444444,0.9444444444444444
lof,lof_k50,engine_balanced,0.9,11,0,134,134,1,106.0,106.0,middle,middle,106,106,0.9675925925925926,0.9675925925925926
lof,lof_k50,engine_balanced,0.9,11,0,136,136,1,104.0,104.0,middle,middle,104,104,0.9861111111111112,0.9861111111111112
lof,lof_k50,engine_balanced,0.9,11,0,139,139,1,101.0,101.0,middle,middle,101,101,0.9560185185185184,0.9560185185185184
lof,lof_k50,engine_balanced,0.9,11,0,143,143,1,97.0,97.0,middle,middle,97,97,0.9444444444444444,0.9444444444444444
lof,lof_k50,engine_balanced,0.9,11,0,157,157,1,83.0,83.0,middle,middle,83,83,0.9861111111111112,0.9861111111111112
lof,lof_k50,engine_balanced,0.9,11,0,159,159,1,81.0,81.0,middle,middle,81,81,0.9583333333333334,0.9583333333333334
lof,lof_k50,engine_balanced,0.9,11,0,166,166,1,74.0,74.0,middle,middle,74,74,0.9236111111111112,0.9236111111111112
lof,lof_k50,engine_balanced,0.9,11,0,168,240,73,72.0,0.0,middle,near_failure,72,0,1.0,0.994736174530695
lof,lof_k50,engine_balanced,0.9,13,0,5,5,1,158.0,158.0,healthy,healthy,158,158,0.9861111111111112,0.9861111111111112
lof,lof_k50,engine_balanced,0.9,13,0,15,15,1,148.0,148.0,healthy,healthy,148,148,0.9212962962962964,0.9212962962962964
lof,lof_k50,engine_balanced,0.9,13,0,40,40,1,123.0,123.0,middle,middle,123,123,0.9097222222222222,0.9097222222222222
lof,lof_k50,engine_balanced,0.9,13,0,49,49,1,114.0,114.0,middle,middle,114,114,0.9027777777777778,0.9027777777777778
lof,lof_k50,engine_balanced,0.9,13,0,67,67,1,96.0,96.0,middle,middle,96,96,0.9629629629629628,0.9629629629629628
lof,lof_k50,engine_balanced,0.9,13,0,82,82,1,81.0,81.0,middle,middle,81,81,0.9027777777777778,0.9027777777777778
lof,lof_k50,engine_balanced,0.9,13,0,92,92,1,71.0,71.0,middle,middle,71,71,0.9907407407407408,0.9907407407407408
lof,lof_k50,engine_balanced,0.9,13,0,95,95,1,68.0,68.0,middle,middle,68,68,0.9861111111111112,0.9861111111111112
lof,lof_k50,engine_balanced,0.9,13,0,98,101,4,65.0,62.0,middle,middle,65,62,0.9282407407407408,0.9149305555555556
lof,lof_k50,engine_balanced,0.9,13,0,103,107,5,60.0,56.0,middle,middle,60,56,0.9930555555555556,0.9638888888888889
lof,lof_k50,engine_balanced,0.9,13,0,109,163,55,54.0,0.0,middle,near_failure,54,0,1.0,0.9982323232323232
lof,lof_k50,engine_balanced,0.9,16,0,7,7,1,202.0,202.0,healthy,healthy,202,202,0.9930555555555556,0.9930555555555556
lof,lof_k50,engine_balanced,0.9,16,0,17,17,1,192.0,192.0,healthy,healthy,192,192,0.9814814814814816,0.9814814814814816
lof,lof_k50,engine_balanced,0.9,16,0,28,28,1,181.0,181.0,healthy,healthy,181,181,0.9837962962962964,0.9837962962962964
lof,lof_k50,engine_balanced,0.9,16,0,43,43,1,166.0,166.0,healthy,healthy,166,166,0.914351851851852,0.914351851851852
lof,lof_k50,engine_balanced,0.9,16,0,46,46,1,163.0,163.0,healthy,healthy,163,163,0.9282407407407408,0.9282407407407408
lof,lof_k50,engine_balanced,0.9,16,0,49,49,1,160.0,160.0,healthy,healthy,160,160,0.9027777777777778,0.9027777777777778
lof,lof_k50,engine_balanced,0.9,16,0,59,59,1,150.0,150.0,healthy,healthy,150,150,0.9212962962962964,0.9212962962962964
lof,lof_k50,engine_balanced,0.9,16,0,62,62,1,147.0,147.0,healthy,healthy,147,147,0.9027777777777778,0.9027777777777778
lof,lof_k50,engine_balanced,0.9,16,0,70,70,1,139.0,139.0,healthy,healthy,139,139,0.9513888888888888,0.9513888888888888
lof,lof_k50,engine_balanced,0.9,16,0,72,73,2,137.0,136.0,healthy,healthy,137,136,0.9861111111111112,0.9444444444444444
lof,lof_k50,engine_balanced,0.9,16,0,76,76,1,133.0,133.0,healthy,healthy,133,133,0.9305555555555556,0.9305555555555556
lof,lof_k50,engine_balanced,0.9,16,0,78,78,1,131.0,131.0,healthy,healthy,131,131,0.9861111111111112,0.9861111111111112
lof,lof_k50,engine_balanced,0.9,16,0,83,83,1,126.0,126.0,healthy,healthy,126,126,0.9907407407407408,0.9907407407407408
lof,lof_k50,engine_balanced,0.9,16,0,88,89,2,121.0,120.0,middle,middle,121,120,0.9861111111111112,0.9444444444444444
lof,lof_k50,engine_balanced,0.9,16,0,91,91,1,118.0,118.0,middle,middle,118,118,0.960648148148148,0.960648148148148
lof,lof_k50,engine_balanced,0.9,16,0,94,94,1,115.0,115.0,middle,middle,115,115,0.925925925925926,0.925925925925926
lof,lof_k50,engine_balanced,0.9,16,0,97,97,1,112.0,112.0,middle,middle,112,112,0.9791666666666666,0.9791666666666666
lof,lof_k50,engine_balanced,0.9,16,0,100,101,2,109.0,108.0,middle,middle,109,108,0.9305555555555556,0.9305555555555556
lof,lof_k50,engine_balanced,0.9,16,0,103,105,3,106.0,104.0,middle,middle,106,104,0.9976851851851852,0.9637345679012346
lof,lof_k50,engine_balanced,0.9,16,0,107,108,2,102.0,101.0,middle,middle,102,101,0.9629629629629628,0.9444444444444444
lof,lof_k50,engine_balanced,0.9,16,0,110,112,3,99.0,97.0,middle,middle,99,97,0.9791666666666666,0.9544753086419754
lof,lof_k50,engine_balanced,0.9,16,0,116,117,2,93.0,92.0,middle,middle,93,92,0.9976851851851852,0.9953703703703705
lof,lof_k50,engine_balanced,0.9,16,0,120,126,7,89.0,83.0,middle,middle,89,83,0.9976851851851852,0.9742063492063492
lof,lof_k50,engine_balanced,0.9,16,0,128,209,82,81.0,0.0,middle,near_failure,81,0,1.0,0.9933378500451671
lof,lof_k50,engine_balanced,0.9,27,0,11,11,1,145.0,145.0,healthy,healthy,145,145,0.9236111111111112,0.9236111111111112
lof,lof_k50,engine_balanced,0.9,27,0,24,24,1,132.0,132.0,healthy,healthy,132,132,0.9583333333333334,0.9583333333333334
lof,lof_k50,engine_balanced,0.9,27,0,36,36,1,120.0,120.0,middle,middle,120,120,0.9027777777777778,0.9027777777777778
lof,lof_k50,engine_balanced,0.9,27,0,52,52,1,104.0,104.0,middle,middle,104,104,0.9907407407407408,0.9907407407407408
lof,lof_k50,engine_balanced,0.9,27,0,59,59,1,97.0,97.0,middle,middle,97,97,0.914351851851852,0.914351851851852
lof,lof_k50,engine_balanced,0.9,27,0,69,69,1,87.0,87.0,middle,middle,87,87,0.9212962962962964,0.9212962962962964
lof,lof_k50,engine_balanced,0.9,27,0,77,77,1,79.0,79.0,middle,middle,79,79,0.9212962962962964,0.9212962962962964
lof,lof_k50,engine_balanced,0.9,27,0,80,80,1,76.0,76.0,middle,middle,76,76,0.9861111111111112,0.9861111111111112
lof,lof_k50,engine_balanced,0.9,27,0,82,85,4,74.0,71.0,middle,middle,74,71,0.9861111111111112,0.9537037037037038
lof,lof_k50,engine_balanced,0.9,27,0,87,89,3,69.0,67.0,middle,middle,69,67,0.9629629629629628,0.9421296296296297
lof,lof_k50,engine_balanced,0.9,27,0,91,100,10,65.0,56.0,middle,middle,65,56,0.9976851851851852,0.975925925925926
lof,lof_k50,engine_balanced,0.9,27,0,102,156,55,54.0,0.0,middle,near_failure,54,0,1.0,0.9974747474747475
lof,lof_k50,engine_balanced,0.9,31,0,4,4,1,230.0,230.0,healthy,healthy,230,230,0.9212962962962964,0.9212962962962964
lof,lof_k50,engine_balanced,0.9,31,0,10,10,1,224.0,224.0,healthy,healthy,224,224,0.9791666666666666,0.9791666666666666
lof,lof_k50,engine_balanced,0.9,31,0,18,18,1,216.0,216.0,healthy,healthy,216,216,0.9722222222222222,0.9722222222222222
lof,lof_k50,engine_balanced,0.9,31,0,26,26,1,208.0,208.0,healthy,healthy,208,208,0.9050925925925926,0.9050925925925926
lof,lof_k50,engine_balanced,0.9,31,0,48,48,1,186.0,186.0,healthy,healthy,186,186,0.9837962962962964,0.9837962962962964
lof,lof_k50,engine_balanced,0.9,31,0,75,75,1,159.0,159.0,healthy,healthy,159,159,0.9930555555555556,0.9930555555555556
lof,lof_k50,engine_balanced,0.9,31,0,92,92,1,142.0,142.0,healthy,healthy,142,142,0.976851851851852,0.976851851851852
lof,lof_k50,engine_balanced,0.9,31,0,116,116,1,118.0,118.0,middle,middle,118,118,0.9166666666666666,0.9166666666666666
lof,lof_k50,engine_balanced,0.9,31,0,121,122,2,113.0,112.0,middle,middle,113,112,0.9282407407407408,0.9224537037037037
lof,lof_k50,engine_balanced,0.9,31,0,126,126,1,108.0,108.0,middle,middle,108,108,0.9791666666666666,0.9791666666666666
lof,lof_k50,engine_balanced,0.9,31,0,135,135,1,99.0,99.0,middle,middle,99,99,0.9976851851851852,0.9976851851851852
lof,lof_k50,engine_balanced,0.9,31,0,137,137,1,97.0,97.0,middle,middle,97,97,0.914351851851852,0.914351851851852
lof,lof_k50,engine_balanced,0.9,31,0,149,149,1,85.0,85.0,middle,middle,85,85,0.9282407407407408,0.9282407407407408
lof,lof_k50,engine_balanced,0.9,31,0,151,151,1,83.0,83.0,middle,middle,83,83,0.9583333333333334,0.9583333333333334
lof,lof_k50,engine_balanced,0.9,31,0,167,167,1,67.0,67.0,middle,middle,67,67,0.9930555555555556,0.9930555555555556
lof,lof_k50,engine_balanced,0.9,31,0,176,176,1,58.0,58.0,middle,middle,58,58,0.976851851851852,0.976851851851852
lof,lof_k50,engine_balanced,0.9,31,0,185,185,1,49.0,49.0,middle,middle,49,49,0.9097222222222222,0.9097222222222222
lof,lof_k50,engine_balanced,0.9,31,0,188,188,1,46.0,46.0,middle,middle,46,46,0.9513888888888888,0.9513888888888888
lof,lof_k50,engine_balanced,0.9,31,0,196,234,39,38.0,0.0,middle,near_failure,38,0,1.0,0.9935897435897436
lof,lof_k50,engine_balanced,0.9,34,0,2,2,1,193.0,193.0,healthy,healthy,193,193,0.9375,0.9375
lof,lof_k50,engine_balanced,0.9,34,0,5,5,1,190.0,190.0,healthy,healthy,190,190,0.9236111111111112,0.9236111111111112
lof,lof_k50,engine_balanced,0.9,34,0,12,12,1,183.0,183.0,healthy,healthy,183,183,0.9583333333333334,0.9583333333333334
lof,lof_k50,engine_balanced,0.9,34,0,25,26,2,170.0,169.0,healthy,healthy,170,169,0.9861111111111112,0.9560185185185186
lof,lof_k50,engine_balanced,0.9,34,0,29,29,1,166.0,166.0,healthy,healthy,166,166,0.9027777777777778,0.9027777777777778
lof,lof_k50,engine_balanced,0.9,34,0,36,36,1,159.0,159.0,healthy,healthy,159,159,0.9560185185185184,0.9560185185185184
lof,lof_k50,engine_balanced,0.9,34,0,45,45,1,150.0,150.0,healthy,healthy,150,150,0.9444444444444444,0.9444444444444444
lof,lof_k50,engine_balanced,0.9,34,0,49,49,1,146.0,146.0,healthy,healthy,146,146,0.9282407407407408,0.9282407407407408
lof,lof_k50,engine_balanced,0.9,34,0,83,83,1,112.0,112.0,middle,middle,112,112,0.9467592592592592,0.9467592592592592
lof,lof_k50,engine_balanced,0.9,34,0,93,93,1,102.0,102.0,middle,middle,102,102,0.9976851851851852,0.9976851851851852
lof,lof_k50,engine_balanced,0.9,34,0,100,102,3,95.0,93.0,middle,middle,95,93,0.9675925925925926,0.9459876543209876
lof,lof_k50,engine_balanced,0.9,34,0,106,106,1,89.0,89.0,middle,middle,89,89,0.9722222222222222,0.9722222222222222
lof,lof_k50,engine_balanced,0.9,34,0,108,108,1,87.0,87.0,middle,middle,87,87,0.9282407407407408,0.9282407407407408
lof,lof_k50,engine_balanced,0.9,34,0,111,111,1,84.0,84.0,middle,middle,84,84,0.9583333333333334,0.9583333333333334
lof,lof_k50,engine_balanced,0.9,34,0,113,114,2,82.0,81.0,middle,middle,82,81,0.9444444444444444,0.9375
lof,lof_k50,engine_balanced,0.9,34,0,116,116,1,79.0,79.0,middle,middle,79,79,0.9282407407407408,0.9282407407407408
lof,lof_k50,engine_balanced,0.9,34,0,120,195,76,75.0,0.0,middle,near_failure,75,0,1.0,0.9966191520467836
lof,lof_k50,engine_balanced,0.9,40,0,19,19,1,169.0,169.0,healthy,healthy,169,169,0.9212962962962964,0.9212962962962964
lof,lof_k50,engine_balanced,0.9,40,0,22,23,2,166.0,165.0,healthy,healthy,166,165,0.9212962962962964,0.9120370370370371
lof,lof_k50,engine_balanced,0.9,40,0,26,26,1,162.0,162.0,healthy,healthy,162,162,0.9675925925925926,0.9675925925925926
lof,lof_k50,engine_balanced,0.9,40,0,36,36,1,152.0,152.0,healthy,healthy,152,152,0.9236111111111112,0.9236111111111112
lof,lof_k50,engine_balanced,0.9,40,0,39,40,2,149.0,148.0,healthy,healthy,149,148,0.9791666666666666,0.9409722222222222
lof,lof_k50,engine_balanced,0.9,40,0,55,55,1,133.0,133.0,healthy,healthy,133,133,0.9236111111111112,0.9236111111111112
lof,lof_k50,engine_balanced,0.9,40,0,62,62,1,126.0,126.0,healthy,healthy,126,126,0.9282407407407408,0.9282407407407408
lof,lof_k50,engine_balanced,0.9,40,0,68,71,4,120.0,117.0,middle,middle,120,117,0.9837962962962964,0.9415509259259259
lof,lof_k50,engine_balanced,0.9,40,0,76,77,2,112.0,111.0,middle,middle,112,111,0.9444444444444444,0.9363425925925926
lof,lof_k50,engine_balanced,0.9,40,0,81,81,1,107.0,107.0,middle,middle,107,107,0.9791666666666666,0.9791666666666666
lof,lof_k50,engine_balanced,0.9,40,0,86,88,3,102.0,100.0,middle,middle,102,100,0.9976851851851852,0.9722222222222223
lof,lof_k50,engine_balanced,0.9,40,0,91,91,1,97.0,97.0,middle,middle,97,97,0.9560185185185184,0.9560185185185184
lof,lof_k50,engine_balanced,0.9,40,0,95,95,1,93.0,93.0,middle,middle,93,93,0.9930555555555556,0.9930555555555556
lof,lof_k50,engine_balanced,0.9,40,0,98,98,1,90.0,90.0,middle,middle,90,90,0.9907407407407408,0.9907407407407408
lof,lof_k50,engine_balanced,0.9,40,0,100,103,4,88.0,85.0,middle,middle,88,85,0.9861111111111112,0.9646990740740741
lof,lof_k50,engine_balanced,0.9,40,0,106,111,6,82.0,77.0,middle,middle,82,77,0.9976851851851852,0.969135802469136
lof,lof_k50,engine_balanced,0.9,40,0,114,188,75,74.0,0.0,middle,near_failure,74,0,1.0,0.996574074074074
lof,lof_k50,engine_balanced,0.9,41,0,4,4,1,212.0,212.0,healthy,healthy,212,212,0.925925925925926,0.925925925925926
lof,lof_k50,engine_balanced,0.9,41,0,6,6,1,210.0,210.0,healthy,healthy,210,210,0.9583333333333334,0.9583333333333334
lof,lof_k50,engine_balanced,0.9,41,0,15,15,1,201.0,201.0,healthy,healthy,201,201,0.9097222222222222,0.9097222222222222
lof,lof_k50,engine_balanced,0.9,41,0,25,25,1,191.0,191.0,healthy,healthy,191,191,0.9583333333333334,0.9583333333333334
lof,lof_k50,engine_balanced,0.9,41,0,61,61,1,155.0,155.0,healthy,healthy,155,155,0.9097222222222222,0.9097222222222222
lof,lof_k50,engine_balanced,0.9,41,0,68,68,1,148.0,148.0,healthy,healthy,148,148,0.9837962962962964,0.9837962962962964
lof,lof_k50,engine_balanced,0.9,41,0,75,75,1,141.0,141.0,healthy,healthy,141,141,0.9861111111111112,0.9861111111111112
lof,lof_k50,engine_balanced,0.9,41,0,80,80,1,136.0,136.0,healthy,healthy,136,136,0.9166666666666666,0.9166666666666666
lof,lof_k50,engine_balanced,0.9,41,0,84,84,1,132.0,132.0,healthy,healthy,132,132,0.9861111111111112,0.9861111111111112
lof,lof_k50,engine_balanced,0.9,41,0,90,90,1,126.0,126.0,healthy,healthy,126,126,0.9282407407407408,0.9282407407407408
lof,lof_k50,engine_balanced,0.9,41,0,93,93,1,123.0,123.0,middle,middle,123,123,0.9097222222222222,0.9097222222222222
lof,lof_k50,engine_balanced,0.9,41,0,100,101,2,116.0,115.0,middle,middle,116,115,0.9560185185185184,0.9363425925925926
lof,lof_k50,engine_balanced,0.9,41,0,103,103,1,113.0,113.0,middle,middle,113,113,0.9837962962962964,0.9837962962962964
lof,lof_k50,engine_balanced,0.9,41,0,106,106,1,110.0,110.0,middle,middle,110,110,0.9814814814814816,0.9814814814814816
lof,lof_k50,engine_balanced,0.9,41,0,118,118,1,98.0,98.0,middle,middle,98,98,0.914351851851852,0.914351851851852
lof,lof_k50,engine_balanced,0.9,41,0,120,121,2,96.0,95.0,middle,middle,96,95,0.9930555555555556,0.988425925925926
lof,lof_k50,engine_balanced,0.9,41,0,123,123,1,93.0,93.0,middle,middle,93,93,0.9351851851851852,0.9351851851851852
lof,lof_k50,engine_balanced,0.9,41,0,125,126,2,91.0,90.0,middle,middle,91,90,0.9513888888888888,0.9328703703703705
lof,lof_k50,engine_balanced,0.9,41,0,128,133,6,88.0,83.0,middle,middle,88,83,1.0,0.9633487654320989
lof,lof_k50,engine_balanced,0.9,41,0,135,136,2,81.0,80.0,middle,middle,81,80,0.9282407407407408,0.925925925925926
lof,lof_k50,engine_balanced,0.9,41,0,139,142,4,77.0,74.0,middle,middle,77,74,0.9976851851851852,0.9872685185185185
lof,lof_k50,engine_balanced,0.9,41,0,144,216,73,72.0,0.0,middle,near_failure,72,0,1.0,0.999175545408422
lof,lof_k50,engine_balanced,0.9,45,0,7,7,1,151.0,151.0,healthy,healthy,151,151,0.9212962962962964,0.9212962962962964
lof,lof_k50,engine_balanced,0.9,45,0,9,9,1,149.0,149.0,healthy,healthy,149,149,0.9074074074074074,0.9074074074074074
lof,lof_k50,engine_balanced,0.9,45,0,23,23,1,135.0,135.0,healthy,healthy,135,135,0.9444444444444444,0.9444444444444444
lof,lof_k50,engine_balanced,0.9,45,0,31,32,2,127.0,126.0,healthy,healthy,127,126,0.9675925925925926,0.962962962962963
lof,lof_k50,engine_balanced,0.9,45,0,34,34,1,124.0,124.0,middle,middle,124,124,0.9282407407407408,0.9282407407407408
lof,lof_k50,engine_balanced,0.9,45,0,37,37,1,121.0,121.0,middle,middle,121,121,0.925925925925926,0.925925925925926
lof,lof_k50,engine_balanced,0.9,45,0,45,45,1,113.0,113.0,middle,middle,113,113,0.976851851851852,0.976851851851852
lof,lof_k50,engine_balanced,0.9,45,0,47,47,1,111.0,111.0,middle,middle,111,111,0.9861111111111112,0.9861111111111112
lof,lof_k50,engine_balanced,0.9,45,0,52,53,2,106.0,105.0,middle,middle,106,105,0.976851851851852,0.9513888888888891
lof,lof_k50,engine_balanced,0.9,45,0,65,65,1,93.0,93.0,middle,middle,93,93,0.9861111111111112,0.9861111111111112
lof,lof_k50,engine_balanced,0.9,45,0,67,68,2,91.0,90.0,middle,middle,91,90,0.9236111111111112,0.9201388888888888
lof,lof_k50,engine_balanced,0.9,45,0,70,70,1,88.0,88.0,middle,middle,88,88,0.976851851851852,0.976851851851852
lof,lof_k50,engine_balanced,0.9,45,0,73,73,1,85.0,85.0,middle,middle,85,85,0.9282407407407408,0.9282407407407408
lof,lof_k50,engine_balanced,0.9,45,0,77,78,2,81.0,80.0,middle,middle,81,80,0.9791666666666666,0.9675925925925926
lof,lof_k50,engine_balanced,0.9,45,0,83,83,1,75.0,75.0,middle,middle,75,75,0.976851851851852,0.976851851851852
lof,lof_k50,engine_balanced,0.9,45,0,87,88,2,71.0,70.0,middle,middle,71,70,0.9837962962962964,0.9652777777777778
lof,lof_k50,engine_balanced,0.9,45,0,91,91,1,67.0,67.0,middle,middle,67,67,0.9861111111111112,0.9861111111111112
lof,lof_k50,engine_balanced,0.9,45,0,97,101,5,61.0,57.0,middle,middle,61,57,0.9976851851851852,0.975462962962963
lof,lof_k50,engine_balanced,0.9,45,0,103,158,56,55.0,0.0,middle,near_failure,55,0,1.0,0.9921461640211641
lof,lof_k50,engine_balanced,0.9,46,0,2,2,1,254.0,254.0,healthy,healthy,254,254,0.925925925925926,0.925925925925926
lof,lof_k50,engine_balanced,0.9,46,0,18,18,1,238.0,238.0,healthy,healthy,238,238,0.9004629629629629,0.9004629629629629
lof,lof_k50,engine_balanced,0.9,46,0,28,28,1,228.0,228.0,healthy,healthy,228,228,0.9097222222222222,0.9097222222222222
lof,lof_k50,engine_balanced,0.9,46,0,57,57,1,199.0,199.0,healthy,healthy,199,199,0.914351851851852,0.914351851851852
lof,lof_k50,engine_balanced,0.9,46,0,64,64,1,192.0,192.0,healthy,healthy,192,192,0.9907407407407408,0.9907407407407408
lof,lof_k50,engine_balanced,0.9,46,0,74,74,1,182.0,182.0,healthy,healthy,182,182,0.9837962962962964,0.9837962962962964
lof,lof_k50,engine_balanced,0.9,46,0,109,109,1,147.0,147.0,healthy,healthy,147,147,0.9282407407407408,0.9282407407407408
lof,lof_k50,engine_balanced,0.9,46,0,111,111,1,145.0,145.0,healthy,healthy,145,145,0.9837962962962964,0.9837962962962964
lof,lof_k50,engine_balanced,0.9,46,0,116,116,1,140.0,140.0,healthy,healthy,140,140,0.9004629629629629,0.9004629629629629
lof,lof_k50,engine_balanced,0.9,46,0,118,118,1,138.0,138.0,healthy,healthy,138,138,0.9189814814814816,0.9189814814814816
lof,lof_k50,engine_balanced,0.9,46,0,121,121,1,135.0,135.0,healthy,healthy,135,135,0.9907407407407408,0.9907407407407408
lof,lof_k50,engine_balanced,0.9,46,0,125,125,1,131.0,131.0,healthy,healthy,131,131,0.9027777777777778,0.9027777777777778
lof,lof_k50,engine_balanced,0.9,46,0,153,153,1,103.0,103.0,middle,middle,103,103,0.9027777777777778,0.9027777777777778
lof,lof_k50,engine_balanced,0.9,46,0,158,158,1,98.0,98.0,middle,middle,98,98,0.9375,0.9375
lof,lof_k50,engine_balanced,0.9,46,0,174,174,1,82.0,82.0,middle,middle,82,82,0.976851851851852,0.976851851851852
lof,lof_k50,engine_balanced,0.9,46,0,190,190,1,66.0,66.0,middle,middle,66,66,0.949074074074074,0.949074074074074
lof,lof_k50,engine_balanced,0.9,46,0,193,193,1,63.0,63.0,middle,middle,63,63,0.9861111111111112,0.9861111111111112
lof,lof_k50,engine_balanced,0.9,46,0,197,197,1,59.0,59.0,middle,middle,59,59,0.9861111111111112,0.9861111111111112
lof,lof_k50,engine_balanced,0.9,46,0,203,203,1,53.0,53.0,middle,middle,53,53,0.9861111111111112,0.9861111111111112
lof,lof_k50,engine_balanced,0.9,46,0,209,211,3,47.0,45.0,middle,middle,47,45,0.9930555555555556,0.9675925925925926
lof,lof_k50,engine_balanced,0.9,46,0,213,214,2,43.0,42.0,middle,middle,43,42,0.9166666666666666,0.9097222222222222
lof,lof_k50,engine_balanced,0.9,46,0,216,222,7,40.0,34.0,middle,middle,40,34,1.0,0.9884259259259258
lof,lof_k50,engine_balanced,0.9,46,0,224,256,33,32.0,0.0,middle,near_failure,32,0,1.0,0.997615039281706
lof,lof_k50,engine_balanced,0.9,54,0,5,5,1,252.0,252.0,healthy,healthy,252,252,0.9050925925925926,0.9050925925925926
lof,lof_k50,engine_balanced,0.9,54,0,35,35,1,222.0,222.0,healthy,healthy,222,222,0.9560185185185184,0.9560185185185184
lof,lof_k50,engine_balanced,0.9,54,0,39,39,1,218.0,218.0,healthy,healthy,218,218,0.9027777777777778,0.9027777777777778
lof,lof_k50,engine_balanced,0.9,54,0,41,41,1,216.0,216.0,healthy,healthy,216,216,0.9861111111111112,0.9861111111111112
lof,lof_k50,engine_balanced,0.9,54,0,89,89,1,168.0,168.0,healthy,healthy,168,168,0.9212962962962964,0.9212962962962964
lof,lof_k50,engine_balanced,0.9,54,0,114,114,1,143.0,143.0,healthy,healthy,143,143,0.9467592592592592,0.9467592592592592
lof,lof_k50,engine_balanced,0.9,54,0,116,116,1,141.0,141.0,healthy,healthy,141,141,0.9745370370370372,0.9745370370370372
lof,lof_k50,engine_balanced,0.9,54,0,120,120,1,137.0,137.0,healthy,healthy,137,137,0.9027777777777778,0.9027777777777778
lof,lof_k50,engine_balanced,0.9,54,0,127,127,1,130.0,130.0,healthy,healthy,130,130,0.9282407407407408,0.9282407407407408
lof,lof_k50,engine_balanced,0.9,54,0,131,131,1,126.0,126.0,healthy,healthy,126,126,0.9097222222222222,0.9097222222222222
lof,lof_k50,engine_balanced,0.9,54,0,145,146,2,112.0,111.0,middle,middle,112,111,0.9861111111111112,0.957175925925926
lof,lof_k50,engine_balanced,0.9,54,0,151,152,2,106.0,105.0,middle,middle,106,105,0.9861111111111112,0.9768518518518519
lof,lof_k50,engine_balanced,0.9,54,0,157,158,2,100.0,99.0,middle,middle,100,99,0.9629629629629628,0.9398148148148147
lof,lof_k50,engine_balanced,0.9,54,0,160,164,5,97.0,93.0,middle,middle,97,93,0.9930555555555556,0.9800925925925925
lof,lof_k50,engine_balanced,0.9,54,0,166,166,1,91.0,91.0,middle,middle,91,91,0.9467592592592592,0.9467592592592592
lof,lof_k50,engine_balanced,0.9,54,0,168,171,4,89.0,86.0,middle,middle,89,86,0.9976851851851852,0.9652777777777779
lof,lof_k50,engine_balanced,0.9,54,0,173,257,85,84.0,0.0,middle,near_failure,84,0,1.0,0.9973583877995642
lof,lof_k50,engine_balanced,0.9,74,0,7,7,1,159.0,159.0,healthy,healthy,159,159,0.925925925925926,0.925925925925926
lof,lof_k50,engine_balanced,0.9,74,0,9,9,1,157.0,157.0,healthy,healthy,157,157,0.9236111111111112,0.9236111111111112
lof,lof_k50,engine_balanced,0.9,74,0,26,26,1,140.0,140.0,healthy,healthy,140,140,0.9421296296296297,0.9421296296296297
lof,lof_k50,engine_balanced,0.9,74,0,51,51,1,115.0,115.0,middle,middle,115,115,0.9861111111111112,0.9861111111111112
lof,lof_k50,engine_balanced,0.9,74,0,54,54,1,112.0,112.0,middle,middle,112,112,0.9444444444444444,0.9444444444444444
lof,lof_k50,engine_balanced,0.9,74,0,56,57,2,110.0,109.0,middle,middle,110,109,0.9745370370370372,0.9664351851851853
lof,lof_k50,engine_balanced,0.9,74,0,66,66,1,100.0,100.0,middle,middle,100,100,0.9652777777777778,0.9652777777777778
lof,lof_k50,engine_balanced,0.9,74,0,82,82,1,84.0,84.0,middle,middle,84,84,0.9166666666666666,0.9166666666666666
lof,lof_k50,engine_balanced,0.9,74,0,84,84,1,82.0,82.0,middle,middle,82,82,0.9236111111111112,0.9236111111111112
lof,lof_k50,engine_balanced,0.9,74,0,94,94,1,72.0,72.0,middle,middle,72,72,0.9375,0.9375
lof,lof_k50,engine_balanced,0.9,74,0,117,117,1,49.0,49.0,middle,middle,49,49,0.9444444444444444,0.9444444444444444
lof,lof_k50,engine_balanced,0.9,74,0,124,124,1,42.0,42.0,middle,middle,42,42,0.9583333333333334,0.9583333333333334
lof,lof_k50,engine_balanced,0.9,74,0,128,128,1,38.0,38.0,middle,middle,38,38,0.9907407407407408,0.9907407407407408
lof,lof_k50,engine_balanced,0.9,74,0,130,134,5,36.0,32.0,middle,middle,36,32,0.9861111111111112,0.9671296296296296
lof,lof_k50,engine_balanced,0.9,74,0,136,166,31,30.0,0.0,near_failure,near_failure,30,0,1.0,0.9911140979689367
lof,lof_k50,engine_balanced,0.9,77,0,7,7,1,147.0,147.0,healthy,healthy,147,147,0.925925925925926,0.925925925925926
lof,lof_k50,engine_balanced,0.9,77,0,16,16,1,138.0,138.0,healthy,healthy,138,138,0.9328703703703703,0.9328703703703703
lof,lof_k50,engine_balanced,0.9,77,0,23,23,1,131.0,131.0,healthy,healthy,131,131,1.0,1.0
lof,lof_k50,engine_balanced,0.9,77,0,35,35,1,119.0,119.0,middle,middle,119,119,0.9976851851851852,0.9976851851851852
lof,lof_k50,engine_balanced,0.9,77,0,61,61,1,93.0,93.0,middle,middle,93,93,0.9930555555555556,0.9930555555555556
lof,lof_k50,engine_balanced,0.9,77,0,80,80,1,74.0,74.0,middle,middle,74,74,0.9861111111111112,0.9861111111111112
lof,lof_k50,engine_balanced,0.9,77,0,89,89,1,65.0,65.0,middle,middle,65,65,0.9444444444444444,0.9444444444444444
lof,lof_k50,engine_balanced,0.9,77,0,95,95,1,59.0,59.0,middle,middle,59,59,0.9791666666666666,0.9791666666666666
lof,lof_k50,engine_balanced,0.9,77,0,99,100,2,55.0,54.0,middle,middle,55,54,0.9976851851851852,0.9768518518518519
lof,lof_k50,engine_balanced,0.9,77,0,105,105,1,49.0,49.0,middle,middle,49,49,0.9861111111111112,0.9861111111111112
lof,lof_k50,engine_balanced,0.9,77,0,107,107,1,47.0,47.0,middle,middle,47,47,0.9861111111111112,0.9861111111111112
lof,lof_k50,engine_balanced,0.9,77,0,109,109,1,45.0,45.0,middle,middle,45,45,0.9444444444444444,0.9444444444444444
lof,lof_k50,engine_balanced,0.9,77,0,111,111,1,43.0,43.0,middle,middle,43,43,0.914351851851852,0.914351851851852
lof,lof_k50,engine_balanced,0.9,77,0,113,118,6,41.0,36.0,middle,middle,41,36,0.9976851851851852,0.9780092592592592
lof,lof_k50,engine_balanced,0.9,77,0,120,154,35,34.0,0.0,middle,near_failure,34,0,1.0,0.9942460317460319
lof,lof_k50,engine_balanced,0.9,78,0,1,1,1,230.0,230.0,healthy,healthy,230,230,0.9444444444444444,0.9444444444444444
lof,lof_k50,engine_balanced,0.9,78,0,5,5,1,226.0,226.0,healthy,healthy,226,226,0.9560185185185184,0.9560185185185184
lof,lof_k50,engine_balanced,0.9,78,0,18,18,1,213.0,213.0,healthy,healthy,213,213,0.9282407407407408,0.9282407407407408
lof,lof_k50,engine_balanced,0.9,78,0,32,32,1,199.0,199.0,healthy,healthy,199,199,0.9583333333333334,0.9583333333333334
lof,lof_k50,engine_balanced,0.9,78,0,37,38,2,194.0,193.0,healthy,healthy,194,193,0.9861111111111112,0.9733796296296295
lof,lof_k50,engine_balanced,0.9,78,0,58,58,1,173.0,173.0,healthy,healthy,173,173,0.9027777777777778,0.9027777777777778
lof,lof_k50,engine_balanced,0.9,78,0,62,62,1,169.0,169.0,healthy,healthy,169,169,0.9560185185185184,0.9560185185185184
lof,lof_k50,engine_balanced,0.9,78,0,79,81,3,152.0,150.0,healthy,healthy,152,150,0.9907407407407408,0.9382716049382717
lof,lof_k50,engine_balanced,0.9,78,0,91,91,1,140.0,140.0,healthy,healthy,140,140,0.9212962962962964,0.9212962962962964
lof,lof_k50,engine_balanced,0.9,78,0,94,94,1,137.0,137.0,healthy,healthy,137,137,0.9282407407407408,0.9282407407407408
lof,lof_k50,engine_balanced,0.9,78,0,134,134,1,97.0,97.0,middle,middle,97,97,0.9907407407407408,0.9907407407407408
lof,lof_k50,engine_balanced,0.9,78,0,166,167,2,65.0,64.0,middle,middle,65,64,0.9907407407407408,0.9756944444444444
lof,lof_k50,engine_balanced,0.9,78,0,172,173,2,59.0,58.0,middle,middle,59,58,0.9907407407407408,0.9675925925925926
lof,lof_k50,engine_balanced,0.9,78,0,176,176,1,55.0,55.0,middle,middle,55,55,0.9652777777777778,0.9652777777777778
lof,lof_k50,engine_balanced,0.9,78,0,180,181,2,51.0,50.0,middle,middle,51,50,0.9907407407407408,0.9907407407407408
lof,lof_k50,engine_balanced,0.9,78,0,183,191,9,48.0,40.0,middle,middle,48,40,0.9976851851851852,0.9621913580246915
lof,lof_k50,engine_balanced,0.9,78,0,193,231,39,38.0,0.0,middle,near_failure,38,0,1.0,0.9976851851851851
lof,lof_k50,engine_balanced,0.9,81,0,5,5,1,235.0,235.0,healthy,healthy,235,235,0.9583333333333334,0.9583333333333334
lof,lof_k50,engine_balanced,0.9,81,0,9,9,1,231.0,231.0,healthy,healthy,231,231,0.9166666666666666,0.9166666666666666
lof,lof_k50,engine_balanced,0.9,81,0,26,26,1,214.0,214.0,healthy,healthy,214,214,0.914351851851852,0.914351851851852
lof,lof_k50,engine_balanced,0.9,81,0,35,35,1,205.0,205.0,healthy,healthy,205,205,0.9282407407407408,0.9282407407407408
lof,lof_k50,engine_balanced,0.9,81,0,41,41,1,199.0,199.0,healthy,healthy,199,199,0.9861111111111112,0.9861111111111112
lof,lof_k50,engine_balanced,0.9,81,0,56,56,1,184.0,184.0,healthy,healthy,184,184,0.9652777777777778,0.9652777777777778
lof,lof_k50,engine_balanced,0.9,81,0,83,84,2,157.0,156.0,healthy,healthy,157,156,0.9907407407407408,0.9768518518518519
lof,lof_k50,engine_balanced,0.9,81,0,86,86,1,154.0,154.0,healthy,healthy,154,154,0.914351851851852,0.914351851851852
lof,lof_k50,engine_balanced,0.9,81,0,89,89,1,151.0,151.0,healthy,healthy,151,151,0.9537037037037036,0.9537037037037036
lof,lof_k50,engine_balanced,0.9,81,0,109,109,1,131.0,131.0,healthy,healthy,131,131,0.9189814814814816,0.9189814814814816
lof,lof_k50,engine_balanced,0.9,81,0,112,112,1,128.0,128.0,healthy,healthy,128,128,0.9166666666666666,0.9166666666666666
lof,lof_k50,engine_balanced,0.9,81,0,116,116,1,124.0,124.0,middle,middle,124,124,0.9583333333333334,0.9583333333333334
lof,lof_k50,engine_balanced,0.9,81,0,118,121,4,122.0,119.0,middle,middle,122,119,0.9861111111111112,0.9554398148148149
lof,lof_k50,engine_balanced,0.9,81,0,130,130,1,110.0,110.0,middle,middle,110,110,0.9351851851851852,0.9351851851851852
lof,lof_k50,engine_balanced,0.9,81,0,134,134,1,106.0,106.0,middle,middle,106,106,0.9097222222222222,0.9097222222222222
lof,lof_k50,engine_balanced,0.9,81,0,137,137,1,103.0,103.0,middle,middle,103,103,0.976851851851852,0.976851851851852
lof,lof_k50,engine_balanced,0.9,81,0,143,144,2,97.0,96.0,middle,middle,97,96,0.9861111111111112,0.9768518518518519
lof,lof_k50,engine_balanced,0.9,81,0,154,154,1,86.0,86.0,middle,middle,86,86,0.9444444444444444,0.9444444444444444
lof,lof_k50,engine_balanced,0.9,81,0,157,157,1,83.0,83.0,middle,middle,83,83,0.9791666666666666,0.9791666666666666
lof,lof_k50,engine_balanced,0.9,81,0,164,164,1,76.0,76.0,middle,middle,76,76,0.9745370370370372,0.9745370370370372
lof,lof_k50,engine_balanced,0.9,81,0,168,170,3,72.0,70.0,middle,middle,72,70,0.9791666666666666,0.9537037037037037
lof,lof_k50,engine_balanced,0.9,81,0,175,179,5,65.0,61.0,middle,middle,65,61,0.9976851851851852,0.9768518518518519
lof,lof_k50,engine_balanced,0.9,81,0,181,182,2,59.0,58.0,middle,middle,59,58,0.9930555555555556,0.988425925925926
lof,lof_k50,engine_balanced,0.9,81,0,184,240,57,56.0,0.0,middle,near_failure,56,0,1.0,0.9959389213775178
lof,lof_k50,engine_balanced,0.9,89,0,3,3,1,214.0,214.0,healthy,healthy,214,214,0.960648148148148,0.960648148148148
lof,lof_k50,engine_balanced,0.9,89,0,7,7,1,210.0,210.0,healthy,healthy,210,210,0.9282407407407408,0.9282407407407408
lof,lof_k50,engine_balanced,0.9,89,0,15,15,1,202.0,202.0,healthy,healthy,202,202,0.9189814814814816,0.9189814814814816
lof,lof_k50,engine_balanced,0.9,89,0,17,17,1,200.0,200.0,healthy,healthy,200,200,0.9976851851851852,0.9976851851851852
lof,lof_k50,engine_balanced,0.9,89,0,20,20,1,197.0,197.0,healthy,healthy,197,197,0.9560185185185184,0.9560185185185184
lof,lof_k50,engine_balanced,0.9,89,0,22,22,1,195.0,195.0,healthy,healthy,195,195,0.9560185185185184,0.9560185185185184
lof,lof_k50,engine_balanced,0.9,89,0,29,29,1,188.0,188.0,healthy,healthy,188,188,0.9444444444444444,0.9444444444444444
lof,lof_k50,engine_balanced,0.9,89,0,32,32,1,185.0,185.0,healthy,healthy,185,185,0.9166666666666666,0.9166666666666666
lof,lof_k50,engine_balanced,0.9,89,0,35,35,1,182.0,182.0,healthy,healthy,182,182,0.9837962962962964,0.9837962962962964
lof,lof_k50,engine_balanced,0.9,89,0,42,42,1,175.0,175.0,healthy,healthy,175,175,0.9236111111111112,0.9236111111111112
lof,lof_k50,engine_balanced,0.9,89,0,47,47,1,170.0,170.0,healthy,healthy,170,170,0.9791666666666666,0.9791666666666666
lof,lof_k50,engine_balanced,0.9,89,0,53,53,1,164.0,164.0,healthy,healthy,164,164,0.9629629629629628,0.9629629629629628
lof,lof_k50,engine_balanced,0.9,89,0,57,57,1,160.0,160.0,healthy,healthy,160,160,0.9027777777777778,0.9027777777777778
lof,lof_k50,engine_balanced,0.9,89,0,59,59,1,158.0,158.0,healthy,healthy,158,158,0.9236111111111112,0.9236111111111112
lof,lof_k50,engine_balanced,0.9,89,0,76,76,1,141.0,141.0,healthy,healthy,141,141,0.9629629629629628,0.9629629629629628
lof,lof_k50,engine_balanced,0.9,89,0,82,82,1,135.0,135.0,healthy,healthy,135,135,0.9166666666666666,0.9166666666666666
lof,lof_k50,engine_balanced,0.9,89,0,113,114,2,104.0,103.0,middle,middle,104,103,0.9907407407407408,0.9467592592592593
lof,lof_k50,engine_balanced,0.9,89,0,119,119,1,98.0,98.0,middle,middle,98,98,0.9212962962962964,0.9212962962962964
lof,lof_k50,engine_balanced,0.9,89,0,137,137,1,80.0,80.0,middle,middle,80,80,0.9282407407407408,0.9282407407407408
lof,lof_k50,engine_balanced,0.9,89,0,147,147,1,70.0,70.0,middle,middle,70,70,0.9189814814814816,0.9189814814814816
lof,lof_k50,engine_balanced,0.9,89,0,154,154,1,63.0,63.0,middle,middle,63,63,0.9675925925925926,0.9675925925925926
lof,lof_k50,engine_balanced,0.9,89,0,163,163,1,54.0,54.0,middle,middle,54,54,0.9027777777777778,0.9027777777777778
lof,lof_k50,engine_balanced,0.9,89,0,169,169,1,48.0,48.0,middle,middle,48,48,0.9166666666666666,0.9166666666666666
lof,lof_k50,engine_balanced,0.9,89,0,173,173,1,44.0,44.0,middle,middle,44,44,0.9791666666666666,0.9791666666666666
lof,lof_k50,engine_balanced,0.9,89,0,175,176,2,42.0,41.0,middle,middle,42,41,0.9837962962962964,0.9814814814814815
lof,lof_k50,engine_balanced,0.9,89,0,178,178,1,39.0,39.0,middle,middle,39,39,0.9861111111111112,0.9861111111111112
lof,lof_k50,engine_balanced,0.9,89,0,180,217,38,37.0,0.0,middle,near_failure,37,0,1.0,0.9961622807017543
lof,lof_k50,engine_balanced,0.9,91,0,6,8,3,129.0,127.0,healthy,healthy,129,127,0.9861111111111112,0.9521604938271606
lof,lof_k50,engine_balanced,0.9,91,0,23,23,1,112.0,112.0,middle,middle,112,112,0.9444444444444444,0.9444444444444444
lof,lof_k50,engine_balanced,0.9,91,0,26,26,1,109.0,109.0,middle,middle,109,109,0.9212962962962964,0.9212962962962964
lof,lof_k50,engine_balanced,0.9,91,0,29,29,1,106.0,106.0,middle,middle,106,106,0.9027777777777778,0.9027777777777778
lof,lof_k50,engine_balanced,0.9,91,0,31,33,3,104.0,102.0,middle,middle,104,102,0.9467592592592592,0.9182098765432097
lof,lof_k50,engine_balanced,0.9,91,0,42,42,1,93.0,93.0,middle,middle,93,93,0.9976851851851852,0.9976851851851852
lof,lof_k50,engine_balanced,0.9,91,0,44,44,1,91.0,91.0,middle,middle,91,91,0.9722222222222222,0.9722222222222222
lof,lof_k50,engine_balanced,0.9,91,0,52,52,1,83.0,83.0,middle,middle,83,83,0.9745370370370372,0.9745370370370372
lof,lof_k50,engine_balanced,0.9,91,0,55,56,2,80.0,79.0,middle,middle,80,79,0.9583333333333334,0.9583333333333334
lof,lof_k50,engine_balanced,0.9,91,0,59,59,1,76.0,76.0,middle,middle,76,76,0.9166666666666666,0.9166666666666666
lof,lof_k50,engine_balanced,0.9,91,0,65,65,1,70.0,70.0,middle,middle,70,70,0.9027777777777778,0.9027777777777778
lof,lof_k50,engine_balanced,0.9,91,0,70,71,2,65.0,64.0,middle,middle,65,64,0.9861111111111112,0.9583333333333334
lof,lof_k50,engine_balanced,0.9,91,0,73,73,1,62.0,62.0,middle,middle,62,62,0.9861111111111112,0.9861111111111112
lof,lof_k50,engine_balanced,0.9,91,0,75,80,6,60.0,55.0,middle,middle,60,55,0.9976851851851852,0.9791666666666669
lof,lof_k50,engine_balanced,0.9,91,0,82,89,8,53.0,46.0,middle,middle,53,46,1.0,0.9892939814814815
lof,lof_k50,engine_balanced,0.9,91,0,91,135,45,44.0,0.0,middle,near_failure,44,0,1.0,0.999074074074074
lof,lof_k50,engine_balanced,0.95,1,0,10,10,1,182.0,182.0,healthy,healthy,182,182,0.9583333333333334,0.9583333333333334
lof,lof_k50,engine_balanced,0.95,1,0,28,28,1,164.0,164.0,healthy,healthy,164,164,0.9861111111111112,0.9861111111111112
lof,lof_k50,engine_balanced,0.95,1,0,52,52,1,140.0,140.0,healthy,healthy,140,140,0.9791666666666666,0.9791666666666666
lof,lof_k50,engine_balanced,0.95,1,0,95,95,1,97.0,97.0,middle,middle,97,97,0.9675925925925926,0.9675925925925926
lof,lof_k50,engine_balanced,0.95,1,0,108,108,1,84.0,84.0,middle,middle,84,84,0.9791666666666666,0.9791666666666666
lof,lof_k50,engine_balanced,0.95,1,0,121,121,1,71.0,71.0,middle,middle,71,71,0.9560185185185184,0.9560185185185184
lof,lof_k50,engine_balanced,0.95,1,0,152,152,1,40.0,40.0,middle,middle,40,40,0.9953703703703703,0.9953703703703703
lof,lof_k50,engine_balanced,0.95,1,0,156,156,1,36.0,36.0,middle,middle,36,36,0.9930555555555556,0.9930555555555556
lof,lof_k50,engine_balanced,0.95,1,0,159,160,2,33.0,32.0,middle,middle,33,32,1.0,0.9837962962962963
lof,lof_k50,engine_balanced,0.95,1,0,162,192,31,30.0,0.0,near_failure,near_failure,30,0,1.0,0.9994772998805257
lof,lof_k50,engine_balanced,0.95,5,0,48,48,1,221.0,221.0,healthy,healthy,221,221,0.9513888888888888,0.9513888888888888
lof,lof_k50,engine_balanced,0.95,5,0,65,65,1,204.0,204.0,healthy,healthy,204,204,0.9652777777777778,0.9652777777777778
lof,lof_k50,engine_balanced,0.95,5,0,74,75,2,195.0,194.0,healthy,healthy,195,194,0.9861111111111112,0.9849537037037037
lof,lof_k50,engine_balanced,0.95,5,0,85,85,1,184.0,184.0,healthy,healthy,184,184,0.9675925925925926,0.9675925925925926
lof,lof_k50,engine_balanced,0.95,5,0,123,123,1,146.0,146.0,healthy,healthy,146,146,0.9861111111111112,0.9861111111111112
lof,lof_k50,engine_balanced,0.95,5,0,137,137,1,132.0,132.0,healthy,healthy,132,132,0.9837962962962964,0.9837962962962964
lof,lof_k50,engine_balanced,0.95,5,0,141,141,1,128.0,128.0,healthy,healthy,128,128,0.9861111111111112,0.9861111111111112
lof,lof_k50,engine_balanced,0.95,5,0,152,152,1,117.0,117.0,middle,middle,117,117,0.9976851851851852,0.9976851851851852
lof,lof_k50,engine_balanced,0.95,5,0,155,155,1,114.0,114.0,middle,middle,114,114,0.9791666666666666,0.9791666666666666
lof,lof_k50,engine_balanced,0.95,5,0,158,158,1,111.0,111.0,middle,middle,111,111,0.9953703703703703,0.9953703703703703
lof,lof_k50,engine_balanced,0.95,5,0,160,160,1,109.0,109.0,middle,middle,109,109,0.9976851851851852,0.9976851851851852
lof,lof_k50,engine_balanced,0.95,5,0,163,163,1,106.0,106.0,middle,middle,106,106,0.9907407407407408,0.9907407407407408
lof,lof_k50,engine_balanced,0.95,5,0,165,165,1,104.0,104.0,middle,middle,104,104,0.9930555555555556,0.9930555555555556
lof,lof_k50,engine_balanced,0.95,5,0,168,173,6,101.0,96.0,middle,middle,101,96,1.0,0.9884259259259259
lof,lof_k50,engine_balanced,0.95,5,0,175,269,95,94.0,0.0,middle,near_failure,94,0,1.0,0.9980994152046782
lof,lof_k50,engine_balanced,0.95,10,0,15,15,1,207.0,207.0,healthy,healthy,207,207,0.9537037037037036,0.9537037037037036
lof,lof_k50,engine_balanced,0.95,10,0,29,29,1,193.0,193.0,healthy,healthy,193,193,0.9675925925925926,0.9675925925925926
lof,lof_k50,engine_balanced,0.95,10,0,39,39,1,183.0,183.0,healthy,healthy,183,183,0.9583333333333334,0.9583333333333334
lof,lof_k50,engine_balanced,0.95,10,0,57,57,1,165.0,165.0,healthy,healthy,165,165,0.9652777777777778,0.9652777777777778
lof,lof_k50,engine_balanced,0.95,10,0,103,103,1,119.0,119.0,middle,middle,119,119,0.9907407407407408,0.9907407407407408
lof,lof_k50,engine_balanced,0.95,10,0,155,155,1,67.0,67.0,middle,middle,67,67,0.9907407407407408,0.9907407407407408
lof,lof_k50,engine_balanced,0.95,10,0,157,158,2,65.0,64.0,middle,middle,65,64,0.9953703703703703,0.9907407407407407
lof,lof_k50,engine_balanced,0.95,10,0,164,167,4,58.0,55.0,middle,middle,58,55,0.9930555555555556,0.9728009259259259
lof,lof_k50,engine_balanced,0.95,10,0,169,169,1,53.0,53.0,middle,middle,53,53,0.9953703703703703,0.9953703703703703
lof,lof_k50,engine_balanced,0.95,10,0,171,173,3,51.0,49.0,middle,middle,51,49,0.9976851851851852,0.9868827160493828
lof,lof_k50,engine_balanced,0.95,10,0,175,178,4,47.0,44.0,middle,middle,47,44,1.0,0.9930555555555556
lof,lof_k50,engine_balanced,0.95,10,0,180,222,43,42.0,0.0,middle,near_failure,42,0,1.0,0.9994078380706288
lof,lof_k50,engine_balanced,0.95,11,0,25,25,1,215.0,215.0,healthy,healthy,215,215,0.9976851851851852,0.9976851851851852
lof,lof_k50,engine_balanced,0.95,11,0,50,50,1,190.0,190.0,healthy,healthy,190,190,0.9930555555555556,0.9930555555555556
lof,lof_k50,engine_balanced,0.95,11,0,118,118,1,122.0,122.0,middle,middle,122,122,0.9675925925925926,0.9675925925925926
lof,lof_k50,engine_balanced,0.95,11,0,134,134,1,106.0,106.0,middle,middle,106,106,0.9675925925925926,0.9675925925925926
lof,lof_k50,engine_balanced,0.95,11,0,136,136,1,104.0,104.0,middle,middle,104,104,0.9861111111111112,0.9861111111111112
lof,lof_k50,engine_balanced,0.95,11,0,139,139,1,101.0,101.0,middle,middle,101,101,0.9560185185185184,0.9560185185185184
lof,lof_k50,engine_balanced,0.95,11,0,157,157,1,83.0,83.0,middle,middle,83,83,0.9861111111111112,0.9861111111111112
lof,lof_k50,engine_balanced,0.95,11,0,159,159,1,81.0,81.0,middle,middle,81,81,0.9583333333333334,0.9583333333333334
lof,lof_k50,engine_balanced,0.95,11,0,170,179,10,70.0,61.0,middle,middle,70,61,0.9976851851851852,0.9835648148148148
lof,lof_k50,engine_balanced,0.95,11,0,181,240,60,59.0,0.0,middle,near_failure,59,0,1.0,0.999537037037037
lof,lof_k50,engine_balanced,0.95,13,0,5,5,1,158.0,158.0,healthy,healthy,158,158,0.9861111111111112,0.9861111111111112
lof,lof_k50,engine_balanced,0.95,13,0,67,67,1,96.0,96.0,middle,middle,96,96,0.9629629629629628,0.9629629629629628
lof,lof_k50,engine_balanced,0.95,13,0,92,92,1,71.0,71.0,middle,middle,71,71,0.9907407407407408,0.9907407407407408
lof,lof_k50,engine_balanced,0.95,13,0,95,95,1,68.0,68.0,middle,middle,68,68,0.9861111111111112,0.9861111111111112
lof,lof_k50,engine_balanced,0.95,13,0,104,104,1,59.0,59.0,middle,middle,59,59,0.9861111111111112,0.9861111111111112
lof,lof_k50,engine_balanced,0.95,13,0,106,107,2,57.0,56.0,middle,middle,57,56,0.9930555555555556,0.9872685185185186
lof,lof_k50,engine_balanced,0.95,13,0,109,163,55,54.0,0.0,middle,near_failure,54,0,1.0,0.9982323232323232
lof,lof_k50,engine_balanced,0.95,16,0,7,7,1,202.0,202.0,healthy,healthy,202,202,0.9930555555555556,0.9930555555555556
lof,lof_k50,engine_balanced,0.95,16,0,17,17,1,192.0,192.0,healthy,healthy,192,192,0.9814814814814816,0.9814814814814816
lof,lof_k50,engine_balanced,0.95,16,0,28,28,1,181.0,181.0,healthy,healthy,181,181,0.9837962962962964,0.9837962962962964
lof,lof_k50,engine_balanced,0.95,16,0,70,70,1,139.0,139.0,healthy,healthy,139,139,0.9513888888888888,0.9513888888888888
lof,lof_k50,engine_balanced,0.95,16,0,73,73,1,136.0,136.0,healthy,healthy,136,136,0.9861111111111112,0.9861111111111112
lof,lof_k50,engine_balanced,0.95,16,0,78,78,1,131.0,131.0,healthy,healthy,131,131,0.9861111111111112,0.9861111111111112
lof,lof_k50,engine_balanced,0.95,16,0,83,83,1,126.0,126.0,healthy,healthy,126,126,0.9907407407407408,0.9907407407407408
lof,lof_k50,engine_balanced,0.95,16,0,88,88,1,121.0,121.0,middle,middle,121,121,0.9861111111111112,0.9861111111111112
lof,lof_k50,engine_balanced,0.95,16,0,91,91,1,118.0,118.0,middle,middle,118,118,0.960648148148148,0.960648148148148
lof,lof_k50,engine_balanced,0.95,16,0,97,97,1,112.0,112.0,middle,middle,112,112,0.9791666666666666,0.9791666666666666
lof,lof_k50,engine_balanced,0.95,16,0,104,105,2,105.0,104.0,middle,middle,105,104,0.9976851851851852,0.9884259259259259
lof,lof_k50,engine_balanced,0.95,16,0,107,107,1,102.0,102.0,middle,middle,102,102,0.9629629629629628,0.9629629629629628
lof,lof_k50,engine_balanced,0.95,16,0,111,112,2,98.0,97.0,middle,middle,98,97,0.9791666666666666,0.96875
lof,lof_k50,engine_balanced,0.95,16,0,116,117,2,93.0,92.0,middle,middle,93,92,0.9976851851851852,0.9953703703703705
lof,lof_k50,engine_balanced,0.95,16,0,120,122,3,89.0,87.0,middle,middle,89,87,0.9976851851851852,0.9953703703703703
lof,lof_k50,engine_balanced,0.95,16,0,124,124,1,85.0,85.0,middle,middle,85,85,0.9791666666666666,0.9791666666666666
lof,lof_k50,engine_balanced,0.95,16,0,126,126,1,83.0,83.0,middle,middle,83,83,0.9629629629629628,0.9629629629629628
lof,lof_k50,engine_balanced,0.95,16,0,128,133,6,81.0,76.0,middle,middle,81,76,1.0,0.9884259259259259
lof,lof_k50,engine_balanced,0.95,16,0,135,143,9,74.0,66.0,middle,middle,74,66,1.0,0.9938271604938271
lof,lof_k50,engine_balanced,0.95,16,0,146,152,7,63.0,57.0,middle,middle,63,57,1.0,0.9927248677248677
lof,lof_k50,engine_balanced,0.95,16,0,154,154,1,55.0,55.0,middle,middle,55,55,1.0,1.0
lof,lof_k50,engine_balanced,0.95,16,0,156,209,54,53.0,0.0,middle,near_failure,53,0,1.0,0.9993998628257886
lof,lof_k50,engine_balanced,0.95,27,0,24,24,1,132.0,132.0,healthy,healthy,132,132,0.9583333333333334,0.9583333333333334
lof,lof_k50,engine_balanced,0.95,27,0,52,52,1,104.0,104.0,middle,middle,104,104,0.9907407407407408,0.9907407407407408
lof,lof_k50,engine_balanced,0.95,27,0,80,80,1,76.0,76.0,middle,middle,76,76,0.9861111111111112,0.9861111111111112
lof,lof_k50,engine_balanced,0.95,27,0,82,82,1,74.0,74.0,middle,middle,74,74,0.9837962962962964,0.9837962962962964
lof,lof_k50,engine_balanced,0.95,27,0,85,85,1,71.0,71.0,middle,middle,71,71,0.9861111111111112,0.9861111111111112
lof,lof_k50,engine_balanced,0.95,27,0,88,88,1,68.0,68.0,middle,middle,68,68,0.9629629629629628,0.9629629629629628
lof,lof_k50,engine_balanced,0.95,27,0,92,99,8,64.0,57.0,middle,middle,64,57,0.9976851851851852,0.9892939814814815
lof,lof_k50,engine_balanced,0.95,27,0,102,103,2,54.0,53.0,middle,middle,54,53,0.9976851851851852,0.9976851851851852
lof,lof_k50,engine_balanced,0.95,27,0,105,156,52,51.0,0.0,middle,near_failure,51,0,1.0,0.9986200142450142
lof,lof_k50,engine_balanced,0.95,31,0,10,10,1,224.0,224.0,healthy,healthy,224,224,0.9791666666666666,0.9791666666666666
lof,lof_k50,engine_balanced,0.95,31,0,18,18,1,216.0,216.0,healthy,healthy,216,216,0.9722222222222222,0.9722222222222222
lof,lof_k50,engine_balanced,0.95,31,0,48,48,1,186.0,186.0,healthy,healthy,186,186,0.9837962962962964,0.9837962962962964
lof,lof_k50,engine_balanced,0.95,31,0,75,75,1,159.0,159.0,healthy,healthy,159,159,0.9930555555555556,0.9930555555555556
lof,lof_k50,engine_balanced,0.95,31,0,92,92,1,142.0,142.0,healthy,healthy,142,142,0.976851851851852,0.976851851851852
lof,lof_k50,engine_balanced,0.95,31,0,126,126,1,108.0,108.0,middle,middle,108,108,0.9791666666666666,0.9791666666666666
lof,lof_k50,engine_balanced,0.95,31,0,135,135,1,99.0,99.0,middle,middle,99,99,0.9976851851851852,0.9976851851851852
lof,lof_k50,engine_balanced,0.95,31,0,151,151,1,83.0,83.0,middle,middle,83,83,0.9583333333333334,0.9583333333333334
lof,lof_k50,engine_balanced,0.95,31,0,167,167,1,67.0,67.0,middle,middle,67,67,0.9930555555555556,0.9930555555555556
lof,lof_k50,engine_balanced,0.95,31,0,176,176,1,58.0,58.0,middle,middle,58,58,0.976851851851852,0.976851851851852
lof,lof_k50,engine_balanced,0.95,31,0,188,188,1,46.0,46.0,middle,middle,46,46,0.9513888888888888,0.9513888888888888
lof,lof_k50,engine_balanced,0.95,31,0,198,234,37,36.0,0.0,middle,near_failure,36,0,1.0,0.9979979979979979
lof,lof_k50,engine_balanced,0.95,34,0,12,12,1,183.0,183.0,healthy,healthy,183,183,0.9583333333333334,0.9583333333333334
lof,lof_k50,engine_balanced,0.95,34,0,25,25,1,170.0,170.0,healthy,healthy,170,170,0.9861111111111112,0.9861111111111112
lof,lof_k50,engine_balanced,0.95,34,0,36,36,1,159.0,159.0,healthy,healthy,159,159,0.9560185185185184,0.9560185185185184
lof,lof_k50,engine_balanced,0.95,34,0,93,93,1,102.0,102.0,middle,middle,102,102,0.9976851851851852,0.9976851851851852
lof,lof_k50,engine_balanced,0.95,34,0,100,100,1,95.0,95.0,middle,middle,95,95,0.9675925925925926,0.9675925925925926
lof,lof_k50,engine_balanced,0.95,34,0,102,102,1,93.0,93.0,middle,middle,93,93,0.9513888888888888,0.9513888888888888
lof,lof_k50,engine_balanced,0.95,34,0,106,106,1,89.0,89.0,middle,middle,89,89,0.9722222222222222,0.9722222222222222
lof,lof_k50,engine_balanced,0.95,34,0,111,111,1,84.0,84.0,middle,middle,84,84,0.9583333333333334,0.9583333333333334
lof,lof_k50,engine_balanced,0.95,34,0,121,137,17,74.0,58.0,middle,middle,74,58,1.0,0.9931917211328977
lof,lof_k50,engine_balanced,0.95,34,0,139,195,57,56.0,0.0,middle,near_failure,56,0,1.0,1.0
lof,lof_k50,engine_balanced,0.95,40,0,26,26,1,162.0,162.0,healthy,healthy,162,162,0.9675925925925926,0.9675925925925926
lof,lof_k50,engine_balanced,0.95,40,0,39,39,1,149.0,149.0,healthy,healthy,149,149,0.9791666666666666,0.9791666666666666
lof,lof_k50,engine_balanced,0.95,40,0,68,69,2,120.0,119.0,middle,middle,120,119,0.9837962962962964,0.9814814814814815
lof,lof_k50,engine_balanced,0.95,40,0,81,81,1,107.0,107.0,middle,middle,107,107,0.9791666666666666,0.9791666666666666
lof,lof_k50,engine_balanced,0.95,40,0,86,87,2,102.0,101.0,middle,middle,102,101,0.9976851851851852,0.994212962962963
lof,lof_k50,engine_balanced,0.95,40,0,91,91,1,97.0,97.0,middle,middle,97,97,0.9560185185185184,0.9560185185185184
lof,lof_k50,engine_balanced,0.95,40,0,95,95,1,93.0,93.0,middle,middle,93,93,0.9930555555555556,0.9930555555555556
lof,lof_k50,engine_balanced,0.95,40,0,98,98,1,90.0,90.0,middle,middle,90,90,0.9907407407407408,0.9907407407407408
lof,lof_k50,engine_balanced,0.95,40,0,100,103,4,88.0,85.0,middle,middle,88,85,0.9861111111111112,0.9646990740740741
lof,lof_k50,engine_balanced,0.95,40,0,106,108,3,82.0,80.0,middle,middle,82,80,0.9976851851851852,0.9930555555555557
lof,lof_k50,engine_balanced,0.95,40,0,110,110,1,78.0,78.0,middle,middle,78,78,0.9861111111111112,0.9861111111111112
lof,lof_k50,engine_balanced,0.95,40,0,114,114,1,74.0,74.0,middle,middle,74,74,0.9861111111111112,0.9861111111111112
lof,lof_k50,engine_balanced,0.95,40,0,116,122,7,72.0,66.0,middle,middle,72,66,1.0,0.9927248677248678
lof,lof_k50,engine_balanced,0.95,40,0,124,188,65,64.0,0.0,middle,near_failure,64,0,1.0,0.999074074074074
lof,lof_k50,engine_balanced,0.95,41,0,6,6,1,210.0,210.0,healthy,healthy,210,210,0.9583333333333334,0.9583333333333334
lof,lof_k50,engine_balanced,0.95,41,0,25,25,1,191.0,191.0,healthy,healthy,191,191,0.9583333333333334,0.9583333333333334
lof,lof_k50,engine_balanced,0.95,41,0,68,68,1,148.0,148.0,healthy,healthy,148,148,0.9837962962962964,0.9837962962962964
lof,lof_k50,engine_balanced,0.95,41,0,75,75,1,141.0,141.0,healthy,healthy,141,141,0.9861111111111112,0.9861111111111112
lof,lof_k50,engine_balanced,0.95,41,0,84,84,1,132.0,132.0,healthy,healthy,132,132,0.9861111111111112,0.9861111111111112
lof,lof_k50,engine_balanced,0.95,41,0,101,101,1,115.0,115.0,middle,middle,115,115,0.9560185185185184,0.9560185185185184
lof,lof_k50,engine_balanced,0.95,41,0,103,103,1,113.0,113.0,middle,middle,113,113,0.9837962962962964,0.9837962962962964
lof,lof_k50,engine_balanced,0.95,41,0,106,106,1,110.0,110.0,middle,middle,110,110,0.9814814814814816,0.9814814814814816
lof,lof_k50,engine_balanced,0.95,41,0,120,121,2,96.0,95.0,middle,middle,96,95,0.9930555555555556,0.988425925925926
lof,lof_k50,engine_balanced,0.95,41,0,125,125,1,91.0,91.0,middle,middle,91,91,0.9513888888888888,0.9513888888888888
lof,lof_k50,engine_balanced,0.95,41,0,128,128,1,88.0,88.0,middle,middle,88,88,0.9907407407407408,0.9907407407407408
lof,lof_k50,engine_balanced,0.95,41,0,130,132,3,86.0,84.0,middle,middle,86,84,1.0,0.9814814814814815
lof,lof_k50,engine_balanced,0.95,41,0,139,142,4,77.0,74.0,middle,middle,77,74,0.9976851851851852,0.9872685185185185
lof,lof_k50,engine_balanced,0.95,41,0,144,216,73,72.0,0.0,middle,near_failure,72,0,1.0,0.999175545408422
lof,lof_k50,engine_balanced,0.95,45,0,31,32,2,127.0,126.0,healthy,healthy,127,126,0.9675925925925926,0.962962962962963
lof,lof_k50,engine_balanced,0.95,45,0,45,45,1,113.0,113.0,middle,middle,113,113,0.976851851851852,0.976851851851852
lof,lof_k50,engine_balanced,0.95,45,0,47,47,1,111.0,111.0,middle,middle,111,111,0.9861111111111112,0.9861111111111112
lof,lof_k50,engine_balanced,0.95,45,0,53,53,1,105.0,105.0,middle,middle,105,105,0.976851851851852,0.976851851851852
lof,lof_k50,engine_balanced,0.95,45,0,65,65,1,93.0,93.0,middle,middle,93,93,0.9861111111111112,0.9861111111111112
lof,lof_k50,engine_balanced,0.95,45,0,70,70,1,88.0,88.0,middle,middle,88,88,0.976851851851852,0.976851851851852
lof,lof_k50,engine_balanced,0.95,45,0,77,78,2,81.0,80.0,middle,middle,81,80,0.9791666666666666,0.9675925925925926
lof,lof_k50,engine_balanced,0.95,45,0,83,83,1,75.0,75.0,middle,middle,75,75,0.976851851851852,0.976851851851852
lof,lof_k50,engine_balanced,0.95,45,0,87,87,1,71.0,71.0,middle,middle,71,71,0.9837962962962964,0.9837962962962964
lof,lof_k50,engine_balanced,0.95,45,0,91,91,1,67.0,67.0,middle,middle,67,67,0.9861111111111112,0.9861111111111112
lof,lof_k50,engine_balanced,0.95,45,0,97,100,4,61.0,58.0,middle,middle,61,58,0.9976851851851852,0.9901620370370371
lof,lof_k50,engine_balanced,0.95,45,0,103,104,2,55.0,54.0,middle,middle,55,54,0.9953703703703703,0.9907407407407407
lof,lof_k50,engine_balanced,0.95,45,0,106,106,1,52.0,52.0,middle,middle,52,52,0.9930555555555556,0.9930555555555556
lof,lof_k50,engine_balanced,0.95,45,0,108,114,7,50.0,44.0,middle,middle,50,44,1.0,0.9834656084656084
lof,lof_k50,engine_balanced,0.95,45,0,116,158,43,42.0,0.0,middle,near_failure,42,0,1.0,0.9974698535745047
lof,lof_k50,engine_balanced,0.95,46,0,64,64,1,192.0,192.0,healthy,healthy,192,192,0.9907407407407408,0.9907407407407408
lof,lof_k50,engine_balanced,0.95,46,0,74,74,1,182.0,182.0,healthy,healthy,182,182,0.9837962962962964,0.9837962962962964
lof,lof_k50,engine_balanced,0.95,46,0,111,111,1,145.0,145.0,healthy,healthy,145,145,0.9837962962962964,0.9837962962962964
lof,lof_k50,engine_balanced,0.95,46,0,121,121,1,135.0,135.0,healthy,healthy,135,135,0.9907407407407408,0.9907407407407408
lof,lof_k50,engine_balanced,0.95,46,0,174,174,1,82.0,82.0,middle,middle,82,82,0.976851851851852,0.976851851851852
lof,lof_k50,engine_balanced,0.95,46,0,193,193,1,63.0,63.0,middle,middle,63,63,0.9861111111111112,0.9861111111111112
lof,lof_k50,engine_balanced,0.95,46,0,197,197,1,59.0,59.0,middle,middle,59,59,0.9861111111111112,0.9861111111111112
lof,lof_k50,engine_balanced,0.95,46,0,203,203,1,53.0,53.0,middle,middle,53,53,0.9861111111111112,0.9861111111111112
lof,lof_k50,engine_balanced,0.95,46,0,209,209,1,47.0,47.0,middle,middle,47,47,0.9861111111111112,0.9861111111111112
lof,lof_k50,engine_balanced,0.95,46,0,211,211,1,45.0,45.0,middle,middle,45,45,0.9930555555555556,0.9930555555555556
lof,lof_k50,engine_balanced,0.95,46,0,216,222,7,40.0,34.0,middle,middle,40,34,1.0,0.9884259259259258
lof,lof_k50,engine_balanced,0.95,46,0,224,225,2,32.0,31.0,middle,middle,32,31,1.0,0.9976851851851851
lof,lof_k50,engine_balanced,0.95,46,0,227,256,30,29.0,0.0,near_failure,near_failure,29,0,1.0,0.9999228395061728
lof,lof_k50,engine_balanced,0.95,54,0,35,35,1,222.0,222.0,healthy,healthy,222,222,0.9560185185185184,0.9560185185185184
lof,lof_k50,engine_balanced,0.95,54,0,41,41,1,216.0,216.0,healthy,healthy,216,216,0.9861111111111112,0.9861111111111112
lof,lof_k50,engine_balanced,0.95,54,0,116,116,1,141.0,141.0,healthy,healthy,141,141,0.9745370370370372,0.9745370370370372
lof,lof_k50,engine_balanced,0.95,54,0,145,145,1,112.0,112.0,middle,middle,112,112,0.9861111111111112,0.9861111111111112
lof,lof_k50,engine_balanced,0.95,54,0,151,152,2,106.0,105.0,middle,middle,106,105,0.9861111111111112,0.9768518518518519
lof,lof_k50,engine_balanced,0.95,54,0,158,158,1,99.0,99.0,middle,middle,99,99,0.9629629629629628,0.9629629629629628
lof,lof_k50,engine_balanced,0.95,54,0,160,161,2,97.0,96.0,middle,middle,97,96,0.9930555555555556,0.9918981481481481
lof,lof_k50,engine_balanced,0.95,54,0,163,164,2,94.0,93.0,middle,middle,94,93,0.9861111111111112,0.9849537037037037
lof,lof_k50,engine_balanced,0.95,54,0,168,168,1,89.0,89.0,middle,middle,89,89,0.9976851851851852,0.9976851851851852
lof,lof_k50,engine_balanced,0.95,54,0,170,170,1,87.0,87.0,middle,middle,87,87,0.9907407407407408,0.9907407407407408
lof,lof_k50,engine_balanced,0.95,54,0,173,178,6,84.0,79.0,middle,middle,84,79,0.9976851851851852,0.9853395061728395
lof,lof_k50,engine_balanced,0.95,54,0,180,257,78,77.0,0.0,middle,near_failure,77,0,1.0,0.9991393637226972
lof,lof_k50,engine_balanced,0.95,74,0,51,51,1,115.0,115.0,middle,middle,115,115,0.9861111111111112,0.9861111111111112
lof,lof_k50,engine_balanced,0.95,74,0,56,57,2,110.0,109.0,middle,middle,110,109,0.9745370370370372,0.9664351851851853
lof,lof_k50,engine_balanced,0.95,74,0,66,66,1,100.0,100.0,middle,middle,100,100,0.9652777777777778,0.9652777777777778
lof,lof_k50,engine_balanced,0.95,74,0,124,124,1,42.0,42.0,middle,middle,42,42,0.9583333333333334,0.9583333333333334
lof,lof_k50,engine_balanced,0.95,74,0,128,128,1,38.0,38.0,middle,middle,38,38,0.9907407407407408,0.9907407407407408
lof,lof_k50,engine_balanced,0.95,74,0,131,134,4,35.0,32.0,middle,middle,35,32,0.9861111111111112,0.9728009259259259
lof,lof_k50,engine_balanced,0.95,74,0,136,137,2,30.0,29.0,near_failure,near_failure,30,29,0.9907407407407408,0.988425925925926
lof,lof_k50,engine_balanced,0.95,74,0,140,143,4,26.0,23.0,near_failure,near_failure,26,23,1.0,0.9930555555555556
lof,lof_k50,engine_balanced,0.95,74,0,145,166,22,21.0,0.0,near_failure,near_failure,21,0,1.0,0.9995791245791246
lof,lof_k50,engine_balanced,0.95,77,0,23,23,1,131.0,131.0,healthy,healthy,131,131,1.0,1.0
lof,lof_k50,engine_balanced,0.95,77,0,35,35,1,119.0,119.0,middle,middle,119,119,0.9976851851851852,0.9976851851851852
lof,lof_k50,engine_balanced,0.95,77,0,61,61,1,93.0,93.0,middle,middle,93,93,0.9930555555555556,0.9930555555555556
lof,lof_k50,engine_balanced,0.95,77,0,80,80,1,74.0,74.0,middle,middle,74,74,0.9861111111111112,0.9861111111111112
lof,lof_k50,engine_balanced,0.95,77,0,95,95,1,59.0,59.0,middle,middle,59,59,0.9791666666666666,0.9791666666666666
lof,lof_k50,engine_balanced,0.95,77,0,99,100,2,55.0,54.0,middle,middle,55,54,0.9976851851851852,0.9768518518518519
lof,lof_k50,engine_balanced,0.95,77,0,105,105,1,49.0,49.0,middle,middle,49,49,0.9861111111111112,0.9861111111111112
lof,lof_k50,engine_balanced,0.95,77,0,107,107,1,47.0,47.0,middle,middle,47,47,0.9861111111111112,0.9861111111111112
lof,lof_k50,engine_balanced,0.95,77,0,113,113,1,41.0,41.0,middle,middle,41,41,0.9976851851851852,0.9976851851851852
lof,lof_k50,engine_balanced,0.95,77,0,115,118,4,39.0,36.0,middle,middle,39,36,0.9976851851851852,0.9884259259259259
lof,lof_k50,engine_balanced,0.95,77,0,120,122,3,34.0,32.0,middle,middle,34,32,0.9930555555555556,0.9814814814814815
lof,lof_k50,engine_balanced,0.95,77,0,124,154,31,30.0,0.0,near_failure,near_failure,30,0,1.0,0.9982825567502986
lof,lof_k50,engine_balanced,0.95,78,0,5,5,1,226.0,226.0,healthy,healthy,226,226,0.9560185185185184,0.9560185185185184
lof,lof_k50,engine_balanced,0.95,78,0,32,32,1,199.0,199.0,healthy,healthy,199,199,0.9583333333333334,0.9583333333333334
lof,lof_k50,engine_balanced,0.95,78,0,37,38,2,194.0,193.0,healthy,healthy,194,193,0.9861111111111112,0.9733796296296295
lof,lof_k50,engine_balanced,0.95,78,0,62,62,1,169.0,169.0,healthy,healthy,169,169,0.9560185185185184,0.9560185185185184
lof,lof_k50,engine_balanced,0.95,78,0,80,80,1,151.0,151.0,healthy,healthy,151,151,0.9907407407407408,0.9907407407407408
lof,lof_k50,engine_balanced,0.95,78,0,134,134,1,97.0,97.0,middle,middle,97,97,0.9907407407407408,0.9907407407407408
lof,lof_k50,engine_balanced,0.95,78,0,166,167,2,65.0,64.0,middle,middle,65,64,0.9907407407407408,0.9756944444444444
lof,lof_k50,engine_balanced,0.95,78,0,173,173,1,58.0,58.0,middle,middle,58,58,0.9907407407407408,0.9907407407407408
lof,lof_k50,engine_balanced,0.95,78,0,176,176,1,55.0,55.0,middle,middle,55,55,0.9652777777777778,0.9652777777777778
lof,lof_k50,engine_balanced,0.95,78,0,180,181,2,51.0,50.0,middle,middle,51,50,0.9907407407407408,0.9907407407407408
lof,lof_k50,engine_balanced,0.95,78,0,184,185,2,47.0,46.0,middle,middle,47,46,0.9791666666666666,0.9722222222222222
lof,lof_k50,engine_balanced,0.95,78,0,187,188,2,44.0,43.0,middle,middle,44,43,0.9930555555555556,0.9895833333333334
lof,lof_k50,engine_balanced,0.95,78,0,190,191,2,41.0,40.0,middle,middle,41,40,0.9976851851851852,0.9918981481481481
lof,lof_k50,engine_balanced,0.95,78,0,193,193,1,38.0,38.0,middle,middle,38,38,0.9837962962962964,0.9837962962962964
lof,lof_k50,engine_balanced,0.95,78,0,195,231,37,36.0,0.0,middle,near_failure,36,0,1.0,0.9994369369369369
lof,lof_k50,engine_balanced,0.95,81,0,5,5,1,235.0,235.0,healthy,healthy,235,235,0.9583333333333334,0.9583333333333334
lof,lof_k50,engine_balanced,0.95,81,0,41,41,1,199.0,199.0,healthy,healthy,199,199,0.9861111111111112,0.9861111111111112
lof,lof_k50,engine_balanced,0.95,81,0,56,56,1,184.0,184.0,healthy,healthy,184,184,0.9652777777777778,0.9652777777777778
lof,lof_k50,engine_balanced,0.95,81,0,83,84,2,157.0,156.0,healthy,healthy,157,156,0.9907407407407408,0.9768518518518519
lof,lof_k50,engine_balanced,0.95,81,0,89,89,1,151.0,151.0,healthy,healthy,151,151,0.9537037037037036,0.9537037037037036
lof,lof_k50,engine_balanced,0.95,81,0,116,116,1,124.0,124.0,middle,middle,124,124,0.9583333333333334,0.9583333333333334
lof,lof_k50,engine_balanced,0.95,81,0,120,121,2,120.0,119.0,middle,middle,120,119,0.9861111111111112,0.9861111111111112
lof,lof_k50,engine_balanced,0.95,81,0,137,137,1,103.0,103.0,middle,middle,103,103,0.976851851851852,0.976851851851852
lof,lof_k50,engine_balanced,0.95,81,0,143,144,2,97.0,96.0,middle,middle,97,96,0.9861111111111112,0.9768518518518519
lof,lof_k50,engine_balanced,0.95,81,0,157,157,1,83.0,83.0,middle,middle,83,83,0.9791666666666666,0.9791666666666666
lof,lof_k50,engine_balanced,0.95,81,0,164,164,1,76.0,76.0,middle,middle,76,76,0.9745370370370372,0.9745370370370372
lof,lof_k50,engine_balanced,0.95,81,0,168,169,2,72.0,71.0,middle,middle,72,71,0.9791666666666666,0.9722222222222222
lof,lof_k50,engine_balanced,0.95,81,0,175,176,2,65.0,64.0,middle,middle,65,64,0.9976851851851852,0.9918981481481481
lof,lof_k50,engine_balanced,0.95,81,0,178,179,2,62.0,61.0,middle,middle,62,61,0.9930555555555556,0.9837962962962964
lof,lof_k50,engine_balanced,0.95,81,0,181,182,2,59.0,58.0,middle,middle,59,58,0.9930555555555556,0.988425925925926
lof,lof_k50,engine_balanced,0.95,81,0,184,187,4,56.0,53.0,middle,middle,56,53,1.0,0.9855324074074074
lof,lof_k50,engine_balanced,0.95,81,0,189,240,52,51.0,0.0,middle,near_failure,51,0,1.0,0.9980413105413105
lof,lof_k50,engine_balanced,0.95,89,0,3,3,1,214.0,214.0,healthy,healthy,214,214,0.960648148148148,0.960648148148148
lof,lof_k50,engine_balanced,0.95,89,0,17,17,1,200.0,200.0,healthy,healthy,200,200,0.9976851851851852,0.9976851851851852
lof,lof_k50,engine_balanced,0.95,89,0,20,20,1,197.0,197.0,healthy,healthy,197,197,0.9560185185185184,0.9560185185185184
lof,lof_k50,engine_balanced,0.95,89,0,22,22,1,195.0,195.0,healthy,healthy,195,195,0.9560185185185184,0.9560185185185184
lof,lof_k50,engine_balanced,0.95,89,0,35,35,1,182.0,182.0,healthy,healthy,182,182,0.9837962962962964,0.9837962962962964
lof,lof_k50,engine_balanced,0.95,89,0,47,47,1,170.0,170.0,healthy,healthy,170,170,0.9791666666666666,0.9791666666666666
lof,lof_k50,engine_balanced,0.95,89,0,53,53,1,164.0,164.0,healthy,healthy,164,164,0.9629629629629628,0.9629629629629628
lof,lof_k50,engine_balanced,0.95,89,0,76,76,1,141.0,141.0,healthy,healthy,141,141,0.9629629629629628,0.9629629629629628
lof,lof_k50,engine_balanced,0.95,89,0,113,113,1,104.0,104.0,middle,middle,104,104,0.9907407407407408,0.9907407407407408
lof,lof_k50,engine_balanced,0.95,89,0,154,154,1,63.0,63.0,middle,middle,63,63,0.9675925925925926,0.9675925925925926
lof,lof_k50,engine_balanced,0.95,89,0,173,173,1,44.0,44.0,middle,middle,44,44,0.9791666666666666,0.9791666666666666
lof,lof_k50,engine_balanced,0.95,89,0,175,176,2,42.0,41.0,middle,middle,42,41,0.9837962962962964,0.9814814814814815
lof,lof_k50,engine_balanced,0.95,89,0,178,178,1,39.0,39.0,middle,middle,39,39,0.9861111111111112,0.9861111111111112
lof,lof_k50,engine_balanced,0.95,89,0,181,217,37,36.0,0.0,middle,near_failure,36,0,1.0,0.9980605605605606
lof,lof_k50,engine_balanced,0.95,91,0,7,7,1,128.0,128.0,healthy,healthy,128,128,0.9861111111111112,0.9861111111111112
lof,lof_k50,engine_balanced,0.95,91,0,42,42,1,93.0,93.0,middle,middle,93,93,0.9976851851851852,0.9976851851851852
lof,lof_k50,engine_balanced,0.95,91,0,44,44,1,91.0,91.0,middle,middle,91,91,0.9722222222222222,0.9722222222222222
lof,lof_k50,engine_balanced,0.95,91,0,52,52,1,83.0,83.0,middle,middle,83,83,0.9745370370370372,0.9745370370370372
lof,lof_k50,engine_balanced,0.95,91,0,55,56,2,80.0,79.0,middle,middle,80,79,0.9583333333333334,0.9583333333333334
lof,lof_k50,engine_balanced,0.95,91,0,70,70,1,65.0,65.0,middle,middle,65,65,0.9861111111111112,0.9861111111111112
lof,lof_k50,engine_balanced,0.95,91,0,73,73,1,62.0,62.0,middle,middle,62,62,0.9861111111111112,0.9861111111111112
lof,lof_k50,engine_balanced,0.95,91,0,75,79,5,60.0,56.0,middle,middle,60,56,0.9976851851851852,0.9861111111111113
lof,lof_k50,engine_balanced,0.95,91,0,82,89,8,53.0,46.0,middle,middle,53,46,1.0,0.9892939814814815
lof,lof_k50,engine_balanced,0.95,91,0,91,135,45,44.0,0.0,middle,near_failure,44,0,1.0,0.999074074074074
lof,lof_k50,engine_balanced,0.975,1,0,28,28,1,164.0,164.0,healthy,healthy,164,164,0.9861111111111112,0.9861111111111112
lof,lof_k50,engine_balanced,0.975,1,0,52,52,1,140.0,140.0,healthy,healthy,140,140,0.9791666666666666,0.9791666666666666
lof,lof_k50,engine_balanced,0.975,1,0,108,108,1,84.0,84.0,middle,middle,84,84,0.9791666666666666,0.9791666666666666
lof,lof_k50,engine_balanced,0.975,1,0,152,152,1,40.0,40.0,middle,middle,40,40,0.9953703703703703,0.9953703703703703
lof,lof_k50,engine_balanced,0.975,1,0,156,156,1,36.0,36.0,middle,middle,36,36,0.9930555555555556,0.9930555555555556
lof,lof_k50,engine_balanced,0.975,1,0,160,160,1,32.0,32.0,middle,middle,32,32,1.0,1.0
lof,lof_k50,engine_balanced,0.975,1,0,162,192,31,30.0,0.0,near_failure,near_failure,30,0,1.0,0.9994772998805257
lof,lof_k50,engine_balanced,0.975,5,0,74,75,2,195.0,194.0,healthy,healthy,195,194,0.9861111111111112,0.9849537037037037
lof,lof_k50,engine_balanced,0.975,5,0,123,123,1,146.0,146.0,healthy,healthy,146,146,0.9861111111111112,0.9861111111111112
lof,lof_k50,engine_balanced,0.975,5,0,137,137,1,132.0,132.0,healthy,healthy,132,132,0.9837962962962964,0.9837962962962964
lof,lof_k50,engine_balanced,0.975,5,0,141,141,1,128.0,128.0,healthy,healthy,128,128,0.9861111111111112,0.9861111111111112
lof,lof_k50,engine_balanced,0.975,5,0,152,152,1,117.0,117.0,middle,middle,117,117,0.9976851851851852,0.9976851851851852
lof,lof_k50,engine_balanced,0.975,5,0,155,155,1,114.0,114.0,middle,middle,114,114,0.9791666666666666,0.9791666666666666
lof,lof_k50,engine_balanced,0.975,5,0,158,158,1,111.0,111.0,middle,middle,111,111,0.9953703703703703,0.9953703703703703
lof,lof_k50,engine_balanced,0.975,5,0,160,160,1,109.0,109.0,middle,middle,109,109,0.9976851851851852,0.9976851851851852
lof,lof_k50,engine_balanced,0.975,5,0,163,163,1,106.0,106.0,middle,middle,106,106,0.9907407407407408,0.9907407407407408
lof,lof_k50,engine_balanced,0.975,5,0,165,165,1,104.0,104.0,middle,middle,104,104,0.9930555555555556,0.9930555555555556
lof,lof_k50,engine_balanced,0.975,5,0,168,170,3,101.0,99.0,middle,middle,101,99,1.0,0.996141975308642
lof,lof_k50,engine_balanced,0.975,5,0,172,173,2,97.0,96.0,middle,middle,97,96,0.9976851851851852,0.9918981481481481
lof,lof_k50,engine_balanced,0.975,5,0,177,178,2,92.0,91.0,middle,middle,92,91,0.9930555555555556,0.9895833333333334
lof,lof_k50,engine_balanced,0.975,5,0,180,269,90,89.0,0.0,middle,near_failure,89,0,1.0,0.999485596707819
lof,lof_k50,engine_balanced,0.975,10,0,103,103,1,119.0,119.0,middle,middle,119,119,0.9907407407407408,0.9907407407407408
lof,lof_k50,engine_balanced,0.975,10,0,155,155,1,67.0,67.0,middle,middle,67,67,0.9907407407407408,0.9907407407407408
lof,lof_k50,engine_balanced,0.975,10,0,157,158,2,65.0,64.0,middle,middle,65,64,0.9953703703703703,0.9907407407407407
lof,lof_k50,engine_balanced,0.975,10,0,165,166,2,57.0,56.0,middle,middle,57,56,0.9930555555555556,0.9918981481481481
lof,lof_k50,engine_balanced,0.975,10,0,169,169,1,53.0,53.0,middle,middle,53,53,0.9953703703703703,0.9953703703703703
lof,lof_k50,engine_balanced,0.975,10,0,171,173,3,51.0,49.0,middle,middle,51,49,0.9976851851851852,0.9868827160493828
lof,lof_k50,engine_balanced,0.975,10,0,175,178,4,47.0,44.0,middle,middle,47,44,1.0,0.9930555555555556
lof,lof_k50,engine_balanced,0.975,10,0,180,222,43,42.0,0.0,middle,near_failure,42,0,1.0,0.9994078380706288
lof,lof_k50,engine_balanced,0.975,11,0,25,25,1,215.0,215.0,healthy,healthy,215,215,0.9976851851851852,0.9976851851851852
lof,lof_k50,engine_balanced,0.975,11,0,50,50,1,190.0,190.0,healthy,healthy,190,190,0.9930555555555556,0.9930555555555556
lof,lof_k50,engine_balanced,0.975,11,0,136,136,1,104.0,104.0,middle,middle,104,104,0.9861111111111112,0.9861111111111112
lof,lof_k50,engine_balanced,0.975,11,0,157,157,1,83.0,83.0,middle,middle,83,83,0.9861111111111112,0.9861111111111112
lof,lof_k50,engine_balanced,0.975,11,0,170,175,6,70.0,65.0,middle,middle,70,65,0.9907407407407408,0.9853395061728394
lof,lof_k50,engine_balanced,0.975,11,0,178,179,2,62.0,61.0,middle,middle,62,61,0.9976851851851852,0.994212962962963
lof,lof_k50,engine_balanced,0.975,11,0,181,240,60,59.0,0.0,middle,near_failure,59,0,1.0,0.999537037037037
lof,lof_k50,engine_balanced,0.975,13,0,5,5,1,158.0,158.0,healthy,healthy,158,158,0.9861111111111112,0.9861111111111112
lof,lof_k50,engine_balanced,0.975,13,0,92,92,1,71.0,71.0,middle,middle,71,71,0.9907407407407408,0.9907407407407408
lof,lof_k50,engine_balanced,0.975,13,0,95,95,1,68.0,68.0,middle,middle,68,68,0.9861111111111112,0.9861111111111112
lof,lof_k50,engine_balanced,0.975,13,0,104,104,1,59.0,59.0,middle,middle,59,59,0.9861111111111112,0.9861111111111112
lof,lof_k50,engine_balanced,0.975,13,0,106,107,2,57.0,56.0,middle,middle,57,56,0.9930555555555556,0.9872685185185186
lof,lof_k50,engine_balanced,0.975,13,0,109,112,4,54.0,51.0,middle,middle,54,51,0.9976851851851852,0.9953703703703703
lof,lof_k50,engine_balanced,0.975,13,0,114,163,50,49.0,0.0,middle,near_failure,49,0,1.0,0.9992592592592593
lof,lof_k50,engine_balanced,0.975,16,0,7,7,1,202.0,202.0,healthy,healthy,202,202,0.9930555555555556,0.9930555555555556
lof,lof_k50,engine_balanced,0.975,16,0,17,17,1,192.0,192.0,healthy,healthy,192,192,0.9814814814814816,0.9814814814814816
lof,lof_k50,engine_balanced,0.975,16,0,28,28,1,181.0,181.0,healthy,healthy,181,181,0.9837962962962964,0.9837962962962964
lof,lof_k50,engine_balanced,0.975,16,0,73,73,1,136.0,136.0,healthy,healthy,136,136,0.9861111111111112,0.9861111111111112
lof,lof_k50,engine_balanced,0.975,16,0,78,78,1,131.0,131.0,healthy,healthy,131,131,0.9861111111111112,0.9861111111111112
lof,lof_k50,engine_balanced,0.975,16,0,83,83,1,126.0,126.0,healthy,healthy,126,126,0.9907407407407408,0.9907407407407408
lof,lof_k50,engine_balanced,0.975,16,0,88,88,1,121.0,121.0,middle,middle,121,121,0.9861111111111112,0.9861111111111112
lof,lof_k50,engine_balanced,0.975,16,0,97,97,1,112.0,112.0,middle,middle,112,112,0.9791666666666666,0.9791666666666666
lof,lof_k50,engine_balanced,0.975,16,0,104,105,2,105.0,104.0,middle,middle,105,104,0.9976851851851852,0.9884259259259259
lof,lof_k50,engine_balanced,0.975,16,0,112,112,1,97.0,97.0,middle,middle,97,97,0.9791666666666666,0.9791666666666666
lof,lof_k50,engine_balanced,0.975,16,0,116,117,2,93.0,92.0,middle,middle,93,92,0.9976851851851852,0.9953703703703705
lof,lof_k50,engine_balanced,0.975,16,0,120,122,3,89.0,87.0,middle,middle,89,87,0.9976851851851852,0.9953703703703703
lof,lof_k50,engine_balanced,0.975,16,0,124,124,1,85.0,85.0,middle,middle,85,85,0.9791666666666666,0.9791666666666666
lof,lof_k50,engine_balanced,0.975,16,0,128,129,2,81.0,80.0,middle,middle,81,80,0.9976851851851852,0.9884259259259259
lof,lof_k50,engine_balanced,0.975,16,0,131,133,3,78.0,76.0,middle,middle,78,76,1.0,0.9992283950617283
lof,lof_k50,engine_balanced,0.975,16,0,135,143,9,74.0,66.0,middle,middle,74,66,1.0,0.9938271604938271
lof,lof_k50,engine_balanced,0.975,16,0,146,151,6,63.0,58.0,middle,middle,63,58,1.0,0.995756172839506
lof,lof_k50,engine_balanced,0.975,16,0,154,154,1,55.0,55.0,middle,middle,55,55,1.0,1.0
lof,lof_k50,engine_balanced,0.975,16,0,156,209,54,53.0,0.0,middle,near_failure,53,0,1.0,0.9993998628257886
lof,lof_k50,engine_balanced,0.975,27,0,52,52,1,104.0,104.0,middle,middle,104,104,0.9907407407407408,0.9907407407407408
lof,lof_k50,engine_balanced,0.975,27,0,80,80,1,76.0,76.0,middle,middle,76,76,0.9861111111111112,0.9861111111111112
lof,lof_k50,engine_balanced,0.975,27,0,82,82,1,74.0,74.0,middle,middle,74,74,0.9837962962962964,0.9837962962962964
lof,lof_k50,engine_balanced,0.975,27,0,85,85,1,71.0,71.0,middle,middle,71,71,0.9861111111111112,0.9861111111111112
lof,lof_k50,engine_balanced,0.975,27,0,92,92,1,64.0,64.0,middle,middle,64,64,0.9791666666666666,0.9791666666666666
lof,lof_k50,engine_balanced,0.975,27,0,94,99,6,62.0,57.0,middle,middle,62,57,0.9976851851851852,0.9945987654320988
lof,lof_k50,engine_balanced,0.975,27,0,102,103,2,54.0,53.0,middle,middle,54,53,0.9976851851851852,0.9976851851851852
lof,lof_k50,engine_balanced,0.975,27,0,105,107,3,51.0,49.0,middle,middle,51,49,1.0,0.9915123456790124
lof,lof_k50,engine_balanced,0.975,27,0,109,156,48,47.0,0.0,middle,near_failure,47,0,1.0,0.999951774691358
lof,lof_k50,engine_balanced,0.975,31,0,10,10,1,224.0,224.0,healthy,healthy,224,224,0.9791666666666666,0.9791666666666666
lof,lof_k50,engine_balanced,0.975,31,0,48,48,1,186.0,186.0,healthy,healthy,186,186,0.9837962962962964,0.9837962962962964
lof,lof_k50,engine_balanced,0.975,31,0,75,75,1,159.0,159.0,healthy,healthy,159,159,0.9930555555555556,0.9930555555555556
lof,lof_k50,engine_balanced,0.975,31,0,92,92,1,142.0,142.0,healthy,healthy,142,142,0.976851851851852,0.976851851851852
lof,lof_k50,engine_balanced,0.975,31,0,126,126,1,108.0,108.0,middle,middle,108,108,0.9791666666666666,0.9791666666666666
lof,lof_k50,engine_balanced,0.975,31,0,135,135,1,99.0,99.0,middle,middle,99,99,0.9976851851851852,0.9976851851851852
lof,lof_k50,engine_balanced,0.975,31,0,167,167,1,67.0,67.0,middle,middle,67,67,0.9930555555555556,0.9930555555555556
lof,lof_k50,engine_balanced,0.975,31,0,176,176,1,58.0,58.0,middle,middle,58,58,0.976851851851852,0.976851851851852
lof,lof_k50,engine_balanced,0.975,31,0,198,234,37,36.0,0.0,middle,near_failure,36,0,1.0,0.9979979979979979
lof,lof_k50,engine_balanced,0.975,34,0,25,25,1,170.0,170.0,healthy,healthy,170,170,0.9861111111111112,0.9861111111111112
lof,lof_k50,engine_balanced,0.975,34,0,93,93,1,102.0,102.0,middle,middle,102,102,0.9976851851851852,0.9976851851851852
lof,lof_k50,engine_balanced,0.975,34,0,121,137,17,74.0,58.0,middle,middle,74,58,1.0,0.9931917211328977
lof,lof_k50,engine_balanced,0.975,34,0,139,195,57,56.0,0.0,middle,near_failure,56,0,1.0,1.0
lof,lof_k50,engine_balanced,0.975,40,0,39,39,1,149.0,149.0,healthy,healthy,149,149,0.9791666666666666,0.9791666666666666
lof,lof_k50,engine_balanced,0.975,40,0,68,69,2,120.0,119.0,middle,middle,120,119,0.9837962962962964,0.9814814814814815
lof,lof_k50,engine_balanced,0.975,40,0,81,81,1,107.0,107.0,middle,middle,107,107,0.9791666666666666,0.9791666666666666
lof,lof_k50,engine_balanced,0.975,40,0,86,87,2,102.0,101.0,middle,middle,102,101,0.9976851851851852,0.994212962962963
lof,lof_k50,engine_balanced,0.975,40,0,95,95,1,93.0,93.0,middle,middle,93,93,0.9930555555555556,0.9930555555555556
lof,lof_k50,engine_balanced,0.975,40,0,98,98,1,90.0,90.0,middle,middle,90,90,0.9907407407407408,0.9907407407407408
lof,lof_k50,engine_balanced,0.975,40,0,102,102,1,86.0,86.0,middle,middle,86,86,0.9861111111111112,0.9861111111111112
lof,lof_k50,engine_balanced,0.975,40,0,106,108,3,82.0,80.0,middle,middle,82,80,0.9976851851851852,0.9930555555555557
lof,lof_k50,engine_balanced,0.975,40,0,110,110,1,78.0,78.0,middle,middle,78,78,0.9861111111111112,0.9861111111111112
lof,lof_k50,engine_balanced,0.975,40,0,114,114,1,74.0,74.0,middle,middle,74,74,0.9861111111111112,0.9861111111111112
lof,lof_k50,engine_balanced,0.975,40,0,116,122,7,72.0,66.0,middle,middle,72,66,1.0,0.9927248677248678
lof,lof_k50,engine_balanced,0.975,40,0,124,188,65,64.0,0.0,middle,near_failure,64,0,1.0,0.999074074074074
lof,lof_k50,engine_balanced,0.975,41,0,68,68,1,148.0,148.0,healthy,healthy,148,148,0.9837962962962964,0.9837962962962964
lof,lof_k50,engine_balanced,0.975,41,0,75,75,1,141.0,141.0,healthy,healthy,141,141,0.9861111111111112,0.9861111111111112
lof,lof_k50,engine_balanced,0.975,41,0,84,84,1,132.0,132.0,healthy,healthy,132,132,0.9861111111111112,0.9861111111111112
lof,lof_k50,engine_balanced,0.975,41,0,103,103,1,113.0,113.0,middle,middle,113,113,0.9837962962962964,0.9837962962962964
lof,lof_k50,engine_balanced,0.975,41,0,106,106,1,110.0,110.0,middle,middle,110,110,0.9814814814814816,0.9814814814814816
lof,lof_k50,engine_balanced,0.975,41,0,120,121,2,96.0,95.0,middle,middle,96,95,0.9930555555555556,0.988425925925926
lof,lof_k50,engine_balanced,0.975,41,0,128,128,1,88.0,88.0,middle,middle,88,88,0.9907407407407408,0.9907407407407408
lof,lof_k50,engine_balanced,0.975,41,0,131,132,2,85.0,84.0,middle,middle,85,84,1.0,0.9930555555555556
lof,lof_k50,engine_balanced,0.975,41,0,139,141,3,77.0,75.0,middle,middle,77,75,0.9976851851851852,0.9938271604938271
lof,lof_k50,engine_balanced,0.975,41,0,144,216,73,72.0,0.0,middle,near_failure,72,0,1.0,0.999175545408422
lof,lof_k50,engine_balanced,0.975,45,0,45,45,1,113.0,113.0,middle,middle,113,113,0.976851851851852,0.976851851851852
lof,lof_k50,engine_balanced,0.975,45,0,47,47,1,111.0,111.0,middle,middle,111,111,0.9861111111111112,0.9861111111111112
lof,lof_k50,engine_balanced,0.975,45,0,53,53,1,105.0,105.0,middle,middle,105,105,0.976851851851852,0.976851851851852
lof,lof_k50,engine_balanced,0.975,45,0,65,65,1,93.0,93.0,middle,middle,93,93,0.9861111111111112,0.9861111111111112
lof,lof_k50,engine_balanced,0.975,45,0,70,70,1,88.0,88.0,middle,middle,88,88,0.976851851851852,0.976851851851852
lof,lof_k50,engine_balanced,0.975,45,0,77,77,1,81.0,81.0,middle,middle,81,81,0.9791666666666666,0.9791666666666666
lof,lof_k50,engine_balanced,0.975,45,0,83,83,1,75.0,75.0,middle,middle,75,75,0.976851851851852,0.976851851851852
lof,lof_k50,engine_balanced,0.975,45,0,87,87,1,71.0,71.0,middle,middle,71,71,0.9837962962962964,0.9837962962962964
lof,lof_k50,engine_balanced,0.975,45,0,91,91,1,67.0,67.0,middle,middle,67,67,0.9861111111111112,0.9861111111111112
lof,lof_k50,engine_balanced,0.975,45,0,97,100,4,61.0,58.0,middle,middle,61,58,0.9976851851851852,0.9901620370370371
lof,lof_k50,engine_balanced,0.975,45,0,103,104,2,55.0,54.0,middle,middle,55,54,0.9953703703703703,0.9907407407407407
lof,lof_k50,engine_balanced,0.975,45,0,106,106,1,52.0,52.0,middle,middle,52,52,0.9930555555555556,0.9930555555555556
lof,lof_k50,engine_balanced,0.975,45,0,108,108,1,50.0,50.0,middle,middle,50,50,0.9907407407407408,0.9907407407407408
lof,lof_k50,engine_balanced,0.975,45,0,110,111,2,48.0,47.0,middle,middle,48,47,0.9953703703703703,0.9907407407407407
lof,lof_k50,engine_balanced,0.975,45,0,113,114,2,45.0,44.0,middle,middle,45,44,1.0,0.9965277777777778
lof,lof_k50,engine_balanced,0.975,45,0,116,118,3,42.0,40.0,middle,middle,42,40,1.0,0.9969135802469137
lof,lof_k50,engine_balanced,0.975,45,0,120,124,5,38.0,34.0,middle,middle,38,34,1.0,0.9967592592592591
lof,lof_k50,engine_balanced,0.975,45,0,126,158,33,32.0,0.0,middle,near_failure,32,0,1.0,0.9997194163860831
lof,lof_k50,engine_balanced,0.975,46,0,64,64,1,192.0,192.0,healthy,healthy,192,192,0.9907407407407408,0.9907407407407408
lof,lof_k50,engine_balanced,0.975,46,0,74,74,1,182.0,182.0,healthy,healthy,182,182,0.9837962962962964,0.9837962962962964
lof,lof_k50,engine_balanced,0.975,46,0,111,111,1,145.0,145.0,healthy,healthy,145,145,0.9837962962962964,0.9837962962962964
lof,lof_k50,engine_balanced,0.975,46,0,121,121,1,135.0,135.0,healthy,healthy,135,135,0.9907407407407408,0.9907407407407408
lof,lof_k50,engine_balanced,0.975,46,0,174,174,1,82.0,82.0,middle,middle,82,82,0.976851851851852,0.976851851851852
lof,lof_k50,engine_balanced,0.975,46,0,193,193,1,63.0,63.0,middle,middle,63,63,0.9861111111111112,0.9861111111111112
lof,lof_k50,engine_balanced,0.975,46,0,197,197,1,59.0,59.0,middle,middle,59,59,0.9861111111111112,0.9861111111111112
lof,lof_k50,engine_balanced,0.975,46,0,203,203,1,53.0,53.0,middle,middle,53,53,0.9861111111111112,0.9861111111111112
lof,lof_k50,engine_balanced,0.975,46,0,209,209,1,47.0,47.0,middle,middle,47,47,0.9861111111111112,0.9861111111111112
lof,lof_k50,engine_balanced,0.975,46,0,211,211,1,45.0,45.0,middle,middle,45,45,0.9930555555555556,0.9930555555555556
lof,lof_k50,engine_balanced,0.975,46,0,217,221,5,39.0,35.0,middle,middle,39,35,1.0,0.9986111111111111
lof,lof_k50,engine_balanced,0.975,46,0,224,225,2,32.0,31.0,middle,middle,32,31,1.0,0.9976851851851851
lof,lof_k50,engine_balanced,0.975,46,0,227,256,30,29.0,0.0,near_failure,near_failure,29,0,1.0,0.9999228395061728
lof,lof_k50,engine_balanced,0.975,54,0,41,41,1,216.0,216.0,healthy,healthy,216,216,0.9861111111111112,0.9861111111111112
lof,lof_k50,engine_balanced,0.975,54,0,145,145,1,112.0,112.0,middle,middle,112,112,0.9861111111111112,0.9861111111111112
lof,lof_k50,engine_balanced,0.975,54,0,152,152,1,105.0,105.0,middle,middle,105,105,0.9861111111111112,0.9861111111111112
lof,lof_k50,engine_balanced,0.975,54,0,160,161,2,97.0,96.0,middle,middle,97,96,0.9930555555555556,0.9918981481481481
lof,lof_k50,engine_balanced,0.975,54,0,163,164,2,94.0,93.0,middle,middle,94,93,0.9861111111111112,0.9849537037037037
lof,lof_k50,engine_balanced,0.975,54,0,168,168,1,89.0,89.0,middle,middle,89,89,0.9976851851851852,0.9976851851851852
lof,lof_k50,engine_balanced,0.975,54,0,170,170,1,87.0,87.0,middle,middle,87,87,0.9907407407407408,0.9907407407407408
lof,lof_k50,engine_balanced,0.975,54,0,173,175,3,84.0,82.0,middle,middle,84,82,0.9976851851851852,0.9945987654320989
lof,lof_k50,engine_balanced,0.975,54,0,177,178,2,80.0,79.0,middle,middle,80,79,0.9907407407407408,0.9849537037037037
lof,lof_k50,engine_balanced,0.975,54,0,180,183,4,77.0,74.0,middle,middle,77,74,1.0,0.9982638888888888
lof,lof_k50,engine_balanced,0.975,54,0,185,257,73,72.0,0.0,middle,near_failure,72,0,1.0,0.9996194824961949
lof,lof_k50,engine_balanced,0.975,74,0,51,51,1,115.0,115.0,middle,middle,115,115,0.9861111111111112,0.9861111111111112
lof,lof_k50,engine_balanced,0.975,74,0,128,128,1,38.0,38.0,middle,middle,38,38,0.9907407407407408,0.9907407407407408
lof,lof_k50,engine_balanced,0.975,74,0,131,132,2,35.0,34.0,middle,middle,35,34,0.9861111111111112,0.9837962962962964
lof,lof_k50,engine_balanced,0.975,74,0,136,137,2,30.0,29.0,near_failure,near_failure,30,29,0.9907407407407408,0.988425925925926
lof,lof_k50,engine_balanced,0.975,74,0,140,143,4,26.0,23.0,near_failure,near_failure,26,23,1.0,0.9930555555555556
lof,lof_k50,engine_balanced,0.975,74,0,145,166,22,21.0,0.0,near_failure,near_failure,21,0,1.0,0.9995791245791246
lof,lof_k50,engine_balanced,0.975,77,0,23,23,1,131.0,131.0,healthy,healthy,131,131,1.0,1.0
lof,lof_k50,engine_balanced,0.975,77,0,35,35,1,119.0,119.0,middle,middle,119,119,0.9976851851851852,0.9976851851851852
lof,lof_k50,engine_balanced,0.975,77,0,61,61,1,93.0,93.0,middle,middle,93,93,0.9930555555555556,0.9930555555555556
lof,lof_k50,engine_balanced,0.975,77,0,80,80,1,74.0,74.0,middle,middle,74,74,0.9861111111111112,0.9861111111111112
lof,lof_k50,engine_balanced,0.975,77,0,95,95,1,59.0,59.0,middle,middle,59,59,0.9791666666666666,0.9791666666666666
lof,lof_k50,engine_balanced,0.975,77,0,99,99,1,55.0,55.0,middle,middle,55,55,0.9976851851851852,0.9976851851851852
lof,lof_k50,engine_balanced,0.975,77,0,105,105,1,49.0,49.0,middle,middle,49,49,0.9861111111111112,0.9861111111111112
lof,lof_k50,engine_balanced,0.975,77,0,107,107,1,47.0,47.0,middle,middle,47,47,0.9861111111111112,0.9861111111111112
lof,lof_k50,engine_balanced,0.975,77,0,113,113,1,41.0,41.0,middle,middle,41,41,0.9976851851851852,0.9976851851851852
lof,lof_k50,engine_balanced,0.975,77,0,115,115,1,39.0,39.0,middle,middle,39,39,0.9907407407407408,0.9907407407407408
lof,lof_k50,engine_balanced,0.975,77,0,117,118,2,37.0,36.0,middle,middle,37,36,0.9976851851851852,0.9976851851851852
lof,lof_k50,engine_balanced,0.975,77,0,120,120,1,34.0,34.0,middle,middle,34,34,0.976851851851852,0.976851851851852
lof,lof_k50,engine_balanced,0.975,77,0,122,122,1,32.0,32.0,middle,middle,32,32,0.9930555555555556,0.9930555555555556
lof,lof_k50,engine_balanced,0.975,77,0,124,125,2,30.0,29.0,near_failure,near_failure,30,29,1.0,0.9953703703703705
lof,lof_k50,engine_balanced,0.975,77,0,127,154,28,27.0,0.0,near_failure,near_failure,27,0,1.0,0.9996693121693122
lof,lof_k50,engine_balanced,0.975,78,0,37,37,1,194.0,194.0,healthy,healthy,194,194,0.9861111111111112,0.9861111111111112
lof,lof_k50,engine_balanced,0.975,78,0,80,80,1,151.0,151.0,healthy,healthy,151,151,0.9907407407407408,0.9907407407407408
lof,lof_k50,engine_balanced,0.975,78,0,134,134,1,97.0,97.0,middle,middle,97,97,0.9907407407407408,0.9907407407407408
lof,lof_k50,engine_balanced,0.975,78,0,167,167,1,64.0,64.0,middle,middle,64,64,0.9907407407407408,0.9907407407407408
lof,lof_k50,engine_balanced,0.975,78,0,173,173,1,58.0,58.0,middle,middle,58,58,0.9907407407407408,0.9907407407407408
lof,lof_k50,engine_balanced,0.975,78,0,180,181,2,51.0,50.0,middle,middle,51,50,0.9907407407407408,0.9907407407407408
lof,lof_k50,engine_balanced,0.975,78,0,184,184,1,47.0,47.0,middle,middle,47,47,0.9791666666666666,0.9791666666666666
lof,lof_k50,engine_balanced,0.975,78,0,187,188,2,44.0,43.0,middle,middle,44,43,0.9930555555555556,0.9895833333333334
lof,lof_k50,engine_balanced,0.975,78,0,190,191,2,41.0,40.0,middle,middle,41,40,0.9976851851851852,0.9918981481481481
lof,lof_k50,engine_balanced,0.975,78,0,193,193,1,38.0,38.0,middle,middle,38,38,0.9837962962962964,0.9837962962962964
lof,lof_k50,engine_balanced,0.975,78,0,195,231,37,36.0,0.0,middle,near_failure,36,0,1.0,0.9994369369369369
lof,lof_k50,engine_balanced,0.975,81,0,41,41,1,199.0,199.0,healthy,healthy,199,199,0.9861111111111112,0.9861111111111112
lof,lof_k50,engine_balanced,0.975,81,0,83,83,1,157.0,157.0,healthy,healthy,157,157,0.9907407407407408,0.9907407407407408
lof,lof_k50,engine_balanced,0.975,81,0,120,121,2,120.0,119.0,middle,middle,120,119,0.9861111111111112,0.9861111111111112
lof,lof_k50,engine_balanced,0.975,81,0,137,137,1,103.0,103.0,middle,middle,103,103,0.976851851851852,0.976851851851852
lof,lof_k50,engine_balanced,0.975,81,0,143,143,1,97.0,97.0,middle,middle,97,97,0.9861111111111112,0.9861111111111112
lof,lof_k50,engine_balanced,0.975,81,0,157,157,1,83.0,83.0,middle,middle,83,83,0.9791666666666666,0.9791666666666666
lof,lof_k50,engine_balanced,0.975,81,0,169,169,1,71.0,71.0,middle,middle,71,71,0.9791666666666666,0.9791666666666666
lof,lof_k50,engine_balanced,0.975,81,0,175,176,2,65.0,64.0,middle,middle,65,64,0.9976851851851852,0.9918981481481481
lof,lof_k50,engine_balanced,0.975,81,0,179,179,1,61.0,61.0,middle,middle,61,61,0.9930555555555556,0.9930555555555556
lof,lof_k50,engine_balanced,0.975,81,0,181,182,2,59.0,58.0,middle,middle,59,58,0.9930555555555556,0.988425925925926
lof,lof_k50,engine_balanced,0.975,81,0,185,187,3,55.0,53.0,middle,middle,55,53,1.0,0.9891975308641975
lof,lof_k50,engine_balanced,0.975,81,0,189,189,1,51.0,51.0,middle,middle,51,51,0.9907407407407408,0.9907407407407408
lof,lof_k50,engine_balanced,0.975,81,0,191,201,11,49.0,39.0,middle,middle,49,39,1.0,0.9983164983164983
lof,lof_k50,engine_balanced,0.975,81,0,203,240,38,37.0,0.0,middle,near_failure,37,0,1.0,1.0
lof,lof_k50,engine_balanced,0.975,89,0,17,17,1,200.0,200.0,healthy,healthy,200,200,0.9976851851851852,0.9976851851851852
lof,lof_k50,engine_balanced,0.975,89,0,35,35,1,182.0,182.0,healthy,healthy,182,182,0.9837962962962964,0.9837962962962964
lof,lof_k50,engine_balanced,0.975,89,0,47,47,1,170.0,170.0,healthy,healthy,170,170,0.9791666666666666,0.9791666666666666
lof,lof_k50,engine_balanced,0.975,89,0,113,113,1,104.0,104.0,middle,middle,104,104,0.9907407407407408,0.9907407407407408
lof,lof_k50,engine_balanced,0.975,89,0,173,173,1,44.0,44.0,middle,middle,44,44,0.9791666666666666,0.9791666666666666
lof,lof_k50,engine_balanced,0.975,89,0,175,176,2,42.0,41.0,middle,middle,42,41,0.9837962962962964,0.9814814814814815
lof,lof_k50,engine_balanced,0.975,89,0,178,178,1,39.0,39.0,middle,middle,39,39,0.9861111111111112,0.9861111111111112
lof,lof_k50,engine_balanced,0.975,89,0,181,217,37,36.0,0.0,middle,near_failure,36,0,1.0,0.9980605605605606
lof,lof_k50,engine_balanced,0.975,91,0,7,7,1,128.0,128.0,healthy,healthy,128,128,0.9861111111111112,0.9861111111111112
lof,lof_k50,engine_balanced,0.975,91,0,42,42,1,93.0,93.0,middle,middle,93,93,0.9976851851851852,0.9976851851851852
lof,lof_k50,engine_balanced,0.975,91,0,70,70,1,65.0,65.0,middle,middle,65,65,0.9861111111111112,0.9861111111111112
lof,lof_k50,engine_balanced,0.975,91,0,73,73,1,62.0,62.0,middle,middle,62,62,0.9861111111111112,0.9861111111111112
lof,lof_k50,engine_balanced,0.975,91,0,76,76,1,59.0,59.0,middle,middle,59,59,0.9861111111111112,0.9861111111111112
lof,lof_k50,engine_balanced,0.975,91,0,78,79,2,57.0,56.0,middle,middle,57,56,0.9976851851851852,0.9976851851851852
lof,lof_k50,engine_balanced,0.975,91,0,82,82,1,53.0,53.0,middle,middle,53,53,0.9861111111111112,0.9861111111111112
lof,lof_k50,engine_balanced,0.975,91,0,84,89,6,51.0,46.0,middle,middle,51,46,1.0,0.9953703703703702
lof,lof_k50,engine_balanced,0.975,91,0,91,135,45,44.0,0.0,middle,near_failure,44,0,1.0,0.999074074074074
lof,lof_k50,engine_balanced,0.99,1,0,152,152,1,40.0,40.0,middle,middle,40,40,0.9953703703703703,0.9953703703703703
lof,lof_k50,engine_balanced,0.99,1,0,156,156,1,36.0,36.0,middle,middle,36,36,0.9930555555555556,0.9930555555555556
lof,lof_k50,engine_balanced,0.99,1,0,160,160,1,32.0,32.0,middle,middle,32,32,1.0,1.0
lof,lof_k50,engine_balanced,0.99,1,0,162,192,31,30.0,0.0,near_failure,near_failure,30,0,1.0,0.9994772998805257
lof,lof_k50,engine_balanced,0.99,5,0,152,152,1,117.0,117.0,middle,middle,117,117,0.9976851851851852,0.9976851851851852
lof,lof_k50,engine_balanced,0.99,5,0,158,158,1,111.0,111.0,middle,middle,111,111,0.9953703703703703,0.9953703703703703
lof,lof_k50,engine_balanced,0.99,5,0,160,160,1,109.0,109.0,middle,middle,109,109,0.9976851851851852,0.9976851851851852
lof,lof_k50,engine_balanced,0.99,5,0,163,163,1,106.0,106.0,middle,middle,106,106,0.9907407407407408,0.9907407407407408
lof,lof_k50,engine_balanced,0.99,5,0,165,165,1,104.0,104.0,middle,middle,104,104,0.9930555555555556,0.9930555555555556
lof,lof_k50,engine_balanced,0.99,5,0,168,170,3,101.0,99.0,middle,middle,101,99,1.0,0.996141975308642
lof,lof_k50,engine_balanced,0.99,5,0,173,173,1,96.0,96.0,middle,middle,96,96,0.9976851851851852,0.9976851851851852
lof,lof_k50,engine_balanced,0.99,5,0,177,177,1,92.0,92.0,middle,middle,92,92,0.9930555555555556,0.9930555555555556
lof,lof_k50,engine_balanced,0.99,5,0,180,269,90,89.0,0.0,middle,near_failure,89,0,1.0,0.999485596707819
lof,lof_k50,engine_balanced,0.99,10,0,103,103,1,119.0,119.0,middle,middle,119,119,0.9907407407407408,0.9907407407407408
lof,lof_k50,engine_balanced,0.99,10,0,155,155,1,67.0,67.0,middle,middle,67,67,0.9907407407407408,0.9907407407407408
lof,lof_k50,engine_balanced,0.99,10,0,158,158,1,64.0,64.0,middle,middle,64,64,0.9953703703703703,0.9953703703703703
lof,lof_k50,engine_balanced,0.99,10,0,165,166,2,57.0,56.0,middle,middle,57,56,0.9930555555555556,0.9918981481481481
lof,lof_k50,engine_balanced,0.99,10,0,169,169,1,53.0,53.0,middle,middle,53,53,0.9953703703703703,0.9953703703703703
lof,lof_k50,engine_balanced,0.99,10,0,173,173,1,49.0,49.0,middle,middle,49,49,0.9976851851851852,0.9976851851851852
lof,lof_k50,engine_balanced,0.99,10,0,176,178,3,46.0,44.0,middle,middle,46,44,1.0,0.9984567901234568
lof,lof_k50,engine_balanced,0.99,10,0,180,180,1,42.0,42.0,middle,middle,42,42,0.9976851851851852,0.9976851851851852
lof,lof_k50,engine_balanced,0.99,10,0,182,222,41,40.0,0.0,middle,near_failure,40,0,1.0,0.9997741644083108
lof,lof_k50,engine_balanced,0.99,11,0,25,25,1,215.0,215.0,healthy,healthy,215,215,0.9976851851851852,0.9976851851851852
lof,lof_k50,engine_balanced,0.99,11,0,50,50,1,190.0,190.0,healthy,healthy,190,190,0.9930555555555556,0.9930555555555556
lof,lof_k50,engine_balanced,0.99,11,0,172,172,1,68.0,68.0,middle,middle,68,68,0.9907407407407408,0.9907407407407408
lof,lof_k50,engine_balanced,0.99,11,0,178,179,2,62.0,61.0,middle,middle,62,61,0.9976851851851852,0.994212962962963
lof,lof_k50,engine_balanced,0.99,11,0,181,184,4,59.0,56.0,middle,middle,59,56,1.0,0.9965277777777778
lof,lof_k50,engine_balanced,0.99,11,0,186,240,55,54.0,0.0,middle,near_failure,54,0,1.0,1.0
lof,lof_k50,engine_balanced,0.99,13,0,92,92,1,71.0,71.0,middle,middle,71,71,0.9907407407407408,0.9907407407407408
lof,lof_k50,engine_balanced,0.99,13,0,106,106,1,57.0,57.0,middle,middle,57,57,0.9930555555555556,0.9930555555555556
lof,lof_k50,engine_balanced,0.99,13,0,109,112,4,54.0,51.0,middle,middle,54,51,0.9976851851851852,0.9953703703703703
lof,lof_k50,engine_balanced,0.99,13,0,114,163,50,49.0,0.0,middle,near_failure,49,0,1.0,0.9992592592592593
lof,lof_k50,engine_balanced,0.99,16,0,7,7,1,202.0,202.0,healthy,healthy,202,202,0.9930555555555556,0.9930555555555556
lof,lof_k50,engine_balanced,0.99,16,0,83,83,1,126.0,126.0,healthy,healthy,126,126,0.9907407407407408,0.9907407407407408
lof,lof_k50,engine_balanced,0.99,16,0,105,105,1,104.0,104.0,middle,middle,104,104,0.9976851851851852,0.9976851851851852
lof,lof_k50,engine_balanced,0.99,16,0,116,117,2,93.0,92.0,middle,middle,93,92,0.9976851851851852,0.9953703703703705
lof,lof_k50,engine_balanced,0.99,16,0,120,122,3,89.0,87.0,middle,middle,89,87,0.9976851851851852,0.9953703703703703
lof,lof_k50,engine_balanced,0.99,16,0,128,128,1,81.0,81.0,middle,middle,81,81,0.9976851851851852,0.9976851851851852
lof,lof_k50,engine_balanced,0.99,16,0,131,133,3,78.0,76.0,middle,middle,78,76,1.0,0.9992283950617283
lof,lof_k50,engine_balanced,0.99,16,0,135,135,1,74.0,74.0,middle,middle,74,74,0.9930555555555556,0.9930555555555556
lof,lof_k50,engine_balanced,0.99,16,0,137,138,2,72.0,71.0,middle,middle,72,71,1.0,0.9988425925925926
lof,lof_k50,engine_balanced,0.99,16,0,140,143,4,69.0,66.0,middle,middle,69,66,0.9976851851851852,0.9953703703703705
lof,lof_k50,engine_balanced,0.99,16,0,146,148,3,63.0,61.0,middle,middle,63,61,1.0,0.9984567901234568
lof,lof_k50,engine_balanced,0.99,16,0,150,151,2,59.0,58.0,middle,middle,59,58,1.0,1.0
lof,lof_k50,engine_balanced,0.99,16,0,154,154,1,55.0,55.0,middle,middle,55,55,1.0,1.0
lof,lof_k50,engine_balanced,0.99,16,0,156,161,6,53.0,48.0,middle,middle,53,48,1.0,0.9980709876543209
lof,lof_k50,engine_balanced,0.99,16,0,163,209,47,46.0,0.0,middle,near_failure,46,0,1.0,1.0
lof,lof_k50,engine_balanced,0.99,27,0,52,52,1,104.0,104.0,middle,middle,104,104,0.9907407407407408,0.9907407407407408
lof,lof_k50,engine_balanced,0.99,27,0,94,99,6,62.0,57.0,middle,middle,62,57,0.9976851851851852,0.9945987654320988
lof,lof_k50,engine_balanced,0.99,27,0,102,103,2,54.0,53.0,middle,middle,54,53,0.9976851851851852,0.9976851851851852
lof,lof_k50,engine_balanced,0.99,27,0,106,107,2,50.0,49.0,middle,middle,50,49,1.0,0.9988425925925926
lof,lof_k50,engine_balanced,0.99,27,0,109,156,48,47.0,0.0,middle,near_failure,47,0,1.0,0.999951774691358
lof,lof_k50,engine_balanced,0.99,31,0,75,75,1,159.0,159.0,healthy,healthy,159,159,0.9930555555555556,0.9930555555555556
lof,lof_k50,engine_balanced,0.99,31,0,135,135,1,99.0,99.0,middle,middle,99,99,0.9976851851851852,0.9976851851851852
lof,lof_k50,engine_balanced,0.99,31,0,167,167,1,67.0,67.0,middle,middle,67,67,0.9930555555555556,0.9930555555555556
lof,lof_k50,engine_balanced,0.99,31,0,199,201,3,35.0,33.0,middle,middle,35,33,1.0,0.9953703703703703
lof,lof_k50,engine_balanced,0.99,31,0,203,234,32,31.0,0.0,middle,near_failure,31,0,1.0,0.9994212962962963
lof,lof_k50,engine_balanced,0.99,34,0,93,93,1,102.0,102.0,middle,middle,102,102,0.9976851851851852,0.9976851851851852
lof,lof_k50,engine_balanced,0.99,34,0,123,125,3,72.0,70.0,middle,middle,72,70,0.9976851851851852,0.996141975308642
lof,lof_k50,engine_balanced,0.99,34,0,127,134,8,68.0,61.0,middle,middle,68,61,1.0,0.9956597222222223
lof,lof_k50,engine_balanced,0.99,34,0,136,137,2,59.0,58.0,middle,middle,59,58,1.0,0.9953703703703705
lof,lof_k50,engine_balanced,0.99,34,0,139,195,57,56.0,0.0,middle,near_failure,56,0,1.0,1.0
lof,lof_k50,engine_balanced,0.99,40,0,86,87,2,102.0,101.0,middle,middle,102,101,0.9976851851851852,0.994212962962963
lof,lof_k50,engine_balanced,0.99,40,0,95,95,1,93.0,93.0,middle,middle,93,93,0.9930555555555556,0.9930555555555556
lof,lof_k50,engine_balanced,0.99,40,0,98,98,1,90.0,90.0,middle,middle,90,90,0.9907407407407408,0.9907407407407408
lof,lof_k50,engine_balanced,0.99,40,0,106,108,3,82.0,80.0,middle,middle,82,80,0.9976851851851852,0.9930555555555557
lof,lof_k50,engine_balanced,0.99,40,0,116,117,2,72.0,71.0,middle,middle,72,71,0.9976851851851852,0.9953703703703705
lof,lof_k50,engine_balanced,0.99,40,0,119,120,2,69.0,68.0,middle,middle,69,68,1.0,0.9976851851851851
lof,lof_k50,engine_balanced,0.99,40,0,122,122,1,66.0,66.0,middle,middle,66,66,0.9976851851851852,0.9976851851851852
lof,lof_k50,engine_balanced,0.99,40,0,124,124,1,64.0,64.0,middle,middle,64,64,0.9976851851851852,0.9976851851851852
lof,lof_k50,engine_balanced,0.99,40,0,126,126,1,62.0,62.0,middle,middle,62,62,1.0,1.0
lof,lof_k50,engine_balanced,0.99,40,0,128,138,11,60.0,50.0,middle,middle,60,50,1.0,0.9995791245791246
lof,lof_k50,engine_balanced,0.99,40,0,140,188,49,48.0,0.0,middle,near_failure,48,0,1.0,1.0
lof,lof_k50,engine_balanced,0.99,41,0,120,120,1,96.0,96.0,middle,middle,96,96,0.9930555555555556,0.9930555555555556
lof,lof_k50,engine_balanced,0.99,41,0,128,128,1,88.0,88.0,middle,middle,88,88,0.9907407407407408,0.9907407407407408
lof,lof_k50,engine_balanced,0.99,41,0,132,132,1,84.0,84.0,middle,middle,84,84,1.0,1.0
lof,lof_k50,engine_balanced,0.99,41,0,139,139,1,77.0,77.0,middle,middle,77,77,0.9976851851851852,0.9976851851851852
lof,lof_k50,engine_balanced,0.99,41,0,141,141,1,75.0,75.0,middle,middle,75,75,0.9976851851851852,0.9976851851851852
lof,lof_k50,engine_balanced,0.99,41,0,144,144,1,72.0,72.0,middle,middle,72,72,0.9930555555555556,0.9930555555555556
lof,lof_k50,engine_balanced,0.99,41,0,146,216,71,70.0,0.0,middle,near_failure,70,0,1.0,0.999445748565467
lof,lof_k50,engine_balanced,0.99,45,0,97,97,1,61.0,61.0,middle,middle,61,61,0.9930555555555556,0.9930555555555556
lof,lof_k50,engine_balanced,0.99,45,0,100,100,1,58.0,58.0,middle,middle,58,58,0.9976851851851852,0.9976851851851852
lof,lof_k50,engine_balanced,0.99,45,0,104,104,1,54.0,54.0,middle,middle,54,54,0.9953703703703703,0.9953703703703703
lof,lof_k50,engine_balanced,0.99,45,0,106,106,1,52.0,52.0,middle,middle,52,52,0.9930555555555556,0.9930555555555556
lof,lof_k50,engine_balanced,0.99,45,0,108,108,1,50.0,50.0,middle,middle,50,50,0.9907407407407408,0.9907407407407408
lof,lof_k50,engine_balanced,0.99,45,0,111,111,1,47.0,47.0,middle,middle,47,47,0.9953703703703703,0.9953703703703703
lof,lof_k50,engine_balanced,0.99,45,0,113,114,2,45.0,44.0,middle,middle,45,44,1.0,0.9965277777777778
lof,lof_k50,engine_balanced,0.99,45,0,116,118,3,42.0,40.0,middle,middle,42,40,1.0,0.9969135802469137
lof,lof_k50,engine_balanced,0.99,45,0,121,124,4,37.0,34.0,middle,middle,37,34,1.0,0.9994212962962963
lof,lof_k50,engine_balanced,0.99,45,0,126,158,33,32.0,0.0,middle,near_failure,32,0,1.0,0.9997194163860831
lof,lof_k50,engine_balanced,0.99,46,0,64,64,1,192.0,192.0,healthy,healthy,192,192,0.9907407407407408,0.9907407407407408
lof,lof_k50,engine_balanced,0.99,46,0,121,121,1,135.0,135.0,healthy,healthy,135,135,0.9907407407407408,0.9907407407407408
lof,lof_k50,engine_balanced,0.99,46,0,211,211,1,45.0,45.0,middle,middle,45,45,0.9930555555555556,0.9930555555555556
lof,lof_k50,engine_balanced,0.99,46,0,217,221,5,39.0,35.0,middle,middle,39,35,1.0,0.9986111111111111
lof,lof_k50,engine_balanced,0.99,46,0,224,225,2,32.0,31.0,middle,middle,32,31,1.0,0.9976851851851851
lof,lof_k50,engine_balanced,0.99,46,0,227,256,30,29.0,0.0,near_failure,near_failure,29,0,1.0,0.9999228395061728
lof,lof_k50,engine_balanced,0.99,54,0,160,161,2,97.0,96.0,middle,middle,97,96,0.9930555555555556,0.9918981481481481
lof,lof_k50,engine_balanced,0.99,54,0,168,168,1,89.0,89.0,middle,middle,89,89,0.9976851851851852,0.9976851851851852
lof,lof_k50,engine_balanced,0.99,54,0,170,170,1,87.0,87.0,middle,middle,87,87,0.9907407407407408,0.9907407407407408
lof,lof_k50,engine_balanced,0.99,54,0,173,175,3,84.0,82.0,middle,middle,84,82,0.9976851851851852,0.9945987654320989
lof,lof_k50,engine_balanced,0.99,54,0,178,178,1,79.0,79.0,middle,middle,79,79,0.9907407407407408,0.9907407407407408
lof,lof_k50,engine_balanced,0.99,54,0,180,183,4,77.0,74.0,middle,middle,77,74,1.0,0.9982638888888888
lof,lof_k50,engine_balanced,0.99,54,0,185,257,73,72.0,0.0,middle,near_failure,72,0,1.0,0.9996194824961949
lof,lof_k50,engine_balanced,0.99,74,0,128,128,1,38.0,38.0,middle,middle,38,38,0.9907407407407408,0.9907407407407408
lof,lof_k50,engine_balanced,0.99,74,0,136,136,1,30.0,30.0,near_failure,near_failure,30,30,0.9907407407407408,0.9907407407407408
lof,lof_k50,engine_balanced,0.99,74,0,141,141,1,25.0,25.0,near_failure,near_failure,25,25,1.0,1.0
lof,lof_k50,engine_balanced,0.99,74,0,143,143,1,23.0,23.0,near_failure,near_failure,23,23,1.0,1.0
lof,lof_k50,engine_balanced,0.99,74,0,145,166,22,21.0,0.0,near_failure,near_failure,21,0,1.0,0.9995791245791246
lof,lof_k50,engine_balanced,0.99,77,0,23,23,1,131.0,131.0,healthy,healthy,131,131,1.0,1.0
lof,lof_k50,engine_balanced,0.99,77,0,35,35,1,119.0,119.0,middle,middle,119,119,0.9976851851851852,0.9976851851851852
lof,lof_k50,engine_balanced,0.99,77,0,61,61,1,93.0,93.0,middle,middle,93,93,0.9930555555555556,0.9930555555555556
lof,lof_k50,engine_balanced,0.99,77,0,99,99,1,55.0,55.0,middle,middle,55,55,0.9976851851851852,0.9976851851851852
lof,lof_k50,engine_balanced,0.99,77,0,113,113,1,41.0,41.0,middle,middle,41,41,0.9976851851851852,0.9976851851851852
lof,lof_k50,engine_balanced,0.99,77,0,115,115,1,39.0,39.0,middle,middle,39,39,0.9907407407407408,0.9907407407407408
lof,lof_k50,engine_balanced,0.99,77,0,117,118,2,37.0,36.0,middle,middle,37,36,0.9976851851851852,0.9976851851851852
lof,lof_k50,engine_balanced,0.99,77,0,122,122,1,32.0,32.0,middle,middle,32,32,0.9930555555555556,0.9930555555555556
lof,lof_k50,engine_balanced,0.99,77,0,124,125,2,30.0,29.0,near_failure,near_failure,30,29,1.0,0.9953703703703705
lof,lof_k50,engine_balanced,0.99,77,0,127,154,28,27.0,0.0,near_failure,near_failure,27,0,1.0,0.9996693121693122
lof,lof_k50,engine_balanced,0.99,78,0,80,80,1,151.0,151.0,healthy,healthy,151,151,0.9907407407407408,0.9907407407407408
lof,lof_k50,engine_balanced,0.99,78,0,134,134,1,97.0,97.0,middle,middle,97,97,0.9907407407407408,0.9907407407407408
lof,lof_k50,engine_balanced,0.99,78,0,167,167,1,64.0,64.0,middle,middle,64,64,0.9907407407407408,0.9907407407407408
lof,lof_k50,engine_balanced,0.99,78,0,173,173,1,58.0,58.0,middle,middle,58,58,0.9907407407407408,0.9907407407407408
lof,lof_k50,engine_balanced,0.99,78,0,180,181,2,51.0,50.0,middle,middle,51,50,0.9907407407407408,0.9907407407407408
lof,lof_k50,engine_balanced,0.99,78,0,187,187,1,44.0,44.0,middle,middle,44,44,0.9930555555555556,0.9930555555555556
lof,lof_k50,engine_balanced,0.99,78,0,191,191,1,40.0,40.0,middle,middle,40,40,0.9976851851851852,0.9976851851851852
lof,lof_k50,engine_balanced,0.99,78,0,195,231,37,36.0,0.0,middle,near_failure,36,0,1.0,0.9994369369369369
lof,lof_k50,engine_balanced,0.99,81,0,83,83,1,157.0,157.0,healthy,healthy,157,157,0.9907407407407408,0.9907407407407408
lof,lof_k50,engine_balanced,0.99,81,0,176,176,1,64.0,64.0,middle,middle,64,64,0.9976851851851852,0.9976851851851852
lof,lof_k50,engine_balanced,0.99,81,0,179,179,1,61.0,61.0,middle,middle,61,61,0.9930555555555556,0.9930555555555556
lof,lof_k50,engine_balanced,0.99,81,0,181,181,1,59.0,59.0,middle,middle,59,59,0.9930555555555556,0.9930555555555556
lof,lof_k50,engine_balanced,0.99,81,0,185,185,1,55.0,55.0,middle,middle,55,55,1.0,1.0
lof,lof_k50,engine_balanced,0.99,81,0,189,189,1,51.0,51.0,middle,middle,51,51,0.9907407407407408,0.9907407407407408
lof,lof_k50,engine_balanced,0.99,81,0,191,201,11,49.0,39.0,middle,middle,49,39,1.0,0.9983164983164983
lof,lof_k50,engine_balanced,0.99,81,0,203,240,38,37.0,0.0,middle,near_failure,37,0,1.0,1.0
lof,lof_k50,engine_balanced,0.99,89,0,17,17,1,200.0,200.0,healthy,healthy,200,200,0.9976851851851852,0.9976851851851852
lof,lof_k50,engine_balanced,0.99,89,0,113,113,1,104.0,104.0,middle,middle,104,104,0.9907407407407408,0.9907407407407408
lof,lof_k50,engine_balanced,0.99,89,0,181,181,1,36.0,36.0,middle,middle,36,36,0.9953703703703703,0.9953703703703703
lof,lof_k50,engine_balanced,0.99,89,0,183,192,10,34.0,25.0,middle,near_failure,34,25,1.0,0.9962962962962963
lof,lof_k50,engine_balanced,0.99,89,0,194,217,24,23.0,0.0,near_failure,near_failure,23,0,1.0,1.0
lof,lof_k50,engine_balanced,0.99,91,0,42,42,1,93.0,93.0,middle,middle,93,93,0.9976851851851852,0.9976851851851852
lof,lof_k50,engine_balanced,0.99,91,0,78,79,2,57.0,56.0,middle,middle,57,56,0.9976851851851852,0.9976851851851852
lof,lof_k50,engine_balanced,0.99,91,0,84,88,5,51.0,47.0,middle,middle,51,47,1.0,0.9972222222222221
lof,lof_k50,engine_balanced,0.99,91,0,91,95,5,44.0,40.0,middle,middle,44,40,1.0,0.9976851851851853
lof,lof_k50,engine_balanced,0.99,91,0,97,135,39,38.0,0.0,middle,near_failure,38,0,1.0,0.9996438746438747
ocsvm,ocsvm_nu0p05_gamma_0p01,pooled,0.9,1,0,125,125,1,67.0,67.0,middle,middle,67,67,0.9065934065934066,0.9065934065934066
ocsvm,ocsvm_nu0p05_gamma_0p01,pooled,0.9,1,0,132,132,1,60.0,60.0,middle,middle,60,60,0.9857142857142858,0.9857142857142858
ocsvm,ocsvm_nu0p05_gamma_0p01,pooled,0.9,1,0,139,139,1,53.0,53.0,middle,middle,53,53,0.939010989010989,0.939010989010989
ocsvm,ocsvm_nu0p05_gamma_0p01,pooled,0.9,1,0,141,142,2,51.0,50.0,middle,middle,51,50,0.9752747252747253,0.9662087912087912
ocsvm,ocsvm_nu0p05_gamma_0p01,pooled,0.9,1,0,144,145,2,48.0,47.0,middle,middle,48,47,0.9807692307692308,0.956043956043956
ocsvm,ocsvm_nu0p05_gamma_0p01,pooled,0.9,1,0,147,192,46,45.0,0.0,middle,near_failure,45,0,1.0,0.9963091256569517
ocsvm,ocsvm_nu0p05_gamma_0p01,pooled,0.9,5,0,4,5,2,265.0,264.0,healthy,healthy,265,264,0.9516483516483516,0.9321428571428572
ocsvm,ocsvm_nu0p05_gamma_0p01,pooled,0.9,5,0,7,7,1,262.0,262.0,healthy,healthy,262,262,0.993956043956044,0.993956043956044
ocsvm,ocsvm_nu0p05_gamma_0p01,pooled,0.9,5,0,10,10,1,259.0,259.0,healthy,healthy,259,259,0.9752747252747253,0.9752747252747253
ocsvm,ocsvm_nu0p05_gamma_0p01,pooled,0.9,5,0,12,13,2,257.0,256.0,healthy,healthy,257,256,0.9467032967032968,0.9395604395604396
ocsvm,ocsvm_nu0p05_gamma_0p01,pooled,0.9,5,0,16,16,1,253.0,253.0,healthy,healthy,253,253,0.9917582417582418,0.9917582417582418
ocsvm,ocsvm_nu0p05_gamma_0p01,pooled,0.9,5,0,23,23,1,246.0,246.0,healthy,healthy,246,246,0.9989010989010988,0.9989010989010988
ocsvm,ocsvm_nu0p05_gamma_0p01,pooled,0.9,5,0,26,27,2,243.0,242.0,healthy,healthy,243,242,0.9741758241758242,0.9629120879120878
ocsvm,ocsvm_nu0p05_gamma_0p01,pooled,0.9,5,0,29,30,2,240.0,239.0,healthy,healthy,240,239,0.9956043956043956,0.9953296703296703
ocsvm,ocsvm_nu0p05_gamma_0p01,pooled,0.9,5,0,34,34,1,235.0,235.0,healthy,healthy,235,235,0.9631868131868132,0.9631868131868132
ocsvm,ocsvm_nu0p05_gamma_0p01,pooled,0.9,5,0,36,36,1,233.0,233.0,healthy,healthy,233,233,0.9565934065934066,0.9565934065934066
ocsvm,ocsvm_nu0p05_gamma_0p01,pooled,0.9,5,0,41,43,3,228.0,226.0,healthy,healthy,228,226,0.9302197802197802,0.9203296703296703
ocsvm,ocsvm_nu0p05_gamma_0p01,pooled,0.9,5,0,45,45,1,224.0,224.0,healthy,healthy,224,224,0.943956043956044,0.943956043956044
ocsvm,ocsvm_nu0p05_gamma_0p01,pooled,0.9,5,0,47,48,2,222.0,221.0,healthy,healthy,222,221,0.9868131868131867,0.9596153846153845
ocsvm,ocsvm_nu0p05_gamma_0p01,pooled,0.9,5,0,51,53,3,218.0,216.0,healthy,healthy,218,216,0.9516483516483516,0.9390109890109889
ocsvm,ocsvm_nu0p05_gamma_0p01,pooled,0.9,5,0,59,59,1,210.0,210.0,healthy,healthy,210,210,0.9593406593406594,0.9593406593406594
ocsvm,ocsvm_nu0p05_gamma_0p01,pooled,0.9,5,0,65,68,4,204.0,201.0,healthy,healthy,204,201,0.9873626373626374,0.9574175824175823
ocsvm,ocsvm_nu0p05_gamma_0p01,pooled,0.9,5,0,70,71,2,199.0,198.0,healthy,healthy,199,198,0.971978021978022,0.9708791208791209
ocsvm,ocsvm_nu0p05_gamma_0p01,pooled,0.9,5,0,74,75,2,195.0,194.0,healthy,healthy,195,194,0.987912087912088,0.978021978021978
ocsvm,ocsvm_nu0p05_gamma_0p01,pooled,0.9,5,0,78,78,1,191.0,191.0,healthy,healthy,191,191,0.9065934065934066,0.9065934065934066
ocsvm,ocsvm_nu0p05_gamma_0p01,pooled,0.9,5,0,85,85,1,184.0,184.0,healthy,healthy,184,184,0.9324175824175824,0.9324175824175824
ocsvm,ocsvm_nu0p05_gamma_0p01,pooled,0.9,5,0,87,87,1,182.0,182.0,healthy,healthy,182,182,0.9796703296703296,0.9796703296703296
ocsvm,ocsvm_nu0p05_gamma_0p01,pooled,0.9,5,0,92,92,1,177.0,177.0,healthy,healthy,177,177,0.9192307692307692,0.9192307692307692
ocsvm,ocsvm_nu0p05_gamma_0p01,pooled,0.9,5,0,97,97,1,172.0,172.0,healthy,healthy,172,172,0.9554945054945057,0.9554945054945057
ocsvm,ocsvm_nu0p05_gamma_0p01,pooled,0.9,5,0,99,100,2,170.0,169.0,healthy,healthy,170,169,0.9884615384615384,0.9472527472527472
ocsvm,ocsvm_nu0p05_gamma_0p01,pooled,0.9,5,0,103,103,1,166.0,166.0,healthy,healthy,166,166,0.952197802197802,0.952197802197802
ocsvm,ocsvm_nu0p05_gamma_0p01,pooled,0.9,5,0,115,115,1,154.0,154.0,healthy,healthy,154,154,0.9324175824175824,0.9324175824175824
ocsvm,ocsvm_nu0p05_gamma_0p01,pooled,0.9,5,0,123,123,1,146.0,146.0,healthy,healthy,146,146,0.993956043956044,0.993956043956044
ocsvm,ocsvm_nu0p05_gamma_0p01,pooled,0.9,5,0,129,129,1,140.0,140.0,healthy,healthy,140,140,0.90989010989011,0.90989010989011
ocsvm,ocsvm_nu0p05_gamma_0p01,pooled,0.9,5,0,136,137,2,133.0,132.0,healthy,healthy,133,132,0.960989010989011,0.9453296703296703
ocsvm,ocsvm_nu0p05_gamma_0p01,pooled,0.9,5,0,141,141,1,128.0,128.0,healthy,healthy,128,128,0.9296703296703296,0.9296703296703296
ocsvm,ocsvm_nu0p05_gamma_0p01,pooled,0.9,5,0,144,144,1,125.0,125.0,middle,middle,125,125,0.946153846153846,0.946153846153846
ocsvm,ocsvm_nu0p05_gamma_0p01,pooled,0.9,5,0,147,147,1,122.0,122.0,middle,middle,122,122,0.9857142857142858,0.9857142857142858
ocsvm,ocsvm_nu0p05_gamma_0p01,pooled,0.9,5,0,152,152,1,117.0,117.0,middle,middle,117,117,0.99010989010989,0.99010989010989
ocsvm,ocsvm_nu0p05_gamma_0p01,pooled,0.9,5,0,155,155,1,114.0,114.0,middle,middle,114,114,0.9395604395604396,0.9395604395604396
ocsvm,ocsvm_nu0p05_gamma_0p01,pooled,0.9,5,0,158,158,1,111.0,111.0,middle,middle,111,111,0.9857142857142858,0.9857142857142858
ocsvm,ocsvm_nu0p05_gamma_0p01,pooled,0.9,5,0,160,160,1,109.0,109.0,middle,middle,109,109,0.9906593406593408,0.9906593406593408
ocsvm,ocsvm_nu0p05_gamma_0p01,pooled,0.9,5,0,163,163,1,106.0,106.0,middle,middle,106,106,0.9752747252747253,0.9752747252747253
ocsvm,ocsvm_nu0p05_gamma_0p01,pooled,0.9,5,0,165,165,1,104.0,104.0,middle,middle,104,104,0.9802197802197802,0.9802197802197802
ocsvm,ocsvm_nu0p05_gamma_0p01,pooled,0.9,5,0,168,173,6,101.0,96.0,middle,middle,101,96,0.9983516483516484,0.977930402930403
ocsvm,ocsvm_nu0p05_gamma_0p01,pooled,0.9,5,0,175,269,95,94.0,0.0,middle,near_failure,94,0,1.0,0.9964488143435511
ocsvm,ocsvm_nu0p05_gamma_0p01,pooled,0.9,10,0,5,5,1,217.0,217.0,healthy,healthy,217,217,0.9313186813186812,0.9313186813186812
ocsvm,ocsvm_nu0p05_gamma_0p01,pooled,0.9,10,0,13,13,1,209.0,209.0,healthy,healthy,209,209,0.971978021978022,0.971978021978022
ocsvm,ocsvm_nu0p05_gamma_0p01,pooled,0.9,10,0,15,16,2,207.0,206.0,healthy,healthy,207,206,0.9714285714285714,0.9532967032967032
ocsvm,ocsvm_nu0p05_gamma_0p01,pooled,0.9,10,0,24,24,1,198.0,198.0,healthy,healthy,198,198,0.903846153846154,0.903846153846154
ocsvm,ocsvm_nu0p05_gamma_0p01,pooled,0.9,10,0,26,26,1,196.0,196.0,healthy,healthy,196,196,0.9324175824175824,0.9324175824175824
ocsvm,ocsvm_nu0p05_gamma_0p01,pooled,0.9,10,0,28,29,2,194.0,193.0,healthy,healthy,194,193,0.9923076923076924,0.9862637362637363
ocsvm,ocsvm_nu0p05_gamma_0p01,pooled,0.9,10,0,39,39,1,183.0,183.0,healthy,healthy,183,183,0.9346153846153846,0.9346153846153846
ocsvm,ocsvm_nu0p05_gamma_0p01,pooled,0.9,10,0,43,43,1,179.0,179.0,healthy,healthy,179,179,0.9956043956043956,0.9956043956043956
ocsvm,ocsvm_nu0p05_gamma_0p01,pooled,0.9,10,0,49,49,1,173.0,173.0,healthy,healthy,173,173,0.9131868131868132,0.9131868131868132
ocsvm,ocsvm_nu0p05_gamma_0p01,pooled,0.9,10,0,57,57,1,165.0,165.0,healthy,healthy,165,165,0.9516483516483516,0.9516483516483516
ocsvm,ocsvm_nu0p05_gamma_0p01,pooled,0.9,10,0,61,61,1,161.0,161.0,healthy,healthy,161,161,0.9587912087912088,0.9587912087912088
ocsvm,ocsvm_nu0p05_gamma_0p01,pooled,0.9,10,0,67,67,1,155.0,155.0,healthy,healthy,155,155,0.9857142857142858,0.9857142857142858
ocsvm,ocsvm_nu0p05_gamma_0p01,pooled,0.9,10,0,75,75,1,147.0,147.0,healthy,healthy,147,147,0.9368131868131868,0.9368131868131868
ocsvm,ocsvm_nu0p05_gamma_0p01,pooled,0.9,10,0,90,90,1,132.0,132.0,healthy,healthy,132,132,0.9516483516483516,0.9516483516483516
ocsvm,ocsvm_nu0p05_gamma_0p01,pooled,0.9,10,0,103,103,1,119.0,119.0,middle,middle,119,119,0.9697802197802198,0.9697802197802198
ocsvm,ocsvm_nu0p05_gamma_0p01,pooled,0.9,10,0,155,155,1,67.0,67.0,middle,middle,67,67,0.9807692307692308,0.9807692307692308
ocsvm,ocsvm_nu0p05_gamma_0p01,pooled,0.9,10,0,157,158,2,65.0,64.0,middle,middle,65,64,0.9934065934065934,0.9733516483516484
ocsvm,ocsvm_nu0p05_gamma_0p01,pooled,0.9,10,0,164,222,59,58.0,0.0,middle,near_failure,58,0,1.0,0.9924939467312348
ocsvm,ocsvm_nu0p05_gamma_0p01,pooled,0.9,11,0,2,2,1,238.0,238.0,healthy,healthy,238,238,0.9857142857142858,0.9857142857142858
ocsvm,ocsvm_nu0p05_gamma_0p01,pooled,0.9,11,0,4,4,1,236.0,236.0,healthy,healthy,236,236,0.9142857142857144,0.9142857142857144
ocsvm,ocsvm_nu0p05_gamma_0p01,pooled,0.9,11,0,9,9,1,231.0,231.0,healthy,healthy,231,231,0.9587912087912088,0.9587912087912088
ocsvm,ocsvm_nu0p05_gamma_0p01,pooled,0.9,11,0,14,14,1,226.0,226.0,healthy,healthy,226,226,0.9917582417582418,0.9917582417582418
ocsvm,ocsvm_nu0p05_gamma_0p01,pooled,0.9,11,0,20,20,1,220.0,220.0,healthy,healthy,220,220,0.9126373626373626,0.9126373626373626
ocsvm,ocsvm_nu0p05_gamma_0p01,pooled,0.9,11,0,25,25,1,215.0,215.0,healthy,healthy,215,215,0.960989010989011,0.960989010989011
ocsvm,ocsvm_nu0p05_gamma_0p01,pooled,0.9,11,0,35,35,1,205.0,205.0,healthy,healthy,205,205,0.9714285714285714,0.9714285714285714
ocsvm,ocsvm_nu0p05_gamma_0p01,pooled,0.9,11,0,39,39,1,201.0,201.0,healthy,healthy,201,201,0.9741758241758242,0.9741758241758242
ocsvm,ocsvm_nu0p05_gamma_0p01,pooled,0.9,11,0,43,43,1,197.0,197.0,healthy,healthy,197,197,0.9263736263736264,0.9263736263736264
ocsvm,ocsvm_nu0p05_gamma_0p01,pooled,0.9,11,0,50,50,1,190.0,190.0,healthy,healthy,190,190,0.9554945054945057,0.9554945054945057
ocsvm,ocsvm_nu0p05_gamma_0p01,pooled,0.9,11,0,113,113,1,127.0,127.0,healthy,healthy,127,127,0.9076923076923076,0.9076923076923076
ocsvm,ocsvm_nu0p05_gamma_0p01,pooled,0.9,11,0,159,159,1,81.0,81.0,middle,middle,81,81,0.99010989010989,0.99010989010989
ocsvm,ocsvm_nu0p05_gamma_0p01,pooled,0.9,11,0,168,168,1,72.0,72.0,middle,middle,72,72,0.9324175824175824,0.9324175824175824
ocsvm,ocsvm_nu0p05_gamma_0p01,pooled,0.9,11,0,171,240,70,69.0,0.0,middle,near_failure,69,0,1.0,0.993916797488226
ocsvm,ocsvm_nu0p05_gamma_0p01,pooled,0.9,13,0,49,49,1,114.0,114.0,middle,middle,114,114,0.9516483516483516,0.9516483516483516
ocsvm,ocsvm_nu0p05_gamma_0p01,pooled,0.9,13,0,67,67,1,96.0,96.0,middle,middle,96,96,0.921978021978022,0.921978021978022
ocsvm,ocsvm_nu0p05_gamma_0p01,pooled,0.9,13,0,87,87,1,76.0,76.0,middle,middle,76,76,0.9296703296703296,0.9296703296703296
ocsvm,ocsvm_nu0p05_gamma_0p01,pooled,0.9,13,0,92,92,1,71.0,71.0,middle,middle,71,71,0.984065934065934,0.984065934065934
ocsvm,ocsvm_nu0p05_gamma_0p01,pooled,0.9,13,0,95,95,1,68.0,68.0,middle,middle,68,68,0.9934065934065934,0.9934065934065934
ocsvm,ocsvm_nu0p05_gamma_0p01,pooled,0.9,13,0,98,98,1,65.0,65.0,middle,middle,65,65,0.9752747252747253,0.9752747252747253
ocsvm,ocsvm_nu0p05_gamma_0p01,pooled,0.9,13,0,100,101,2,63.0,62.0,middle,middle,63,62,0.9917582417582418,0.9554945054945054
ocsvm,ocsvm_nu0p05_gamma_0p01,pooled,0.9,13,0,103,163,61,60.0,0.0,middle,near_failure,60,0,1.0,0.9986939290217979
ocsvm,ocsvm_nu0p05_gamma_0p01,pooled,0.9,16,0,4,5,2,205.0,204.0,healthy,healthy,205,204,0.946153846153846,0.9387362637362636
ocsvm,ocsvm_nu0p05_gamma_0p01,pooled,0.9,16,0,7,8,2,202.0,201.0,healthy,healthy,202,201,0.9884615384615384,0.948076923076923
ocsvm,ocsvm_nu0p05_gamma_0p01,pooled,0.9,16,0,14,14,1,195.0,195.0,healthy,healthy,195,195,0.9357142857142856,0.9357142857142856
ocsvm,ocsvm_nu0p05_gamma_0p01,pooled,0.9,16,0,17,17,1,192.0,192.0,healthy,healthy,192,192,0.9648351648351648,0.9648351648351648
ocsvm,ocsvm_nu0p05_gamma_0p01,pooled,0.9,16,0,22,22,1,187.0,187.0,healthy,healthy,187,187,0.9192307692307692,0.9192307692307692
ocsvm,ocsvm_nu0p05_gamma_0p01,pooled,0.9,16,0,26,26,1,183.0,183.0,healthy,healthy,183,183,0.915934065934066,0.915934065934066
ocsvm,ocsvm_nu0p05_gamma_0p01,pooled,0.9,16,0,28,28,1,181.0,181.0,healthy,healthy,181,181,0.9961538461538462,0.9961538461538462
ocsvm,ocsvm_nu0p05_gamma_0p01,pooled,0.9,16,0,35,35,1,174.0,174.0,healthy,healthy,174,174,0.9192307692307692,0.9192307692307692
ocsvm,ocsvm_nu0p05_gamma_0p01,pooled,0.9,16,0,40,43,4,169.0,166.0,healthy,healthy,169,166,0.99010989010989,0.9473901098901099
ocsvm,ocsvm_nu0p05_gamma_0p01,pooled,0.9,16,0,46,47,2,163.0,162.0,healthy,healthy,163,162,0.9802197802197802,0.9618131868131867
ocsvm,ocsvm_nu0p05_gamma_0p01,pooled,0.9,16,0,49,50,2,160.0,159.0,healthy,healthy,160,159,0.9829670329670328,0.9667582417582417
ocsvm,ocsvm_nu0p05_gamma_0p01,pooled,0.9,16,0,53,53,1,156.0,156.0,healthy,healthy,156,156,0.9769230769230768,0.9769230769230768
ocsvm,ocsvm_nu0p05_gamma_0p01,pooled,0.9,16,0,55,59,5,154.0,150.0,healthy,healthy,154,150,0.9928571428571428,0.9497802197802198
ocsvm,ocsvm_nu0p05_gamma_0p01,pooled,0.9,16,0,62,63,2,147.0,146.0,healthy,healthy,147,146,0.993956043956044,0.981043956043956
ocsvm,ocsvm_nu0p05_gamma_0p01,pooled,0.9,16,0,67,67,1,142.0,142.0,healthy,healthy,142,142,0.903846153846154,0.903846153846154
ocsvm,ocsvm_nu0p05_gamma_0p01,pooled,0.9,16,0,70,73,4,139.0,136.0,healthy,healthy,139,136,0.9983516483516484,0.9839285714285715
ocsvm,ocsvm_nu0p05_gamma_0p01,pooled,0.9,16,0,75,76,2,134.0,133.0,healthy,healthy,134,133,0.9428571428571428,0.9225274725274726
ocsvm,ocsvm_nu0p05_gamma_0p01,pooled,0.9,16,0,78,78,1,131.0,131.0,healthy,healthy,131,131,0.9978021978021978,0.9978021978021978
ocsvm,ocsvm_nu0p05_gamma_0p01,pooled,0.9,16,0,80,81,2,129.0,128.0,healthy,healthy,129,128,0.9736263736263736,0.956043956043956
ocsvm,ocsvm_nu0p05_gamma_0p01,pooled,0.9,16,0,83,84,2,126.0,125.0,healthy,middle,126,125,0.9983516483516484,0.9502747252747252
ocsvm,ocsvm_nu0p05_gamma_0p01,pooled,0.9,16,0,87,89,3,122.0,120.0,middle,middle,122,120,1.0,0.9767399267399267
ocsvm,ocsvm_nu0p05_gamma_0p01,pooled,0.9,16,0,91,95,5,118.0,114.0,middle,middle,118,114,1.0,0.9709890109890109
ocsvm,ocsvm_nu0p05_gamma_0p01,pooled,0.9,16,0,97,112,16,112.0,97.0,middle,middle,112,97,1.0,0.9844436813186814
ocsvm,ocsvm_nu0p05_gamma_0p01,pooled,0.9,16,0,114,118,5,95.0,91.0,middle,middle,95,91,1.0,0.9686813186813186
ocsvm,ocsvm_nu0p05_gamma_0p01,pooled,0.9,16,0,120,209,90,89.0,0.0,middle,near_failure,89,0,1.0,0.9986935286935288
ocsvm,ocsvm_nu0p05_gamma_0p01,pooled,0.9,27,0,24,24,1,132.0,132.0,healthy,healthy,132,132,0.9296703296703296,0.9296703296703296
ocsvm,ocsvm_nu0p05_gamma_0p01,pooled,0.9,27,0,52,52,1,104.0,104.0,middle,middle,104,104,0.9791208791208792,0.9791208791208792
ocsvm,ocsvm_nu0p05_gamma_0p01,pooled,0.9,27,0,80,80,1,76.0,76.0,middle,middle,76,76,0.9675824175824176,0.9675824175824176
ocsvm,ocsvm_nu0p05_gamma_0p01,pooled,0.9,27,0,82,82,1,74.0,74.0,middle,middle,74,74,0.903846153846154,0.903846153846154
ocsvm,ocsvm_nu0p05_gamma_0p01,pooled,0.9,27,0,84,85,2,72.0,71.0,middle,middle,72,71,0.952197802197802,0.949175824175824
ocsvm,ocsvm_nu0p05_gamma_0p01,pooled,0.9,27,0,87,100,14,69.0,56.0,middle,middle,69,56,1.0,0.9637755102040816
ocsvm,ocsvm_nu0p05_gamma_0p01,pooled,0.9,27,0,102,156,55,54.0,0.0,middle,near_failure,54,0,1.0,0.9977322677322676
ocsvm,ocsvm_nu0p05_gamma_0p01,pooled,0.9,31,0,4,4,1,230.0,230.0,healthy,healthy,230,230,0.9554945054945057,0.9554945054945057
ocsvm,ocsvm_nu0p05_gamma_0p01,pooled,0.9,31,0,10,10,1,224.0,224.0,healthy,healthy,224,224,0.9642857142857144,0.9642857142857144
ocsvm,ocsvm_nu0p05_gamma_0p01,pooled,0.9,31,0,18,18,1,216.0,216.0,healthy,healthy,216,216,0.956043956043956,0.956043956043956
ocsvm,ocsvm_nu0p05_gamma_0p01,pooled,0.9,31,0,29,29,1,205.0,205.0,healthy,healthy,205,205,0.9714285714285714,0.9714285714285714
ocsvm,ocsvm_nu0p05_gamma_0p01,pooled,0.9,31,0,40,40,1,194.0,194.0,healthy,healthy,194,194,0.9516483516483516,0.9516483516483516
ocsvm,ocsvm_nu0p05_gamma_0p01,pooled,0.9,31,0,47,48,2,187.0,186.0,healthy,healthy,187,186,0.99010989010989,0.9478021978021978
ocsvm,ocsvm_nu0p05_gamma_0p01,pooled,0.9,31,0,50,50,1,184.0,184.0,healthy,healthy,184,184,0.9137362637362636,0.9137362637362636
ocsvm,ocsvm_nu0p05_gamma_0p01,pooled,0.9,31,0,52,52,1,182.0,182.0,healthy,healthy,182,182,0.945054945054945,0.945054945054945
ocsvm,ocsvm_nu0p05_gamma_0p01,pooled,0.9,31,0,64,64,1,170.0,170.0,healthy,healthy,170,170,0.9054945054945056,0.9054945054945056
ocsvm,ocsvm_nu0p05_gamma_0p01,pooled,0.9,31,0,75,75,1,159.0,159.0,healthy,healthy,159,159,0.903846153846154,0.903846153846154
ocsvm,ocsvm_nu0p05_gamma_0p01,pooled,0.9,31,0,82,82,1,152.0,152.0,healthy,healthy,152,152,0.9346153846153846,0.9346153846153846
ocsvm,ocsvm_nu0p05_gamma_0p01,pooled,0.9,31,0,135,135,1,99.0,99.0,middle,middle,99,99,0.971978021978022,0.971978021978022
ocsvm,ocsvm_nu0p05_gamma_0p01,pooled,0.9,31,0,151,151,1,83.0,83.0,middle,middle,83,83,0.9434065934065934,0.9434065934065934
ocsvm,ocsvm_nu0p05_gamma_0p01,pooled,0.9,31,0,167,167,1,67.0,67.0,middle,middle,67,67,0.9912087912087912,0.9912087912087912
ocsvm,ocsvm_nu0p05_gamma_0p01,pooled,0.9,31,0,176,176,1,58.0,58.0,middle,middle,58,58,0.9807692307692308,0.9807692307692308
ocsvm,ocsvm_nu0p05_gamma_0p01,pooled,0.9,31,0,179,179,1,55.0,55.0,middle,middle,55,55,0.9752747252747253,0.9752747252747253
ocsvm,ocsvm_nu0p05_gamma_0p01,pooled,0.9,31,0,181,181,1,53.0,53.0,middle,middle,53,53,0.9065934065934066,0.9065934065934066
ocsvm,ocsvm_nu0p05_gamma_0p01,pooled,0.9,31,0,185,185,1,49.0,49.0,middle,middle,49,49,0.9928571428571428,0.9928571428571428
ocsvm,ocsvm_nu0p05_gamma_0p01,pooled,0.9,31,0,187,191,5,47.0,43.0,middle,middle,47,43,0.9950549450549452,0.9574725274725274
ocsvm,ocsvm_nu0p05_gamma_0p01,pooled,0.9,31,0,193,234,42,41.0,0.0,middle,near_failure,41,0,1.0,0.9975536368393512
ocsvm,ocsvm_nu0p05_gamma_0p01,pooled,0.9,34,0,25,25,1,170.0,170.0,healthy,healthy,170,170,0.9021978021978022,0.9021978021978022
ocsvm,ocsvm_nu0p05_gamma_0p01,pooled,0.9,34,0,49,49,1,146.0,146.0,healthy,healthy,146,146,0.906043956043956,0.906043956043956
ocsvm,ocsvm_nu0p05_gamma_0p01,pooled,0.9,34,0,93,93,1,102.0,102.0,middle,middle,102,102,0.9950549450549452,0.9950549450549452
ocsvm,ocsvm_nu0p05_gamma_0p01,pooled,0.9,34,0,100,102,3,95.0,93.0,middle,middle,95,93,0.9637362637362638,0.9512820512820511
ocsvm,ocsvm_nu0p05_gamma_0p01,pooled,0.9,34,0,106,106,1,89.0,89.0,middle,middle,89,89,0.9785714285714284,0.9785714285714284
ocsvm,ocsvm_nu0p05_gamma_0p01,pooled,0.9,34,0,108,108,1,87.0,87.0,middle,middle,87,87,0.903846153846154,0.903846153846154
ocsvm,ocsvm_nu0p05_gamma_0p01,pooled,0.9,34,0,111,111,1,84.0,84.0,middle,middle,84,84,0.9747252747252748,0.9747252747252748
ocsvm,ocsvm_nu0p05_gamma_0p01,pooled,0.9,34,0,113,114,2,82.0,81.0,middle,middle,82,81,0.9653846153846154,0.9478021978021978
ocsvm,ocsvm_nu0p05_gamma_0p01,pooled,0.9,34,0,116,116,1,79.0,79.0,middle,middle,79,79,0.9532967032967034,0.9532967032967034
ocsvm,ocsvm_nu0p05_gamma_0p01,pooled,0.9,34,0,119,195,77,76.0,0.0,middle,near_failure,76,0,1.0,0.997231340088483
ocsvm,ocsvm_nu0p05_gamma_0p01,pooled,0.9,40,0,9,9,1,179.0,179.0,healthy,healthy,179,179,0.943956043956044,0.943956043956044
ocsvm,ocsvm_nu0p05_gamma_0p01,pooled,0.9,40,0,19,19,1,169.0,169.0,healthy,healthy,169,169,0.915934065934066,0.915934065934066
ocsvm,ocsvm_nu0p05_gamma_0p01,pooled,0.9,40,0,22,23,2,166.0,165.0,healthy,healthy,166,165,0.9741758241758242,0.9686813186813187
ocsvm,ocsvm_nu0p05_gamma_0p01,pooled,0.9,40,0,26,26,1,162.0,162.0,healthy,healthy,162,162,0.9868131868131867,0.9868131868131867
ocsvm,ocsvm_nu0p05_gamma_0p01,pooled,0.9,40,0,34,34,1,154.0,154.0,healthy,healthy,154,154,0.9346153846153846,0.9346153846153846
ocsvm,ocsvm_nu0p05_gamma_0p01,pooled,0.9,40,0,36,36,1,152.0,152.0,healthy,healthy,152,152,0.9928571428571428,0.9928571428571428
ocsvm,ocsvm_nu0p05_gamma_0p01,pooled,0.9,40,0,39,40,2,149.0,148.0,healthy,healthy,149,148,0.9923076923076924,0.9835164835164836
ocsvm,ocsvm_nu0p05_gamma_0p01,pooled,0.9,40,0,46,46,1,142.0,142.0,healthy,healthy,142,142,0.9648351648351648,0.9648351648351648
ocsvm,ocsvm_nu0p05_gamma_0p01,pooled,0.9,40,0,48,48,1,140.0,140.0,healthy,healthy,140,140,0.9846153846153848,0.9846153846153848
ocsvm,ocsvm_nu0p05_gamma_0p01,pooled,0.9,40,0,52,52,1,136.0,136.0,healthy,healthy,136,136,0.9747252747252748,0.9747252747252748
ocsvm,ocsvm_nu0p05_gamma_0p01,pooled,0.9,40,0,54,55,2,134.0,133.0,healthy,healthy,134,133,0.9357142857142856,0.9217032967032965
ocsvm,ocsvm_nu0p05_gamma_0p01,pooled,0.9,40,0,62,62,1,126.0,126.0,healthy,healthy,126,126,0.9554945054945057,0.9554945054945057
ocsvm,ocsvm_nu0p05_gamma_0p01,pooled,0.9,40,0,65,65,1,123.0,123.0,middle,middle,123,123,0.9516483516483516,0.9516483516483516
ocsvm,ocsvm_nu0p05_gamma_0p01,pooled,0.9,40,0,68,69,2,120.0,119.0,middle,middle,120,119,0.989010989010989,0.9818681318681319
ocsvm,ocsvm_nu0p05_gamma_0p01,pooled,0.9,40,0,71,71,1,117.0,117.0,middle,middle,117,117,0.952197802197802,0.952197802197802
ocsvm,ocsvm_nu0p05_gamma_0p01,pooled,0.9,40,0,73,74,2,115.0,114.0,middle,middle,115,114,0.952197802197802,0.9464285714285714
ocsvm,ocsvm_nu0p05_gamma_0p01,pooled,0.9,40,0,76,78,3,112.0,110.0,middle,middle,112,110,0.9956043956043956,0.969047619047619
ocsvm,ocsvm_nu0p05_gamma_0p01,pooled,0.9,40,0,81,93,13,107.0,95.0,middle,middle,107,95,1.0,0.9799661876584952
ocsvm,ocsvm_nu0p05_gamma_0p01,pooled,0.9,40,0,95,188,94,93.0,0.0,middle,near_failure,93,0,1.0,0.9953179798924481
ocsvm,ocsvm_nu0p05_gamma_0p01,pooled,0.9,41,0,16,16,1,200.0,200.0,healthy,healthy,200,200,0.967032967032967,0.967032967032967
ocsvm,ocsvm_nu0p05_gamma_0p01,pooled,0.9,41,0,35,35,1,181.0,181.0,healthy,healthy,181,181,0.9626373626373628,0.9626373626373628
ocsvm,ocsvm_nu0p05_gamma_0p01,pooled,0.9,41,0,40,40,1,176.0,176.0,healthy,healthy,176,176,0.987912087912088,0.987912087912088
ocsvm,ocsvm_nu0p05_gamma_0p01,pooled,0.9,41,0,68,68,1,148.0,148.0,healthy,healthy,148,148,0.9142857142857144,0.9142857142857144
ocsvm,ocsvm_nu0p05_gamma_0p01,pooled,0.9,41,0,84,84,1,132.0,132.0,healthy,healthy,132,132,0.9324175824175824,0.9324175824175824
ocsvm,ocsvm_nu0p05_gamma_0p01,pooled,0.9,41,0,87,87,1,129.0,129.0,healthy,healthy,129,129,0.9203296703296704,0.9203296703296704
ocsvm,ocsvm_nu0p05_gamma_0p01,pooled,0.9,41,0,103,103,1,113.0,113.0,middle,middle,113,113,0.9291208791208792,0.9291208791208792
ocsvm,ocsvm_nu0p05_gamma_0p01,pooled,0.9,41,0,112,112,1,104.0,104.0,middle,middle,104,104,0.9857142857142858,0.9857142857142858
ocsvm,ocsvm_nu0p05_gamma_0p01,pooled,0.9,41,0,120,121,2,96.0,95.0,middle,middle,96,95,0.9846153846153848,0.9423076923076924
ocsvm,ocsvm_nu0p05_gamma_0p01,pooled,0.9,41,0,128,128,1,88.0,88.0,middle,middle,88,88,0.9802197802197802,0.9802197802197802
ocsvm,ocsvm_nu0p05_gamma_0p01,pooled,0.9,41,0,130,132,3,86.0,84.0,middle,middle,86,84,1.0,0.953113553113553
ocsvm,ocsvm_nu0p05_gamma_0p01,pooled,0.9,41,0,139,142,4,77.0,74.0,middle,middle,77,74,0.9917582417582418,0.9708791208791209
ocsvm,ocsvm_nu0p05_gamma_0p01,pooled,0.9,41,0,144,216,73,72.0,0.0,middle,near_failure,72,0,1.0,0.9987806713834111
ocsvm,ocsvm_nu0p05_gamma_0p01,pooled,0.9,45,0,2,4,3,156.0,154.0,healthy,healthy,156,154,0.9736263736263736,0.9437728937728936
ocsvm,ocsvm_nu0p05_gamma_0p01,pooled,0.9,45,0,9,10,2,149.0,148.0,healthy,healthy,149,148,1.0,0.9733516483516484
ocsvm,ocsvm_nu0p05_gamma_0p01,pooled,0.9,45,0,13,14,2,145.0,144.0,healthy,healthy,145,144,0.971978021978022,0.9664835164835165
ocsvm,ocsvm_nu0p05_gamma_0p01,pooled,0.9,45,0,16,17,2,142.0,141.0,healthy,healthy,142,141,0.9807692307692308,0.9423076923076924
ocsvm,ocsvm_nu0p05_gamma_0p01,pooled,0.9,45,0,21,23,3,137.0,135.0,healthy,healthy,137,135,0.9752747252747253,0.9586080586080586
ocsvm,ocsvm_nu0p05_gamma_0p01,pooled,0.9,45,0,27,27,1,131.0,131.0,healthy,healthy,131,131,0.9934065934065934,0.9934065934065934
ocsvm,ocsvm_nu0p05_gamma_0p01,pooled,0.9,45,0,29,29,1,129.0,129.0,healthy,healthy,129,129,0.9428571428571428,0.9428571428571428
ocsvm,ocsvm_nu0p05_gamma_0p01,pooled,0.9,45,0,31,32,2,127.0,126.0,healthy,healthy,127,126,0.952197802197802,0.945054945054945
ocsvm,ocsvm_nu0p05_gamma_0p01,pooled,0.9,45,0,34,34,1,124.0,124.0,middle,middle,124,124,0.9807692307692308,0.9807692307692308
ocsvm,ocsvm_nu0p05_gamma_0p01,pooled,0.9,45,0,36,38,3,122.0,120.0,middle,middle,122,120,0.9648351648351648,0.9349816849816851
ocsvm,ocsvm_nu0p05_gamma_0p01,pooled,0.9,45,0,43,43,1,115.0,115.0,middle,middle,115,115,0.9802197802197802,0.9802197802197802
ocsvm,ocsvm_nu0p05_gamma_0p01,pooled,0.9,45,0,45,45,1,113.0,113.0,middle,middle,113,113,0.9857142857142858,0.9857142857142858
ocsvm,ocsvm_nu0p05_gamma_0p01,pooled,0.9,45,0,47,47,1,111.0,111.0,middle,middle,111,111,0.9983516483516484,0.9983516483516484
ocsvm,ocsvm_nu0p05_gamma_0p01,pooled,0.9,45,0,50,50,1,108.0,108.0,middle,middle,108,108,0.9016483516483516,0.9016483516483516
ocsvm,ocsvm_nu0p05_gamma_0p01,pooled,0.9,45,0,52,53,2,106.0,105.0,middle,middle,106,105,0.9587912087912088,0.9332417582417583
ocsvm,ocsvm_nu0p05_gamma_0p01,pooled,0.9,45,0,61,61,1,97.0,97.0,middle,middle,97,97,0.9434065934065934,0.9434065934065934
ocsvm,ocsvm_nu0p05_gamma_0p01,pooled,0.9,45,0,65,65,1,93.0,93.0,middle,middle,93,93,0.9434065934065934,0.9434065934065934
ocsvm,ocsvm_nu0p05_gamma_0p01,pooled,0.9,45,0,67,67,1,91.0,91.0,middle,middle,91,91,0.9192307692307692,0.9192307692307692
ocsvm,ocsvm_nu0p05_gamma_0p01,pooled,0.9,45,0,70,70,1,88.0,88.0,middle,middle,88,88,0.9313186813186812,0.9313186813186812
ocsvm,ocsvm_nu0p05_gamma_0p01,pooled,0.9,45,0,73,73,1,85.0,85.0,middle,middle,85,85,0.9351648351648352,0.9351648351648352
ocsvm,ocsvm_nu0p05_gamma_0p01,pooled,0.9,45,0,77,78,2,81.0,80.0,middle,middle,81,80,0.9516483516483516,0.9414835164835165
ocsvm,ocsvm_nu0p05_gamma_0p01,pooled,0.9,45,0,84,84,1,74.0,74.0,middle,middle,74,74,0.984065934065934,0.984065934065934
ocsvm,ocsvm_nu0p05_gamma_0p01,pooled,0.9,45,0,87,88,2,71.0,70.0,middle,middle,71,70,0.9126373626373626,0.9096153846153846
ocsvm,ocsvm_nu0p05_gamma_0p01,pooled,0.9,45,0,91,91,1,67.0,67.0,middle,middle,67,67,0.9324175824175824,0.9324175824175824
ocsvm,ocsvm_nu0p05_gamma_0p01,pooled,0.9,45,0,97,100,4,61.0,58.0,middle,middle,61,58,0.9956043956043956,0.9651098901098901
ocsvm,ocsvm_nu0p05_gamma_0p01,pooled,0.9,45,0,103,106,4,55.0,52.0,middle,middle,55,52,0.9928571428571428,0.9460164835164835
ocsvm,ocsvm_nu0p05_gamma_0p01,pooled,0.9,45,0,108,114,7,50.0,44.0,middle,middle,50,44,1.0,0.9562794348508634
ocsvm,ocsvm_nu0p05_gamma_0p01,pooled,0.9,45,0,116,158,43,42.0,0.0,middle,near_failure,42,0,1.0,0.9980322003577818
ocsvm,ocsvm_nu0p05_gamma_0p01,pooled,0.9,46,0,1,2,2,255.0,254.0,healthy,healthy,255,254,0.9917582417582418,0.957967032967033
ocsvm,ocsvm_nu0p05_gamma_0p01,pooled,0.9,46,0,9,9,1,247.0,247.0,healthy,healthy,247,247,0.9,0.9
ocsvm,ocsvm_nu0p05_gamma_0p01,pooled,0.9,46,0,28,28,1,228.0,228.0,healthy,healthy,228,228,0.9697802197802198,0.9697802197802198
ocsvm,ocsvm_nu0p05_gamma_0p01,pooled,0.9,46,0,31,31,1,225.0,225.0,healthy,healthy,225,225,0.960989010989011,0.960989010989011
ocsvm,ocsvm_nu0p05_gamma_0p01,pooled,0.9,46,0,57,57,1,199.0,199.0,healthy,healthy,199,199,0.9736263736263736,0.9736263736263736
ocsvm,ocsvm_nu0p05_gamma_0p01,pooled,0.9,46,0,64,64,1,192.0,192.0,healthy,healthy,192,192,0.9983516483516484,0.9983516483516484
ocsvm,ocsvm_nu0p05_gamma_0p01,pooled,0.9,46,0,75,75,1,181.0,181.0,healthy,healthy,181,181,0.9313186813186812,0.9313186813186812
ocsvm,ocsvm_nu0p05_gamma_0p01,pooled,0.9,46,0,80,80,1,176.0,176.0,healthy,healthy,176,176,0.9406593406593406,0.9406593406593406
ocsvm,ocsvm_nu0p05_gamma_0p01,pooled,0.9,46,0,84,84,1,172.0,172.0,healthy,healthy,172,172,0.952197802197802,0.952197802197802
ocsvm,ocsvm_nu0p05_gamma_0p01,pooled,0.9,46,0,174,174,1,82.0,82.0,middle,middle,82,82,0.9747252747252748,0.9747252747252748
ocsvm,ocsvm_nu0p05_gamma_0p01,pooled,0.9,46,0,189,189,1,67.0,67.0,middle,middle,67,67,0.968131868131868,0.968131868131868
ocsvm,ocsvm_nu0p05_gamma_0p01,pooled,0.9,46,0,193,193,1,63.0,63.0,middle,middle,63,63,0.9736263736263736,0.9736263736263736
ocsvm,ocsvm_nu0p05_gamma_0p01,pooled,0.9,46,0,195,195,1,61.0,61.0,middle,middle,61,61,0.9307692307692308,0.9307692307692308
ocsvm,ocsvm_nu0p05_gamma_0p01,pooled,0.9,46,0,197,198,2,59.0,58.0,middle,middle,59,58,0.9884615384615384,0.9656593406593406
ocsvm,ocsvm_nu0p05_gamma_0p01,pooled,0.9,46,0,200,200,1,56.0,56.0,middle,middle,56,56,0.9686813186813188,0.9686813186813188
ocsvm,ocsvm_nu0p05_gamma_0p01,pooled,0.9,46,0,202,203,2,54.0,53.0,middle,middle,54,53,0.9983516483516484,0.9722527472527471
ocsvm,ocsvm_nu0p05_gamma_0p01,pooled,0.9,46,0,205,205,1,51.0,51.0,middle,middle,51,51,0.9225274725274726,0.9225274725274726
ocsvm,ocsvm_nu0p05_gamma_0p01,pooled,0.9,46,0,207,256,50,49.0,0.0,middle,near_failure,49,0,1.0,0.9962747252747254
ocsvm,ocsvm_nu0p05_gamma_0p01,pooled,0.9,54,0,5,5,1,252.0,252.0,healthy,healthy,252,252,0.9686813186813188,0.9686813186813188
ocsvm,ocsvm_nu0p05_gamma_0p01,pooled,0.9,54,0,15,16,2,242.0,241.0,healthy,healthy,242,241,0.9686813186813188,0.9645604395604396
ocsvm,ocsvm_nu0p05_gamma_0p01,pooled,0.9,54,0,24,24,1,233.0,233.0,healthy,healthy,233,233,0.9708791208791208,0.9708791208791208
ocsvm,ocsvm_nu0p05_gamma_0p01,pooled,0.9,54,0,35,35,1,222.0,222.0,healthy,healthy,222,222,0.9857142857142858,0.9857142857142858
ocsvm,ocsvm_nu0p05_gamma_0p01,pooled,0.9,54,0,41,41,1,216.0,216.0,healthy,healthy,216,216,0.921978021978022,0.921978021978022
ocsvm,ocsvm_nu0p05_gamma_0p01,pooled,0.9,54,0,57,57,1,200.0,200.0,healthy,healthy,200,200,0.953846153846154,0.953846153846154
ocsvm,ocsvm_nu0p05_gamma_0p01,pooled,0.9,54,0,64,64,1,193.0,193.0,healthy,healthy,193,193,0.9741758241758242,0.9741758241758242
ocsvm,ocsvm_nu0p05_gamma_0p01,pooled,0.9,54,0,74,74,1,183.0,183.0,healthy,healthy,183,183,0.9406593406593406,0.9406593406593406
ocsvm,ocsvm_nu0p05_gamma_0p01,pooled,0.9,54,0,81,81,1,176.0,176.0,healthy,healthy,176,176,0.9153846153846154,0.9153846153846154
ocsvm,ocsvm_nu0p05_gamma_0p01,pooled,0.9,54,0,87,87,1,170.0,170.0,healthy,healthy,170,170,0.9434065934065934,0.9434065934065934
ocsvm,ocsvm_nu0p05_gamma_0p01,pooled,0.9,54,0,110,110,1,147.0,147.0,healthy,healthy,147,147,0.9241758241758242,0.9241758241758242
ocsvm,ocsvm_nu0p05_gamma_0p01,pooled,0.9,54,0,120,120,1,137.0,137.0,healthy,healthy,137,137,0.921978021978022,0.921978021978022
ocsvm,ocsvm_nu0p05_gamma_0p01,pooled,0.9,54,0,145,145,1,112.0,112.0,middle,middle,112,112,0.9313186813186812,0.9313186813186812
ocsvm,ocsvm_nu0p05_gamma_0p01,pooled,0.9,54,0,150,150,1,107.0,107.0,middle,middle,107,107,0.9208791208791208,0.9208791208791208
ocsvm,ocsvm_nu0p05_gamma_0p01,pooled,0.9,54,0,152,152,1,105.0,105.0,middle,middle,105,105,0.9791208791208792,0.9791208791208792
ocsvm,ocsvm_nu0p05_gamma_0p01,pooled,0.9,54,0,158,158,1,99.0,99.0,middle,middle,99,99,0.9153846153846154,0.9153846153846154
ocsvm,ocsvm_nu0p05_gamma_0p01,pooled,0.9,54,0,160,161,2,97.0,96.0,middle,middle,97,96,0.9697802197802198,0.9689560439560438
ocsvm,ocsvm_nu0p05_gamma_0p01,pooled,0.9,54,0,163,164,2,94.0,93.0,middle,middle,94,93,0.9554945054945057,0.9354395604395604
ocsvm,ocsvm_nu0p05_gamma_0p01,pooled,0.9,54,0,168,168,1,89.0,89.0,middle,middle,89,89,0.9923076923076924,0.9923076923076924
ocsvm,ocsvm_nu0p05_gamma_0p01,pooled,0.9,54,0,170,170,1,87.0,87.0,middle,middle,87,87,0.9752747252747253,0.9752747252747253
ocsvm,ocsvm_nu0p05_gamma_0p01,pooled,0.9,54,0,173,175,3,84.0,82.0,middle,middle,84,82,0.9934065934065934,0.9930402930402931
ocsvm,ocsvm_nu0p05_gamma_0p01,pooled,0.9,54,0,177,257,81,80.0,0.0,middle,near_failure,80,0,1.0,0.9960792294125628
ocsvm,ocsvm_nu0p05_gamma_0p01,pooled,0.9,74,0,26,26,1,140.0,140.0,healthy,healthy,140,140,0.9785714285714284,0.9785714285714284
ocsvm,ocsvm_nu0p05_gamma_0p01,pooled,0.9,74,0,66,66,1,100.0,100.0,middle,middle,100,100,0.9241758241758242,0.9241758241758242
ocsvm,ocsvm_nu0p05_gamma_0p01,pooled,0.9,74,0,117,117,1,49.0,49.0,middle,middle,49,49,0.9741758241758242,0.9741758241758242
ocsvm,ocsvm_nu0p05_gamma_0p01,pooled,0.9,74,0,124,124,1,42.0,42.0,middle,middle,42,42,0.9192307692307692,0.9192307692307692
ocsvm,ocsvm_nu0p05_gamma_0p01,pooled,0.9,74,0,128,128,1,38.0,38.0,middle,middle,38,38,1.0,1.0
ocsvm,ocsvm_nu0p05_gamma_0p01,pooled,0.9,74,0,130,166,37,36.0,0.0,middle,near_failure,36,0,1.0,0.9974309474309475
ocsvm,ocsvm_nu0p05_gamma_0p01,pooled,0.9,77,0,23,23,1,131.0,131.0,healthy,healthy,131,131,1.0,1.0
ocsvm,ocsvm_nu0p05_gamma_0p01,pooled,0.9,77,0,33,33,1,121.0,121.0,middle,middle,121,121,0.9747252747252748,0.9747252747252748
ocsvm,ocsvm_nu0p05_gamma_0p01,pooled,0.9,77,0,35,35,1,119.0,119.0,middle,middle,119,119,0.9934065934065934,0.9934065934065934
ocsvm,ocsvm_nu0p05_gamma_0p01,pooled,0.9,77,0,48,48,1,106.0,106.0,middle,middle,106,106,0.9357142857142856,0.9357142857142856
ocsvm,ocsvm_nu0p05_gamma_0p01,pooled,0.9,77,0,61,61,1,93.0,93.0,middle,middle,93,93,0.9846153846153848,0.9846153846153848
ocsvm,ocsvm_nu0p05_gamma_0p01,pooled,0.9,77,0,68,68,1,86.0,86.0,middle,middle,86,86,0.9478021978021978,0.9478021978021978
ocsvm,ocsvm_nu0p05_gamma_0p01,pooled,0.9,77,0,72,72,1,82.0,82.0,middle,middle,82,82,0.9324175824175824,0.9324175824175824
ocsvm,ocsvm_nu0p05_gamma_0p01,pooled,0.9,77,0,78,80,3,76.0,74.0,middle,middle,76,74,0.9956043956043956,0.9644688644688645
ocsvm,ocsvm_nu0p05_gamma_0p01,pooled,0.9,77,0,83,83,1,71.0,71.0,middle,middle,71,71,0.912087912087912,0.912087912087912
ocsvm,ocsvm_nu0p05_gamma_0p01,pooled,0.9,77,0,86,86,1,68.0,68.0,middle,middle,68,68,0.9626373626373628,0.9626373626373628
ocsvm,ocsvm_nu0p05_gamma_0p01,pooled,0.9,77,0,88,89,2,66.0,65.0,middle,middle,66,65,0.9961538461538462,0.9843406593406593
ocsvm,ocsvm_nu0p05_gamma_0p01,pooled,0.9,77,0,91,91,1,63.0,63.0,middle,middle,63,63,0.9434065934065934,0.9434065934065934
ocsvm,ocsvm_nu0p05_gamma_0p01,pooled,0.9,77,0,93,101,9,61.0,53.0,middle,middle,61,53,1.0,0.9742368742368741
ocsvm,ocsvm_nu0p05_gamma_0p01,pooled,0.9,77,0,103,107,5,51.0,47.0,middle,middle,51,47,1.0,0.9559340659340659
ocsvm,ocsvm_nu0p05_gamma_0p01,pooled,0.9,77,0,109,154,46,45.0,0.0,middle,near_failure,45,0,1.0,0.9968346870520783
ocsvm,ocsvm_nu0p05_gamma_0p01,pooled,0.9,78,0,1,5,5,230.0,226.0,healthy,healthy,230,226,1.0,0.9950549450549451
ocsvm,ocsvm_nu0p05_gamma_0p01,pooled,0.9,78,0,8,9,2,223.0,222.0,healthy,healthy,223,222,0.9846153846153848,0.964835164835165
ocsvm,ocsvm_nu0p05_gamma_0p01,pooled,0.9,78,0,11,12,2,220.0,219.0,healthy,healthy,220,219,0.9923076923076924,0.9857142857142858
ocsvm,ocsvm_nu0p05_gamma_0p01,pooled,0.9,78,0,16,16,1,215.0,215.0,healthy,healthy,215,215,0.946153846153846,0.946153846153846
ocsvm,ocsvm_nu0p05_gamma_0p01,pooled,0.9,78,0,18,18,1,213.0,213.0,healthy,healthy,213,213,0.9807692307692308,0.9807692307692308
ocsvm,ocsvm_nu0p05_gamma_0p01,pooled,0.9,78,0,20,21,2,211.0,210.0,healthy,healthy,211,210,0.9956043956043956,0.9598901098901099
ocsvm,ocsvm_nu0p05_gamma_0p01,pooled,0.9,78,0,23,23,1,208.0,208.0,healthy,healthy,208,208,0.903846153846154,0.903846153846154
ocsvm,ocsvm_nu0p05_gamma_0p01,pooled,0.9,78,0,26,26,1,205.0,205.0,healthy,healthy,205,205,0.9208791208791208,0.9208791208791208
ocsvm,ocsvm_nu0p05_gamma_0p01,pooled,0.9,78,0,29,30,2,202.0,201.0,healthy,healthy,202,201,0.9802197802197802,0.942032967032967
ocsvm,ocsvm_nu0p05_gamma_0p01,pooled,0.9,78,0,32,32,1,199.0,199.0,healthy,healthy,199,199,0.9928571428571428,0.9928571428571428
ocsvm,ocsvm_nu0p05_gamma_0p01,pooled,0.9,78,0,35,38,4,196.0,193.0,healthy,healthy,196,193,0.9983516483516484,0.9839285714285715
ocsvm,ocsvm_nu0p05_gamma_0p01,pooled,0.9,78,0,40,40,1,191.0,191.0,healthy,healthy,191,191,0.9516483516483516,0.9516483516483516
ocsvm,ocsvm_nu0p05_gamma_0p01,pooled,0.9,78,0,43,45,3,188.0,186.0,healthy,healthy,188,186,0.993956043956044,0.9419413919413918
ocsvm,ocsvm_nu0p05_gamma_0p01,pooled,0.9,78,0,52,53,2,179.0,178.0,healthy,healthy,179,178,0.9873626373626374,0.9750000000000001
ocsvm,ocsvm_nu0p05_gamma_0p01,pooled,0.9,78,0,55,56,2,176.0,175.0,healthy,healthy,176,175,0.9192307692307692,0.9115384615384616
ocsvm,ocsvm_nu0p05_gamma_0p01,pooled,0.9,78,0,72,73,2,159.0,158.0,healthy,healthy,159,158,0.9516483516483516,0.9340659340659341
ocsvm,ocsvm_nu0p05_gamma_0p01,pooled,0.9,78,0,75,75,1,156.0,156.0,healthy,healthy,156,156,0.904945054945055,0.904945054945055
ocsvm,ocsvm_nu0p05_gamma_0p01,pooled,0.9,78,0,80,80,1,151.0,151.0,healthy,healthy,151,151,0.952197802197802,0.952197802197802
ocsvm,ocsvm_nu0p05_gamma_0p01,pooled,0.9,78,0,117,117,1,114.0,114.0,middle,middle,114,114,0.915934065934066,0.915934065934066
ocsvm,ocsvm_nu0p05_gamma_0p01,pooled,0.9,78,0,134,134,1,97.0,97.0,middle,middle,97,97,0.9192307692307692,0.9192307692307692
ocsvm,ocsvm_nu0p05_gamma_0p01,pooled,0.9,78,0,166,167,2,65.0,64.0,middle,middle,65,64,0.939010989010989,0.9233516483516483
ocsvm,ocsvm_nu0p05_gamma_0p01,pooled,0.9,78,0,173,173,1,58.0,58.0,middle,middle,58,58,0.9747252747252748,0.9747252747252748
ocsvm,ocsvm_nu0p05_gamma_0p01,pooled,0.9,78,0,175,175,1,56.0,56.0,middle,middle,56,56,0.9065934065934066,0.9065934065934066
ocsvm,ocsvm_nu0p05_gamma_0p01,pooled,0.9,78,0,180,231,52,51.0,0.0,middle,near_failure,51,0,1.0,0.9959108199492814
ocsvm,ocsvm_nu0p05_gamma_0p01,pooled,0.9,81,0,84,84,1,156.0,156.0,healthy,healthy,156,156,0.9604395604395604,0.9604395604395604
ocsvm,ocsvm_nu0p05_gamma_0p01,pooled,0.9,81,0,119,121,3,121.0,119.0,middle,middle,121,119,0.9857142857142858,0.9567765567765568
ocsvm,ocsvm_nu0p05_gamma_0p01,pooled,0.9,81,0,130,130,1,110.0,110.0,middle,middle,110,110,0.9489010989010987,0.9489010989010987
ocsvm,ocsvm_nu0p05_gamma_0p01,pooled,0.9,81,0,137,137,1,103.0,103.0,middle,middle,103,103,0.9807692307692308,0.9807692307692308
ocsvm,ocsvm_nu0p05_gamma_0p01,pooled,0.9,81,0,142,144,3,98.0,96.0,middle,middle,98,96,0.9752747252747253,0.9617216117216117
ocsvm,ocsvm_nu0p05_gamma_0p01,pooled,0.9,81,0,149,150,2,91.0,90.0,middle,middle,91,90,0.984065934065934,0.9637362637362636
ocsvm,ocsvm_nu0p05_gamma_0p01,pooled,0.9,81,0,152,152,1,88.0,88.0,middle,middle,88,88,0.915934065934066,0.915934065934066
ocsvm,ocsvm_nu0p05_gamma_0p01,pooled,0.9,81,0,154,155,2,86.0,85.0,middle,middle,86,85,0.9637362637362638,0.9568681318681318
ocsvm,ocsvm_nu0p05_gamma_0p01,pooled,0.9,81,0,157,158,2,83.0,82.0,middle,middle,83,82,0.99010989010989,0.9785714285714285
ocsvm,ocsvm_nu0p05_gamma_0p01,pooled,0.9,81,0,161,165,5,79.0,75.0,middle,middle,79,75,0.9934065934065934,0.9523076923076923
ocsvm,ocsvm_nu0p05_gamma_0p01,pooled,0.9,81,0,167,240,74,73.0,0.0,middle,near_failure,73,0,1.0,0.9973789723789723
ocsvm,ocsvm_nu0p05_gamma_0p01,pooled,0.9,89,0,1,1,1,216.0,216.0,healthy,healthy,216,216,0.971978021978022,0.971978021978022
ocsvm,ocsvm_nu0p05_gamma_0p01,pooled,0.9,89,0,4,4,1,213.0,213.0,healthy,healthy,213,213,0.9884615384615384,0.9884615384615384
ocsvm,ocsvm_nu0p05_gamma_0p01,pooled,0.9,89,0,17,17,1,200.0,200.0,healthy,healthy,200,200,0.9835164835164836,0.9835164835164836
ocsvm,ocsvm_nu0p05_gamma_0p01,pooled,0.9,89,0,154,154,1,63.0,63.0,middle,middle,63,63,0.9934065934065934,0.9934065934065934
ocsvm,ocsvm_nu0p05_gamma_0p01,pooled,0.9,89,0,162,162,1,55.0,55.0,middle,middle,55,55,0.9505494505494504,0.9505494505494504
ocsvm,ocsvm_nu0p05_gamma_0p01,pooled,0.9,89,0,165,165,1,52.0,52.0,middle,middle,52,52,0.9791208791208792,0.9791208791208792
ocsvm,ocsvm_nu0p05_gamma_0p01,pooled,0.9,89,0,167,167,1,50.0,50.0,middle,middle,50,50,0.9324175824175824,0.9324175824175824
ocsvm,ocsvm_nu0p05_gamma_0p01,pooled,0.9,89,0,169,169,1,48.0,48.0,middle,middle,48,48,0.978021978021978,0.978021978021978
ocsvm,ocsvm_nu0p05_gamma_0p01,pooled,0.9,89,0,171,173,3,46.0,44.0,middle,middle,46,44,0.9967032967032968,0.9846153846153847
ocsvm,ocsvm_nu0p05_gamma_0p01,pooled,0.9,89,0,175,217,43,42.0,0.0,middle,near_failure,42,0,1.0,0.9988755430615895
ocsvm,ocsvm_nu0p05_gamma_0p01,pooled,0.9,91,0,6,8,3,129.0,127.0,healthy,healthy,129,127,0.9961538461538462,0.9816849816849818
ocsvm,ocsvm_nu0p05_gamma_0p01,pooled,0.9,91,0,11,11,1,124.0,124.0,middle,middle,124,124,0.9697802197802198,0.9697802197802198
ocsvm,ocsvm_nu0p05_gamma_0p01,pooled,0.9,91,0,17,17,1,118.0,118.0,middle,middle,118,118,0.9142857142857144,0.9142857142857144
ocsvm,ocsvm_nu0p05_gamma_0p01,pooled,0.9,91,0,22,24,3,113.0,111.0,middle,middle,113,111,0.9846153846153848,0.9820512820512821
ocsvm,ocsvm_nu0p05_gamma_0p01,pooled,0.9,91,0,26,26,1,109.0,109.0,middle,middle,109,109,0.978021978021978,0.978021978021978
ocsvm,ocsvm_nu0p05_gamma_0p01,pooled,0.9,91,0,29,30,2,106.0,105.0,middle,middle,106,105,0.968131868131868,0.9513736263736263
ocsvm,ocsvm_nu0p05_gamma_0p01,pooled,0.9,91,0,32,33,2,103.0,102.0,middle,middle,103,102,0.9978021978021978,0.9934065934065934
ocsvm,ocsvm_nu0p05_gamma_0p01,pooled,0.9,91,0,35,35,1,100.0,100.0,middle,middle,100,100,0.9554945054945057,0.9554945054945057
ocsvm,ocsvm_nu0p05_gamma_0p01,pooled,0.9,91,0,37,37,1,98.0,98.0,middle,middle,98,98,0.9428571428571428,0.9428571428571428
ocsvm,ocsvm_nu0p05_gamma_0p01,pooled,0.9,91,0,42,45,4,93.0,90.0,middle,middle,93,90,1.0,0.9914835164835165
ocsvm,ocsvm_nu0p05_gamma_0p01,pooled,0.9,91,0,47,47,1,88.0,88.0,middle,middle,88,88,0.9395604395604396,0.9395604395604396
ocsvm,ocsvm_nu0p05_gamma_0p01,pooled,0.9,91,0,49,50,2,86.0,85.0,middle,middle,86,85,0.9554945054945057,0.9458791208791211
ocsvm,ocsvm_nu0p05_gamma_0p01,pooled,0.9,91,0,52,56,5,83.0,79.0,middle,middle,83,79,1.0,0.9873626373626372
ocsvm,ocsvm_nu0p05_gamma_0p01,pooled,0.9,91,0,58,61,4,77.0,74.0,middle,middle,77,74,0.9983516483516484,0.9730769230769231
ocsvm,ocsvm_nu0p05_gamma_0p01,pooled,0.9,91,0,63,135,73,72.0,0.0,middle,near_failure,72,0,1.0,0.996816197501129
ocsvm,ocsvm_nu0p05_gamma_0p01,pooled,0.95,1,0,132,132,1,60.0,60.0,middle,middle,60,60,0.9857142857142858,0.9857142857142858
ocsvm,ocsvm_nu0p05_gamma_0p01,pooled,0.95,1,0,141,142,2,51.0,50.0,middle,middle,51,50,0.9752747252747253,0.9662087912087912
ocsvm,ocsvm_nu0p05_gamma_0p01,pooled,0.95,1,0,145,145,1,47.0,47.0,middle,middle,47,47,0.9807692307692308,0.9807692307692308
ocsvm,ocsvm_nu0p05_gamma_0p01,pooled,0.95,1,0,147,147,1,45.0,45.0,middle,middle,45,45,0.9785714285714284,0.9785714285714284
ocsvm,ocsvm_nu0p05_gamma_0p01,pooled,0.95,1,0,149,192,44,43.0,0.0,middle,near_failure,43,0,1.0,0.9986763236763238
ocsvm,ocsvm_nu0p05_gamma_0p01,pooled,0.95,5,0,4,4,1,265.0,265.0,healthy,healthy,265,265,0.9516483516483516,0.9516483516483516
ocsvm,ocsvm_nu0p05_gamma_0p01,pooled,0.95,5,0,7,7,1,262.0,262.0,healthy,healthy,262,262,0.993956043956044,0.993956043956044
ocsvm,ocsvm_nu0p05_gamma_0p01,pooled,0.95,5,0,10,10,1,259.0,259.0,healthy,healthy,259,259,0.9752747252747253,0.9752747252747253
ocsvm,ocsvm_nu0p05_gamma_0p01,pooled,0.95,5,0,16,16,1,253.0,253.0,healthy,healthy,253,253,0.9917582417582418,0.9917582417582418
ocsvm,ocsvm_nu0p05_gamma_0p01,pooled,0.95,5,0,23,23,1,246.0,246.0,healthy,healthy,246,246,0.9989010989010988,0.9989010989010988
ocsvm,ocsvm_nu0p05_gamma_0p01,pooled,0.95,5,0,26,27,2,243.0,242.0,healthy,healthy,243,242,0.9741758241758242,0.9629120879120878
ocsvm,ocsvm_nu0p05_gamma_0p01,pooled,0.95,5,0,29,30,2,240.0,239.0,healthy,healthy,240,239,0.9956043956043956,0.9953296703296703
ocsvm,ocsvm_nu0p05_gamma_0p01,pooled,0.95,5,0,34,34,1,235.0,235.0,healthy,healthy,235,235,0.9631868131868132,0.9631868131868132
ocsvm,ocsvm_nu0p05_gamma_0p01,pooled,0.95,5,0,36,36,1,233.0,233.0,healthy,healthy,233,233,0.9565934065934066,0.9565934065934066
ocsvm,ocsvm_nu0p05_gamma_0p01,pooled,0.95,5,0,48,48,1,221.0,221.0,healthy,healthy,221,221,0.9868131868131867,0.9868131868131867
ocsvm,ocsvm_nu0p05_gamma_0p01,pooled,0.95,5,0,51,51,1,218.0,218.0,healthy,healthy,218,218,0.9516483516483516,0.9516483516483516
ocsvm,ocsvm_nu0p05_gamma_0p01,pooled,0.95,5,0,59,59,1,210.0,210.0,healthy,healthy,210,210,0.9593406593406594,0.9593406593406594
ocsvm,ocsvm_nu0p05_gamma_0p01,pooled,0.95,5,0,65,65,1,204.0,204.0,healthy,healthy,204,204,0.9873626373626374,0.9873626373626374
ocsvm,ocsvm_nu0p05_gamma_0p01,pooled,0.95,5,0,67,67,1,202.0,202.0,healthy,healthy,202,202,0.9829670329670328,0.9829670329670328
ocsvm,ocsvm_nu0p05_gamma_0p01,pooled,0.95,5,0,70,71,2,199.0,198.0,healthy,healthy,199,198,0.971978021978022,0.9708791208791209
ocsvm,ocsvm_nu0p05_gamma_0p01,pooled,0.95,5,0,74,75,2,195.0,194.0,healthy,healthy,195,194,0.987912087912088,0.978021978021978
ocsvm,ocsvm_nu0p05_gamma_0p01,pooled,0.95,5,0,87,87,1,182.0,182.0,healthy,healthy,182,182,0.9796703296703296,0.9796703296703296
ocsvm,ocsvm_nu0p05_gamma_0p01,pooled,0.95,5,0,97,97,1,172.0,172.0,healthy,healthy,172,172,0.9554945054945057,0.9554945054945057
ocsvm,ocsvm_nu0p05_gamma_0p01,pooled,0.95,5,0,100,100,1,169.0,169.0,healthy,healthy,169,169,0.9884615384615384,0.9884615384615384
ocsvm,ocsvm_nu0p05_gamma_0p01,pooled,0.95,5,0,103,103,1,166.0,166.0,healthy,healthy,166,166,0.952197802197802,0.952197802197802
ocsvm,ocsvm_nu0p05_gamma_0p01,pooled,0.95,5,0,123,123,1,146.0,146.0,healthy,healthy,146,146,0.993956043956044,0.993956043956044
ocsvm,ocsvm_nu0p05_gamma_0p01,pooled,0.95,5,0,137,137,1,132.0,132.0,healthy,healthy,132,132,0.960989010989011,0.960989010989011
ocsvm,ocsvm_nu0p05_gamma_0p01,pooled,0.95,5,0,147,147,1,122.0,122.0,middle,middle,122,122,0.9857142857142858,0.9857142857142858
ocsvm,ocsvm_nu0p05_gamma_0p01,pooled,0.95,5,0,152,152,1,117.0,117.0,middle,middle,117,117,0.99010989010989,0.99010989010989
ocsvm,ocsvm_nu0p05_gamma_0p01,pooled,0.95,5,0,158,158,1,111.0,111.0,middle,middle,111,111,0.9857142857142858,0.9857142857142858
ocsvm,ocsvm_nu0p05_gamma_0p01,pooled,0.95,5,0,160,160,1,109.0,109.0,middle,middle,109,109,0.9906593406593408,0.9906593406593408
ocsvm,ocsvm_nu0p05_gamma_0p01,pooled,0.95,5,0,163,163,1,106.0,106.0,middle,middle,106,106,0.9752747252747253,0.9752747252747253
ocsvm,ocsvm_nu0p05_gamma_0p01,pooled,0.95,5,0,165,165,1,104.0,104.0,middle,middle,104,104,0.9802197802197802,0.9802197802197802
ocsvm,ocsvm_nu0p05_gamma_0p01,pooled,0.95,5,0,168,170,3,101.0,99.0,middle,middle,101,99,0.9983516483516484,0.9888278388278389
ocsvm,ocsvm_nu0p05_gamma_0p01,pooled,0.95,5,0,172,173,2,97.0,96.0,middle,middle,97,96,0.9983516483516484,0.9843406593406594
ocsvm,ocsvm_nu0p05_gamma_0p01,pooled,0.95,5,0,175,175,1,94.0,94.0,middle,middle,94,94,0.9604395604395604,0.9604395604395604
ocsvm,ocsvm_nu0p05_gamma_0p01,pooled,0.95,5,0,177,178,2,92.0,91.0,middle,middle,92,91,0.9857142857142858,0.9689560439560438
ocsvm,ocsvm_nu0p05_gamma_0p01,pooled,0.95,5,0,180,269,90,89.0,0.0,middle,near_failure,89,0,1.0,0.9990170940170942
ocsvm,ocsvm_nu0p05_gamma_0p01,pooled,0.95,10,0,13,13,1,209.0,209.0,healthy,healthy,209,209,0.971978021978022,0.971978021978022
ocsvm,ocsvm_nu0p05_gamma_0p01,pooled,0.95,10,0,16,16,1,206.0,206.0,healthy,healthy,206,206,0.9714285714285714,0.9714285714285714
ocsvm,ocsvm_nu0p05_gamma_0p01,pooled,0.95,10,0,28,29,2,194.0,193.0,healthy,healthy,194,193,0.9923076923076924,0.9862637362637363
ocsvm,ocsvm_nu0p05_gamma_0p01,pooled,0.95,10,0,43,43,1,179.0,179.0,healthy,healthy,179,179,0.9956043956043956,0.9956043956043956
ocsvm,ocsvm_nu0p05_gamma_0p01,pooled,0.95,10,0,57,57,1,165.0,165.0,healthy,healthy,165,165,0.9516483516483516,0.9516483516483516
ocsvm,ocsvm_nu0p05_gamma_0p01,pooled,0.95,10,0,61,61,1,161.0,161.0,healthy,healthy,161,161,0.9587912087912088,0.9587912087912088
ocsvm,ocsvm_nu0p05_gamma_0p01,pooled,0.95,10,0,67,67,1,155.0,155.0,healthy,healthy,155,155,0.9857142857142858,0.9857142857142858
ocsvm,ocsvm_nu0p05_gamma_0p01,pooled,0.95,10,0,90,90,1,132.0,132.0,healthy,healthy,132,132,0.9516483516483516,0.9516483516483516
ocsvm,ocsvm_nu0p05_gamma_0p01,pooled,0.95,10,0,103,103,1,119.0,119.0,middle,middle,119,119,0.9697802197802198,0.9697802197802198
ocsvm,ocsvm_nu0p05_gamma_0p01,pooled,0.95,10,0,155,155,1,67.0,67.0,middle,middle,67,67,0.9807692307692308,0.9807692307692308
ocsvm,ocsvm_nu0p05_gamma_0p01,pooled,0.95,10,0,157,158,2,65.0,64.0,middle,middle,65,64,0.9934065934065934,0.9733516483516484
ocsvm,ocsvm_nu0p05_gamma_0p01,pooled,0.95,10,0,164,164,1,58.0,58.0,middle,middle,58,58,0.9917582417582418,0.9917582417582418
ocsvm,ocsvm_nu0p05_gamma_0p01,pooled,0.95,10,0,166,167,2,56.0,55.0,middle,middle,56,55,0.993956043956044,0.9851648351648352
ocsvm,ocsvm_nu0p05_gamma_0p01,pooled,0.95,10,0,169,169,1,53.0,53.0,middle,middle,53,53,0.9961538461538462,0.9961538461538462
ocsvm,ocsvm_nu0p05_gamma_0p01,pooled,0.95,10,0,172,178,7,50.0,44.0,middle,middle,50,44,1.0,0.9948194662480377
ocsvm,ocsvm_nu0p05_gamma_0p01,pooled,0.95,10,0,180,222,43,42.0,0.0,middle,near_failure,42,0,1.0,0.9997955532839253
ocsvm,ocsvm_nu0p05_gamma_0p01,pooled,0.95,11,0,2,2,1,238.0,238.0,healthy,healthy,238,238,0.9857142857142858,0.9857142857142858
ocsvm,ocsvm_nu0p05_gamma_0p01,pooled,0.95,11,0,9,9,1,231.0,231.0,healthy,healthy,231,231,0.9587912087912088,0.9587912087912088
ocsvm,ocsvm_nu0p05_gamma_0p01,pooled,0.95,11,0,14,14,1,226.0,226.0,healthy,healthy,226,226,0.9917582417582418,0.9917582417582418
ocsvm,ocsvm_nu0p05_gamma_0p01,pooled,0.95,11,0,25,25,1,215.0,215.0,healthy,healthy,215,215,0.960989010989011,0.960989010989011
ocsvm,ocsvm_nu0p05_gamma_0p01,pooled,0.95,11,0,35,35,1,205.0,205.0,healthy,healthy,205,205,0.9714285714285714,0.9714285714285714
ocsvm,ocsvm_nu0p05_gamma_0p01,pooled,0.95,11,0,39,39,1,201.0,201.0,healthy,healthy,201,201,0.9741758241758242,0.9741758241758242
ocsvm,ocsvm_nu0p05_gamma_0p01,pooled,0.95,11,0,50,50,1,190.0,190.0,healthy,healthy,190,190,0.9554945054945057,0.9554945054945057
ocsvm,ocsvm_nu0p05_gamma_0p01,pooled,0.95,11,0,159,159,1,81.0,81.0,middle,middle,81,81,0.99010989010989,0.99010989010989
ocsvm,ocsvm_nu0p05_gamma_0p01,pooled,0.95,11,0,171,172,2,69.0,68.0,middle,middle,69,68,0.9565934065934066,0.954945054945055
ocsvm,ocsvm_nu0p05_gamma_0p01,pooled,0.95,11,0,174,175,2,66.0,65.0,middle,middle,66,65,0.971978021978022,0.9675824175824176
ocsvm,ocsvm_nu0p05_gamma_0p01,pooled,0.95,11,0,177,179,3,63.0,61.0,middle,middle,63,61,0.9956043956043956,0.9816849816849818
ocsvm,ocsvm_nu0p05_gamma_0p01,pooled,0.95,11,0,181,240,60,59.0,0.0,middle,near_failure,59,0,1.0,0.999441391941392
ocsvm,ocsvm_nu0p05_gamma_0p01,pooled,0.95,13,0,49,49,1,114.0,114.0,middle,middle,114,114,0.9516483516483516,0.9516483516483516
ocsvm,ocsvm_nu0p05_gamma_0p01,pooled,0.95,13,0,92,92,1,71.0,71.0,middle,middle,71,71,0.984065934065934,0.984065934065934
ocsvm,ocsvm_nu0p05_gamma_0p01,pooled,0.95,13,0,95,95,1,68.0,68.0,middle,middle,68,68,0.9934065934065934,0.9934065934065934
ocsvm,ocsvm_nu0p05_gamma_0p01,pooled,0.95,13,0,98,98,1,65.0,65.0,middle,middle,65,65,0.9752747252747253,0.9752747252747253
ocsvm,ocsvm_nu0p05_gamma_0p01,pooled,0.95,13,0,101,101,1,62.0,62.0,middle,middle,62,62,0.9917582417582418,0.9917582417582418
ocsvm,ocsvm_nu0p05_gamma_0p01,pooled,0.95,13,0,103,163,61,60.0,0.0,middle,near_failure,60,0,1.0,0.9986939290217979
ocsvm,ocsvm_nu0p05_gamma_0p01,pooled,0.95,16,0,7,7,1,202.0,202.0,healthy,healthy,202,202,0.9884615384615384,0.9884615384615384
ocsvm,ocsvm_nu0p05_gamma_0p01,pooled,0.95,16,0,17,17,1,192.0,192.0,healthy,healthy,192,192,0.9648351648351648,0.9648351648351648
ocsvm,ocsvm_nu0p05_gamma_0p01,pooled,0.95,16,0,28,28,1,181.0,181.0,healthy,healthy,181,181,0.9961538461538462,0.9961538461538462
ocsvm,ocsvm_nu0p05_gamma_0p01,pooled,0.95,16,0,43,43,1,166.0,166.0,healthy,healthy,166,166,0.99010989010989,0.99010989010989
ocsvm,ocsvm_nu0p05_gamma_0p01,pooled,0.95,16,0,47,47,1,162.0,162.0,healthy,healthy,162,162,0.9802197802197802,0.9802197802197802
ocsvm,ocsvm_nu0p05_gamma_0p01,pooled,0.95,16,0,49,50,2,160.0,159.0,healthy,healthy,160,159,0.9829670329670328,0.9667582417582417
ocsvm,ocsvm_nu0p05_gamma_0p01,pooled,0.95,16,0,53,53,1,156.0,156.0,healthy,healthy,156,156,0.9769230769230768,0.9769230769230768
ocsvm,ocsvm_nu0p05_gamma_0p01,pooled,0.95,16,0,55,56,2,154.0,153.0,healthy,healthy,154,153,0.9928571428571428,0.9835164835164835
ocsvm,ocsvm_nu0p05_gamma_0p01,pooled,0.95,16,0,62,63,2,147.0,146.0,healthy,healthy,147,146,0.993956043956044,0.981043956043956
ocsvm,ocsvm_nu0p05_gamma_0p01,pooled,0.95,16,0,70,73,4,139.0,136.0,healthy,healthy,139,136,0.9983516483516484,0.9839285714285715
ocsvm,ocsvm_nu0p05_gamma_0p01,pooled,0.95,16,0,78,78,1,131.0,131.0,healthy,healthy,131,131,0.9978021978021978,0.9978021978021978
ocsvm,ocsvm_nu0p05_gamma_0p01,pooled,0.95,16,0,80,80,1,129.0,129.0,healthy,healthy,129,129,0.9736263736263736,0.9736263736263736
ocsvm,ocsvm_nu0p05_gamma_0p01,pooled,0.95,16,0,83,83,1,126.0,126.0,healthy,healthy,126,126,0.9983516483516484,0.9983516483516484
ocsvm,ocsvm_nu0p05_gamma_0p01,pooled,0.95,16,0,88,89,2,121.0,120.0,middle,middle,121,120,1.0,0.9928571428571429
ocsvm,ocsvm_nu0p05_gamma_0p01,pooled,0.95,16,0,91,91,1,118.0,118.0,middle,middle,118,118,1.0,1.0
ocsvm,ocsvm_nu0p05_gamma_0p01,pooled,0.95,16,0,93,95,3,116.0,114.0,middle,middle,116,114,0.993956043956044,0.9844322344322344
ocsvm,ocsvm_nu0p05_gamma_0p01,pooled,0.95,16,0,97,101,5,112.0,108.0,middle,middle,112,108,1.0,0.9914285714285714
ocsvm,ocsvm_nu0p05_gamma_0p01,pooled,0.95,16,0,103,112,10,106.0,97.0,middle,middle,106,97,1.0,0.9850000000000001
ocsvm,ocsvm_nu0p05_gamma_0p01,pooled,0.95,16,0,116,118,3,93.0,91.0,middle,middle,93,91,1.0,0.9934065934065934
ocsvm,ocsvm_nu0p05_gamma_0p01,pooled,0.95,16,0,120,126,7,89.0,83.0,middle,middle,89,83,1.0,0.996938775510204
ocsvm,ocsvm_nu0p05_gamma_0p01,pooled,0.95,16,0,128,209,82,81.0,0.0,middle,near_failure,81,0,1.0,0.9998458858214956
ocsvm,ocsvm_nu0p05_gamma_0p01,pooled,0.95,27,0,52,52,1,104.0,104.0,middle,middle,104,104,0.9791208791208792,0.9791208791208792
ocsvm,ocsvm_nu0p05_gamma_0p01,pooled,0.95,27,0,80,80,1,76.0,76.0,middle,middle,76,76,0.9675824175824176,0.9675824175824176
ocsvm,ocsvm_nu0p05_gamma_0p01,pooled,0.95,27,0,84,84,1,72.0,72.0,middle,middle,72,72,0.952197802197802,0.952197802197802
ocsvm,ocsvm_nu0p05_gamma_0p01,pooled,0.95,27,0,87,87,1,69.0,69.0,middle,middle,69,69,0.952197802197802,0.952197802197802
ocsvm,ocsvm_nu0p05_gamma_0p01,pooled,0.95,27,0,89,89,1,67.0,67.0,middle,middle,67,67,0.9587912087912088,0.9587912087912088
ocsvm,ocsvm_nu0p05_gamma_0p01,pooled,0.95,27,0,92,99,8,64.0,57.0,middle,middle,64,57,1.0,0.9911401098901099
ocsvm,ocsvm_nu0p05_gamma_0p01,pooled,0.95,27,0,102,104,3,54.0,52.0,middle,middle,54,52,1.0,0.9921245421245422
ocsvm,ocsvm_nu0p05_gamma_0p01,pooled,0.95,27,0,106,156,51,50.0,0.0,middle,near_failure,50,0,1.0,0.9993212669683258
ocsvm,ocsvm_nu0p05_gamma_0p01,pooled,0.95,31,0,4,4,1,230.0,230.0,healthy,healthy,230,230,0.9554945054945057,0.9554945054945057
ocsvm,ocsvm_nu0p05_gamma_0p01,pooled,0.95,31,0,10,10,1,224.0,224.0,healthy,healthy,224,224,0.9642857142857144,0.9642857142857144
ocsvm,ocsvm_nu0p05_gamma_0p01,pooled,0.95,31,0,18,18,1,216.0,216.0,healthy,healthy,216,216,0.956043956043956,0.956043956043956
ocsvm,ocsvm_nu0p05_gamma_0p01,pooled,0.95,31,0,29,29,1,205.0,205.0,healthy,healthy,205,205,0.9714285714285714,0.9714285714285714
ocsvm,ocsvm_nu0p05_gamma_0p01,pooled,0.95,31,0,40,40,1,194.0,194.0,healthy,healthy,194,194,0.9516483516483516,0.9516483516483516
ocsvm,ocsvm_nu0p05_gamma_0p01,pooled,0.95,31,0,48,48,1,186.0,186.0,healthy,healthy,186,186,0.99010989010989,0.99010989010989
ocsvm,ocsvm_nu0p05_gamma_0p01,pooled,0.95,31,0,135,135,1,99.0,99.0,middle,middle,99,99,0.971978021978022,0.971978021978022
ocsvm,ocsvm_nu0p05_gamma_0p01,pooled,0.95,31,0,167,167,1,67.0,67.0,middle,middle,67,67,0.9912087912087912,0.9912087912087912
ocsvm,ocsvm_nu0p05_gamma_0p01,pooled,0.95,31,0,176,176,1,58.0,58.0,middle,middle,58,58,0.9807692307692308,0.9807692307692308
ocsvm,ocsvm_nu0p05_gamma_0p01,pooled,0.95,31,0,179,179,1,55.0,55.0,middle,middle,55,55,0.9752747252747253,0.9752747252747253
ocsvm,ocsvm_nu0p05_gamma_0p01,pooled,0.95,31,0,185,185,1,49.0,49.0,middle,middle,49,49,0.9928571428571428,0.9928571428571428
ocsvm,ocsvm_nu0p05_gamma_0p01,pooled,0.95,31,0,188,190,3,46.0,44.0,middle,middle,46,44,0.9950549450549452,0.982967032967033
ocsvm,ocsvm_nu0p05_gamma_0p01,pooled,0.95,31,0,194,234,41,40.0,0.0,middle,near_failure,40,0,1.0,0.9993835432859822
ocsvm,ocsvm_nu0p05_gamma_0p01,pooled,0.95,34,0,93,93,1,102.0,102.0,middle,middle,102,102,0.9950549450549452,0.9950549450549452
ocsvm,ocsvm_nu0p05_gamma_0p01,pooled,0.95,34,0,100,100,1,95.0,95.0,middle,middle,95,95,0.9637362637362638,0.9637362637362638
ocsvm,ocsvm_nu0p05_gamma_0p01,pooled,0.95,34,0,102,102,1,93.0,93.0,middle,middle,93,93,0.9516483516483516,0.9516483516483516
ocsvm,ocsvm_nu0p05_gamma_0p01,pooled,0.95,34,0,106,106,1,89.0,89.0,middle,middle,89,89,0.9785714285714284,0.9785714285714284
ocsvm,ocsvm_nu0p05_gamma_0p01,pooled,0.95,34,0,111,111,1,84.0,84.0,middle,middle,84,84,0.9747252747252748,0.9747252747252748
ocsvm,ocsvm_nu0p05_gamma_0p01,pooled,0.95,34,0,113,113,1,82.0,82.0,middle,middle,82,82,0.9653846153846154,0.9653846153846154
ocsvm,ocsvm_nu0p05_gamma_0p01,pooled,0.95,34,0,116,116,1,79.0,79.0,middle,middle,79,79,0.9532967032967034,0.9532967032967034
ocsvm,ocsvm_nu0p05_gamma_0p01,pooled,0.95,34,0,120,195,76,75.0,0.0,middle,near_failure,75,0,1.0,0.9982576633892423
ocsvm,ocsvm_nu0p05_gamma_0p01,pooled,0.95,40,0,22,23,2,166.0,165.0,healthy,healthy,166,165,0.9741758241758242,0.9686813186813187
ocsvm,ocsvm_nu0p05_gamma_0p01,pooled,0.95,40,0,26,26,1,162.0,162.0,healthy,healthy,162,162,0.9868131868131867,0.9868131868131867
ocsvm,ocsvm_nu0p05_gamma_0p01,pooled,0.95,40,0,36,36,1,152.0,152.0,healthy,healthy,152,152,0.9928571428571428,0.9928571428571428
ocsvm,ocsvm_nu0p05_gamma_0p01,pooled,0.95,40,0,39,40,2,149.0,148.0,healthy,healthy,149,148,0.9923076923076924,0.9835164835164836
ocsvm,ocsvm_nu0p05_gamma_0p01,pooled,0.95,40,0,46,46,1,142.0,142.0,healthy,healthy,142,142,0.9648351648351648,0.9648351648351648
ocsvm,ocsvm_nu0p05_gamma_0p01,pooled,0.95,40,0,48,48,1,140.0,140.0,healthy,healthy,140,140,0.9846153846153848,0.9846153846153848
ocsvm,ocsvm_nu0p05_gamma_0p01,pooled,0.95,40,0,52,52,1,136.0,136.0,healthy,healthy,136,136,0.9747252747252748,0.9747252747252748
ocsvm,ocsvm_nu0p05_gamma_0p01,pooled,0.95,40,0,62,62,1,126.0,126.0,healthy,healthy,126,126,0.9554945054945057,0.9554945054945057
ocsvm,ocsvm_nu0p05_gamma_0p01,pooled,0.95,40,0,65,65,1,123.0,123.0,middle,middle,123,123,0.9516483516483516,0.9516483516483516
ocsvm,ocsvm_nu0p05_gamma_0p01,pooled,0.95,40,0,68,69,2,120.0,119.0,middle,middle,120,119,0.989010989010989,0.9818681318681319
ocsvm,ocsvm_nu0p05_gamma_0p01,pooled,0.95,40,0,71,71,1,117.0,117.0,middle,middle,117,117,0.952197802197802,0.952197802197802
ocsvm,ocsvm_nu0p05_gamma_0p01,pooled,0.95,40,0,73,73,1,115.0,115.0,middle,middle,115,115,0.952197802197802,0.952197802197802
ocsvm,ocsvm_nu0p05_gamma_0p01,pooled,0.95,40,0,76,77,2,112.0,111.0,middle,middle,112,111,0.9956043956043956,0.9942307692307693
ocsvm,ocsvm_nu0p05_gamma_0p01,pooled,0.95,40,0,81,84,4,107.0,104.0,middle,middle,107,104,0.9983516483516484,0.9821428571428572
ocsvm,ocsvm_nu0p05_gamma_0p01,pooled,0.95,40,0,86,93,8,102.0,95.0,middle,middle,102,95,1.0,0.9848214285714286
ocsvm,ocsvm_nu0p05_gamma_0p01,pooled,0.95,40,0,95,95,1,93.0,93.0,middle,middle,93,93,1.0,1.0
ocsvm,ocsvm_nu0p05_gamma_0p01,pooled,0.95,40,0,98,103,6,90.0,85.0,middle,middle,90,85,1.0,0.9931318681318682
ocsvm,ocsvm_nu0p05_gamma_0p01,pooled,0.95,40,0,105,188,84,83.0,0.0,middle,near_failure,83,0,1.0,0.9981423338566195
ocsvm,ocsvm_nu0p05_gamma_0p01,pooled,0.95,41,0,16,16,1,200.0,200.0,healthy,healthy,200,200,0.967032967032967,0.967032967032967
ocsvm,ocsvm_nu0p05_gamma_0p01,pooled,0.95,41,0,35,35,1,181.0,181.0,healthy,healthy,181,181,0.9626373626373628,0.9626373626373628
ocsvm,ocsvm_nu0p05_gamma_0p01,pooled,0.95,41,0,40,40,1,176.0,176.0,healthy,healthy,176,176,0.987912087912088,0.987912087912088
ocsvm,ocsvm_nu0p05_gamma_0p01,pooled,0.95,41,0,112,112,1,104.0,104.0,middle,middle,104,104,0.9857142857142858,0.9857142857142858
ocsvm,ocsvm_nu0p05_gamma_0p01,pooled,0.95,41,0,120,120,1,96.0,96.0,middle,middle,96,96,0.9846153846153848,0.9846153846153848
ocsvm,ocsvm_nu0p05_gamma_0p01,pooled,0.95,41,0,128,128,1,88.0,88.0,middle,middle,88,88,0.9802197802197802,0.9802197802197802
ocsvm,ocsvm_nu0p05_gamma_0p01,pooled,0.95,41,0,131,132,2,85.0,84.0,middle,middle,85,84,1.0,0.9758241758241758
ocsvm,ocsvm_nu0p05_gamma_0p01,pooled,0.95,41,0,139,141,3,77.0,75.0,middle,middle,77,75,0.9917582417582418,0.9875457875457876
ocsvm,ocsvm_nu0p05_gamma_0p01,pooled,0.95,41,0,144,216,73,72.0,0.0,middle,near_failure,72,0,1.0,0.9987806713834111
ocsvm,ocsvm_nu0p05_gamma_0p01,pooled,0.95,45,0,3,4,2,155.0,154.0,healthy,healthy,155,154,0.9736263736263736,0.9629120879120878
ocsvm,ocsvm_nu0p05_gamma_0p01,pooled,0.95,45,0,9,9,1,149.0,149.0,healthy,healthy,149,149,1.0,1.0
ocsvm,ocsvm_nu0p05_gamma_0p01,pooled,0.95,45,0,13,14,2,145.0,144.0,healthy,healthy,145,144,0.971978021978022,0.9664835164835165
ocsvm,ocsvm_nu0p05_gamma_0p01,pooled,0.95,45,0,17,17,1,141.0,141.0,healthy,healthy,141,141,0.9807692307692308,0.9807692307692308
ocsvm,ocsvm_nu0p05_gamma_0p01,pooled,0.95,45,0,21,21,1,137.0,137.0,healthy,healthy,137,137,0.9752747252747253,0.9752747252747253
ocsvm,ocsvm_nu0p05_gamma_0p01,pooled,0.95,45,0,23,23,1,135.0,135.0,healthy,healthy,135,135,0.971978021978022,0.971978021978022
ocsvm,ocsvm_nu0p05_gamma_0p01,pooled,0.95,45,0,27,27,1,131.0,131.0,healthy,healthy,131,131,0.9934065934065934,0.9934065934065934
ocsvm,ocsvm_nu0p05_gamma_0p01,pooled,0.95,45,0,32,32,1,126.0,126.0,healthy,healthy,126,126,0.952197802197802,0.952197802197802
ocsvm,ocsvm_nu0p05_gamma_0p01,pooled,0.95,45,0,34,34,1,124.0,124.0,middle,middle,124,124,0.9807692307692308,0.9807692307692308
ocsvm,ocsvm_nu0p05_gamma_0p01,pooled,0.95,45,0,36,36,1,122.0,122.0,middle,middle,122,122,0.9648351648351648,0.9648351648351648
ocsvm,ocsvm_nu0p05_gamma_0p01,pooled,0.95,45,0,43,43,1,115.0,115.0,middle,middle,115,115,0.9802197802197802,0.9802197802197802
ocsvm,ocsvm_nu0p05_gamma_0p01,pooled,0.95,45,0,45,45,1,113.0,113.0,middle,middle,113,113,0.9857142857142858,0.9857142857142858
ocsvm,ocsvm_nu0p05_gamma_0p01,pooled,0.95,45,0,47,47,1,111.0,111.0,middle,middle,111,111,0.9983516483516484,0.9983516483516484
ocsvm,ocsvm_nu0p05_gamma_0p01,pooled,0.95,45,0,52,52,1,106.0,106.0,middle,middle,106,106,0.9587912087912088,0.9587912087912088
ocsvm,ocsvm_nu0p05_gamma_0p01,pooled,0.95,45,0,78,78,1,80.0,80.0,middle,middle,80,80,0.9516483516483516,0.9516483516483516
ocsvm,ocsvm_nu0p05_gamma_0p01,pooled,0.95,45,0,84,84,1,74.0,74.0,middle,middle,74,74,0.984065934065934,0.984065934065934
ocsvm,ocsvm_nu0p05_gamma_0p01,pooled,0.95,45,0,97,98,2,61.0,60.0,middle,middle,61,60,0.9802197802197802,0.971978021978022
ocsvm,ocsvm_nu0p05_gamma_0p01,pooled,0.95,45,0,100,100,1,58.0,58.0,middle,middle,58,58,0.9956043956043956,0.9956043956043956
ocsvm,ocsvm_nu0p05_gamma_0p01,pooled,0.95,45,0,104,104,1,54.0,54.0,middle,middle,54,54,0.978021978021978,0.978021978021978
ocsvm,ocsvm_nu0p05_gamma_0p01,pooled,0.95,45,0,106,106,1,52.0,52.0,middle,middle,52,52,0.9928571428571428,0.9928571428571428
ocsvm,ocsvm_nu0p05_gamma_0p01,pooled,0.95,45,0,108,108,1,50.0,50.0,middle,middle,50,50,0.9868131868131867,0.9868131868131867
ocsvm,ocsvm_nu0p05_gamma_0p01,pooled,0.95,45,0,111,111,1,47.0,47.0,middle,middle,47,47,0.9802197802197802,0.9802197802197802
ocsvm,ocsvm_nu0p05_gamma_0p01,pooled,0.95,45,0,113,114,2,45.0,44.0,middle,middle,45,44,1.0,0.9942307692307693
ocsvm,ocsvm_nu0p05_gamma_0p01,pooled,0.95,45,0,116,158,43,42.0,0.0,middle,near_failure,42,0,1.0,0.9980322003577818
ocsvm,ocsvm_nu0p05_gamma_0p01,pooled,0.95,46,0,1,1,1,255.0,255.0,healthy,healthy,255,255,0.9917582417582418,0.9917582417582418
ocsvm,ocsvm_nu0p05_gamma_0p01,pooled,0.95,46,0,28,28,1,228.0,228.0,healthy,healthy,228,228,0.9697802197802198,0.9697802197802198
ocsvm,ocsvm_nu0p05_gamma_0p01,pooled,0.95,46,0,31,31,1,225.0,225.0,healthy,healthy,225,225,0.960989010989011,0.960989010989011
ocsvm,ocsvm_nu0p05_gamma_0p01,pooled,0.95,46,0,57,57,1,199.0,199.0,healthy,healthy,199,199,0.9736263736263736,0.9736263736263736
ocsvm,ocsvm_nu0p05_gamma_0p01,pooled,0.95,46,0,64,64,1,192.0,192.0,healthy,healthy,192,192,0.9983516483516484,0.9983516483516484
ocsvm,ocsvm_nu0p05_gamma_0p01,pooled,0.95,46,0,84,84,1,172.0,172.0,healthy,healthy,172,172,0.952197802197802,0.952197802197802
ocsvm,ocsvm_nu0p05_gamma_0p01,pooled,0.95,46,0,174,174,1,82.0,82.0,middle,middle,82,82,0.9747252747252748,0.9747252747252748
ocsvm,ocsvm_nu0p05_gamma_0p01,pooled,0.95,46,0,189,189,1,67.0,67.0,middle,middle,67,67,0.968131868131868,0.968131868131868
ocsvm,ocsvm_nu0p05_gamma_0p01,pooled,0.95,46,0,193,193,1,63.0,63.0,middle,middle,63,63,0.9736263736263736,0.9736263736263736
ocsvm,ocsvm_nu0p05_gamma_0p01,pooled,0.95,46,0,197,197,1,59.0,59.0,middle,middle,59,59,0.9884615384615384,0.9884615384615384
ocsvm,ocsvm_nu0p05_gamma_0p01,pooled,0.95,46,0,200,200,1,56.0,56.0,middle,middle,56,56,0.9686813186813188,0.9686813186813188
ocsvm,ocsvm_nu0p05_gamma_0p01,pooled,0.95,46,0,203,203,1,53.0,53.0,middle,middle,53,53,0.9983516483516484,0.9983516483516484
ocsvm,ocsvm_nu0p05_gamma_0p01,pooled,0.95,46,0,208,256,49,48.0,0.0,middle,near_failure,48,0,1.0,0.9975891455483292
ocsvm,ocsvm_nu0p05_gamma_0p01,pooled,0.95,54,0,5,5,1,252.0,252.0,healthy,healthy,252,252,0.9686813186813188,0.9686813186813188
ocsvm,ocsvm_nu0p05_gamma_0p01,pooled,0.95,54,0,15,16,2,242.0,241.0,healthy,healthy,242,241,0.9686813186813188,0.9645604395604396
ocsvm,ocsvm_nu0p05_gamma_0p01,pooled,0.95,54,0,24,24,1,233.0,233.0,healthy,healthy,233,233,0.9708791208791208,0.9708791208791208
ocsvm,ocsvm_nu0p05_gamma_0p01,pooled,0.95,54,0,35,35,1,222.0,222.0,healthy,healthy,222,222,0.9857142857142858,0.9857142857142858
ocsvm,ocsvm_nu0p05_gamma_0p01,pooled,0.95,54,0,57,57,1,200.0,200.0,healthy,healthy,200,200,0.953846153846154,0.953846153846154
ocsvm,ocsvm_nu0p05_gamma_0p01,pooled,0.95,54,0,64,64,1,193.0,193.0,healthy,healthy,193,193,0.9741758241758242,0.9741758241758242
ocsvm,ocsvm_nu0p05_gamma_0p01,pooled,0.95,54,0,152,152,1,105.0,105.0,middle,middle,105,105,0.9791208791208792,0.9791208791208792
ocsvm,ocsvm_nu0p05_gamma_0p01,pooled,0.95,54,0,160,161,2,97.0,96.0,middle,middle,97,96,0.9697802197802198,0.9689560439560438
ocsvm,ocsvm_nu0p05_gamma_0p01,pooled,0.95,54,0,163,163,1,94.0,94.0,middle,middle,94,94,0.9554945054945057,0.9554945054945057
ocsvm,ocsvm_nu0p05_gamma_0p01,pooled,0.95,54,0,168,168,1,89.0,89.0,middle,middle,89,89,0.9923076923076924,0.9923076923076924
ocsvm,ocsvm_nu0p05_gamma_0p01,pooled,0.95,54,0,170,170,1,87.0,87.0,middle,middle,87,87,0.9752747252747253,0.9752747252747253
ocsvm,ocsvm_nu0p05_gamma_0p01,pooled,0.95,54,0,173,175,3,84.0,82.0,middle,middle,84,82,0.9934065934065934,0.9930402930402931
ocsvm,ocsvm_nu0p05_gamma_0p01,pooled,0.95,54,0,178,178,1,79.0,79.0,middle,middle,79,79,0.9752747252747253,0.9752747252747253
ocsvm,ocsvm_nu0p05_gamma_0p01,pooled,0.95,54,0,180,257,78,77.0,0.0,middle,near_failure,77,0,1.0,0.9987109044801352
ocsvm,ocsvm_nu0p05_gamma_0p01,pooled,0.95,74,0,26,26,1,140.0,140.0,healthy,healthy,140,140,0.9785714285714284,0.9785714285714284
ocsvm,ocsvm_nu0p05_gamma_0p01,pooled,0.95,74,0,117,117,1,49.0,49.0,middle,middle,49,49,0.9741758241758242,0.9741758241758242
ocsvm,ocsvm_nu0p05_gamma_0p01,pooled,0.95,74,0,128,128,1,38.0,38.0,middle,middle,38,38,1.0,1.0
ocsvm,ocsvm_nu0p05_gamma_0p01,pooled,0.95,74,0,130,166,37,36.0,0.0,middle,near_failure,36,0,1.0,0.9974309474309475
ocsvm,ocsvm_nu0p05_gamma_0p01,pooled,0.95,77,0,23,23,1,131.0,131.0,healthy,healthy,131,131,1.0,1.0
ocsvm,ocsvm_nu0p05_gamma_0p01,pooled,0.95,77,0,33,33,1,121.0,121.0,middle,middle,121,121,0.9747252747252748,0.9747252747252748
ocsvm,ocsvm_nu0p05_gamma_0p01,pooled,0.95,77,0,35,35,1,119.0,119.0,middle,middle,119,119,0.9934065934065934,0.9934065934065934
ocsvm,ocsvm_nu0p05_gamma_0p01,pooled,0.95,77,0,61,61,1,93.0,93.0,middle,middle,93,93,0.9846153846153848,0.9846153846153848
ocsvm,ocsvm_nu0p05_gamma_0p01,pooled,0.95,77,0,79,80,2,75.0,74.0,middle,middle,75,74,0.9956043956043956,0.9846153846153847
ocsvm,ocsvm_nu0p05_gamma_0p01,pooled,0.95,77,0,86,86,1,68.0,68.0,middle,middle,68,68,0.9626373626373628,0.9626373626373628
ocsvm,ocsvm_nu0p05_gamma_0p01,pooled,0.95,77,0,88,89,2,66.0,65.0,middle,middle,66,65,0.9961538461538462,0.9843406593406593
ocsvm,ocsvm_nu0p05_gamma_0p01,pooled,0.95,77,0,93,96,4,61.0,58.0,middle,middle,61,58,0.9983516483516484,0.9851648351648352
ocsvm,ocsvm_nu0p05_gamma_0p01,pooled,0.95,77,0,98,101,4,56.0,53.0,middle,middle,56,53,1.0,0.9802197802197803
ocsvm,ocsvm_nu0p05_gamma_0p01,pooled,0.95,77,0,105,107,3,49.0,47.0,middle,middle,49,47,1.0,0.9862637362637363
ocsvm,ocsvm_nu0p05_gamma_0p01,pooled,0.95,77,0,109,111,3,45.0,43.0,middle,middle,45,43,0.9983516483516484,0.9835164835164836
ocsvm,ocsvm_nu0p05_gamma_0p01,pooled,0.95,77,0,113,154,42,41.0,0.0,middle,near_failure,41,0,1.0,0.999385138670853
ocsvm,ocsvm_nu0p05_gamma_0p01,pooled,0.95,78,0,1,5,5,230.0,226.0,healthy,healthy,230,226,1.0,0.9950549450549451
ocsvm,ocsvm_nu0p05_gamma_0p01,pooled,0.95,78,0,8,8,1,223.0,223.0,healthy,healthy,223,223,0.9846153846153848,0.9846153846153848
ocsvm,ocsvm_nu0p05_gamma_0p01,pooled,0.95,78,0,11,12,2,220.0,219.0,healthy,healthy,220,219,0.9923076923076924,0.9857142857142858
ocsvm,ocsvm_nu0p05_gamma_0p01,pooled,0.95,78,0,18,18,1,213.0,213.0,healthy,healthy,213,213,0.9807692307692308,0.9807692307692308
ocsvm,ocsvm_nu0p05_gamma_0p01,pooled,0.95,78,0,20,20,1,211.0,211.0,healthy,healthy,211,211,0.9956043956043956,0.9956043956043956
ocsvm,ocsvm_nu0p05_gamma_0p01,pooled,0.95,78,0,29,29,1,202.0,202.0,healthy,healthy,202,202,0.9802197802197802,0.9802197802197802
ocsvm,ocsvm_nu0p05_gamma_0p01,pooled,0.95,78,0,32,32,1,199.0,199.0,healthy,healthy,199,199,0.9928571428571428,0.9928571428571428
ocsvm,ocsvm_nu0p05_gamma_0p01,pooled,0.95,78,0,35,38,4,196.0,193.0,healthy,healthy,196,193,0.9983516483516484,0.9839285714285715
ocsvm,ocsvm_nu0p05_gamma_0p01,pooled,0.95,78,0,40,40,1,191.0,191.0,healthy,healthy,191,191,0.9516483516483516,0.9516483516483516
ocsvm,ocsvm_nu0p05_gamma_0p01,pooled,0.95,78,0,45,45,1,186.0,186.0,healthy,healthy,186,186,0.993956043956044,0.993956043956044
ocsvm,ocsvm_nu0p05_gamma_0p01,pooled,0.95,78,0,52,53,2,179.0,178.0,healthy,healthy,179,178,0.9873626373626374,0.9750000000000001
ocsvm,ocsvm_nu0p05_gamma_0p01,pooled,0.95,78,0,72,72,1,159.0,159.0,healthy,healthy,159,159,0.9516483516483516,0.9516483516483516
ocsvm,ocsvm_nu0p05_gamma_0p01,pooled,0.95,78,0,80,80,1,151.0,151.0,healthy,healthy,151,151,0.952197802197802,0.952197802197802
ocsvm,ocsvm_nu0p05_gamma_0p01,pooled,0.95,78,0,173,173,1,58.0,58.0,middle,middle,58,58,0.9747252747252748,0.9747252747252748
ocsvm,ocsvm_nu0p05_gamma_0p01,pooled,0.95,78,0,180,184,5,51.0,47.0,middle,middle,51,47,0.9983516483516484,0.9881318681318682
ocsvm,ocsvm_nu0p05_gamma_0p01,pooled,0.95,78,0,186,231,46,45.0,0.0,middle,near_failure,45,0,1.0,0.9981963688485428
ocsvm,ocsvm_nu0p05_gamma_0p01,pooled,0.95,81,0,84,84,1,156.0,156.0,healthy,healthy,156,156,0.9604395604395604,0.9604395604395604
ocsvm,ocsvm_nu0p05_gamma_0p01,pooled,0.95,81,0,119,119,1,121.0,121.0,middle,middle,121,121,0.9857142857142858,0.9857142857142858
ocsvm,ocsvm_nu0p05_gamma_0p01,pooled,0.95,81,0,137,137,1,103.0,103.0,middle,middle,103,103,0.9807692307692308,0.9807692307692308
ocsvm,ocsvm_nu0p05_gamma_0p01,pooled,0.95,81,0,142,143,2,98.0,97.0,middle,middle,98,97,0.9752747252747253,0.9747252747252747
ocsvm,ocsvm_nu0p05_gamma_0p01,pooled,0.95,81,0,150,150,1,90.0,90.0,middle,middle,90,90,0.984065934065934,0.984065934065934
ocsvm,ocsvm_nu0p05_gamma_0p01,pooled,0.95,81,0,154,155,2,86.0,85.0,middle,middle,86,85,0.9637362637362638,0.9568681318681318
ocsvm,ocsvm_nu0p05_gamma_0p01,pooled,0.95,81,0,157,158,2,83.0,82.0,middle,middle,83,82,0.99010989010989,0.9785714285714285
ocsvm,ocsvm_nu0p05_gamma_0p01,pooled,0.95,81,0,163,165,3,77.0,75.0,middle,middle,77,75,0.9934065934065934,0.9778388278388279
ocsvm,ocsvm_nu0p05_gamma_0p01,pooled,0.95,81,0,167,240,74,73.0,0.0,middle,near_failure,73,0,1.0,0.9973789723789723
ocsvm,ocsvm_nu0p05_gamma_0p01,pooled,0.95,89,0,1,1,1,216.0,216.0,healthy,healthy,216,216,0.971978021978022,0.971978021978022
ocsvm,ocsvm_nu0p05_gamma_0p01,pooled,0.95,89,0,4,4,1,213.0,213.0,healthy,healthy,213,213,0.9884615384615384,0.9884615384615384
ocsvm,ocsvm_nu0p05_gamma_0p01,pooled,0.95,89,0,17,17,1,200.0,200.0,healthy,healthy,200,200,0.9835164835164836,0.9835164835164836
ocsvm,ocsvm_nu0p05_gamma_0p01,pooled,0.95,89,0,154,154,1,63.0,63.0,middle,middle,63,63,0.9934065934065934,0.9934065934065934
ocsvm,ocsvm_nu0p05_gamma_0p01,pooled,0.95,89,0,162,162,1,55.0,55.0,middle,middle,55,55,0.9505494505494504,0.9505494505494504
ocsvm,ocsvm_nu0p05_gamma_0p01,pooled,0.95,89,0,165,165,1,52.0,52.0,middle,middle,52,52,0.9791208791208792,0.9791208791208792
ocsvm,ocsvm_nu0p05_gamma_0p01,pooled,0.95,89,0,169,169,1,48.0,48.0,middle,middle,48,48,0.978021978021978,0.978021978021978
ocsvm,ocsvm_nu0p05_gamma_0p01,pooled,0.95,89,0,171,173,3,46.0,44.0,middle,middle,46,44,0.9967032967032968,0.9846153846153847
ocsvm,ocsvm_nu0p05_gamma_0p01,pooled,0.95,89,0,175,217,43,42.0,0.0,middle,near_failure,42,0,1.0,0.9988755430615895
ocsvm,ocsvm_nu0p05_gamma_0p01,pooled,0.95,91,0,6,8,3,129.0,127.0,healthy,healthy,129,127,0.9961538461538462,0.9816849816849818
ocsvm,ocsvm_nu0p05_gamma_0p01,pooled,0.95,91,0,11,11,1,124.0,124.0,middle,middle,124,124,0.9697802197802198,0.9697802197802198
ocsvm,ocsvm_nu0p05_gamma_0p01,pooled,0.95,91,0,22,24,3,113.0,111.0,middle,middle,113,111,0.9846153846153848,0.9820512820512821
ocsvm,ocsvm_nu0p05_gamma_0p01,pooled,0.95,91,0,26,26,1,109.0,109.0,middle,middle,109,109,0.978021978021978,0.978021978021978
ocsvm,ocsvm_nu0p05_gamma_0p01,pooled,0.95,91,0,29,29,1,106.0,106.0,middle,middle,106,106,0.968131868131868,0.968131868131868
ocsvm,ocsvm_nu0p05_gamma_0p01,pooled,0.95,91,0,32,33,2,103.0,102.0,middle,middle,103,102,0.9978021978021978,0.9934065934065934
ocsvm,ocsvm_nu0p05_gamma_0p01,pooled,0.95,91,0,35,35,1,100.0,100.0,middle,middle,100,100,0.9554945054945057,0.9554945054945057
ocsvm,ocsvm_nu0p05_gamma_0p01,pooled,0.95,91,0,42,45,4,93.0,90.0,middle,middle,93,90,1.0,0.9914835164835165
ocsvm,ocsvm_nu0p05_gamma_0p01,pooled,0.95,91,0,49,49,1,86.0,86.0,middle,middle,86,86,0.9554945054945057,0.9554945054945057
ocsvm,ocsvm_nu0p05_gamma_0p01,pooled,0.95,91,0,52,56,5,83.0,79.0,middle,middle,83,79,1.0,0.9873626373626372
ocsvm,ocsvm_nu0p05_gamma_0p01,pooled,0.95,91,0,58,59,2,77.0,76.0,middle,middle,77,76,0.9983516483516484,0.9901098901098901
ocsvm,ocsvm_nu0p05_gamma_0p01,pooled,0.95,91,0,61,61,1,74.0,74.0,middle,middle,74,74,0.9928571428571428,0.9928571428571428
ocsvm,ocsvm_nu0p05_gamma_0p01,pooled,0.95,91,0,63,135,73,72.0,0.0,middle,near_failure,72,0,1.0,0.996816197501129
ocsvm,ocsvm_nu0p05_gamma_0p01,pooled,0.975,1,0,132,132,1,60.0,60.0,middle,middle,60,60,0.9857142857142858,0.9857142857142858
ocsvm,ocsvm_nu0p05_gamma_0p01,pooled,0.975,1,0,142,142,1,50.0,50.0,middle,middle,50,50,0.9752747252747253,0.9752747252747253
ocsvm,ocsvm_nu0p05_gamma_0p01,pooled,0.975,1,0,145,145,1,47.0,47.0,middle,middle,47,47,0.9807692307692308,0.9807692307692308
ocsvm,ocsvm_nu0p05_gamma_0p01,pooled,0.975,1,0,147,147,1,45.0,45.0,middle,middle,45,45,0.9785714285714284,0.9785714285714284
ocsvm,ocsvm_nu0p05_gamma_0p01,pooled,0.975,1,0,149,192,44,43.0,0.0,middle,near_failure,43,0,1.0,0.9986763236763238
ocsvm,ocsvm_nu0p05_gamma_0p01,pooled,0.975,5,0,7,7,1,262.0,262.0,healthy,healthy,262,262,0.993956043956044,0.993956043956044
ocsvm,ocsvm_nu0p05_gamma_0p01,pooled,0.975,5,0,10,10,1,259.0,259.0,healthy,healthy,259,259,0.9752747252747253,0.9752747252747253
ocsvm,ocsvm_nu0p05_gamma_0p01,pooled,0.975,5,0,16,16,1,253.0,253.0,healthy,healthy,253,253,0.9917582417582418,0.9917582417582418
ocsvm,ocsvm_nu0p05_gamma_0p01,pooled,0.975,5,0,23,23,1,246.0,246.0,healthy,healthy,246,246,0.9989010989010988,0.9989010989010988
ocsvm,ocsvm_nu0p05_gamma_0p01,pooled,0.975,5,0,29,30,2,240.0,239.0,healthy,healthy,240,239,0.9956043956043956,0.9953296703296703
ocsvm,ocsvm_nu0p05_gamma_0p01,pooled,0.975,5,0,48,48,1,221.0,221.0,healthy,healthy,221,221,0.9868131868131867,0.9868131868131867
ocsvm,ocsvm_nu0p05_gamma_0p01,pooled,0.975,5,0,65,65,1,204.0,204.0,healthy,healthy,204,204,0.9873626373626374,0.9873626373626374
ocsvm,ocsvm_nu0p05_gamma_0p01,pooled,0.975,5,0,67,67,1,202.0,202.0,healthy,healthy,202,202,0.9829670329670328,0.9829670329670328
ocsvm,ocsvm_nu0p05_gamma_0p01,pooled,0.975,5,0,74,74,1,195.0,195.0,healthy,healthy,195,195,0.987912087912088,0.987912087912088
ocsvm,ocsvm_nu0p05_gamma_0p01,pooled,0.975,5,0,87,87,1,182.0,182.0,healthy,healthy,182,182,0.9796703296703296,0.9796703296703296
ocsvm,ocsvm_nu0p05_gamma_0p01,pooled,0.975,5,0,100,100,1,169.0,169.0,healthy,healthy,169,169,0.9884615384615384,0.9884615384615384
ocsvm,ocsvm_nu0p05_gamma_0p01,pooled,0.975,5,0,123,123,1,146.0,146.0,healthy,healthy,146,146,0.993956043956044,0.993956043956044
ocsvm,ocsvm_nu0p05_gamma_0p01,pooled,0.975,5,0,147,147,1,122.0,122.0,middle,middle,122,122,0.9857142857142858,0.9857142857142858
ocsvm,ocsvm_nu0p05_gamma_0p01,pooled,0.975,5,0,152,152,1,117.0,117.0,middle,middle,117,117,0.99010989010989,0.99010989010989
ocsvm,ocsvm_nu0p05_gamma_0p01,pooled,0.975,5,0,158,158,1,111.0,111.0,middle,middle,111,111,0.9857142857142858,0.9857142857142858
ocsvm,ocsvm_nu0p05_gamma_0p01,pooled,0.975,5,0,160,160,1,109.0,109.0,middle,middle,109,109,0.9906593406593408,0.9906593406593408
ocsvm,ocsvm_nu0p05_gamma_0p01,pooled,0.975,5,0,163,163,1,106.0,106.0,middle,middle,106,106,0.9752747252747253,0.9752747252747253
ocsvm,ocsvm_nu0p05_gamma_0p01,pooled,0.975,5,0,165,165,1,104.0,104.0,middle,middle,104,104,0.9802197802197802,0.9802197802197802
ocsvm,ocsvm_nu0p05_gamma_0p01,pooled,0.975,5,0,168,170,3,101.0,99.0,middle,middle,101,99,0.9983516483516484,0.9888278388278389
ocsvm,ocsvm_nu0p05_gamma_0p01,pooled,0.975,5,0,173,173,1,96.0,96.0,middle,middle,96,96,0.9983516483516484,0.9983516483516484
ocsvm,ocsvm_nu0p05_gamma_0p01,pooled,0.975,5,0,177,177,1,92.0,92.0,middle,middle,92,92,0.9857142857142858,0.9857142857142858
ocsvm,ocsvm_nu0p05_gamma_0p01,pooled,0.975,5,0,180,185,6,89.0,84.0,middle,middle,89,84,1.0,0.9946886446886447
ocsvm,ocsvm_nu0p05_gamma_0p01,pooled,0.975,5,0,187,269,83,82.0,0.0,middle,near_failure,82,0,1.0,0.9996226664901364
ocsvm,ocsvm_nu0p05_gamma_0p01,pooled,0.975,10,0,28,29,2,194.0,193.0,healthy,healthy,194,193,0.9923076923076924,0.9862637362637363
ocsvm,ocsvm_nu0p05_gamma_0p01,pooled,0.975,10,0,43,43,1,179.0,179.0,healthy,healthy,179,179,0.9956043956043956,0.9956043956043956
ocsvm,ocsvm_nu0p05_gamma_0p01,pooled,0.975,10,0,67,67,1,155.0,155.0,healthy,healthy,155,155,0.9857142857142858,0.9857142857142858
ocsvm,ocsvm_nu0p05_gamma_0p01,pooled,0.975,10,0,155,155,1,67.0,67.0,middle,middle,67,67,0.9807692307692308,0.9807692307692308
ocsvm,ocsvm_nu0p05_gamma_0p01,pooled,0.975,10,0,158,158,1,64.0,64.0,middle,middle,64,64,0.9934065934065934,0.9934065934065934
ocsvm,ocsvm_nu0p05_gamma_0p01,pooled,0.975,10,0,164,164,1,58.0,58.0,middle,middle,58,58,0.9917582417582418,0.9917582417582418
ocsvm,ocsvm_nu0p05_gamma_0p01,pooled,0.975,10,0,166,167,2,56.0,55.0,middle,middle,56,55,0.993956043956044,0.9851648351648352
ocsvm,ocsvm_nu0p05_gamma_0p01,pooled,0.975,10,0,169,169,1,53.0,53.0,middle,middle,53,53,0.9961538461538462,0.9961538461538462
ocsvm,ocsvm_nu0p05_gamma_0p01,pooled,0.975,10,0,172,173,2,50.0,49.0,middle,middle,50,49,0.9989010989010988,0.9972527472527473
ocsvm,ocsvm_nu0p05_gamma_0p01,pooled,0.975,10,0,175,178,4,47.0,44.0,middle,middle,47,44,1.0,0.9986263736263736
ocsvm,ocsvm_nu0p05_gamma_0p01,pooled,0.975,10,0,180,222,43,42.0,0.0,middle,near_failure,42,0,1.0,0.9997955532839253
ocsvm,ocsvm_nu0p05_gamma_0p01,pooled,0.975,11,0,2,2,1,238.0,238.0,healthy,healthy,238,238,0.9857142857142858,0.9857142857142858
ocsvm,ocsvm_nu0p05_gamma_0p01,pooled,0.975,11,0,14,14,1,226.0,226.0,healthy,healthy,226,226,0.9917582417582418,0.9917582417582418
ocsvm,ocsvm_nu0p05_gamma_0p01,pooled,0.975,11,0,159,159,1,81.0,81.0,middle,middle,81,81,0.99010989010989,0.99010989010989
ocsvm,ocsvm_nu0p05_gamma_0p01,pooled,0.975,11,0,178,179,2,62.0,61.0,middle,middle,62,61,0.9956043956043956,0.9942307692307693
ocsvm,ocsvm_nu0p05_gamma_0p01,pooled,0.975,11,0,181,240,60,59.0,0.0,middle,near_failure,59,0,1.0,0.999441391941392
ocsvm,ocsvm_nu0p05_gamma_0p01,pooled,0.975,13,0,92,92,1,71.0,71.0,middle,middle,71,71,0.984065934065934,0.984065934065934
ocsvm,ocsvm_nu0p05_gamma_0p01,pooled,0.975,13,0,95,95,1,68.0,68.0,middle,middle,68,68,0.9934065934065934,0.9934065934065934
ocsvm,ocsvm_nu0p05_gamma_0p01,pooled,0.975,13,0,98,98,1,65.0,65.0,middle,middle,65,65,0.9752747252747253,0.9752747252747253
ocsvm,ocsvm_nu0p05_gamma_0p01,pooled,0.975,13,0,101,101,1,62.0,62.0,middle,middle,62,62,0.9917582417582418,0.9917582417582418
ocsvm,ocsvm_nu0p05_gamma_0p01,pooled,0.975,13,0,103,163,61,60.0,0.0,middle,near_failure,60,0,1.0,0.9986939290217979
ocsvm,ocsvm_nu0p05_gamma_0p01,pooled,0.975,16,0,7,7,1,202.0,202.0,healthy,healthy,202,202,0.9884615384615384,0.9884615384615384
ocsvm,ocsvm_nu0p05_gamma_0p01,pooled,0.975,16,0,28,28,1,181.0,181.0,healthy,healthy,181,181,0.9961538461538462,0.9961538461538462
ocsvm,ocsvm_nu0p05_gamma_0p01,pooled,0.975,16,0,43,43,1,166.0,166.0,healthy,healthy,166,166,0.99010989010989,0.99010989010989
ocsvm,ocsvm_nu0p05_gamma_0p01,pooled,0.975,16,0,47,47,1,162.0,162.0,healthy,healthy,162,162,0.9802197802197802,0.9802197802197802
ocsvm,ocsvm_nu0p05_gamma_0p01,pooled,0.975,16,0,49,49,1,160.0,160.0,healthy,healthy,160,160,0.9829670329670328,0.9829670329670328
ocsvm,ocsvm_nu0p05_gamma_0p01,pooled,0.975,16,0,53,53,1,156.0,156.0,healthy,healthy,156,156,0.9769230769230768,0.9769230769230768
ocsvm,ocsvm_nu0p05_gamma_0p01,pooled,0.975,16,0,56,56,1,153.0,153.0,healthy,healthy,153,153,0.9928571428571428,0.9928571428571428
ocsvm,ocsvm_nu0p05_gamma_0p01,pooled,0.975,16,0,63,63,1,146.0,146.0,healthy,healthy,146,146,0.993956043956044,0.993956043956044
ocsvm,ocsvm_nu0p05_gamma_0p01,pooled,0.975,16,0,70,71,2,139.0,138.0,healthy,healthy,139,138,0.993956043956044,0.9920329670329671
ocsvm,ocsvm_nu0p05_gamma_0p01,pooled,0.975,16,0,73,73,1,136.0,136.0,healthy,healthy,136,136,0.9983516483516484,0.9983516483516484
ocsvm,ocsvm_nu0p05_gamma_0p01,pooled,0.975,16,0,78,78,1,131.0,131.0,healthy,healthy,131,131,0.9978021978021978,0.9978021978021978
ocsvm,ocsvm_nu0p05_gamma_0p01,pooled,0.975,16,0,83,83,1,126.0,126.0,healthy,healthy,126,126,0.9983516483516484,0.9983516483516484
ocsvm,ocsvm_nu0p05_gamma_0p01,pooled,0.975,16,0,88,89,2,121.0,120.0,middle,middle,121,120,1.0,0.9928571428571429
ocsvm,ocsvm_nu0p05_gamma_0p01,pooled,0.975,16,0,91,91,1,118.0,118.0,middle,middle,118,118,1.0,1.0
ocsvm,ocsvm_nu0p05_gamma_0p01,pooled,0.975,16,0,93,95,3,116.0,114.0,middle,middle,116,114,0.993956043956044,0.9844322344322344
ocsvm,ocsvm_nu0p05_gamma_0p01,pooled,0.975,16,0,97,101,5,112.0,108.0,middle,middle,112,108,1.0,0.9914285714285714
ocsvm,ocsvm_nu0p05_gamma_0p01,pooled,0.975,16,0,103,105,3,106.0,104.0,middle,middle,106,104,1.0,0.9928571428571429
ocsvm,ocsvm_nu0p05_gamma_0p01,pooled,0.975,16,0,107,107,1,102.0,102.0,middle,middle,102,102,0.984065934065934,0.984065934065934
ocsvm,ocsvm_nu0p05_gamma_0p01,pooled,0.975,16,0,109,112,4,100.0,97.0,middle,middle,100,97,0.9983516483516484,0.9927197802197802
ocsvm,ocsvm_nu0p05_gamma_0p01,pooled,0.975,16,0,116,118,3,93.0,91.0,middle,middle,93,91,1.0,0.9934065934065934
ocsvm,ocsvm_nu0p05_gamma_0p01,pooled,0.975,16,0,120,126,7,89.0,83.0,middle,middle,89,83,1.0,0.996938775510204
ocsvm,ocsvm_nu0p05_gamma_0p01,pooled,0.975,16,0,128,209,82,81.0,0.0,middle,near_failure,81,0,1.0,0.9998458858214956
ocsvm,ocsvm_nu0p05_gamma_0p01,pooled,0.975,27,0,52,52,1,104.0,104.0,middle,middle,104,104,0.9791208791208792,0.9791208791208792
ocsvm,ocsvm_nu0p05_gamma_0p01,pooled,0.975,27,0,92,92,1,64.0,64.0,middle,middle,64,64,0.9851648351648352,0.9851648351648352
ocsvm,ocsvm_nu0p05_gamma_0p01,pooled,0.975,27,0,94,99,6,62.0,57.0,middle,middle,62,57,1.0,0.9948717948717949
ocsvm,ocsvm_nu0p05_gamma_0p01,pooled,0.975,27,0,102,104,3,54.0,52.0,middle,middle,54,52,1.0,0.9921245421245422
ocsvm,ocsvm_nu0p05_gamma_0p01,pooled,0.975,27,0,106,107,2,50.0,49.0,middle,middle,50,49,1.0,0.9991758241758242
ocsvm,ocsvm_nu0p05_gamma_0p01,pooled,0.975,27,0,109,156,48,47.0,0.0,middle,near_failure,47,0,1.0,0.9999656593406593
ocsvm,ocsvm_nu0p05_gamma_0p01,pooled,0.975,31,0,48,48,1,186.0,186.0,healthy,healthy,186,186,0.99010989010989,0.99010989010989
ocsvm,ocsvm_nu0p05_gamma_0p01,pooled,0.975,31,0,167,167,1,67.0,67.0,middle,middle,67,67,0.9912087912087912,0.9912087912087912
ocsvm,ocsvm_nu0p05_gamma_0p01,pooled,0.975,31,0,176,176,1,58.0,58.0,middle,middle,58,58,0.9807692307692308,0.9807692307692308
ocsvm,ocsvm_nu0p05_gamma_0p01,pooled,0.975,31,0,179,179,1,55.0,55.0,middle,middle,55,55,0.9752747252747253,0.9752747252747253
ocsvm,ocsvm_nu0p05_gamma_0p01,pooled,0.975,31,0,185,185,1,49.0,49.0,middle,middle,49,49,0.9928571428571428,0.9928571428571428
ocsvm,ocsvm_nu0p05_gamma_0p01,pooled,0.975,31,0,188,188,1,46.0,46.0,middle,middle,46,46,0.9950549450549452,0.9950549450549452
ocsvm,ocsvm_nu0p05_gamma_0p01,pooled,0.975,31,0,190,190,1,44.0,44.0,middle,middle,44,44,0.9868131868131867,0.9868131868131867
ocsvm,ocsvm_nu0p05_gamma_0p01,pooled,0.975,31,0,194,234,41,40.0,0.0,middle,near_failure,40,0,1.0,0.9993835432859822
ocsvm,ocsvm_nu0p05_gamma_0p01,pooled,0.975,34,0,93,93,1,102.0,102.0,middle,middle,102,102,0.9950549450549452,0.9950549450549452
ocsvm,ocsvm_nu0p05_gamma_0p01,pooled,0.975,34,0,106,106,1,89.0,89.0,middle,middle,89,89,0.9785714285714284,0.9785714285714284
ocsvm,ocsvm_nu0p05_gamma_0p01,pooled,0.975,34,0,120,195,76,75.0,0.0,middle,near_failure,75,0,1.0,0.9982576633892423
ocsvm,ocsvm_nu0p05_gamma_0p01,pooled,0.975,40,0,26,26,1,162.0,162.0,healthy,healthy,162,162,0.9868131868131867,0.9868131868131867
ocsvm,ocsvm_nu0p05_gamma_0p01,pooled,0.975,40,0,36,36,1,152.0,152.0,healthy,healthy,152,152,0.9928571428571428,0.9928571428571428
ocsvm,ocsvm_nu0p05_gamma_0p01,pooled,0.975,40,0,39,39,1,149.0,149.0,healthy,healthy,149,149,0.9923076923076924,0.9923076923076924
ocsvm,ocsvm_nu0p05_gamma_0p01,pooled,0.975,40,0,48,48,1,140.0,140.0,healthy,healthy,140,140,0.9846153846153848,0.9846153846153848
ocsvm,ocsvm_nu0p05_gamma_0p01,pooled,0.975,40,0,68,68,1,120.0,120.0,middle,middle,120,120,0.989010989010989,0.989010989010989
ocsvm,ocsvm_nu0p05_gamma_0p01,pooled,0.975,40,0,76,77,2,112.0,111.0,middle,middle,112,111,0.9956043956043956,0.9942307692307693
ocsvm,ocsvm_nu0p05_gamma_0p01,pooled,0.975,40,0,81,81,1,107.0,107.0,middle,middle,107,107,0.9983516483516484,0.9983516483516484
ocsvm,ocsvm_nu0p05_gamma_0p01,pooled,0.975,40,0,84,84,1,104.0,104.0,middle,middle,104,104,0.9857142857142858,0.9857142857142858
ocsvm,ocsvm_nu0p05_gamma_0p01,pooled,0.975,40,0,86,87,2,102.0,101.0,middle,middle,102,101,1.0,1.0
ocsvm,ocsvm_nu0p05_gamma_0p01,pooled,0.975,40,0,91,93,3,97.0,95.0,middle,middle,97,95,0.9983516483516484,0.9928571428571429
ocsvm,ocsvm_nu0p05_gamma_0p01,pooled,0.975,40,0,95,95,1,93.0,93.0,middle,middle,93,93,1.0,1.0
ocsvm,ocsvm_nu0p05_gamma_0p01,pooled,0.975,40,0,98,98,1,90.0,90.0,middle,middle,90,90,1.0,1.0
ocsvm,ocsvm_nu0p05_gamma_0p01,pooled,0.975,40,0,100,103,4,88.0,85.0,middle,middle,88,85,0.9989010989010988,0.9960164835164835
ocsvm,ocsvm_nu0p05_gamma_0p01,pooled,0.975,40,0,106,111,6,82.0,77.0,middle,middle,82,77,1.0,0.9968864468864469
ocsvm,ocsvm_nu0p05_gamma_0p01,pooled,0.975,40,0,113,188,76,75.0,0.0,middle,near_failure,75,0,1.0,0.9992987275882014
ocsvm,ocsvm_nu0p05_gamma_0p01,pooled,0.975,41,0,40,40,1,176.0,176.0,healthy,healthy,176,176,0.987912087912088,0.987912087912088
ocsvm,ocsvm_nu0p05_gamma_0p01,pooled,0.975,41,0,112,112,1,104.0,104.0,middle,middle,104,104,0.9857142857142858,0.9857142857142858
ocsvm,ocsvm_nu0p05_gamma_0p01,pooled,0.975,41,0,120,120,1,96.0,96.0,middle,middle,96,96,0.9846153846153848,0.9846153846153848
ocsvm,ocsvm_nu0p05_gamma_0p01,pooled,0.975,41,0,128,128,1,88.0,88.0,middle,middle,88,88,0.9802197802197802,0.9802197802197802
ocsvm,ocsvm_nu0p05_gamma_0p01,pooled,0.975,41,0,132,132,1,84.0,84.0,middle,middle,84,84,1.0,1.0
ocsvm,ocsvm_nu0p05_gamma_0p01,pooled,0.975,41,0,139,141,3,77.0,75.0,middle,middle,77,75,0.9917582417582418,0.9875457875457876
ocsvm,ocsvm_nu0p05_gamma_0p01,pooled,0.975,41,0,146,216,71,70.0,0.0,middle,near_failure,70,0,1.0,0.9995356755920136
ocsvm,ocsvm_nu0p05_gamma_0p01,pooled,0.975,45,0,9,9,1,149.0,149.0,healthy,healthy,149,149,1.0,1.0
ocsvm,ocsvm_nu0p05_gamma_0p01,pooled,0.975,45,0,17,17,1,141.0,141.0,healthy,healthy,141,141,0.9807692307692308,0.9807692307692308
ocsvm,ocsvm_nu0p05_gamma_0p01,pooled,0.975,45,0,21,21,1,137.0,137.0,healthy,healthy,137,137,0.9752747252747253,0.9752747252747253
ocsvm,ocsvm_nu0p05_gamma_0p01,pooled,0.975,45,0,27,27,1,131.0,131.0,healthy,healthy,131,131,0.9934065934065934,0.9934065934065934
ocsvm,ocsvm_nu0p05_gamma_0p01,pooled,0.975,45,0,34,34,1,124.0,124.0,middle,middle,124,124,0.9807692307692308,0.9807692307692308
ocsvm,ocsvm_nu0p05_gamma_0p01,pooled,0.975,45,0,43,43,1,115.0,115.0,middle,middle,115,115,0.9802197802197802,0.9802197802197802
ocsvm,ocsvm_nu0p05_gamma_0p01,pooled,0.975,45,0,45,45,1,113.0,113.0,middle,middle,113,113,0.9857142857142858,0.9857142857142858
ocsvm,ocsvm_nu0p05_gamma_0p01,pooled,0.975,45,0,47,47,1,111.0,111.0,middle,middle,111,111,0.9983516483516484,0.9983516483516484
ocsvm,ocsvm_nu0p05_gamma_0p01,pooled,0.975,45,0,84,84,1,74.0,74.0,middle,middle,74,74,0.984065934065934,0.984065934065934
ocsvm,ocsvm_nu0p05_gamma_0p01,pooled,0.975,45,0,97,97,1,61.0,61.0,middle,middle,61,61,0.9802197802197802,0.9802197802197802
ocsvm,ocsvm_nu0p05_gamma_0p01,pooled,0.975,45,0,100,100,1,58.0,58.0,middle,middle,58,58,0.9956043956043956,0.9956043956043956
ocsvm,ocsvm_nu0p05_gamma_0p01,pooled,0.975,45,0,104,104,1,54.0,54.0,middle,middle,54,54,0.978021978021978,0.978021978021978
ocsvm,ocsvm_nu0p05_gamma_0p01,pooled,0.975,45,0,106,106,1,52.0,52.0,middle,middle,52,52,0.9928571428571428,0.9928571428571428
ocsvm,ocsvm_nu0p05_gamma_0p01,pooled,0.975,45,0,108,108,1,50.0,50.0,middle,middle,50,50,0.9868131868131867,0.9868131868131867
ocsvm,ocsvm_nu0p05_gamma_0p01,pooled,0.975,45,0,111,111,1,47.0,47.0,middle,middle,47,47,0.9802197802197802,0.9802197802197802
ocsvm,ocsvm_nu0p05_gamma_0p01,pooled,0.975,45,0,113,114,2,45.0,44.0,middle,middle,45,44,1.0,0.9942307692307693
ocsvm,ocsvm_nu0p05_gamma_0p01,pooled,0.975,45,0,116,118,3,42.0,40.0,middle,middle,42,40,1.0,0.9963369963369964
ocsvm,ocsvm_nu0p05_gamma_0p01,pooled,0.975,45,0,120,158,39,38.0,0.0,middle,near_failure,38,0,1.0,0.9990419836573684
ocsvm,ocsvm_nu0p05_gamma_0p01,pooled,0.975,46,0,1,1,1,255.0,255.0,healthy,healthy,255,255,0.9917582417582418,0.9917582417582418
ocsvm,ocsvm_nu0p05_gamma_0p01,pooled,0.975,46,0,64,64,1,192.0,192.0,healthy,healthy,192,192,0.9983516483516484,0.9983516483516484
ocsvm,ocsvm_nu0p05_gamma_0p01,pooled,0.975,46,0,197,197,1,59.0,59.0,middle,middle,59,59,0.9884615384615384,0.9884615384615384
ocsvm,ocsvm_nu0p05_gamma_0p01,pooled,0.975,46,0,203,203,1,53.0,53.0,middle,middle,53,53,0.9983516483516484,0.9983516483516484
ocsvm,ocsvm_nu0p05_gamma_0p01,pooled,0.975,46,0,209,213,5,47.0,43.0,middle,middle,47,43,0.9983516483516484,0.9954945054945055
ocsvm,ocsvm_nu0p05_gamma_0p01,pooled,0.975,46,0,215,256,42,41.0,0.0,middle,near_failure,41,0,1.0,0.9994897959183673
ocsvm,ocsvm_nu0p05_gamma_0p01,pooled,0.975,54,0,35,35,1,222.0,222.0,healthy,healthy,222,222,0.9857142857142858,0.9857142857142858
ocsvm,ocsvm_nu0p05_gamma_0p01,pooled,0.975,54,0,152,152,1,105.0,105.0,middle,middle,105,105,0.9791208791208792,0.9791208791208792
ocsvm,ocsvm_nu0p05_gamma_0p01,pooled,0.975,54,0,168,168,1,89.0,89.0,middle,middle,89,89,0.9923076923076924,0.9923076923076924
ocsvm,ocsvm_nu0p05_gamma_0p01,pooled,0.975,54,0,170,170,1,87.0,87.0,middle,middle,87,87,0.9752747252747253,0.9752747252747253
ocsvm,ocsvm_nu0p05_gamma_0p01,pooled,0.975,54,0,173,175,3,84.0,82.0,middle,middle,84,82,0.9934065934065934,0.9930402930402931
ocsvm,ocsvm_nu0p05_gamma_0p01,pooled,0.975,54,0,178,178,1,79.0,79.0,middle,middle,79,79,0.9752747252747253,0.9752747252747253
ocsvm,ocsvm_nu0p05_gamma_0p01,pooled,0.975,54,0,180,183,4,77.0,74.0,middle,middle,77,74,1.0,0.9991758241758242
ocsvm,ocsvm_nu0p05_gamma_0p01,pooled,0.975,54,0,185,257,73,72.0,0.0,middle,near_failure,72,0,1.0,0.9993301219328616
ocsvm,ocsvm_nu0p05_gamma_0p01,pooled,0.975,74,0,26,26,1,140.0,140.0,healthy,healthy,140,140,0.9785714285714284,0.9785714285714284
ocsvm,ocsvm_nu0p05_gamma_0p01,pooled,0.975,74,0,128,128,1,38.0,38.0,middle,middle,38,38,1.0,1.0
ocsvm,ocsvm_nu0p05_gamma_0p01,pooled,0.975,74,0,130,134,5,36.0,32.0,middle,middle,36,32,0.9983516483516484,0.9928571428571429
ocsvm,ocsvm_nu0p05_gamma_0p01,pooled,0.975,74,0,136,166,31,30.0,0.0,near_failure,near_failure,30,0,1.0,0.9995746189294576
ocsvm,ocsvm_nu0p05_gamma_0p01,pooled,0.975,77,0,23,23,1,131.0,131.0,healthy,healthy,131,131,1.0,1.0
ocsvm,ocsvm_nu0p05_gamma_0p01,pooled,0.975,77,0,35,35,1,119.0,119.0,middle,middle,119,119,0.9934065934065934,0.9934065934065934
ocsvm,ocsvm_nu0p05_gamma_0p01,pooled,0.975,77,0,61,61,1,93.0,93.0,middle,middle,93,93,0.9846153846153848,0.9846153846153848
ocsvm,ocsvm_nu0p05_gamma_0p01,pooled,0.975,77,0,80,80,1,74.0,74.0,middle,middle,74,74,0.9956043956043956,0.9956043956043956
ocsvm,ocsvm_nu0p05_gamma_0p01,pooled,0.975,77,0,89,89,1,65.0,65.0,middle,middle,65,65,0.9961538461538462,0.9961538461538462
ocsvm,ocsvm_nu0p05_gamma_0p01,pooled,0.975,77,0,94,96,3,60.0,58.0,middle,middle,60,58,0.9983516483516484,0.9917582417582418
ocsvm,ocsvm_nu0p05_gamma_0p01,pooled,0.975,77,0,99,100,2,55.0,54.0,middle,middle,55,54,1.0,0.9964285714285714
ocsvm,ocsvm_nu0p05_gamma_0p01,pooled,0.975,77,0,105,105,1,49.0,49.0,middle,middle,49,49,1.0,1.0
ocsvm,ocsvm_nu0p05_gamma_0p01,pooled,0.975,77,0,107,107,1,47.0,47.0,middle,middle,47,47,0.9983516483516484,0.9983516483516484
ocsvm,ocsvm_nu0p05_gamma_0p01,pooled,0.975,77,0,109,109,1,45.0,45.0,middle,middle,45,45,0.9983516483516484,0.9983516483516484
ocsvm,ocsvm_nu0p05_gamma_0p01,pooled,0.975,77,0,111,111,1,43.0,43.0,middle,middle,43,43,0.9967032967032968,0.9967032967032968
ocsvm,ocsvm_nu0p05_gamma_0p01,pooled,0.975,77,0,113,154,42,41.0,0.0,middle,near_failure,41,0,1.0,0.999385138670853
ocsvm,ocsvm_nu0p05_gamma_0p01,pooled,0.975,78,0,1,5,5,230.0,226.0,healthy,healthy,230,226,1.0,0.9950549450549451
ocsvm,ocsvm_nu0p05_gamma_0p01,pooled,0.975,78,0,8,8,1,223.0,223.0,healthy,healthy,223,223,0.9846153846153848,0.9846153846153848
ocsvm,ocsvm_nu0p05_gamma_0p01,pooled,0.975,78,0,11,12,2,220.0,219.0,healthy,healthy,220,219,0.9923076923076924,0.9857142857142858
ocsvm,ocsvm_nu0p05_gamma_0p01,pooled,0.975,78,0,18,18,1,213.0,213.0,healthy,healthy,213,213,0.9807692307692308,0.9807692307692308
ocsvm,ocsvm_nu0p05_gamma_0p01,pooled,0.975,78,0,20,20,1,211.0,211.0,healthy,healthy,211,211,0.9956043956043956,0.9956043956043956
ocsvm,ocsvm_nu0p05_gamma_0p01,pooled,0.975,78,0,29,29,1,202.0,202.0,healthy,healthy,202,202,0.9802197802197802,0.9802197802197802
ocsvm,ocsvm_nu0p05_gamma_0p01,pooled,0.975,78,0,32,32,1,199.0,199.0,healthy,healthy,199,199,0.9928571428571428,0.9928571428571428
ocsvm,ocsvm_nu0p05_gamma_0p01,pooled,0.975,78,0,35,36,2,196.0,195.0,healthy,healthy,196,195,0.9983516483516484,0.9917582417582418
ocsvm,ocsvm_nu0p05_gamma_0p01,pooled,0.975,78,0,38,38,1,193.0,193.0,healthy,healthy,193,193,0.9884615384615384,0.9884615384615384
ocsvm,ocsvm_nu0p05_gamma_0p01,pooled,0.975,78,0,45,45,1,186.0,186.0,healthy,healthy,186,186,0.993956043956044,0.993956043956044
ocsvm,ocsvm_nu0p05_gamma_0p01,pooled,0.975,78,0,53,53,1,178.0,178.0,healthy,healthy,178,178,0.9873626373626374,0.9873626373626374
ocsvm,ocsvm_nu0p05_gamma_0p01,pooled,0.975,78,0,180,181,2,51.0,50.0,middle,middle,51,50,0.9983516483516484,0.9983516483516484
ocsvm,ocsvm_nu0p05_gamma_0p01,pooled,0.975,78,0,183,184,2,48.0,47.0,middle,middle,48,47,0.9961538461538462,0.9903846153846154
ocsvm,ocsvm_nu0p05_gamma_0p01,pooled,0.975,78,0,186,188,3,45.0,43.0,middle,middle,45,43,0.9983516483516484,0.9967032967032967
ocsvm,ocsvm_nu0p05_gamma_0p01,pooled,0.975,78,0,190,191,2,41.0,40.0,middle,middle,41,40,1.0,0.9978021978021978
ocsvm,ocsvm_nu0p05_gamma_0p01,pooled,0.975,78,0,193,231,39,38.0,0.0,middle,near_failure,38,0,1.0,0.9997604959143421
ocsvm,ocsvm_nu0p05_gamma_0p01,pooled,0.975,81,0,119,119,1,121.0,121.0,middle,middle,121,121,0.9857142857142858,0.9857142857142858
ocsvm,ocsvm_nu0p05_gamma_0p01,pooled,0.975,81,0,137,137,1,103.0,103.0,middle,middle,103,103,0.9807692307692308,0.9807692307692308
ocsvm,ocsvm_nu0p05_gamma_0p01,pooled,0.975,81,0,143,143,1,97.0,97.0,middle,middle,97,97,0.9752747252747253,0.9752747252747253
ocsvm,ocsvm_nu0p05_gamma_0p01,pooled,0.975,81,0,150,150,1,90.0,90.0,middle,middle,90,90,0.984065934065934,0.984065934065934
ocsvm,ocsvm_nu0p05_gamma_0p01,pooled,0.975,81,0,157,157,1,83.0,83.0,middle,middle,83,83,0.99010989010989,0.99010989010989
ocsvm,ocsvm_nu0p05_gamma_0p01,pooled,0.975,81,0,164,165,2,76.0,75.0,middle,middle,76,75,0.9934065934065934,0.9848901098901099
ocsvm,ocsvm_nu0p05_gamma_0p01,pooled,0.975,81,0,167,170,4,73.0,70.0,middle,middle,73,70,0.9983516483516484,0.9910714285714286
ocsvm,ocsvm_nu0p05_gamma_0p01,pooled,0.975,81,0,172,172,1,68.0,68.0,middle,middle,68,68,0.9857142857142858,0.9857142857142858
ocsvm,ocsvm_nu0p05_gamma_0p01,pooled,0.975,81,0,175,240,66,65.0,0.0,middle,near_failure,65,0,1.0,0.9996087246087247
ocsvm,ocsvm_nu0p05_gamma_0p01,pooled,0.975,89,0,4,4,1,213.0,213.0,healthy,healthy,213,213,0.9884615384615384,0.9884615384615384
ocsvm,ocsvm_nu0p05_gamma_0p01,pooled,0.975,89,0,17,17,1,200.0,200.0,healthy,healthy,200,200,0.9835164835164836,0.9835164835164836
ocsvm,ocsvm_nu0p05_gamma_0p01,pooled,0.975,89,0,154,154,1,63.0,63.0,middle,middle,63,63,0.9934065934065934,0.9934065934065934
ocsvm,ocsvm_nu0p05_gamma_0p01,pooled,0.975,89,0,165,165,1,52.0,52.0,middle,middle,52,52,0.9791208791208792,0.9791208791208792
ocsvm,ocsvm_nu0p05_gamma_0p01,pooled,0.975,89,0,169,169,1,48.0,48.0,middle,middle,48,48,0.978021978021978,0.978021978021978
ocsvm,ocsvm_nu0p05_gamma_0p01,pooled,0.975,89,0,171,173,3,46.0,44.0,middle,middle,46,44,0.9967032967032968,0.9846153846153847
ocsvm,ocsvm_nu0p05_gamma_0p01,pooled,0.975,89,0,175,176,2,42.0,41.0,middle,middle,42,41,1.0,0.9978021978021978
ocsvm,ocsvm_nu0p05_gamma_0p01,pooled,0.975,89,0,178,217,40,39.0,0.0,middle,near_failure,39,0,1.0,0.9997115384615384
ocsvm,ocsvm_nu0p05_gamma_0p01,pooled,0.975,91,0,6,7,2,129.0,128.0,healthy,healthy,129,128,0.9961538461538462,0.9870879120879121
ocsvm,ocsvm_nu0p05_gamma_0p01,pooled,0.975,91,0,22,24,3,113.0,111.0,middle,middle,113,111,0.9846153846153848,0.9820512820512821
ocsvm,ocsvm_nu0p05_gamma_0p01,pooled,0.975,91,0,26,26,1,109.0,109.0,middle,middle,109,109,0.978021978021978,0.978021978021978
ocsvm,ocsvm_nu0p05_gamma_0p01,pooled,0.975,91,0,32,33,2,103.0,102.0,middle,middle,103,102,0.9978021978021978,0.9934065934065934
ocsvm,ocsvm_nu0p05_gamma_0p01,pooled,0.975,91,0,42,45,4,93.0,90.0,middle,middle,93,90,1.0,0.9914835164835165
ocsvm,ocsvm_nu0p05_gamma_0p01,pooled,0.975,91,0,52,52,1,83.0,83.0,middle,middle,83,83,1.0,1.0
ocsvm,ocsvm_nu0p05_gamma_0p01,pooled,0.975,91,0,54,56,3,81.0,79.0,middle,middle,81,79,1.0,0.9950549450549451
ocsvm,ocsvm_nu0p05_gamma_0p01,pooled,0.975,91,0,58,59,2,77.0,76.0,middle,middle,77,76,0.9983516483516484,0.9901098901098901
ocsvm,ocsvm_nu0p05_gamma_0p01,pooled,0.975,91,0,61,61,1,74.0,74.0,middle,middle,74,74,0.9928571428571428,0.9928571428571428
ocsvm,ocsvm_nu0p05_gamma_0p01,pooled,0.975,91,0,63,65,3,72.0,70.0,middle,middle,72,70,0.9906593406593408,0.9884615384615385
ocsvm,ocsvm_nu0p05_gamma_0p01,pooled,0.975,91,0,68,68,1,67.0,67.0,middle,middle,67,67,0.9857142857142858,0.9857142857142858
ocsvm,ocsvm_nu0p05_gamma_0p01,pooled,0.975,91,0,70,71,2,65.0,64.0,middle,middle,65,64,0.9983516483516484,0.996978021978022
ocsvm,ocsvm_nu0p05_gamma_0p01,pooled,0.975,91,0,73,80,8,62.0,55.0,middle,middle,62,55,1.0,0.9985576923076923
ocsvm,ocsvm_nu0p05_gamma_0p01,pooled,0.975,91,0,82,135,54,53.0,0.0,middle,near_failure,53,0,1.0,0.9996540496540497
ocsvm,ocsvm_nu0p05_gamma_0p01,pooled,0.99,1,0,149,154,6,43.0,38.0,middle,middle,43,38,1.0,0.9954212454212454
ocsvm,ocsvm_nu0p05_gamma_0p01,pooled,0.99,1,0,156,192,37,36.0,0.0,middle,near_failure,36,0,1.0,0.9995990495990497
ocsvm,ocsvm_nu0p05_gamma_0p01,pooled,0.99,5,0,7,7,1,262.0,262.0,healthy,healthy,262,262,0.993956043956044,0.993956043956044
ocsvm,ocsvm_nu0p05_gamma_0p01,pooled,0.99,5,0,16,16,1,253.0,253.0,healthy,healthy,253,253,0.9917582417582418,0.9917582417582418
ocsvm,ocsvm_nu0p05_gamma_0p01,pooled,0.99,5,0,23,23,1,246.0,246.0,healthy,healthy,246,246,0.9989010989010988,0.9989010989010988
ocsvm,ocsvm_nu0p05_gamma_0p01,pooled,0.99,5,0,29,30,2,240.0,239.0,healthy,healthy,240,239,0.9956043956043956,0.9953296703296703
ocsvm,ocsvm_nu0p05_gamma_0p01,pooled,0.99,5,0,123,123,1,146.0,146.0,healthy,healthy,146,146,0.993956043956044,0.993956043956044
ocsvm,ocsvm_nu0p05_gamma_0p01,pooled,0.99,5,0,152,152,1,117.0,117.0,middle,middle,117,117,0.99010989010989,0.99010989010989
ocsvm,ocsvm_nu0p05_gamma_0p01,pooled,0.99,5,0,160,160,1,109.0,109.0,middle,middle,109,109,0.9906593406593408,0.9906593406593408
ocsvm,ocsvm_nu0p05_gamma_0p01,pooled,0.99,5,0,169,170,2,100.0,99.0,middle,middle,100,99,0.9983516483516484,0.9956043956043956
ocsvm,ocsvm_nu0p05_gamma_0p01,pooled,0.99,5,0,173,173,1,96.0,96.0,middle,middle,96,96,0.9983516483516484,0.9983516483516484
ocsvm,ocsvm_nu0p05_gamma_0p01,pooled,0.99,5,0,180,181,2,89.0,88.0,middle,middle,89,88,1.0,1.0
ocsvm,ocsvm_nu0p05_gamma_0p01,pooled,0.99,5,0,183,185,3,86.0,84.0,middle,middle,86,84,1.0,0.9941391941391942
ocsvm,ocsvm_nu0p05_gamma_0p01,pooled,0.99,5,0,187,196,10,82.0,73.0,middle,middle,82,73,1.0,0.9982967032967032
ocsvm,ocsvm_nu0p05_gamma_0p01,pooled,0.99,5,0,198,269,72,71.0,0.0,middle,near_failure,71,0,1.0,1.0
ocsvm,ocsvm_nu0p05_gamma_0p01,pooled,0.99,10,0,28,28,1,194.0,194.0,healthy,healthy,194,194,0.9923076923076924,0.9923076923076924
ocsvm,ocsvm_nu0p05_gamma_0p01,pooled,0.99,10,0,43,43,1,179.0,179.0,healthy,healthy,179,179,0.9956043956043956,0.9956043956043956
ocsvm,ocsvm_nu0p05_gamma_0p01,pooled,0.99,10,0,158,158,1,64.0,64.0,middle,middle,64,64,0.9934065934065934,0.9934065934065934
ocsvm,ocsvm_nu0p05_gamma_0p01,pooled,0.99,10,0,164,164,1,58.0,58.0,middle,middle,58,58,0.9917582417582418,0.9917582417582418
ocsvm,ocsvm_nu0p05_gamma_0p01,pooled,0.99,10,0,166,166,1,56.0,56.0,middle,middle,56,56,0.993956043956044,0.993956043956044
ocsvm,ocsvm_nu0p05_gamma_0p01,pooled,0.99,10,0,169,169,1,53.0,53.0,middle,middle,53,53,0.9961538461538462,0.9961538461538462
ocsvm,ocsvm_nu0p05_gamma_0p01,pooled,0.99,10,0,172,173,2,50.0,49.0,middle,middle,50,49,0.9989010989010988,0.9972527472527473
ocsvm,ocsvm_nu0p05_gamma_0p01,pooled,0.99,10,0,175,178,4,47.0,44.0,middle,middle,47,44,1.0,0.9986263736263736
ocsvm,ocsvm_nu0p05_gamma_0p01,pooled,0.99,10,0,180,222,43,42.0,0.0,middle,near_failure,42,0,1.0,0.9997955532839253
ocsvm,ocsvm_nu0p05_gamma_0p01,pooled,0.99,11,0,14,14,1,226.0,226.0,healthy,healthy,226,226,0.9917582417582418,0.9917582417582418
ocsvm,ocsvm_nu0p05_gamma_0p01,pooled,0.99,11,0,159,159,1,81.0,81.0,middle,middle,81,81,0.99010989010989,0.99010989010989
ocsvm,ocsvm_nu0p05_gamma_0p01,pooled,0.99,11,0,178,179,2,62.0,61.0,middle,middle,62,61,0.9956043956043956,0.9942307692307693
ocsvm,ocsvm_nu0p05_gamma_0p01,pooled,0.99,11,0,182,240,59,58.0,0.0,middle,near_failure,58,0,1.0,0.9996740547588006
ocsvm,ocsvm_nu0p05_gamma_0p01,pooled,0.99,13,0,95,95,1,68.0,68.0,middle,middle,68,68,0.9934065934065934,0.9934065934065934
ocsvm,ocsvm_nu0p05_gamma_0p01,pooled,0.99,13,0,101,101,1,62.0,62.0,middle,middle,62,62,0.9917582417582418,0.9917582417582418
ocsvm,ocsvm_nu0p05_gamma_0p01,pooled,0.99,13,0,106,107,2,57.0,56.0,middle,middle,57,56,1.0,0.9961538461538462
ocsvm,ocsvm_nu0p05_gamma_0p01,pooled,0.99,13,0,109,163,55,54.0,0.0,middle,near_failure,54,0,1.0,0.9997802197802199
ocsvm,ocsvm_nu0p05_gamma_0p01,pooled,0.99,16,0,28,28,1,181.0,181.0,healthy,healthy,181,181,0.9961538461538462,0.9961538461538462
ocsvm,ocsvm_nu0p05_gamma_0p01,pooled,0.99,16,0,43,43,1,166.0,166.0,healthy,healthy,166,166,0.99010989010989,0.99010989010989
ocsvm,ocsvm_nu0p05_gamma_0p01,pooled,0.99,16,0,56,56,1,153.0,153.0,healthy,healthy,153,153,0.9928571428571428,0.9928571428571428
ocsvm,ocsvm_nu0p05_gamma_0p01,pooled,0.99,16,0,63,63,1,146.0,146.0,healthy,healthy,146,146,0.993956043956044,0.993956043956044
ocsvm,ocsvm_nu0p05_gamma_0p01,pooled,0.99,16,0,70,71,2,139.0,138.0,healthy,healthy,139,138,0.993956043956044,0.9920329670329671
ocsvm,ocsvm_nu0p05_gamma_0p01,pooled,0.99,16,0,73,73,1,136.0,136.0,healthy,healthy,136,136,0.9983516483516484,0.9983516483516484
ocsvm,ocsvm_nu0p05_gamma_0p01,pooled,0.99,16,0,78,78,1,131.0,131.0,healthy,healthy,131,131,0.9978021978021978,0.9978021978021978
ocsvm,ocsvm_nu0p05_gamma_0p01,pooled,0.99,16,0,83,83,1,126.0,126.0,healthy,healthy,126,126,0.9983516483516484,0.9983516483516484
ocsvm,ocsvm_nu0p05_gamma_0p01,pooled,0.99,16,0,88,88,1,121.0,121.0,middle,middle,121,121,1.0,1.0
ocsvm,ocsvm_nu0p05_gamma_0p01,pooled,0.99,16,0,91,91,1,118.0,118.0,middle,middle,118,118,1.0,1.0
ocsvm,ocsvm_nu0p05_gamma_0p01,pooled,0.99,16,0,94,94,1,115.0,115.0,middle,middle,115,115,0.993956043956044,0.993956043956044
ocsvm,ocsvm_nu0p05_gamma_0p01,pooled,0.99,16,0,97,97,1,112.0,112.0,middle,middle,112,112,1.0,1.0
ocsvm,ocsvm_nu0p05_gamma_0p01,pooled,0.99,16,0,100,101,2,109.0,108.0,middle,middle,109,108,0.9956043956043956,0.9956043956043956
ocsvm,ocsvm_nu0p05_gamma_0p01,pooled,0.99,16,0,104,105,2,105.0,104.0,middle,middle,105,104,1.0,0.9991758241758242
ocsvm,ocsvm_nu0p05_gamma_0p01,pooled,0.99,16,0,110,112,3,99.0,97.0,middle,middle,99,97,0.9983516483516484,0.9952380952380953
ocsvm,ocsvm_nu0p05_gamma_0p01,pooled,0.99,16,0,116,117,2,93.0,92.0,middle,middle,93,92,1.0,1.0
ocsvm,ocsvm_nu0p05_gamma_0p01,pooled,0.99,16,0,120,122,3,89.0,87.0,middle,middle,89,87,1.0,1.0
ocsvm,ocsvm_nu0p05_gamma_0p01,pooled,0.99,16,0,124,126,3,85.0,83.0,middle,middle,85,83,1.0,0.9976190476190476
ocsvm,ocsvm_nu0p05_gamma_0p01,pooled,0.99,16,0,128,209,82,81.0,0.0,middle,near_failure,81,0,1.0,0.9998458858214956
ocsvm,ocsvm_nu0p05_gamma_0p01,pooled,0.99,27,0,94,98,5,62.0,58.0,middle,middle,62,58,1.0,0.9970329670329671
ocsvm,ocsvm_nu0p05_gamma_0p01,pooled,0.99,27,0,102,103,2,54.0,53.0,middle,middle,54,53,1.0,1.0
ocsvm,ocsvm_nu0p05_gamma_0p01,pooled,0.99,27,0,106,107,2,50.0,49.0,middle,middle,50,49,1.0,0.9991758241758242
ocsvm,ocsvm_nu0p05_gamma_0p01,pooled,0.99,27,0,109,156,48,47.0,0.0,middle,near_failure,47,0,1.0,0.9999656593406593
ocsvm,ocsvm_nu0p05_gamma_0p01,pooled,0.99,31,0,48,48,1,186.0,186.0,healthy,healthy,186,186,0.99010989010989,0.99010989010989
ocsvm,ocsvm_nu0p05_gamma_0p01,pooled,0.99,31,0,167,167,1,67.0,67.0,middle,middle,67,67,0.9912087912087912,0.9912087912087912
ocsvm,ocsvm_nu0p05_gamma_0p01,pooled,0.99,31,0,185,185,1,49.0,49.0,middle,middle,49,49,0.9928571428571428,0.9928571428571428
ocsvm,ocsvm_nu0p05_gamma_0p01,pooled,0.99,31,0,188,188,1,46.0,46.0,middle,middle,46,46,0.9950549450549452,0.9950549450549452
ocsvm,ocsvm_nu0p05_gamma_0p01,pooled,0.99,31,0,195,234,40,39.0,0.0,middle,near_failure,39,0,1.0,0.9996565934065934
ocsvm,ocsvm_nu0p05_gamma_0p01,pooled,0.99,34,0,93,93,1,102.0,102.0,middle,middle,102,102,0.9950549450549452,0.9950549450549452
ocsvm,ocsvm_nu0p05_gamma_0p01,pooled,0.99,34,0,123,125,3,72.0,70.0,middle,middle,72,70,0.9989010989010988,0.9970695970695971
ocsvm,ocsvm_nu0p05_gamma_0p01,pooled,0.99,34,0,127,137,11,68.0,58.0,middle,middle,68,58,1.0,0.9974025974025974
ocsvm,ocsvm_nu0p05_gamma_0p01,pooled,0.99,34,0,139,195,57,56.0,0.0,middle,near_failure,56,0,1.0,1.0
ocsvm,ocsvm_nu0p05_gamma_0p01,pooled,0.99,40,0,36,36,1,152.0,152.0,healthy,healthy,152,152,0.9928571428571428,0.9928571428571428
ocsvm,ocsvm_nu0p05_gamma_0p01,pooled,0.99,40,0,39,39,1,149.0,149.0,healthy,healthy,149,149,0.9923076923076924,0.9923076923076924
ocsvm,ocsvm_nu0p05_gamma_0p01,pooled,0.99,40,0,76,77,2,112.0,111.0,middle,middle,112,111,0.9956043956043956,0.9942307692307693
ocsvm,ocsvm_nu0p05_gamma_0p01,pooled,0.99,40,0,81,81,1,107.0,107.0,middle,middle,107,107,0.9983516483516484,0.9983516483516484
ocsvm,ocsvm_nu0p05_gamma_0p01,pooled,0.99,40,0,86,87,2,102.0,101.0,middle,middle,102,101,1.0,1.0
ocsvm,ocsvm_nu0p05_gamma_0p01,pooled,0.99,40,0,91,92,2,97.0,96.0,middle,middle,97,96,0.9983516483516484,0.9950549450549451
ocsvm,ocsvm_nu0p05_gamma_0p01,pooled,0.99,40,0,95,95,1,93.0,93.0,middle,middle,93,93,1.0,1.0
ocsvm,ocsvm_nu0p05_gamma_0p01,pooled,0.99,40,0,98,98,1,90.0,90.0,middle,middle,90,90,1.0,1.0
ocsvm,ocsvm_nu0p05_gamma_0p01,pooled,0.99,40,0,100,103,4,88.0,85.0,middle,middle,88,85,0.9989010989010988,0.9960164835164835
ocsvm,ocsvm_nu0p05_gamma_0p01,pooled,0.99,40,0,106,111,6,82.0,77.0,middle,middle,82,77,1.0,0.9968864468864469
ocsvm,ocsvm_nu0p05_gamma_0p01,pooled,0.99,40,0,114,114,1,74.0,74.0,middle,middle,74,74,1.0,1.0
ocsvm,ocsvm_nu0p05_gamma_0p01,pooled,0.99,40,0,116,188,73,72.0,0.0,middle,near_failure,72,0,1.0,0.9998419388830347
ocsvm,ocsvm_nu0p05_gamma_0p01,pooled,0.99,41,0,132,132,1,84.0,84.0,middle,middle,84,84,1.0,1.0
ocsvm,ocsvm_nu0p05_gamma_0p01,pooled,0.99,41,0,139,139,1,77.0,77.0,middle,middle,77,77,0.9917582417582418,0.9917582417582418
ocsvm,ocsvm_nu0p05_gamma_0p01,pooled,0.99,41,0,146,216,71,70.0,0.0,middle,near_failure,70,0,1.0,0.9995356755920136
ocsvm,ocsvm_nu0p05_gamma_0p01,pooled,0.99,45,0,9,9,1,149.0,149.0,healthy,healthy,149,149,1.0,1.0
ocsvm,ocsvm_nu0p05_gamma_0p01,pooled,0.99,45,0,27,27,1,131.0,131.0,healthy,healthy,131,131,0.9934065934065934,0.9934065934065934
ocsvm,ocsvm_nu0p05_gamma_0p01,pooled,0.99,45,0,47,47,1,111.0,111.0,middle,middle,111,111,0.9983516483516484,0.9983516483516484
ocsvm,ocsvm_nu0p05_gamma_0p01,pooled,0.99,45,0,100,100,1,58.0,58.0,middle,middle,58,58,0.9956043956043956,0.9956043956043956
ocsvm,ocsvm_nu0p05_gamma_0p01,pooled,0.99,45,0,106,106,1,52.0,52.0,middle,middle,52,52,0.9928571428571428,0.9928571428571428
ocsvm,ocsvm_nu0p05_gamma_0p01,pooled,0.99,45,0,114,114,1,44.0,44.0,middle,middle,44,44,1.0,1.0
ocsvm,ocsvm_nu0p05_gamma_0p01,pooled,0.99,45,0,116,116,1,42.0,42.0,middle,middle,42,42,1.0,1.0
ocsvm,ocsvm_nu0p05_gamma_0p01,pooled,0.99,45,0,118,118,1,40.0,40.0,middle,middle,40,40,1.0,1.0
ocsvm,ocsvm_nu0p05_gamma_0p01,pooled,0.99,45,0,121,124,4,37.0,34.0,middle,middle,37,34,1.0,0.9989010989010989
ocsvm,ocsvm_nu0p05_gamma_0p01,pooled,0.99,45,0,126,158,33,32.0,0.0,middle,near_failure,32,0,1.0,0.9999000999000999
ocsvm,ocsvm_nu0p05_gamma_0p01,pooled,0.99,46,0,1,1,1,255.0,255.0,healthy,healthy,255,255,0.9917582417582418,0.9917582417582418
ocsvm,ocsvm_nu0p05_gamma_0p01,pooled,0.99,46,0,64,64,1,192.0,192.0,healthy,healthy,192,192,0.9983516483516484,0.9983516483516484
ocsvm,ocsvm_nu0p05_gamma_0p01,pooled,0.99,46,0,203,203,1,53.0,53.0,middle,middle,53,53,0.9983516483516484,0.9983516483516484
ocsvm,ocsvm_nu0p05_gamma_0p01,pooled,0.99,46,0,209,211,3,47.0,45.0,middle,middle,47,45,0.9983516483516484,0.9978021978021978
ocsvm,ocsvm_nu0p05_gamma_0p01,pooled,0.99,46,0,213,213,1,43.0,43.0,middle,middle,43,43,0.9983516483516484,0.9983516483516484
ocsvm,ocsvm_nu0p05_gamma_0p01,pooled,0.99,46,0,216,256,41,40.0,0.0,middle,near_failure,40,0,1.0,0.9997989815062985
ocsvm,ocsvm_nu0p05_gamma_0p01,pooled,0.99,54,0,168,168,1,89.0,89.0,middle,middle,89,89,0.9923076923076924,0.9923076923076924
ocsvm,ocsvm_nu0p05_gamma_0p01,pooled,0.99,54,0,173,175,3,84.0,82.0,middle,middle,84,82,0.9934065934065934,0.9930402930402931
ocsvm,ocsvm_nu0p05_gamma_0p01,pooled,0.99,54,0,180,183,4,77.0,74.0,middle,middle,77,74,1.0,0.9991758241758242
ocsvm,ocsvm_nu0p05_gamma_0p01,pooled,0.99,54,0,185,187,3,72.0,70.0,middle,middle,72,70,1.0,0.9970695970695971
ocsvm,ocsvm_nu0p05_gamma_0p01,pooled,0.99,54,0,190,257,68,67.0,0.0,middle,near_failure,67,0,1.0,0.999951519069166
ocsvm,ocsvm_nu0p05_gamma_0p01,pooled,0.99,74,0,128,128,1,38.0,38.0,middle,middle,38,38,1.0,1.0
ocsvm,ocsvm_nu0p05_gamma_0p01,pooled,0.99,74,0,131,134,4,35.0,32.0,middle,middle,35,32,0.9983516483516484,0.9953296703296703
ocsvm,ocsvm_nu0p05_gamma_0p01,pooled,0.99,74,0,136,166,31,30.0,0.0,near_failure,near_failure,30,0,1.0,0.9995746189294576
ocsvm,ocsvm_nu0p05_gamma_0p01,pooled,0.99,77,0,23,23,1,131.0,131.0,healthy,healthy,131,131,1.0,1.0
ocsvm,ocsvm_nu0p05_gamma_0p01,pooled,0.99,77,0,35,35,1,119.0,119.0,middle,middle,119,119,0.9934065934065934,0.9934065934065934
ocsvm,ocsvm_nu0p05_gamma_0p01,pooled,0.99,77,0,80,80,1,74.0,74.0,middle,middle,74,74,0.9956043956043956,0.9956043956043956
ocsvm,ocsvm_nu0p05_gamma_0p01,pooled,0.99,77,0,89,89,1,65.0,65.0,middle,middle,65,65,0.9961538461538462,0.9961538461538462
ocsvm,ocsvm_nu0p05_gamma_0p01,pooled,0.99,77,0,95,95,1,59.0,59.0,middle,middle,59,59,0.9983516483516484,0.9983516483516484
ocsvm,ocsvm_nu0p05_gamma_0p01,pooled,0.99,77,0,99,100,2,55.0,54.0,middle,middle,55,54,1.0,0.9964285714285714
ocsvm,ocsvm_nu0p05_gamma_0p01,pooled,0.99,77,0,105,105,1,49.0,49.0,middle,middle,49,49,1.0,1.0
ocsvm,ocsvm_nu0p05_gamma_0p01,pooled,0.99,77,0,107,107,1,47.0,47.0,middle,middle,47,47,0.9983516483516484,0.9983516483516484
ocsvm,ocsvm_nu0p05_gamma_0p01,pooled,0.99,77,0,109,109,1,45.0,45.0,middle,middle,45,45,0.9983516483516484,0.9983516483516484
ocsvm,ocsvm_nu0p05_gamma_0p01,pooled,0.99,77,0,111,111,1,43.0,43.0,middle,middle,43,43,0.9967032967032968,0.9967032967032968
ocsvm,ocsvm_nu0p05_gamma_0p01,pooled,0.99,77,0,113,113,1,41.0,41.0,middle,middle,41,41,1.0,1.0
ocsvm,ocsvm_nu0p05_gamma_0p01,pooled,0.99,77,0,115,154,40,39.0,0.0,middle,near_failure,39,0,1.0,0.9996565934065934
ocsvm,ocsvm_nu0p05_gamma_0p01,pooled,0.99,78,0,1,4,4,230.0,227.0,healthy,healthy,230,227,1.0,0.9967032967032967
ocsvm,ocsvm_nu0p05_gamma_0p01,pooled,0.99,78,0,11,11,1,220.0,220.0,healthy,healthy,220,220,0.9923076923076924,0.9923076923076924
ocsvm,ocsvm_nu0p05_gamma_0p01,pooled,0.99,78,0,20,20,1,211.0,211.0,healthy,healthy,211,211,0.9956043956043956,0.9956043956043956
ocsvm,ocsvm_nu0p05_gamma_0p01,pooled,0.99,78,0,32,32,1,199.0,199.0,healthy,healthy,199,199,0.9928571428571428,0.9928571428571428
ocsvm,ocsvm_nu0p05_gamma_0p01,pooled,0.99,78,0,35,35,1,196.0,196.0,healthy,healthy,196,196,0.9983516483516484,0.9983516483516484
ocsvm,ocsvm_nu0p05_gamma_0p01,pooled,0.99,78,0,45,45,1,186.0,186.0,healthy,healthy,186,186,0.993956043956044,0.993956043956044
ocsvm,ocsvm_nu0p05_gamma_0p01,pooled,0.99,78,0,180,181,2,51.0,50.0,middle,middle,51,50,0.9983516483516484,0.9983516483516484
ocsvm,ocsvm_nu0p05_gamma_0p01,pooled,0.99,78,0,184,184,1,47.0,47.0,middle,middle,47,47,0.9961538461538462,0.9961538461538462
ocsvm,ocsvm_nu0p05_gamma_0p01,pooled,0.99,78,0,186,188,3,45.0,43.0,middle,middle,45,43,0.9983516483516484,0.9967032967032967
ocsvm,ocsvm_nu0p05_gamma_0p01,pooled,0.99,78,0,190,191,2,41.0,40.0,middle,middle,41,40,1.0,0.9978021978021978
ocsvm,ocsvm_nu0p05_gamma_0p01,pooled,0.99,78,0,193,231,39,38.0,0.0,middle,near_failure,38,0,1.0,0.9997604959143421
ocsvm,ocsvm_nu0p05_gamma_0p01,pooled,0.99,81,0,157,157,1,83.0,83.0,middle,middle,83,83,0.99010989010989,0.99010989010989
ocsvm,ocsvm_nu0p05_gamma_0p01,pooled,0.99,81,0,164,164,1,76.0,76.0,middle,middle,76,76,0.9934065934065934,0.9934065934065934
ocsvm,ocsvm_nu0p05_gamma_0p01,pooled,0.99,81,0,168,170,3,72.0,70.0,middle,middle,72,70,0.9983516483516484,0.9963369963369964
ocsvm,ocsvm_nu0p05_gamma_0p01,pooled,0.99,81,0,175,182,8,65.0,58.0,middle,middle,65,58,1.0,0.9987637362637363
ocsvm,ocsvm_nu0p05_gamma_0p01,pooled,0.99,81,0,184,240,57,56.0,0.0,middle,near_failure,56,0,1.0,0.9999421631000578
ocsvm,ocsvm_nu0p05_gamma_0p01,pooled,0.99,89,0,154,154,1,63.0,63.0,middle,middle,63,63,0.9934065934065934,0.9934065934065934
ocsvm,ocsvm_nu0p05_gamma_0p01,pooled,0.99,89,0,173,173,1,44.0,44.0,middle,middle,44,44,0.9967032967032968,0.9967032967032968
ocsvm,ocsvm_nu0p05_gamma_0p01,pooled,0.99,89,0,175,176,2,42.0,41.0,middle,middle,42,41,1.0,0.9978021978021978
ocsvm,ocsvm_nu0p05_gamma_0p01,pooled,0.99,89,0,178,217,40,39.0,0.0,middle,near_failure,39,0,1.0,0.9997115384615384
ocsvm,ocsvm_nu0p05_gamma_0p01,pooled,0.99,91,0,6,6,1,129.0,129.0,healthy,healthy,129,129,0.9961538461538462,0.9961538461538462
ocsvm,ocsvm_nu0p05_gamma_0p01,pooled,0.99,91,0,33,33,1,102.0,102.0,middle,middle,102,102,0.9978021978021978,0.9978021978021978
ocsvm,ocsvm_nu0p05_gamma_0p01,pooled,0.99,91,0,42,42,1,93.0,93.0,middle,middle,93,93,1.0,1.0
ocsvm,ocsvm_nu0p05_gamma_0p01,pooled,0.99,91,0,44,44,1,91.0,91.0,middle,middle,91,91,0.9967032967032968,0.9967032967032968
ocsvm,ocsvm_nu0p05_gamma_0p01,pooled,0.99,91,0,52,52,1,83.0,83.0,middle,middle,83,83,1.0,1.0
ocsvm,ocsvm_nu0p05_gamma_0p01,pooled,0.99,91,0,55,56,2,80.0,79.0,middle,middle,80,79,1.0,0.9983516483516484
ocsvm,ocsvm_nu0p05_gamma_0p01,pooled,0.99,91,0,59,59,1,76.0,76.0,middle,middle,76,76,0.9983516483516484,0.9983516483516484
ocsvm,ocsvm_nu0p05_gamma_0p01,pooled,0.99,91,0,61,61,1,74.0,74.0,middle,middle,74,74,0.9928571428571428,0.9928571428571428
ocsvm,ocsvm_nu0p05_gamma_0p01,pooled,0.99,91,0,65,65,1,70.0,70.0,middle,middle,70,70,0.9906593406593408,0.9906593406593408
ocsvm,ocsvm_nu0p05_gamma_0p01,pooled,0.99,91,0,70,71,2,65.0,64.0,middle,middle,65,64,0.9983516483516484,0.996978021978022
ocsvm,ocsvm_nu0p05_gamma_0p01,pooled,0.99,91,0,73,80,8,62.0,55.0,middle,middle,62,55,1.0,0.9985576923076923
ocsvm,ocsvm_nu0p05_gamma_0p01,pooled,0.99,91,0,82,89,8,53.0,46.0,middle,middle,53,46,1.0,0.999793956043956
ocsvm,ocsvm_nu0p05_gamma_0p01,pooled,0.99,91,0,91,135,45,44.0,0.0,middle,near_failure,44,0,1.0,1.0
ocsvm,ocsvm_nu0p05_gamma_0p01,engine_balanced,0.9,1,0,132,132,1,60.0,60.0,middle,middle,60,60,0.9745370370370372,0.9745370370370372
ocsvm,ocsvm_nu0p05_gamma_0p01,engine_balanced,0.9,1,0,139,139,1,53.0,53.0,middle,middle,53,53,0.9050925925925926,0.9050925925925926
ocsvm,ocsvm_nu0p05_gamma_0p01,engine_balanced,0.9,1,0,141,142,2,51.0,50.0,middle,middle,51,50,0.9629629629629628,0.9479166666666665
ocsvm,ocsvm_nu0p05_gamma_0p01,engine_balanced,0.9,1,0,145,145,1,47.0,47.0,middle,middle,47,47,0.9699074074074074,0.9699074074074074
ocsvm,ocsvm_nu0p05_gamma_0p01,engine_balanced,0.9,1,0,147,147,1,45.0,45.0,middle,middle,45,45,0.9652777777777778,0.9652777777777778
ocsvm,ocsvm_nu0p05_gamma_0p01,engine_balanced,0.9,1,0,149,192,44,43.0,0.0,middle,near_failure,43,0,1.0,0.9975799663299664
ocsvm,ocsvm_nu0p05_gamma_0p01,engine_balanced,0.9,5,0,4,4,1,265.0,265.0,healthy,healthy,265,265,0.9236111111111112,0.9236111111111112
ocsvm,ocsvm_nu0p05_gamma_0p01,engine_balanced,0.9,5,0,7,7,1,262.0,262.0,healthy,healthy,262,262,0.988425925925926,0.988425925925926
ocsvm,ocsvm_nu0p05_gamma_0p01,engine_balanced,0.9,5,0,10,10,1,259.0,259.0,healthy,healthy,259,259,0.9629629629629628,0.9629629629629628
ocsvm,ocsvm_nu0p05_gamma_0p01,engine_balanced,0.9,5,0,13,13,1,256.0,256.0,healthy,healthy,256,256,0.9212962962962964,0.9212962962962964
ocsvm,ocsvm_nu0p05_gamma_0p01,engine_balanced,0.9,5,0,16,16,1,253.0,253.0,healthy,healthy,253,253,0.988425925925926,0.988425925925926
ocsvm,ocsvm_nu0p05_gamma_0p01,engine_balanced,0.9,5,0,23,23,1,246.0,246.0,healthy,healthy,246,246,0.9976851851851852,0.9976851851851852
ocsvm,ocsvm_nu0p05_gamma_0p01,engine_balanced,0.9,5,0,26,27,2,243.0,242.0,healthy,healthy,243,242,0.960648148148148,0.9421296296296295
ocsvm,ocsvm_nu0p05_gamma_0p01,engine_balanced,0.9,5,0,29,30,2,240.0,239.0,healthy,healthy,240,239,0.9907407407407408,0.9895833333333335
ocsvm,ocsvm_nu0p05_gamma_0p01,engine_balanced,0.9,5,0,34,34,1,235.0,235.0,healthy,healthy,235,235,0.9444444444444444,0.9444444444444444
ocsvm,ocsvm_nu0p05_gamma_0p01,engine_balanced,0.9,5,0,36,36,1,233.0,233.0,healthy,healthy,233,233,0.9328703703703703,0.9328703703703703
ocsvm,ocsvm_nu0p05_gamma_0p01,engine_balanced,0.9,5,0,45,45,1,224.0,224.0,healthy,healthy,224,224,0.9166666666666666,0.9166666666666666
ocsvm,ocsvm_nu0p05_gamma_0p01,engine_balanced,0.9,5,0,48,48,1,221.0,221.0,healthy,healthy,221,221,0.976851851851852,0.976851851851852
ocsvm,ocsvm_nu0p05_gamma_0p01,engine_balanced,0.9,5,0,51,51,1,218.0,218.0,healthy,healthy,218,218,0.9236111111111112,0.9236111111111112
ocsvm,ocsvm_nu0p05_gamma_0p01,engine_balanced,0.9,5,0,53,53,1,216.0,216.0,healthy,healthy,216,216,0.9189814814814816,0.9189814814814816
ocsvm,ocsvm_nu0p05_gamma_0p01,engine_balanced,0.9,5,0,59,59,1,210.0,210.0,healthy,healthy,210,210,0.9398148148148148,0.9398148148148148
ocsvm,ocsvm_nu0p05_gamma_0p01,engine_balanced,0.9,5,0,65,65,1,204.0,204.0,healthy,healthy,204,204,0.976851851851852,0.976851851851852
ocsvm,ocsvm_nu0p05_gamma_0p01,engine_balanced,0.9,5,0,67,68,2,202.0,201.0,healthy,healthy,202,201,0.9722222222222222,0.9363425925925926
ocsvm,ocsvm_nu0p05_gamma_0p01,engine_balanced,0.9,5,0,70,71,2,199.0,198.0,healthy,healthy,199,198,0.9583333333333334,0.9560185185185185
ocsvm,ocsvm_nu0p05_gamma_0p01,engine_balanced,0.9,5,0,74,75,2,195.0,194.0,healthy,healthy,195,194,0.976851851851852,0.9641203703703705
ocsvm,ocsvm_nu0p05_gamma_0p01,engine_balanced,0.9,5,0,87,87,1,182.0,182.0,healthy,healthy,182,182,0.9675925925925926,0.9675925925925926
ocsvm,ocsvm_nu0p05_gamma_0p01,engine_balanced,0.9,5,0,97,97,1,172.0,172.0,healthy,healthy,172,172,0.9282407407407408,0.9282407407407408
ocsvm,ocsvm_nu0p05_gamma_0p01,engine_balanced,0.9,5,0,100,100,1,169.0,169.0,healthy,healthy,169,169,0.976851851851852,0.976851851851852
ocsvm,ocsvm_nu0p05_gamma_0p01,engine_balanced,0.9,5,0,103,103,1,166.0,166.0,healthy,healthy,166,166,0.9236111111111112,0.9236111111111112
ocsvm,ocsvm_nu0p05_gamma_0p01,engine_balanced,0.9,5,0,123,123,1,146.0,146.0,healthy,healthy,146,146,0.988425925925926,0.988425925925926
ocsvm,ocsvm_nu0p05_gamma_0p01,engine_balanced,0.9,5,0,137,137,1,132.0,132.0,healthy,healthy,132,132,0.9421296296296297,0.9421296296296297
ocsvm,ocsvm_nu0p05_gamma_0p01,engine_balanced,0.9,5,0,144,144,1,125.0,125.0,middle,middle,125,125,0.9189814814814816,0.9189814814814816
ocsvm,ocsvm_nu0p05_gamma_0p01,engine_balanced,0.9,5,0,147,147,1,122.0,122.0,middle,middle,122,122,0.9745370370370372,0.9745370370370372
ocsvm,ocsvm_nu0p05_gamma_0p01,engine_balanced,0.9,5,0,152,152,1,117.0,117.0,middle,middle,117,117,0.9814814814814816,0.9814814814814816
ocsvm,ocsvm_nu0p05_gamma_0p01,engine_balanced,0.9,5,0,155,155,1,114.0,114.0,middle,middle,114,114,0.9050925925925926,0.9050925925925926
ocsvm,ocsvm_nu0p05_gamma_0p01,engine_balanced,0.9,5,0,158,158,1,111.0,111.0,middle,middle,111,111,0.9745370370370372,0.9745370370370372
ocsvm,ocsvm_nu0p05_gamma_0p01,engine_balanced,0.9,5,0,160,160,1,109.0,109.0,middle,middle,109,109,0.9837962962962964,0.9837962962962964
ocsvm,ocsvm_nu0p05_gamma_0p01,engine_balanced,0.9,5,0,163,163,1,106.0,106.0,middle,middle,106,106,0.9629629629629628,0.9629629629629628
ocsvm,ocsvm_nu0p05_gamma_0p01,engine_balanced,0.9,5,0,165,165,1,104.0,104.0,middle,middle,104,104,0.9675925925925926,0.9675925925925926
ocsvm,ocsvm_nu0p05_gamma_0p01,engine_balanced,0.9,5,0,168,170,3,101.0,99.0,middle,middle,101,99,0.9953703703703703,0.9822530864197531
ocsvm,ocsvm_nu0p05_gamma_0p01,engine_balanced,0.9,5,0,172,173,2,97.0,96.0,middle,middle,97,96,0.9953703703703703,0.9756944444444444
ocsvm,ocsvm_nu0p05_gamma_0p01,engine_balanced,0.9,5,0,175,175,1,94.0,94.0,middle,middle,94,94,0.9421296296296297,0.9421296296296297
ocsvm,ocsvm_nu0p05_gamma_0p01,engine_balanced,0.9,5,0,177,269,93,92.0,0.0,middle,near_failure,92,0,1.0,0.9961917562724015
ocsvm,ocsvm_nu0p05_gamma_0p01,engine_balanced,0.9,10,0,13,13,1,209.0,209.0,healthy,healthy,209,209,0.9583333333333334,0.9583333333333334
ocsvm,ocsvm_nu0p05_gamma_0p01,engine_balanced,0.9,10,0,15,16,2,207.0,206.0,healthy,healthy,207,206,0.9583333333333334,0.9293981481481481
ocsvm,ocsvm_nu0p05_gamma_0p01,engine_balanced,0.9,10,0,28,29,2,194.0,193.0,healthy,healthy,194,193,0.988425925925926,0.9780092592592593
ocsvm,ocsvm_nu0p05_gamma_0p01,engine_balanced,0.9,10,0,39,39,1,183.0,183.0,healthy,healthy,183,183,0.9004629629629629,0.9004629629629629
ocsvm,ocsvm_nu0p05_gamma_0p01,engine_balanced,0.9,10,0,43,43,1,179.0,179.0,healthy,healthy,179,179,0.9907407407407408,0.9907407407407408
ocsvm,ocsvm_nu0p05_gamma_0p01,engine_balanced,0.9,10,0,57,57,1,165.0,165.0,healthy,healthy,165,165,0.9236111111111112,0.9236111111111112
ocsvm,ocsvm_nu0p05_gamma_0p01,engine_balanced,0.9,10,0,61,61,1,161.0,161.0,healthy,healthy,161,161,0.9375,0.9375
ocsvm,ocsvm_nu0p05_gamma_0p01,engine_balanced,0.9,10,0,67,67,1,155.0,155.0,healthy,healthy,155,155,0.9745370370370372,0.9745370370370372
ocsvm,ocsvm_nu0p05_gamma_0p01,engine_balanced,0.9,10,0,75,75,1,147.0,147.0,healthy,healthy,147,147,0.9004629629629629,0.9004629629629629
ocsvm,ocsvm_nu0p05_gamma_0p01,engine_balanced,0.9,10,0,90,90,1,132.0,132.0,healthy,healthy,132,132,0.9236111111111112,0.9236111111111112
ocsvm,ocsvm_nu0p05_gamma_0p01,engine_balanced,0.9,10,0,103,103,1,119.0,119.0,middle,middle,119,119,0.9537037037037036,0.9537037037037036
ocsvm,ocsvm_nu0p05_gamma_0p01,engine_balanced,0.9,10,0,155,155,1,67.0,67.0,middle,middle,67,67,0.9699074074074074,0.9699074074074074
ocsvm,ocsvm_nu0p05_gamma_0p01,engine_balanced,0.9,10,0,157,158,2,65.0,64.0,middle,middle,65,64,0.988425925925926,0.957175925925926
ocsvm,ocsvm_nu0p05_gamma_0p01,engine_balanced,0.9,10,0,164,167,4,58.0,55.0,middle,middle,58,55,0.988425925925926,0.9652777777777778
ocsvm,ocsvm_nu0p05_gamma_0p01,engine_balanced,0.9,10,0,169,169,1,53.0,53.0,middle,middle,53,53,0.9930555555555556,0.9930555555555556
ocsvm,ocsvm_nu0p05_gamma_0p01,engine_balanced,0.9,10,0,172,222,51,50.0,0.0,middle,near_failure,50,0,1.0,0.9964596949891067
ocsvm,ocsvm_nu0p05_gamma_0p01,engine_balanced,0.9,11,0,2,2,1,238.0,238.0,healthy,healthy,238,238,0.9745370370370372,0.9745370370370372
ocsvm,ocsvm_nu0p05_gamma_0p01,engine_balanced,0.9,11,0,9,9,1,231.0,231.0,healthy,healthy,231,231,0.9375,0.9375
ocsvm,ocsvm_nu0p05_gamma_0p01,engine_balanced,0.9,11,0,14,14,1,226.0,226.0,healthy,healthy,226,226,0.988425925925926,0.988425925925926
ocsvm,ocsvm_nu0p05_gamma_0p01,engine_balanced,0.9,11,0,25,25,1,215.0,215.0,healthy,healthy,215,215,0.9421296296296297,0.9421296296296297
ocsvm,ocsvm_nu0p05_gamma_0p01,engine_balanced,0.9,11,0,35,35,1,205.0,205.0,healthy,healthy,205,205,0.9583333333333334,0.9583333333333334
ocsvm,ocsvm_nu0p05_gamma_0p01,engine_balanced,0.9,11,0,39,39,1,201.0,201.0,healthy,healthy,201,201,0.960648148148148,0.960648148148148
ocsvm,ocsvm_nu0p05_gamma_0p01,engine_balanced,0.9,11,0,50,50,1,190.0,190.0,healthy,healthy,190,190,0.9282407407407408,0.9282407407407408
ocsvm,ocsvm_nu0p05_gamma_0p01,engine_balanced,0.9,11,0,159,159,1,81.0,81.0,middle,middle,81,81,0.9814814814814816,0.9814814814814816
ocsvm,ocsvm_nu0p05_gamma_0p01,engine_balanced,0.9,11,0,171,175,5,69.0,65.0,middle,middle,69,65,0.9583333333333334,0.9361111111111111
ocsvm,ocsvm_nu0p05_gamma_0p01,engine_balanced,0.9,11,0,177,240,64,63.0,0.0,middle,near_failure,63,0,1.0,0.996166087962963
ocsvm,ocsvm_nu0p05_gamma_0p01,engine_balanced,0.9,13,0,49,49,1,114.0,114.0,middle,middle,114,114,0.9236111111111112,0.9236111111111112
ocsvm,ocsvm_nu0p05_gamma_0p01,engine_balanced,0.9,13,0,92,92,1,71.0,71.0,middle,middle,71,71,0.9722222222222222,0.9722222222222222
ocsvm,ocsvm_nu0p05_gamma_0p01,engine_balanced,0.9,13,0,95,95,1,68.0,68.0,middle,middle,68,68,0.988425925925926,0.988425925925926
ocsvm,ocsvm_nu0p05_gamma_0p01,engine_balanced,0.9,13,0,98,98,1,65.0,65.0,middle,middle,65,65,0.9629629629629628,0.9629629629629628
ocsvm,ocsvm_nu0p05_gamma_0p01,engine_balanced,0.9,13,0,101,101,1,62.0,62.0,middle,middle,62,62,0.988425925925926,0.988425925925926
ocsvm,ocsvm_nu0p05_gamma_0p01,engine_balanced,0.9,13,0,103,163,61,60.0,0.0,middle,near_failure,60,0,1.0,0.9976851851851852
ocsvm,ocsvm_nu0p05_gamma_0p01,engine_balanced,0.9,16,0,4,4,1,205.0,205.0,healthy,healthy,205,205,0.9189814814814816,0.9189814814814816
ocsvm,ocsvm_nu0p05_gamma_0p01,engine_balanced,0.9,16,0,7,7,1,202.0,202.0,healthy,healthy,202,202,0.976851851851852,0.976851851851852
ocsvm,ocsvm_nu0p05_gamma_0p01,engine_balanced,0.9,16,0,14,14,1,195.0,195.0,healthy,healthy,195,195,0.9004629629629629,0.9004629629629629
ocsvm,ocsvm_nu0p05_gamma_0p01,engine_balanced,0.9,16,0,17,17,1,192.0,192.0,healthy,healthy,192,192,0.949074074074074,0.949074074074074
ocsvm,ocsvm_nu0p05_gamma_0p01,engine_balanced,0.9,16,0,28,28,1,181.0,181.0,healthy,healthy,181,181,0.9930555555555556,0.9930555555555556
ocsvm,ocsvm_nu0p05_gamma_0p01,engine_balanced,0.9,16,0,41,41,1,168.0,168.0,healthy,healthy,168,168,0.914351851851852,0.914351851851852
ocsvm,ocsvm_nu0p05_gamma_0p01,engine_balanced,0.9,16,0,43,43,1,166.0,166.0,healthy,healthy,166,166,0.9814814814814816,0.9814814814814816
ocsvm,ocsvm_nu0p05_gamma_0p01,engine_balanced,0.9,16,0,46,47,2,163.0,162.0,healthy,healthy,163,162,0.9675925925925926,0.9421296296296295
ocsvm,ocsvm_nu0p05_gamma_0p01,engine_balanced,0.9,16,0,49,50,2,160.0,159.0,healthy,healthy,160,159,0.9722222222222222,0.9467592592592593
ocsvm,ocsvm_nu0p05_gamma_0p01,engine_balanced,0.9,16,0,53,53,1,156.0,156.0,healthy,healthy,156,156,0.9629629629629628,0.9629629629629628
ocsvm,ocsvm_nu0p05_gamma_0p01,engine_balanced,0.9,16,0,55,56,2,154.0,153.0,healthy,healthy,154,153,0.988425925925926,0.974537037037037
ocsvm,ocsvm_nu0p05_gamma_0p01,engine_balanced,0.9,16,0,59,59,1,150.0,150.0,healthy,healthy,150,150,0.914351851851852,0.914351851851852
ocsvm,ocsvm_nu0p05_gamma_0p01,engine_balanced,0.9,16,0,62,63,2,147.0,146.0,healthy,healthy,147,146,0.988425925925926,0.9699074074074074
ocsvm,ocsvm_nu0p05_gamma_0p01,engine_balanced,0.9,16,0,70,73,4,139.0,136.0,healthy,healthy,139,136,0.9953703703703703,0.972800925925926
ocsvm,ocsvm_nu0p05_gamma_0p01,engine_balanced,0.9,16,0,75,75,1,134.0,134.0,healthy,healthy,134,134,0.914351851851852,0.914351851851852
ocsvm,ocsvm_nu0p05_gamma_0p01,engine_balanced,0.9,16,0,78,78,1,131.0,131.0,healthy,healthy,131,131,0.9930555555555556,0.9930555555555556
ocsvm,ocsvm_nu0p05_gamma_0p01,engine_balanced,0.9,16,0,80,81,2,129.0,128.0,healthy,healthy,129,128,0.960648148148148,0.9317129629629629
ocsvm,ocsvm_nu0p05_gamma_0p01,engine_balanced,0.9,16,0,83,83,1,126.0,126.0,healthy,healthy,126,126,0.9953703703703703,0.9953703703703703
ocsvm,ocsvm_nu0p05_gamma_0p01,engine_balanced,0.9,16,0,87,89,3,122.0,120.0,middle,middle,122,120,1.0,0.9637345679012346
ocsvm,ocsvm_nu0p05_gamma_0p01,engine_balanced,0.9,16,0,91,91,1,118.0,118.0,middle,middle,118,118,1.0,1.0
ocsvm,ocsvm_nu0p05_gamma_0p01,engine_balanced,0.9,16,0,93,95,3,116.0,114.0,middle,middle,116,114,0.988425925925926,0.9745370370370371
ocsvm,ocsvm_nu0p05_gamma_0p01,engine_balanced,0.9,16,0,97,112,16,112.0,97.0,middle,middle,112,97,1.0,0.9745370370370371
ocsvm,ocsvm_nu0p05_gamma_0p01,engine_balanced,0.9,16,0,114,114,1,95.0,95.0,middle,middle,95,95,0.9212962962962964,0.9212962962962964
ocsvm,ocsvm_nu0p05_gamma_0p01,engine_balanced,0.9,16,0,116,118,3,93.0,91.0,middle,middle,93,91,1.0,0.9891975308641975
ocsvm,ocsvm_nu0p05_gamma_0p01,engine_balanced,0.9,16,0,120,126,7,89.0,83.0,middle,middle,89,83,1.0,0.9940476190476192
ocsvm,ocsvm_nu0p05_gamma_0p01,engine_balanced,0.9,16,0,128,209,82,81.0,0.0,middle,near_failure,81,0,1.0,0.9996047877145439
ocsvm,ocsvm_nu0p05_gamma_0p01,engine_balanced,0.9,27,0,52,52,1,104.0,104.0,middle,middle,104,104,0.9652777777777778,0.9652777777777778
ocsvm,ocsvm_nu0p05_gamma_0p01,engine_balanced,0.9,27,0,80,80,1,76.0,76.0,middle,middle,76,76,0.9513888888888888,0.9513888888888888
ocsvm,ocsvm_nu0p05_gamma_0p01,engine_balanced,0.9,27,0,84,85,2,72.0,71.0,middle,middle,72,71,0.9236111111111112,0.9212962962962964
ocsvm,ocsvm_nu0p05_gamma_0p01,engine_balanced,0.9,27,0,87,87,1,69.0,69.0,middle,middle,69,69,0.9236111111111112,0.9236111111111112
ocsvm,ocsvm_nu0p05_gamma_0p01,engine_balanced,0.9,27,0,89,89,1,67.0,67.0,middle,middle,67,67,0.9375,0.9375
ocsvm,ocsvm_nu0p05_gamma_0p01,engine_balanced,0.9,27,0,92,99,8,64.0,57.0,middle,middle,64,57,1.0,0.984375
ocsvm,ocsvm_nu0p05_gamma_0p01,engine_balanced,0.9,27,0,102,156,55,54.0,0.0,middle,near_failure,54,0,1.0,0.9964646464646465
ocsvm,ocsvm_nu0p05_gamma_0p01,engine_balanced,0.9,31,0,4,4,1,230.0,230.0,healthy,healthy,230,230,0.9282407407407408,0.9282407407407408
ocsvm,ocsvm_nu0p05_gamma_0p01,engine_balanced,0.9,31,0,10,10,1,224.0,224.0,healthy,healthy,224,224,0.9467592592592592,0.9467592592592592
ocsvm,ocsvm_nu0p05_gamma_0p01,engine_balanced,0.9,31,0,18,18,1,216.0,216.0,healthy,healthy,216,216,0.9305555555555556,0.9305555555555556
ocsvm,ocsvm_nu0p05_gamma_0p01,engine_balanced,0.9,31,0,29,29,1,205.0,205.0,healthy,healthy,205,205,0.9583333333333334,0.9583333333333334
ocsvm,ocsvm_nu0p05_gamma_0p01,engine_balanced,0.9,31,0,40,40,1,194.0,194.0,healthy,healthy,194,194,0.9236111111111112,0.9236111111111112
ocsvm,ocsvm_nu0p05_gamma_0p01,engine_balanced,0.9,31,0,48,48,1,186.0,186.0,healthy,healthy,186,186,0.9814814814814816,0.9814814814814816
ocsvm,ocsvm_nu0p05_gamma_0p01,engine_balanced,0.9,31,0,52,52,1,182.0,182.0,healthy,healthy,182,182,0.9189814814814816,0.9189814814814816
ocsvm,ocsvm_nu0p05_gamma_0p01,engine_balanced,0.9,31,0,82,82,1,152.0,152.0,healthy,healthy,152,152,0.9004629629629629,0.9004629629629629
ocsvm,ocsvm_nu0p05_gamma_0p01,engine_balanced,0.9,31,0,135,135,1,99.0,99.0,middle,middle,99,99,0.9583333333333334,0.9583333333333334
ocsvm,ocsvm_nu0p05_gamma_0p01,engine_balanced,0.9,31,0,151,151,1,83.0,83.0,middle,middle,83,83,0.9166666666666666,0.9166666666666666
ocsvm,ocsvm_nu0p05_gamma_0p01,engine_balanced,0.9,31,0,167,167,1,67.0,67.0,middle,middle,67,67,0.9861111111111112,0.9861111111111112
ocsvm,ocsvm_nu0p05_gamma_0p01,engine_balanced,0.9,31,0,176,176,1,58.0,58.0,middle,middle,58,58,0.9699074074074074,0.9699074074074074
ocsvm,ocsvm_nu0p05_gamma_0p01,engine_balanced,0.9,31,0,179,179,1,55.0,55.0,middle,middle,55,55,0.9629629629629628,0.9629629629629628
ocsvm,ocsvm_nu0p05_gamma_0p01,engine_balanced,0.9,31,0,185,185,1,49.0,49.0,middle,middle,49,49,0.988425925925926,0.988425925925926
ocsvm,ocsvm_nu0p05_gamma_0p01,engine_balanced,0.9,31,0,188,190,3,46.0,44.0,middle,middle,46,44,0.988425925925926,0.9722222222222223
ocsvm,ocsvm_nu0p05_gamma_0p01,engine_balanced,0.9,31,0,194,234,41,40.0,0.0,middle,near_failure,40,0,1.0,0.9988143631436314
ocsvm,ocsvm_nu0p05_gamma_0p01,engine_balanced,0.9,34,0,93,93,1,102.0,102.0,middle,middle,102,102,0.988425925925926,0.988425925925926
ocsvm,ocsvm_nu0p05_gamma_0p01,engine_balanced,0.9,34,0,100,102,3,95.0,93.0,middle,middle,95,93,0.9467592592592592,0.9243827160493826
ocsvm,ocsvm_nu0p05_gamma_0p01,engine_balanced,0.9,34,0,106,106,1,89.0,89.0,middle,middle,89,89,0.9652777777777778,0.9652777777777778
ocsvm,ocsvm_nu0p05_gamma_0p01,engine_balanced,0.9,34,0,111,111,1,84.0,84.0,middle,middle,84,84,0.960648148148148,0.960648148148148
ocsvm,ocsvm_nu0p05_gamma_0p01,engine_balanced,0.9,34,0,113,113,1,82.0,82.0,middle,middle,82,82,0.949074074074074,0.949074074074074
ocsvm,ocsvm_nu0p05_gamma_0p01,engine_balanced,0.9,34,0,116,116,1,79.0,79.0,middle,middle,79,79,0.925925925925926,0.925925925925926
ocsvm,ocsvm_nu0p05_gamma_0p01,engine_balanced,0.9,34,0,120,195,76,75.0,0.0,middle,near_failure,75,0,1.0,0.9969846491228072
ocsvm,ocsvm_nu0p05_gamma_0p01,engine_balanced,0.9,40,0,9,9,1,179.0,179.0,healthy,healthy,179,179,0.9166666666666666,0.9166666666666666
ocsvm,ocsvm_nu0p05_gamma_0p01,engine_balanced,0.9,40,0,22,23,2,166.0,165.0,healthy,healthy,166,165,0.960648148148148,0.9525462962962963
ocsvm,ocsvm_nu0p05_gamma_0p01,engine_balanced,0.9,40,0,26,26,1,162.0,162.0,healthy,healthy,162,162,0.976851851851852,0.976851851851852
ocsvm,ocsvm_nu0p05_gamma_0p01,engine_balanced,0.9,40,0,34,34,1,154.0,154.0,healthy,healthy,154,154,0.9004629629629629,0.9004629629629629
ocsvm,ocsvm_nu0p05_gamma_0p01,engine_balanced,0.9,40,0,36,36,1,152.0,152.0,healthy,healthy,152,152,0.988425925925926,0.988425925925926
ocsvm,ocsvm_nu0p05_gamma_0p01,engine_balanced,0.9,40,0,39,40,2,149.0,148.0,healthy,healthy,149,148,0.988425925925926,0.974537037037037
ocsvm,ocsvm_nu0p05_gamma_0p01,engine_balanced,0.9,40,0,46,46,1,142.0,142.0,healthy,healthy,142,142,0.949074074074074,0.949074074074074
ocsvm,ocsvm_nu0p05_gamma_0p01,engine_balanced,0.9,40,0,48,48,1,140.0,140.0,healthy,healthy,140,140,0.9722222222222222,0.9722222222222222
ocsvm,ocsvm_nu0p05_gamma_0p01,engine_balanced,0.9,40,0,52,52,1,136.0,136.0,healthy,healthy,136,136,0.960648148148148,0.960648148148148
ocsvm,ocsvm_nu0p05_gamma_0p01,engine_balanced,0.9,40,0,54,54,1,134.0,134.0,healthy,healthy,134,134,0.9004629629629629,0.9004629629629629
ocsvm,ocsvm_nu0p05_gamma_0p01,engine_balanced,0.9,40,0,62,62,1,126.0,126.0,healthy,healthy,126,126,0.9282407407407408,0.9282407407407408
ocsvm,ocsvm_nu0p05_gamma_0p01,engine_balanced,0.9,40,0,65,65,1,123.0,123.0,middle,middle,123,123,0.9236111111111112,0.9236111111111112
ocsvm,ocsvm_nu0p05_gamma_0p01,engine_balanced,0.9,40,0,68,69,2,120.0,119.0,middle,middle,120,119,0.976851851851852,0.96875
ocsvm,ocsvm_nu0p05_gamma_0p01,engine_balanced,0.9,40,0,71,71,1,117.0,117.0,middle,middle,117,117,0.9236111111111112,0.9236111111111112
ocsvm,ocsvm_nu0p05_gamma_0p01,engine_balanced,0.9,40,0,73,74,2,115.0,114.0,middle,middle,115,114,0.9236111111111112,0.9155092592592593
ocsvm,ocsvm_nu0p05_gamma_0p01,engine_balanced,0.9,40,0,76,77,2,112.0,111.0,middle,middle,112,111,0.9907407407407408,0.9895833333333335
ocsvm,ocsvm_nu0p05_gamma_0p01,engine_balanced,0.9,40,0,81,84,4,107.0,104.0,middle,middle,107,104,0.9953703703703703,0.9710648148148148
ocsvm,ocsvm_nu0p05_gamma_0p01,engine_balanced,0.9,40,0,86,93,8,102.0,95.0,middle,middle,102,95,1.0,0.9762731481481481
ocsvm,ocsvm_nu0p05_gamma_0p01,engine_balanced,0.9,40,0,95,95,1,93.0,93.0,middle,middle,93,93,1.0,1.0
ocsvm,ocsvm_nu0p05_gamma_0p01,engine_balanced,0.9,40,0,98,103,6,90.0,85.0,middle,middle,90,85,1.0,0.9884259259259259
ocsvm,ocsvm_nu0p05_gamma_0p01,engine_balanced,0.9,40,0,105,188,84,83.0,0.0,middle,near_failure,83,0,1.0,0.9969135802469135
ocsvm,ocsvm_nu0p05_gamma_0p01,engine_balanced,0.9,41,0,16,16,1,200.0,200.0,healthy,healthy,200,200,0.9513888888888888,0.9513888888888888
ocsvm,ocsvm_nu0p05_gamma_0p01,engine_balanced,0.9,41,0,35,35,1,181.0,181.0,healthy,healthy,181,181,0.9421296296296297,0.9421296296296297
ocsvm,ocsvm_nu0p05_gamma_0p01,engine_balanced,0.9,41,0,40,40,1,176.0,176.0,healthy,healthy,176,176,0.976851851851852,0.976851851851852
ocsvm,ocsvm_nu0p05_gamma_0p01,engine_balanced,0.9,41,0,112,112,1,104.0,104.0,middle,middle,104,104,0.9745370370370372,0.9745370370370372
ocsvm,ocsvm_nu0p05_gamma_0p01,engine_balanced,0.9,41,0,120,120,1,96.0,96.0,middle,middle,96,96,0.9722222222222222,0.9722222222222222
ocsvm,ocsvm_nu0p05_gamma_0p01,engine_balanced,0.9,41,0,128,128,1,88.0,88.0,middle,middle,88,88,0.9675925925925926,0.9675925925925926
ocsvm,ocsvm_nu0p05_gamma_0p01,engine_balanced,0.9,41,0,131,132,2,85.0,84.0,middle,middle,85,84,1.0,0.9618055555555556
ocsvm,ocsvm_nu0p05_gamma_0p01,engine_balanced,0.9,41,0,139,141,3,77.0,75.0,middle,middle,77,75,0.988425925925926,0.9783950617283952
ocsvm,ocsvm_nu0p05_gamma_0p01,engine_balanced,0.9,41,0,144,216,73,72.0,0.0,middle,near_failure,72,0,1.0,0.9979388635210553
ocsvm,ocsvm_nu0p05_gamma_0p01,engine_balanced,0.9,45,0,3,4,2,155.0,154.0,healthy,healthy,155,154,0.960648148148148,0.9421296296296295
ocsvm,ocsvm_nu0p05_gamma_0p01,engine_balanced,0.9,45,0,9,10,2,149.0,148.0,healthy,healthy,149,148,1.0,0.9606481481481481
ocsvm,ocsvm_nu0p05_gamma_0p01,engine_balanced,0.9,45,0,13,14,2,145.0,144.0,healthy,healthy,145,144,0.9583333333333334,0.9502314814814815
ocsvm,ocsvm_nu0p05_gamma_0p01,engine_balanced,0.9,45,0,17,17,1,141.0,141.0,healthy,healthy,141,141,0.9699074074074074,0.9699074074074074
ocsvm,ocsvm_nu0p05_gamma_0p01,engine_balanced,0.9,45,0,21,21,1,137.0,137.0,healthy,healthy,137,137,0.9629629629629628,0.9629629629629628
ocsvm,ocsvm_nu0p05_gamma_0p01,engine_balanced,0.9,45,0,23,23,1,135.0,135.0,healthy,healthy,135,135,0.9583333333333334,0.9583333333333334
ocsvm,ocsvm_nu0p05_gamma_0p01,engine_balanced,0.9,45,0,27,27,1,131.0,131.0,healthy,healthy,131,131,0.988425925925926,0.988425925925926
ocsvm,ocsvm_nu0p05_gamma_0p01,engine_balanced,0.9,45,0,29,29,1,129.0,129.0,healthy,healthy,129,129,0.914351851851852,0.914351851851852
ocsvm,ocsvm_nu0p05_gamma_0p01,engine_balanced,0.9,45,0,31,32,2,127.0,126.0,healthy,healthy,127,126,0.9236111111111112,0.9131944444444444
ocsvm,ocsvm_nu0p05_gamma_0p01,engine_balanced,0.9,45,0,34,34,1,124.0,124.0,middle,middle,124,124,0.9699074074074074,0.9699074074074074
ocsvm,ocsvm_nu0p05_gamma_0p01,engine_balanced,0.9,45,0,36,36,1,122.0,122.0,middle,middle,122,122,0.949074074074074,0.949074074074074
ocsvm,ocsvm_nu0p05_gamma_0p01,engine_balanced,0.9,45,0,43,43,1,115.0,115.0,middle,middle,115,115,0.9675925925925926,0.9675925925925926
ocsvm,ocsvm_nu0p05_gamma_0p01,engine_balanced,0.9,45,0,45,45,1,113.0,113.0,middle,middle,113,113,0.9745370370370372,0.9745370370370372
ocsvm,ocsvm_nu0p05_gamma_0p01,engine_balanced,0.9,45,0,47,47,1,111.0,111.0,middle,middle,111,111,0.9953703703703703,0.9953703703703703
ocsvm,ocsvm_nu0p05_gamma_0p01,engine_balanced,0.9,45,0,52,52,1,106.0,106.0,middle,middle,106,106,0.9375,0.9375
ocsvm,ocsvm_nu0p05_gamma_0p01,engine_balanced,0.9,45,0,61,61,1,97.0,97.0,middle,middle,97,97,0.9166666666666666,0.9166666666666666
ocsvm,ocsvm_nu0p05_gamma_0p01,engine_balanced,0.9,45,0,65,65,1,93.0,93.0,middle,middle,93,93,0.9166666666666666,0.9166666666666666
ocsvm,ocsvm_nu0p05_gamma_0p01,engine_balanced,0.9,45,0,73,73,1,85.0,85.0,middle,middle,85,85,0.9004629629629629,0.9004629629629629
ocsvm,ocsvm_nu0p05_gamma_0p01,engine_balanced,0.9,45,0,78,78,1,80.0,80.0,middle,middle,80,80,0.9236111111111112,0.9236111111111112
ocsvm,ocsvm_nu0p05_gamma_0p01,engine_balanced,0.9,45,0,84,84,1,74.0,74.0,middle,middle,74,74,0.9722222222222222,0.9722222222222222
ocsvm,ocsvm_nu0p05_gamma_0p01,engine_balanced,0.9,45,0,97,98,2,61.0,60.0,middle,middle,61,60,0.9675925925925926,0.9571759259259258
ocsvm,ocsvm_nu0p05_gamma_0p01,engine_balanced,0.9,45,0,100,100,1,58.0,58.0,middle,middle,58,58,0.9907407407407408,0.9907407407407408
ocsvm,ocsvm_nu0p05_gamma_0p01,engine_balanced,0.9,45,0,104,104,1,54.0,54.0,middle,middle,54,54,0.9652777777777778,0.9652777777777778
ocsvm,ocsvm_nu0p05_gamma_0p01,engine_balanced,0.9,45,0,106,106,1,52.0,52.0,middle,middle,52,52,0.988425925925926,0.988425925925926
ocsvm,ocsvm_nu0p05_gamma_0p01,engine_balanced,0.9,45,0,108,108,1,50.0,50.0,middle,middle,50,50,0.976851851851852,0.976851851851852
ocsvm,ocsvm_nu0p05_gamma_0p01,engine_balanced,0.9,45,0,111,111,1,47.0,47.0,middle,middle,47,47,0.9675925925925926,0.9675925925925926
ocsvm,ocsvm_nu0p05_gamma_0p01,engine_balanced,0.9,45,0,113,114,2,45.0,44.0,middle,middle,45,44,1.0,0.988425925925926
ocsvm,ocsvm_nu0p05_gamma_0p01,engine_balanced,0.9,45,0,116,158,43,42.0,0.0,middle,near_failure,42,0,1.0,0.9965546942291129
ocsvm,ocsvm_nu0p05_gamma_0p01,engine_balanced,0.9,46,0,1,1,1,255.0,255.0,healthy,healthy,255,255,0.988425925925926,0.988425925925926
ocsvm,ocsvm_nu0p05_gamma_0p01,engine_balanced,0.9,46,0,28,28,1,228.0,228.0,healthy,healthy,228,228,0.9537037037037036,0.9537037037037036
ocsvm,ocsvm_nu0p05_gamma_0p01,engine_balanced,0.9,46,0,31,31,1,225.0,225.0,healthy,healthy,225,225,0.9421296296296297,0.9421296296296297
ocsvm,ocsvm_nu0p05_gamma_0p01,engine_balanced,0.9,46,0,57,57,1,199.0,199.0,healthy,healthy,199,199,0.960648148148148,0.960648148148148
ocsvm,ocsvm_nu0p05_gamma_0p01,engine_balanced,0.9,46,0,64,64,1,192.0,192.0,healthy,healthy,192,192,0.9953703703703703,0.9953703703703703
ocsvm,ocsvm_nu0p05_gamma_0p01,engine_balanced,0.9,46,0,80,80,1,176.0,176.0,healthy,healthy,176,176,0.9074074074074074,0.9074074074074074
ocsvm,ocsvm_nu0p05_gamma_0p01,engine_balanced,0.9,46,0,84,84,1,172.0,172.0,healthy,healthy,172,172,0.9236111111111112,0.9236111111111112
ocsvm,ocsvm_nu0p05_gamma_0p01,engine_balanced,0.9,46,0,174,174,1,82.0,82.0,middle,middle,82,82,0.960648148148148,0.960648148148148
ocsvm,ocsvm_nu0p05_gamma_0p01,engine_balanced,0.9,46,0,189,189,1,67.0,67.0,middle,middle,67,67,0.9513888888888888,0.9513888888888888
ocsvm,ocsvm_nu0p05_gamma_0p01,engine_balanced,0.9,46,0,193,193,1,63.0,63.0,middle,middle,63,63,0.960648148148148,0.960648148148148
ocsvm,ocsvm_nu0p05_gamma_0p01,engine_balanced,0.9,46,0,197,198,2,59.0,58.0,middle,middle,59,58,0.976851851851852,0.945601851851852
ocsvm,ocsvm_nu0p05_gamma_0p01,engine_balanced,0.9,46,0,200,200,1,56.0,56.0,middle,middle,56,56,0.9513888888888888,0.9513888888888888
ocsvm,ocsvm_nu0p05_gamma_0p01,engine_balanced,0.9,46,0,202,203,2,54.0,53.0,middle,middle,54,53,0.9953703703703703,0.957175925925926
ocsvm,ocsvm_nu0p05_gamma_0p01,engine_balanced,0.9,46,0,208,256,49,48.0,0.0,middle,near_failure,48,0,1.0,0.9957955404383976
ocsvm,ocsvm_nu0p05_gamma_0p01,engine_balanced,0.9,54,0,5,5,1,252.0,252.0,healthy,healthy,252,252,0.9513888888888888,0.9513888888888888
ocsvm,ocsvm_nu0p05_gamma_0p01,engine_balanced,0.9,54,0,15,16,2,242.0,241.0,healthy,healthy,242,241,0.9513888888888888,0.9467592592592593
ocsvm,ocsvm_nu0p05_gamma_0p01,engine_balanced,0.9,54,0,24,24,1,233.0,233.0,healthy,healthy,233,233,0.9583333333333334,0.9583333333333334
ocsvm,ocsvm_nu0p05_gamma_0p01,engine_balanced,0.9,54,0,35,35,1,222.0,222.0,healthy,healthy,222,222,0.9745370370370372,0.9745370370370372
ocsvm,ocsvm_nu0p05_gamma_0p01,engine_balanced,0.9,54,0,57,57,1,200.0,200.0,healthy,healthy,200,200,0.925925925925926,0.925925925925926
ocsvm,ocsvm_nu0p05_gamma_0p01,engine_balanced,0.9,54,0,64,64,1,193.0,193.0,healthy,healthy,193,193,0.960648148148148,0.960648148148148
ocsvm,ocsvm_nu0p05_gamma_0p01,engine_balanced,0.9,54,0,74,74,1,183.0,183.0,healthy,healthy,183,183,0.9074074074074074,0.9074074074074074
ocsvm,ocsvm_nu0p05_gamma_0p01,engine_balanced,0.9,54,0,87,87,1,170.0,170.0,healthy,healthy,170,170,0.9166666666666666,0.9166666666666666
ocsvm,ocsvm_nu0p05_gamma_0p01,engine_balanced,0.9,54,0,152,152,1,105.0,105.0,middle,middle,105,105,0.9652777777777778,0.9652777777777778
ocsvm,ocsvm_nu0p05_gamma_0p01,engine_balanced,0.9,54,0,160,161,2,97.0,96.0,middle,middle,97,96,0.9537037037037036,0.9525462962962963
ocsvm,ocsvm_nu0p05_gamma_0p01,engine_balanced,0.9,54,0,163,163,1,94.0,94.0,middle,middle,94,94,0.9282407407407408,0.9282407407407408
ocsvm,ocsvm_nu0p05_gamma_0p01,engine_balanced,0.9,54,0,168,168,1,89.0,89.0,middle,middle,89,89,0.988425925925926,0.988425925925926
ocsvm,ocsvm_nu0p05_gamma_0p01,engine_balanced,0.9,54,0,170,170,1,87.0,87.0,middle,middle,87,87,0.9629629629629628,0.9629629629629628
ocsvm,ocsvm_nu0p05_gamma_0p01,engine_balanced,0.9,54,0,173,175,3,84.0,82.0,middle,middle,84,82,0.988425925925926,0.988425925925926
ocsvm,ocsvm_nu0p05_gamma_0p01,engine_balanced,0.9,54,0,178,178,1,79.0,79.0,middle,middle,79,79,0.9629629629629628,0.9629629629629628
ocsvm,ocsvm_nu0p05_gamma_0p01,engine_balanced,0.9,54,0,180,257,78,77.0,0.0,middle,near_failure,77,0,1.0,0.9977742165242165
ocsvm,ocsvm_nu0p05_gamma_0p01,engine_balanced,0.9,74,0,26,26,1,140.0,140.0,healthy,healthy,140,140,0.9652777777777778,0.9652777777777778
ocsvm,ocsvm_nu0p05_gamma_0p01,engine_balanced,0.9,74,0,117,117,1,49.0,49.0,middle,middle,49,49,0.960648148148148,0.960648148148148
ocsvm,ocsvm_nu0p05_gamma_0p01,engine_balanced,0.9,74,0,128,128,1,38.0,38.0,middle,middle,38,38,1.0,1.0
ocsvm,ocsvm_nu0p05_gamma_0p01,engine_balanced,0.9,74,0,130,166,37,36.0,0.0,middle,near_failure,36,0,1.0,0.9954954954954953
ocsvm,ocsvm_nu0p05_gamma_0p01,engine_balanced,0.9,77,0,23,23,1,131.0,131.0,healthy,healthy,131,131,1.0,1.0
ocsvm,ocsvm_nu0p05_gamma_0p01,engine_balanced,0.9,77,0,33,33,1,121.0,121.0,middle,middle,121,121,0.960648148148148,0.960648148148148
ocsvm,ocsvm_nu0p05_gamma_0p01,engine_balanced,0.9,77,0,35,35,1,119.0,119.0,middle,middle,119,119,0.988425925925926,0.988425925925926
ocsvm,ocsvm_nu0p05_gamma_0p01,engine_balanced,0.9,77,0,48,48,1,106.0,106.0,middle,middle,106,106,0.9004629629629629,0.9004629629629629
ocsvm,ocsvm_nu0p05_gamma_0p01,engine_balanced,0.9,77,0,61,61,1,93.0,93.0,middle,middle,93,93,0.9722222222222222,0.9722222222222222
ocsvm,ocsvm_nu0p05_gamma_0p01,engine_balanced,0.9,77,0,68,68,1,86.0,86.0,middle,middle,86,86,0.9212962962962964,0.9212962962962964
ocsvm,ocsvm_nu0p05_gamma_0p01,engine_balanced,0.9,77,0,79,80,2,75.0,74.0,middle,middle,75,74,0.9907407407407408,0.9756944444444444
ocsvm,ocsvm_nu0p05_gamma_0p01,engine_balanced,0.9,77,0,86,86,1,68.0,68.0,middle,middle,68,68,0.9421296296296297,0.9421296296296297
ocsvm,ocsvm_nu0p05_gamma_0p01,engine_balanced,0.9,77,0,88,89,2,66.0,65.0,middle,middle,66,65,0.9930555555555556,0.9756944444444444
ocsvm,ocsvm_nu0p05_gamma_0p01,engine_balanced,0.9,77,0,91,91,1,63.0,63.0,middle,middle,63,63,0.9166666666666666,0.9166666666666666
ocsvm,ocsvm_nu0p05_gamma_0p01,engine_balanced,0.9,77,0,93,96,4,61.0,58.0,middle,middle,61,58,0.9953703703703703,0.9745370370370371
ocsvm,ocsvm_nu0p05_gamma_0p01,engine_balanced,0.9,77,0,98,101,4,56.0,53.0,middle,middle,56,53,1.0,0.96875
ocsvm,ocsvm_nu0p05_gamma_0p01,engine_balanced,0.9,77,0,105,107,3,49.0,47.0,middle,middle,49,47,1.0,0.9791666666666666
ocsvm,ocsvm_nu0p05_gamma_0p01,engine_balanced,0.9,77,0,109,111,3,45.0,43.0,middle,middle,45,43,0.9953703703703703,0.9722222222222223
ocsvm,ocsvm_nu0p05_gamma_0p01,engine_balanced,0.9,77,0,113,154,42,41.0,0.0,middle,near_failure,41,0,1.0,0.9988425925925926
ocsvm,ocsvm_nu0p05_gamma_0p01,engine_balanced,0.9,78,0,1,5,5,230.0,226.0,healthy,healthy,230,226,1.0,0.9898148148148149
ocsvm,ocsvm_nu0p05_gamma_0p01,engine_balanced,0.9,78,0,8,9,2,223.0,222.0,healthy,healthy,223,222,0.9722222222222222,0.9456018518518519
ocsvm,ocsvm_nu0p05_gamma_0p01,engine_balanced,0.9,78,0,11,12,2,220.0,219.0,healthy,healthy,220,219,0.988425925925926,0.9768518518518519
ocsvm,ocsvm_nu0p05_gamma_0p01,engine_balanced,0.9,78,0,16,16,1,215.0,215.0,healthy,healthy,215,215,0.9189814814814816,0.9189814814814816
ocsvm,ocsvm_nu0p05_gamma_0p01,engine_balanced,0.9,78,0,18,18,1,213.0,213.0,healthy,healthy,213,213,0.9699074074074074,0.9699074074074074
ocsvm,ocsvm_nu0p05_gamma_0p01,engine_balanced,0.9,78,0,20,20,1,211.0,211.0,healthy,healthy,211,211,0.9907407407407408,0.9907407407407408
ocsvm,ocsvm_nu0p05_gamma_0p01,engine_balanced,0.9,78,0,29,29,1,202.0,202.0,healthy,healthy,202,202,0.9675925925925926,0.9675925925925926
ocsvm,ocsvm_nu0p05_gamma_0p01,engine_balanced,0.9,78,0,32,32,1,199.0,199.0,healthy,healthy,199,199,0.988425925925926,0.988425925925926
ocsvm,ocsvm_nu0p05_gamma_0p01,engine_balanced,0.9,78,0,35,38,4,196.0,193.0,healthy,healthy,196,193,0.9953703703703703,0.9733796296296297
ocsvm,ocsvm_nu0p05_gamma_0p01,engine_balanced,0.9,78,0,40,40,1,191.0,191.0,healthy,healthy,191,191,0.9236111111111112,0.9236111111111112
ocsvm,ocsvm_nu0p05_gamma_0p01,engine_balanced,0.9,78,0,45,45,1,186.0,186.0,healthy,healthy,186,186,0.988425925925926,0.988425925925926
ocsvm,ocsvm_nu0p05_gamma_0p01,engine_balanced,0.9,78,0,52,53,2,179.0,178.0,healthy,healthy,179,178,0.976851851851852,0.9594907407407408
ocsvm,ocsvm_nu0p05_gamma_0p01,engine_balanced,0.9,78,0,72,72,1,159.0,159.0,healthy,healthy,159,159,0.9236111111111112,0.9236111111111112
ocsvm,ocsvm_nu0p05_gamma_0p01,engine_balanced,0.9,78,0,80,80,1,151.0,151.0,healthy,healthy,151,151,0.9236111111111112,0.9236111111111112
ocsvm,ocsvm_nu0p05_gamma_0p01,engine_balanced,0.9,78,0,167,167,1,64.0,64.0,middle,middle,64,64,0.9050925925925926,0.9050925925925926
ocsvm,ocsvm_nu0p05_gamma_0p01,engine_balanced,0.9,78,0,173,173,1,58.0,58.0,middle,middle,58,58,0.960648148148148,0.960648148148148
ocsvm,ocsvm_nu0p05_gamma_0p01,engine_balanced,0.9,78,0,180,184,5,51.0,47.0,middle,middle,51,47,0.9953703703703703,0.9800925925925925
ocsvm,ocsvm_nu0p05_gamma_0p01,engine_balanced,0.9,78,0,186,231,46,45.0,0.0,middle,near_failure,45,0,1.0,0.9969806763285025
ocsvm,ocsvm_nu0p05_gamma_0p01,engine_balanced,0.9,81,0,84,84,1,156.0,156.0,healthy,healthy,156,156,0.9421296296296297,0.9421296296296297
ocsvm,ocsvm_nu0p05_gamma_0p01,engine_balanced,0.9,81,0,119,121,3,121.0,119.0,middle,middle,121,119,0.9745370370370372,0.9336419753086421
ocsvm,ocsvm_nu0p05_gamma_0p01,engine_balanced,0.9,81,0,130,130,1,110.0,110.0,middle,middle,110,110,0.9212962962962964,0.9212962962962964
ocsvm,ocsvm_nu0p05_gamma_0p01,engine_balanced,0.9,81,0,137,137,1,103.0,103.0,middle,middle,103,103,0.9699074074074074,0.9699074074074074
ocsvm,ocsvm_nu0p05_gamma_0p01,engine_balanced,0.9,81,0,142,144,3,98.0,96.0,middle,middle,98,96,0.9629629629629628,0.9413580246913579
ocsvm,ocsvm_nu0p05_gamma_0p01,engine_balanced,0.9,81,0,149,150,2,91.0,90.0,middle,middle,91,90,0.9722222222222222,0.9444444444444444
ocsvm,ocsvm_nu0p05_gamma_0p01,engine_balanced,0.9,81,0,154,155,2,86.0,85.0,middle,middle,86,85,0.9467592592592592,0.9340277777777778
ocsvm,ocsvm_nu0p05_gamma_0p01,engine_balanced,0.9,81,0,157,158,2,83.0,82.0,middle,middle,83,82,0.9814814814814816,0.9664351851851852
ocsvm,ocsvm_nu0p05_gamma_0p01,engine_balanced,0.9,81,0,163,165,3,77.0,75.0,middle,middle,77,75,0.988425925925926,0.9660493827160493
ocsvm,ocsvm_nu0p05_gamma_0p01,engine_balanced,0.9,81,0,167,240,74,73.0,0.0,middle,near_failure,73,0,1.0,0.9956519019019018
ocsvm,ocsvm_nu0p05_gamma_0p01,engine_balanced,0.9,89,0,1,1,1,216.0,216.0,healthy,healthy,216,216,0.9583333333333334,0.9583333333333334
ocsvm,ocsvm_nu0p05_gamma_0p01,engine_balanced,0.9,89,0,4,4,1,213.0,213.0,healthy,healthy,213,213,0.976851851851852,0.976851851851852
ocsvm,ocsvm_nu0p05_gamma_0p01,engine_balanced,0.9,89,0,17,17,1,200.0,200.0,healthy,healthy,200,200,0.9722222222222222,0.9722222222222222
ocsvm,ocsvm_nu0p05_gamma_0p01,engine_balanced,0.9,89,0,154,154,1,63.0,63.0,middle,middle,63,63,0.988425925925926,0.988425925925926
ocsvm,ocsvm_nu0p05_gamma_0p01,engine_balanced,0.9,89,0,162,162,1,55.0,55.0,middle,middle,55,55,0.9212962962962964,0.9212962962962964
ocsvm,ocsvm_nu0p05_gamma_0p01,engine_balanced,0.9,89,0,165,165,1,52.0,52.0,middle,middle,52,52,0.9652777777777778,0.9652777777777778
ocsvm,ocsvm_nu0p05_gamma_0p01,engine_balanced,0.9,89,0,169,169,1,48.0,48.0,middle,middle,48,48,0.9652777777777778,0.9652777777777778
ocsvm,ocsvm_nu0p05_gamma_0p01,engine_balanced,0.9,89,0,171,173,3,46.0,44.0,middle,middle,46,44,0.9930555555555556,0.9753086419753085
ocsvm,ocsvm_nu0p05_gamma_0p01,engine_balanced,0.9,89,0,175,217,43,42.0,0.0,middle,near_failure,42,0,1.0,0.998169681309216
ocsvm,ocsvm_nu0p05_gamma_0p01,engine_balanced,0.9,91,0,6,8,3,129.0,127.0,healthy,healthy,129,127,0.9930555555555556,0.9722222222222223
ocsvm,ocsvm_nu0p05_gamma_0p01,engine_balanced,0.9,91,0,11,11,1,124.0,124.0,middle,middle,124,124,0.9537037037037036,0.9537037037037036
ocsvm,ocsvm_nu0p05_gamma_0p01,engine_balanced,0.9,91,0,22,24,3,113.0,111.0,middle,middle,113,111,0.9722222222222222,0.9699074074074074
ocsvm,ocsvm_nu0p05_gamma_0p01,engine_balanced,0.9,91,0,26,26,1,109.0,109.0,middle,middle,109,109,0.9652777777777778,0.9652777777777778
ocsvm,ocsvm_nu0p05_gamma_0p01,engine_balanced,0.9,91,0,29,30,2,106.0,105.0,middle,middle,106,105,0.9513888888888888,0.9259259259259258
ocsvm,ocsvm_nu0p05_gamma_0p01,engine_balanced,0.9,91,0,32,33,2,103.0,102.0,middle,middle,103,102,0.9930555555555556,0.9849537037037037
ocsvm,ocsvm_nu0p05_gamma_0p01,engine_balanced,0.9,91,0,35,35,1,100.0,100.0,middle,middle,100,100,0.9282407407407408,0.9282407407407408
ocsvm,ocsvm_nu0p05_gamma_0p01,engine_balanced,0.9,91,0,37,37,1,98.0,98.0,middle,middle,98,98,0.914351851851852,0.914351851851852
ocsvm,ocsvm_nu0p05_gamma_0p01,engine_balanced,0.9,91,0,42,45,4,93.0,90.0,middle,middle,93,90,1.0,0.9855324074074074
ocsvm,ocsvm_nu0p05_gamma_0p01,engine_balanced,0.9,91,0,47,47,1,88.0,88.0,middle,middle,88,88,0.9050925925925926,0.9050925925925926
ocsvm,ocsvm_nu0p05_gamma_0p01,engine_balanced,0.9,91,0,49,50,2,86.0,85.0,middle,middle,86,85,0.9282407407407408,0.9143518518518519
ocsvm,ocsvm_nu0p05_gamma_0p01,engine_balanced,0.9,91,0,52,56,5,83.0,79.0,middle,middle,83,79,1.0,0.9787037037037039
ocsvm,ocsvm_nu0p05_gamma_0p01,engine_balanced,0.9,91,0,58,59,2,77.0,76.0,middle,middle,77,76,0.9953703703703703,0.9826388888888888
ocsvm,ocsvm_nu0p05_gamma_0p01,engine_balanced,0.9,91,0,61,61,1,74.0,74.0,middle,middle,74,74,0.988425925925926,0.988425925925926
ocsvm,ocsvm_nu0p05_gamma_0p01,engine_balanced,0.9,91,0,63,135,73,72.0,0.0,middle,near_failure,72,0,1.0,0.9947995941146626
ocsvm,ocsvm_nu0p05_gamma_0p01,engine_balanced,0.95,1,0,132,132,1,60.0,60.0,middle,middle,60,60,0.9745370370370372,0.9745370370370372
ocsvm,ocsvm_nu0p05_gamma_0p01,engine_balanced,0.95,1,0,142,142,1,50.0,50.0,middle,middle,50,50,0.9629629629629628,0.9629629629629628
ocsvm,ocsvm_nu0p05_gamma_0p01,engine_balanced,0.95,1,0,145,145,1,47.0,47.0,middle,middle,47,47,0.9699074074074074,0.9699074074074074
ocsvm,ocsvm_nu0p05_gamma_0p01,engine_balanced,0.95,1,0,147,147,1,45.0,45.0,middle,middle,45,45,0.9652777777777778,0.9652777777777778
ocsvm,ocsvm_nu0p05_gamma_0p01,engine_balanced,0.95,1,0,149,192,44,43.0,0.0,middle,near_failure,43,0,1.0,0.9975799663299664
ocsvm,ocsvm_nu0p05_gamma_0p01,engine_balanced,0.95,5,0,7,7,1,262.0,262.0,healthy,healthy,262,262,0.988425925925926,0.988425925925926
ocsvm,ocsvm_nu0p05_gamma_0p01,engine_balanced,0.95,5,0,10,10,1,259.0,259.0,healthy,healthy,259,259,0.9629629629629628,0.9629629629629628
ocsvm,ocsvm_nu0p05_gamma_0p01,engine_balanced,0.95,5,0,16,16,1,253.0,253.0,healthy,healthy,253,253,0.988425925925926,0.988425925925926
ocsvm,ocsvm_nu0p05_gamma_0p01,engine_balanced,0.95,5,0,23,23,1,246.0,246.0,healthy,healthy,246,246,0.9976851851851852,0.9976851851851852
ocsvm,ocsvm_nu0p05_gamma_0p01,engine_balanced,0.95,5,0,27,27,1,242.0,242.0,healthy,healthy,242,242,0.960648148148148,0.960648148148148
ocsvm,ocsvm_nu0p05_gamma_0p01,engine_balanced,0.95,5,0,29,30,2,240.0,239.0,healthy,healthy,240,239,0.9907407407407408,0.9895833333333335
ocsvm,ocsvm_nu0p05_gamma_0p01,engine_balanced,0.95,5,0,48,48,1,221.0,221.0,healthy,healthy,221,221,0.976851851851852,0.976851851851852
ocsvm,ocsvm_nu0p05_gamma_0p01,engine_balanced,0.95,5,0,65,65,1,204.0,204.0,healthy,healthy,204,204,0.976851851851852,0.976851851851852
ocsvm,ocsvm_nu0p05_gamma_0p01,engine_balanced,0.95,5,0,67,67,1,202.0,202.0,healthy,healthy,202,202,0.9722222222222222,0.9722222222222222
ocsvm,ocsvm_nu0p05_gamma_0p01,engine_balanced,0.95,5,0,70,71,2,199.0,198.0,healthy,healthy,199,198,0.9583333333333334,0.9560185185185185
ocsvm,ocsvm_nu0p05_gamma_0p01,engine_balanced,0.95,5,0,74,75,2,195.0,194.0,healthy,healthy,195,194,0.976851851851852,0.9641203703703705
ocsvm,ocsvm_nu0p05_gamma_0p01,engine_balanced,0.95,5,0,87,87,1,182.0,182.0,healthy,healthy,182,182,0.9675925925925926,0.9675925925925926
ocsvm,ocsvm_nu0p05_gamma_0p01,engine_balanced,0.95,5,0,100,100,1,169.0,169.0,healthy,healthy,169,169,0.976851851851852,0.976851851851852
ocsvm,ocsvm_nu0p05_gamma_0p01,engine_balanced,0.95,5,0,123,123,1,146.0,146.0,healthy,healthy,146,146,0.988425925925926,0.988425925925926
ocsvm,ocsvm_nu0p05_gamma_0p01,engine_balanced,0.95,5,0,147,147,1,122.0,122.0,middle,middle,122,122,0.9745370370370372,0.9745370370370372
ocsvm,ocsvm_nu0p05_gamma_0p01,engine_balanced,0.95,5,0,152,152,1,117.0,117.0,middle,middle,117,117,0.9814814814814816,0.9814814814814816
ocsvm,ocsvm_nu0p05_gamma_0p01,engine_balanced,0.95,5,0,158,158,1,111.0,111.0,middle,middle,111,111,0.9745370370370372,0.9745370370370372
ocsvm,ocsvm_nu0p05_gamma_0p01,engine_balanced,0.95,5,0,160,160,1,109.0,109.0,middle,middle,109,109,0.9837962962962964,0.9837962962962964
ocsvm,ocsvm_nu0p05_gamma_0p01,engine_balanced,0.95,5,0,163,163,1,106.0,106.0,middle,middle,106,106,0.9629629629629628,0.9629629629629628
ocsvm,ocsvm_nu0p05_gamma_0p01,engine_balanced,0.95,5,0,165,165,1,104.0,104.0,middle,middle,104,104,0.9675925925925926,0.9675925925925926
ocsvm,ocsvm_nu0p05_gamma_0p01,engine_balanced,0.95,5,0,168,170,3,101.0,99.0,middle,middle,101,99,0.9953703703703703,0.9822530864197531
ocsvm,ocsvm_nu0p05_gamma_0p01,engine_balanced,0.95,5,0,172,173,2,97.0,96.0,middle,middle,97,96,0.9953703703703703,0.9756944444444444
ocsvm,ocsvm_nu0p05_gamma_0p01,engine_balanced,0.95,5,0,177,177,1,92.0,92.0,middle,middle,92,92,0.9745370370370372,0.9745370370370372
ocsvm,ocsvm_nu0p05_gamma_0p01,engine_balanced,0.95,5,0,180,269,90,89.0,0.0,middle,near_failure,89,0,1.0,0.9982767489711936
ocsvm,ocsvm_nu0p05_gamma_0p01,engine_balanced,0.95,10,0,13,13,1,209.0,209.0,healthy,healthy,209,209,0.9583333333333334,0.9583333333333334
ocsvm,ocsvm_nu0p05_gamma_0p01,engine_balanced,0.95,10,0,16,16,1,206.0,206.0,healthy,healthy,206,206,0.9583333333333334,0.9583333333333334
ocsvm,ocsvm_nu0p05_gamma_0p01,engine_balanced,0.95,10,0,28,29,2,194.0,193.0,healthy,healthy,194,193,0.988425925925926,0.9780092592592593
ocsvm,ocsvm_nu0p05_gamma_0p01,engine_balanced,0.95,10,0,43,43,1,179.0,179.0,healthy,healthy,179,179,0.9907407407407408,0.9907407407407408
ocsvm,ocsvm_nu0p05_gamma_0p01,engine_balanced,0.95,10,0,67,67,1,155.0,155.0,healthy,healthy,155,155,0.9745370370370372,0.9745370370370372
ocsvm,ocsvm_nu0p05_gamma_0p01,engine_balanced,0.95,10,0,103,103,1,119.0,119.0,middle,middle,119,119,0.9537037037037036,0.9537037037037036
ocsvm,ocsvm_nu0p05_gamma_0p01,engine_balanced,0.95,10,0,155,155,1,67.0,67.0,middle,middle,67,67,0.9699074074074074,0.9699074074074074
ocsvm,ocsvm_nu0p05_gamma_0p01,engine_balanced,0.95,10,0,158,158,1,64.0,64.0,middle,middle,64,64,0.988425925925926,0.988425925925926
ocsvm,ocsvm_nu0p05_gamma_0p01,engine_balanced,0.95,10,0,164,164,1,58.0,58.0,middle,middle,58,58,0.988425925925926,0.988425925925926
ocsvm,ocsvm_nu0p05_gamma_0p01,engine_balanced,0.95,10,0,166,167,2,56.0,55.0,middle,middle,56,55,0.988425925925926,0.9756944444444444
ocsvm,ocsvm_nu0p05_gamma_0p01,engine_balanced,0.95,10,0,169,169,1,53.0,53.0,middle,middle,53,53,0.9930555555555556,0.9930555555555556
ocsvm,ocsvm_nu0p05_gamma_0p01,engine_balanced,0.95,10,0,172,178,7,50.0,44.0,middle,middle,50,44,1.0,0.9904100529100529
ocsvm,ocsvm_nu0p05_gamma_0p01,engine_balanced,0.95,10,0,180,222,43,42.0,0.0,middle,near_failure,42,0,1.0,0.9995693367786391
ocsvm,ocsvm_nu0p05_gamma_0p01,engine_balanced,0.95,11,0,2,2,1,238.0,238.0,healthy,healthy,238,238,0.9745370370370372,0.9745370370370372
ocsvm,ocsvm_nu0p05_gamma_0p01,engine_balanced,0.95,11,0,14,14,1,226.0,226.0,healthy,healthy,226,226,0.988425925925926,0.988425925925926
ocsvm,ocsvm_nu0p05_gamma_0p01,engine_balanced,0.95,11,0,35,35,1,205.0,205.0,healthy,healthy,205,205,0.9583333333333334,0.9583333333333334
ocsvm,ocsvm_nu0p05_gamma_0p01,engine_balanced,0.95,11,0,39,39,1,201.0,201.0,healthy,healthy,201,201,0.960648148148148,0.960648148148148
ocsvm,ocsvm_nu0p05_gamma_0p01,engine_balanced,0.95,11,0,159,159,1,81.0,81.0,middle,middle,81,81,0.9814814814814816,0.9814814814814816
ocsvm,ocsvm_nu0p05_gamma_0p01,engine_balanced,0.95,11,0,175,175,1,65.0,65.0,middle,middle,65,65,0.9583333333333334,0.9583333333333334
ocsvm,ocsvm_nu0p05_gamma_0p01,engine_balanced,0.95,11,0,178,179,2,62.0,61.0,middle,middle,62,61,0.9907407407407408,0.9895833333333335
ocsvm,ocsvm_nu0p05_gamma_0p01,engine_balanced,0.95,11,0,181,240,60,59.0,0.0,middle,near_failure,59,0,1.0,0.9989583333333333
ocsvm,ocsvm_nu0p05_gamma_0p01,engine_balanced,0.95,13,0,92,92,1,71.0,71.0,middle,middle,71,71,0.9722222222222222,0.9722222222222222
ocsvm,ocsvm_nu0p05_gamma_0p01,engine_balanced,0.95,13,0,95,95,1,68.0,68.0,middle,middle,68,68,0.988425925925926,0.988425925925926
ocsvm,ocsvm_nu0p05_gamma_0p01,engine_balanced,0.95,13,0,98,98,1,65.0,65.0,middle,middle,65,65,0.9629629629629628,0.9629629629629628
ocsvm,ocsvm_nu0p05_gamma_0p01,engine_balanced,0.95,13,0,101,101,1,62.0,62.0,middle,middle,62,62,0.988425925925926,0.988425925925926
ocsvm,ocsvm_nu0p05_gamma_0p01,engine_balanced,0.95,13,0,103,163,61,60.0,0.0,middle,near_failure,60,0,1.0,0.9976851851851852
ocsvm,ocsvm_nu0p05_gamma_0p01,engine_balanced,0.95,16,0,7,7,1,202.0,202.0,healthy,healthy,202,202,0.976851851851852,0.976851851851852
ocsvm,ocsvm_nu0p05_gamma_0p01,engine_balanced,0.95,16,0,28,28,1,181.0,181.0,healthy,healthy,181,181,0.9930555555555556,0.9930555555555556
ocsvm,ocsvm_nu0p05_gamma_0p01,engine_balanced,0.95,16,0,43,43,1,166.0,166.0,healthy,healthy,166,166,0.9814814814814816,0.9814814814814816
ocsvm,ocsvm_nu0p05_gamma_0p01,engine_balanced,0.95,16,0,47,47,1,162.0,162.0,healthy,healthy,162,162,0.9675925925925926,0.9675925925925926
ocsvm,ocsvm_nu0p05_gamma_0p01,engine_balanced,0.95,16,0,49,49,1,160.0,160.0,healthy,healthy,160,160,0.9722222222222222,0.9722222222222222
ocsvm,ocsvm_nu0p05_gamma_0p01,engine_balanced,0.95,16,0,53,53,1,156.0,156.0,healthy,healthy,156,156,0.9629629629629628,0.9629629629629628
ocsvm,ocsvm_nu0p05_gamma_0p01,engine_balanced,0.95,16,0,55,56,2,154.0,153.0,healthy,healthy,154,153,0.988425925925926,0.974537037037037
ocsvm,ocsvm_nu0p05_gamma_0p01,engine_balanced,0.95,16,0,62,63,2,147.0,146.0,healthy,healthy,147,146,0.988425925925926,0.9699074074074074
ocsvm,ocsvm_nu0p05_gamma_0p01,engine_balanced,0.95,16,0,70,71,2,139.0,138.0,healthy,healthy,139,138,0.988425925925926,0.9849537037037038
ocsvm,ocsvm_nu0p05_gamma_0p01,engine_balanced,0.95,16,0,73,73,1,136.0,136.0,healthy,healthy,136,136,0.9953703703703703,0.9953703703703703
ocsvm,ocsvm_nu0p05_gamma_0p01,engine_balanced,0.95,16,0,78,78,1,131.0,131.0,healthy,healthy,131,131,0.9930555555555556,0.9930555555555556
ocsvm,ocsvm_nu0p05_gamma_0p01,engine_balanced,0.95,16,0,80,80,1,129.0,129.0,healthy,healthy,129,129,0.960648148148148,0.960648148148148
ocsvm,ocsvm_nu0p05_gamma_0p01,engine_balanced,0.95,16,0,83,83,1,126.0,126.0,healthy,healthy,126,126,0.9953703703703703,0.9953703703703703
ocsvm,ocsvm_nu0p05_gamma_0p01,engine_balanced,0.95,16,0,88,89,2,121.0,120.0,middle,middle,121,120,1.0,0.9872685185185186
ocsvm,ocsvm_nu0p05_gamma_0p01,engine_balanced,0.95,16,0,91,91,1,118.0,118.0,middle,middle,118,118,1.0,1.0
ocsvm,ocsvm_nu0p05_gamma_0p01,engine_balanced,0.95,16,0,93,95,3,116.0,114.0,middle,middle,116,114,0.988425925925926,0.9745370370370371
ocsvm,ocsvm_nu0p05_gamma_0p01,engine_balanced,0.95,16,0,97,101,5,112.0,108.0,middle,middle,112,108,1.0,0.9847222222222223
ocsvm,ocsvm_nu0p05_gamma_0p01,engine_balanced,0.95,16,0,103,105,3,106.0,104.0,middle,middle,106,104,1.0,0.9876543209876543
ocsvm,ocsvm_nu0p05_gamma_0p01,engine_balanced,0.95,16,0,107,107,1,102.0,102.0,middle,middle,102,102,0.9722222222222222,0.9722222222222222
ocsvm,ocsvm_nu0p05_gamma_0p01,engine_balanced,0.95,16,0,109,112,4,100.0,97.0,middle,middle,100,97,0.9953703703703703,0.9866898148148149
ocsvm,ocsvm_nu0p05_gamma_0p01,engine_balanced,0.95,16,0,116,118,3,93.0,91.0,middle,middle,93,91,1.0,0.9891975308641975
ocsvm,ocsvm_nu0p05_gamma_0p01,engine_balanced,0.95,16,0,120,126,7,89.0,83.0,middle,middle,89,83,1.0,0.9940476190476192
ocsvm,ocsvm_nu0p05_gamma_0p01,engine_balanced,0.95,16,0,128,209,82,81.0,0.0,middle,near_failure,81,0,1.0,0.9996047877145439
ocsvm,ocsvm_nu0p05_gamma_0p01,engine_balanced,0.95,27,0,52,52,1,104.0,104.0,middle,middle,104,104,0.9652777777777778,0.9652777777777778
ocsvm,ocsvm_nu0p05_gamma_0p01,engine_balanced,0.95,27,0,80,80,1,76.0,76.0,middle,middle,76,76,0.9513888888888888,0.9513888888888888
ocsvm,ocsvm_nu0p05_gamma_0p01,engine_balanced,0.95,27,0,92,99,8,64.0,57.0,middle,middle,64,57,1.0,0.984375
ocsvm,ocsvm_nu0p05_gamma_0p01,engine_balanced,0.95,27,0,102,104,3,54.0,52.0,middle,middle,54,52,1.0,0.9876543209876543
ocsvm,ocsvm_nu0p05_gamma_0p01,engine_balanced,0.95,27,0,106,156,51,50.0,0.0,middle,near_failure,50,0,1.0,0.998865286855483
ocsvm,ocsvm_nu0p05_gamma_0p01,engine_balanced,0.95,31,0,29,29,1,205.0,205.0,healthy,healthy,205,205,0.9583333333333334,0.9583333333333334
ocsvm,ocsvm_nu0p05_gamma_0p01,engine_balanced,0.95,31,0,48,48,1,186.0,186.0,healthy,healthy,186,186,0.9814814814814816,0.9814814814814816
ocsvm,ocsvm_nu0p05_gamma_0p01,engine_balanced,0.95,31,0,135,135,1,99.0,99.0,middle,middle,99,99,0.9583333333333334,0.9583333333333334
ocsvm,ocsvm_nu0p05_gamma_0p01,engine_balanced,0.95,31,0,167,167,1,67.0,67.0,middle,middle,67,67,0.9861111111111112,0.9861111111111112
ocsvm,ocsvm_nu0p05_gamma_0p01,engine_balanced,0.95,31,0,176,176,1,58.0,58.0,middle,middle,58,58,0.9699074074074074,0.9699074074074074
ocsvm,ocsvm_nu0p05_gamma_0p01,engine_balanced,0.95,31,0,179,179,1,55.0,55.0,middle,middle,55,55,0.9629629629629628,0.9629629629629628
ocsvm,ocsvm_nu0p05_gamma_0p01,engine_balanced,0.95,31,0,185,185,1,49.0,49.0,middle,middle,49,49,0.988425925925926,0.988425925925926
ocsvm,ocsvm_nu0p05_gamma_0p01,engine_balanced,0.95,31,0,188,190,3,46.0,44.0,middle,middle,46,44,0.988425925925926,0.9722222222222223
ocsvm,ocsvm_nu0p05_gamma_0p01,engine_balanced,0.95,31,0,194,234,41,40.0,0.0,middle,near_failure,40,0,1.0,0.9988143631436314
ocsvm,ocsvm_nu0p05_gamma_0p01,engine_balanced,0.95,34,0,93,93,1,102.0,102.0,middle,middle,102,102,0.988425925925926,0.988425925925926
ocsvm,ocsvm_nu0p05_gamma_0p01,engine_balanced,0.95,34,0,106,106,1,89.0,89.0,middle,middle,89,89,0.9652777777777778,0.9652777777777778
ocsvm,ocsvm_nu0p05_gamma_0p01,engine_balanced,0.95,34,0,111,111,1,84.0,84.0,middle,middle,84,84,0.960648148148148,0.960648148148148
ocsvm,ocsvm_nu0p05_gamma_0p01,engine_balanced,0.95,34,0,120,195,76,75.0,0.0,middle,near_failure,75,0,1.0,0.9969846491228072
ocsvm,ocsvm_nu0p05_gamma_0p01,engine_balanced,0.95,40,0,23,23,1,165.0,165.0,healthy,healthy,165,165,0.960648148148148,0.960648148148148
ocsvm,ocsvm_nu0p05_gamma_0p01,engine_balanced,0.95,40,0,26,26,1,162.0,162.0,healthy,healthy,162,162,0.976851851851852,0.976851851851852
ocsvm,ocsvm_nu0p05_gamma_0p01,engine_balanced,0.95,40,0,36,36,1,152.0,152.0,healthy,healthy,152,152,0.988425925925926,0.988425925925926
ocsvm,ocsvm_nu0p05_gamma_0p01,engine_balanced,0.95,40,0,39,40,2,149.0,148.0,healthy,healthy,149,148,0.988425925925926,0.974537037037037
ocsvm,ocsvm_nu0p05_gamma_0p01,engine_balanced,0.95,40,0,48,48,1,140.0,140.0,healthy,healthy,140,140,0.9722222222222222,0.9722222222222222
ocsvm,ocsvm_nu0p05_gamma_0p01,engine_balanced,0.95,40,0,52,52,1,136.0,136.0,healthy,healthy,136,136,0.960648148148148,0.960648148148148
ocsvm,ocsvm_nu0p05_gamma_0p01,engine_balanced,0.95,40,0,68,69,2,120.0,119.0,middle,middle,120,119,0.976851851851852,0.96875
ocsvm,ocsvm_nu0p05_gamma_0p01,engine_balanced,0.95,40,0,76,77,2,112.0,111.0,middle,middle,112,111,0.9907407407407408,0.9895833333333335
ocsvm,ocsvm_nu0p05_gamma_0p01,engine_balanced,0.95,40,0,81,84,4,107.0,104.0,middle,middle,107,104,0.9953703703703703,0.9710648148148148
ocsvm,ocsvm_nu0p05_gamma_0p01,engine_balanced,0.95,40,0,86,89,4,102.0,99.0,middle,middle,102,99,1.0,0.9762731481481481
ocsvm,ocsvm_nu0p05_gamma_0p01,engine_balanced,0.95,40,0,91,93,3,97.0,95.0,middle,middle,97,95,0.9953703703703703,0.9868827160493828
ocsvm,ocsvm_nu0p05_gamma_0p01,engine_balanced,0.95,40,0,95,95,1,93.0,93.0,middle,middle,93,93,1.0,1.0
ocsvm,ocsvm_nu0p05_gamma_0p01,engine_balanced,0.95,40,0,98,103,6,90.0,85.0,middle,middle,90,85,1.0,0.9884259259259259
ocsvm,ocsvm_nu0p05_gamma_0p01,engine_balanced,0.95,40,0,106,111,6,82.0,77.0,middle,middle,82,77,1.0,0.9942129629629631
ocsvm,ocsvm_nu0p05_gamma_0p01,engine_balanced,0.95,40,0,113,188,76,75.0,0.0,middle,near_failure,75,0,1.0,0.9987512183235866
ocsvm,ocsvm_nu0p05_gamma_0p01,engine_balanced,0.95,41,0,16,16,1,200.0,200.0,healthy,healthy,200,200,0.9513888888888888,0.9513888888888888
ocsvm,ocsvm_nu0p05_gamma_0p01,engine_balanced,0.95,41,0,40,40,1,176.0,176.0,healthy,healthy,176,176,0.976851851851852,0.976851851851852
ocsvm,ocsvm_nu0p05_gamma_0p01,engine_balanced,0.95,41,0,112,112,1,104.0,104.0,middle,middle,104,104,0.9745370370370372,0.9745370370370372
ocsvm,ocsvm_nu0p05_gamma_0p01,engine_balanced,0.95,41,0,120,120,1,96.0,96.0,middle,middle,96,96,0.9722222222222222,0.9722222222222222
ocsvm,ocsvm_nu0p05_gamma_0p01,engine_balanced,0.95,41,0,128,128,1,88.0,88.0,middle,middle,88,88,0.9675925925925926,0.9675925925925926
ocsvm,ocsvm_nu0p05_gamma_0p01,engine_balanced,0.95,41,0,132,132,1,84.0,84.0,middle,middle,84,84,1.0,1.0
ocsvm,ocsvm_nu0p05_gamma_0p01,engine_balanced,0.95,41,0,139,141,3,77.0,75.0,middle,middle,77,75,0.988425925925926,0.9783950617283952
ocsvm,ocsvm_nu0p05_gamma_0p01,engine_balanced,0.95,41,0,144,216,73,72.0,0.0,middle,near_failure,72,0,1.0,0.9979388635210553
ocsvm,ocsvm_nu0p05_gamma_0p01,engine_balanced,0.95,45,0,3,3,1,155.0,155.0,healthy,healthy,155,155,0.960648148148148,0.960648148148148
ocsvm,ocsvm_nu0p05_gamma_0p01,engine_balanced,0.95,45,0,9,9,1,149.0,149.0,healthy,healthy,149,149,1.0,1.0
ocsvm,ocsvm_nu0p05_gamma_0p01,engine_balanced,0.95,45,0,14,14,1,144.0,144.0,healthy,healthy,144,144,0.9583333333333334,0.9583333333333334
ocsvm,ocsvm_nu0p05_gamma_0p01,engine_balanced,0.95,45,0,17,17,1,141.0,141.0,healthy,healthy,141,141,0.9699074074074074,0.9699074074074074
ocsvm,ocsvm_nu0p05_gamma_0p01,engine_balanced,0.95,45,0,21,21,1,137.0,137.0,healthy,healthy,137,137,0.9629629629629628,0.9629629629629628
ocsvm,ocsvm_nu0p05_gamma_0p01,engine_balanced,0.95,45,0,23,23,1,135.0,135.0,healthy,healthy,135,135,0.9583333333333334,0.9583333333333334
ocsvm,ocsvm_nu0p05_gamma_0p01,engine_balanced,0.95,45,0,27,27,1,131.0,131.0,healthy,healthy,131,131,0.988425925925926,0.988425925925926
ocsvm,ocsvm_nu0p05_gamma_0p01,engine_balanced,0.95,45,0,34,34,1,124.0,124.0,middle,middle,124,124,0.9699074074074074,0.9699074074074074
ocsvm,ocsvm_nu0p05_gamma_0p01,engine_balanced,0.95,45,0,43,43,1,115.0,115.0,middle,middle,115,115,0.9675925925925926,0.9675925925925926
ocsvm,ocsvm_nu0p05_gamma_0p01,engine_balanced,0.95,45,0,45,45,1,113.0,113.0,middle,middle,113,113,0.9745370370370372,0.9745370370370372
ocsvm,ocsvm_nu0p05_gamma_0p01,engine_balanced,0.95,45,0,47,47,1,111.0,111.0,middle,middle,111,111,0.9953703703703703,0.9953703703703703
ocsvm,ocsvm_nu0p05_gamma_0p01,engine_balanced,0.95,45,0,84,84,1,74.0,74.0,middle,middle,74,74,0.9722222222222222,0.9722222222222222
ocsvm,ocsvm_nu0p05_gamma_0p01,engine_balanced,0.95,45,0,97,97,1,61.0,61.0,middle,middle,61,61,0.9675925925925926,0.9675925925925926
ocsvm,ocsvm_nu0p05_gamma_0p01,engine_balanced,0.95,45,0,100,100,1,58.0,58.0,middle,middle,58,58,0.9907407407407408,0.9907407407407408
ocsvm,ocsvm_nu0p05_gamma_0p01,engine_balanced,0.95,45,0,104,104,1,54.0,54.0,middle,middle,54,54,0.9652777777777778,0.9652777777777778
ocsvm,ocsvm_nu0p05_gamma_0p01,engine_balanced,0.95,45,0,106,106,1,52.0,52.0,middle,middle,52,52,0.988425925925926,0.988425925925926
ocsvm,ocsvm_nu0p05_gamma_0p01,engine_balanced,0.95,45,0,108,108,1,50.0,50.0,middle,middle,50,50,0.976851851851852,0.976851851851852
ocsvm,ocsvm_nu0p05_gamma_0p01,engine_balanced,0.95,45,0,111,111,1,47.0,47.0,middle,middle,47,47,0.9675925925925926,0.9675925925925926
ocsvm,ocsvm_nu0p05_gamma_0p01,engine_balanced,0.95,45,0,113,114,2,45.0,44.0,middle,middle,45,44,1.0,0.988425925925926
ocsvm,ocsvm_nu0p05_gamma_0p01,engine_balanced,0.95,45,0,116,118,3,42.0,40.0,middle,middle,42,40,1.0,0.992283950617284
ocsvm,ocsvm_nu0p05_gamma_0p01,engine_balanced,0.95,45,0,120,158,39,38.0,0.0,middle,near_failure,38,0,1.0,0.9981600189933523
ocsvm,ocsvm_nu0p05_gamma_0p01,engine_balanced,0.95,46,0,1,1,1,255.0,255.0,healthy,healthy,255,255,0.988425925925926,0.988425925925926
ocsvm,ocsvm_nu0p05_gamma_0p01,engine_balanced,0.95,46,0,28,28,1,228.0,228.0,healthy,healthy,228,228,0.9537037037037036,0.9537037037037036
ocsvm,ocsvm_nu0p05_gamma_0p01,engine_balanced,0.95,46,0,57,57,1,199.0,199.0,healthy,healthy,199,199,0.960648148148148,0.960648148148148
ocsvm,ocsvm_nu0p05_gamma_0p01,engine_balanced,0.95,46,0,64,64,1,192.0,192.0,healthy,healthy,192,192,0.9953703703703703,0.9953703703703703
ocsvm,ocsvm_nu0p05_gamma_0p01,engine_balanced,0.95,46,0,174,174,1,82.0,82.0,middle,middle,82,82,0.960648148148148,0.960648148148148
ocsvm,ocsvm_nu0p05_gamma_0p01,engine_balanced,0.95,46,0,189,189,1,67.0,67.0,middle,middle,67,67,0.9513888888888888,0.9513888888888888
ocsvm,ocsvm_nu0p05_gamma_0p01,engine_balanced,0.95,46,0,193,193,1,63.0,63.0,middle,middle,63,63,0.960648148148148,0.960648148148148
ocsvm,ocsvm_nu0p05_gamma_0p01,engine_balanced,0.95,46,0,197,197,1,59.0,59.0,middle,middle,59,59,0.976851851851852,0.976851851851852
ocsvm,ocsvm_nu0p05_gamma_0p01,engine_balanced,0.95,46,0,200,200,1,56.0,56.0,middle,middle,56,56,0.9513888888888888,0.9513888888888888
ocsvm,ocsvm_nu0p05_gamma_0p01,engine_balanced,0.95,46,0,203,203,1,53.0,53.0,middle,middle,53,53,0.9953703703703703,0.9953703703703703
ocsvm,ocsvm_nu0p05_gamma_0p01,engine_balanced,0.95,46,0,209,256,48,47.0,0.0,middle,near_failure,47,0,1.0,0.9972993827160493
ocsvm,ocsvm_nu0p05_gamma_0p01,engine_balanced,0.95,54,0,5,5,1,252.0,252.0,healthy,healthy,252,252,0.9513888888888888,0.9513888888888888
ocsvm,ocsvm_nu0p05_gamma_0p01,engine_balanced,0.95,54,0,16,16,1,241.0,241.0,healthy,healthy,241,241,0.9513888888888888,0.9513888888888888
ocsvm,ocsvm_nu0p05_gamma_0p01,engine_balanced,0.95,54,0,24,24,1,233.0,233.0,healthy,healthy,233,233,0.9583333333333334,0.9583333333333334
ocsvm,ocsvm_nu0p05_gamma_0p01,engine_balanced,0.95,54,0,35,35,1,222.0,222.0,healthy,healthy,222,222,0.9745370370370372,0.9745370370370372
ocsvm,ocsvm_nu0p05_gamma_0p01,engine_balanced,0.95,54,0,64,64,1,193.0,193.0,healthy,healthy,193,193,0.960648148148148,0.960648148148148
ocsvm,ocsvm_nu0p05_gamma_0p01,engine_balanced,0.95,54,0,152,152,1,105.0,105.0,middle,middle,105,105,0.9652777777777778,0.9652777777777778
ocsvm,ocsvm_nu0p05_gamma_0p01,engine_balanced,0.95,54,0,160,161,2,97.0,96.0,middle,middle,97,96,0.9537037037037036,0.9525462962962963
ocsvm,ocsvm_nu0p05_gamma_0p01,engine_balanced,0.95,54,0,168,168,1,89.0,89.0,middle,middle,89,89,0.988425925925926,0.988425925925926
ocsvm,ocsvm_nu0p05_gamma_0p01,engine_balanced,0.95,54,0,170,170,1,87.0,87.0,middle,middle,87,87,0.9629629629629628,0.9629629629629628
ocsvm,ocsvm_nu0p05_gamma_0p01,engine_balanced,0.95,54,0,173,175,3,84.0,82.0,middle,middle,84,82,0.988425925925926,0.988425925925926
ocsvm,ocsvm_nu0p05_gamma_0p01,engine_balanced,0.95,54,0,178,178,1,79.0,79.0,middle,middle,79,79,0.9629629629629628,0.9629629629629628
ocsvm,ocsvm_nu0p05_gamma_0p01,engine_balanced,0.95,54,0,180,183,4,77.0,74.0,middle,middle,77,74,1.0,0.9976851851851851
ocsvm,ocsvm_nu0p05_gamma_0p01,engine_balanced,0.95,54,0,185,257,73,72.0,0.0,middle,near_failure,72,0,1.0,0.9987950279046169
ocsvm,ocsvm_nu0p05_gamma_0p01,engine_balanced,0.95,74,0,26,26,1,140.0,140.0,healthy,healthy,140,140,0.9652777777777778,0.9652777777777778
ocsvm,ocsvm_nu0p05_gamma_0p01,engine_balanced,0.95,74,0,117,117,1,49.0,49.0,middle,middle,49,49,0.960648148148148,0.960648148148148
ocsvm,ocsvm_nu0p05_gamma_0p01,engine_balanced,0.95,74,0,128,128,1,38.0,38.0,middle,middle,38,38,1.0,1.0
ocsvm,ocsvm_nu0p05_gamma_0p01,engine_balanced,0.95,74,0,130,134,5,36.0,32.0,middle,middle,36,32,0.9953703703703703,0.9875000000000002
ocsvm,ocsvm_nu0p05_gamma_0p01,engine_balanced,0.95,74,0,136,166,31,30.0,0.0,near_failure,near_failure,30,0,1.0,0.9990292712066905
ocsvm,ocsvm_nu0p05_gamma_0p01,engine_balanced,0.95,77,0,23,23,1,131.0,131.0,healthy,healthy,131,131,1.0,1.0
ocsvm,ocsvm_nu0p05_gamma_0p01,engine_balanced,0.95,77,0,33,33,1,121.0,121.0,middle,middle,121,121,0.960648148148148,0.960648148148148
ocsvm,ocsvm_nu0p05_gamma_0p01,engine_balanced,0.95,77,0,35,35,1,119.0,119.0,middle,middle,119,119,0.988425925925926,0.988425925925926
ocsvm,ocsvm_nu0p05_gamma_0p01,engine_balanced,0.95,77,0,61,61,1,93.0,93.0,middle,middle,93,93,0.9722222222222222,0.9722222222222222
ocsvm,ocsvm_nu0p05_gamma_0p01,engine_balanced,0.95,77,0,79,80,2,75.0,74.0,middle,middle,75,74,0.9907407407407408,0.9756944444444444
ocsvm,ocsvm_nu0p05_gamma_0p01,engine_balanced,0.95,77,0,88,89,2,66.0,65.0,middle,middle,66,65,0.9930555555555556,0.9756944444444444
ocsvm,ocsvm_nu0p05_gamma_0p01,engine_balanced,0.95,77,0,94,96,3,60.0,58.0,middle,middle,60,58,0.9953703703703703,0.9830246913580248
ocsvm,ocsvm_nu0p05_gamma_0p01,engine_balanced,0.95,77,0,98,100,3,56.0,54.0,middle,middle,56,54,1.0,0.9830246913580246
ocsvm,ocsvm_nu0p05_gamma_0p01,engine_balanced,0.95,77,0,105,105,1,49.0,49.0,middle,middle,49,49,1.0,1.0
ocsvm,ocsvm_nu0p05_gamma_0p01,engine_balanced,0.95,77,0,107,107,1,47.0,47.0,middle,middle,47,47,0.9953703703703703,0.9953703703703703
ocsvm,ocsvm_nu0p05_gamma_0p01,engine_balanced,0.95,77,0,109,109,1,45.0,45.0,middle,middle,45,45,0.9953703703703703,0.9953703703703703
ocsvm,ocsvm_nu0p05_gamma_0p01,engine_balanced,0.95,77,0,111,111,1,43.0,43.0,middle,middle,43,43,0.9930555555555556,0.9930555555555556
ocsvm,ocsvm_nu0p05_gamma_0p01,engine_balanced,0.95,77,0,113,154,42,41.0,0.0,middle,near_failure,41,0,1.0,0.9988425925925926
ocsvm,ocsvm_nu0p05_gamma_0p01,engine_balanced,0.95,78,0,1,5,5,230.0,226.0,healthy,healthy,230,226,1.0,0.9898148148148149
ocsvm,ocsvm_nu0p05_gamma_0p01,engine_balanced,0.95,78,0,8,8,1,223.0,223.0,healthy,healthy,223,223,0.9722222222222222,0.9722222222222222
ocsvm,ocsvm_nu0p05_gamma_0p01,engine_balanced,0.95,78,0,11,12,2,220.0,219.0,healthy,healthy,220,219,0.988425925925926,0.9768518518518519
ocsvm,ocsvm_nu0p05_gamma_0p01,engine_balanced,0.95,78,0,18,18,1,213.0,213.0,healthy,healthy,213,213,0.9699074074074074,0.9699074074074074
ocsvm,ocsvm_nu0p05_gamma_0p01,engine_balanced,0.95,78,0,20,20,1,211.0,211.0,healthy,healthy,211,211,0.9907407407407408,0.9907407407407408
ocsvm,ocsvm_nu0p05_gamma_0p01,engine_balanced,0.95,78,0,29,29,1,202.0,202.0,healthy,healthy,202,202,0.9675925925925926,0.9675925925925926
ocsvm,ocsvm_nu0p05_gamma_0p01,engine_balanced,0.95,78,0,32,32,1,199.0,199.0,healthy,healthy,199,199,0.988425925925926,0.988425925925926
ocsvm,ocsvm_nu0p05_gamma_0p01,engine_balanced,0.95,78,0,35,36,2,196.0,195.0,healthy,healthy,196,195,0.9953703703703703,0.9849537037037037
ocsvm,ocsvm_nu0p05_gamma_0p01,engine_balanced,0.95,78,0,38,38,1,193.0,193.0,healthy,healthy,193,193,0.976851851851852,0.976851851851852
ocsvm,ocsvm_nu0p05_gamma_0p01,engine_balanced,0.95,78,0,45,45,1,186.0,186.0,healthy,healthy,186,186,0.988425925925926,0.988425925925926
ocsvm,ocsvm_nu0p05_gamma_0p01,engine_balanced,0.95,78,0,53,53,1,178.0,178.0,healthy,healthy,178,178,0.976851851851852,0.976851851851852
ocsvm,ocsvm_nu0p05_gamma_0p01,engine_balanced,0.95,78,0,173,173,1,58.0,58.0,middle,middle,58,58,0.960648148148148,0.960648148148148
ocsvm,ocsvm_nu0p05_gamma_0p01,engine_balanced,0.95,78,0,180,181,2,51.0,50.0,middle,middle,51,50,0.9953703703703703,0.9953703703703703
ocsvm,ocsvm_nu0p05_gamma_0p01,engine_balanced,0.95,78,0,183,184,2,48.0,47.0,middle,middle,48,47,0.9930555555555556,0.9826388888888888
ocsvm,ocsvm_nu0p05_gamma_0p01,engine_balanced,0.95,78,0,186,231,46,45.0,0.0,middle,near_failure,45,0,1.0,0.9969806763285025
ocsvm,ocsvm_nu0p05_gamma_0p01,engine_balanced,0.95,81,0,119,119,1,121.0,121.0,middle,middle,121,121,0.9745370370370372,0.9745370370370372
ocsvm,ocsvm_nu0p05_gamma_0p01,engine_balanced,0.95,81,0,137,137,1,103.0,103.0,middle,middle,103,103,0.9699074074074074,0.9699074074074074
ocsvm,ocsvm_nu0p05_gamma_0p01,engine_balanced,0.95,81,0,142,143,2,98.0,97.0,middle,middle,98,97,0.9629629629629628,0.9618055555555554
ocsvm,ocsvm_nu0p05_gamma_0p01,engine_balanced,0.95,81,0,150,150,1,90.0,90.0,middle,middle,90,90,0.9722222222222222,0.9722222222222222
ocsvm,ocsvm_nu0p05_gamma_0p01,engine_balanced,0.95,81,0,157,158,2,83.0,82.0,middle,middle,83,82,0.9814814814814816,0.9664351851851852
ocsvm,ocsvm_nu0p05_gamma_0p01,engine_balanced,0.95,81,0,164,165,2,76.0,75.0,middle,middle,76,75,0.988425925925926,0.9756944444444444
ocsvm,ocsvm_nu0p05_gamma_0p01,engine_balanced,0.95,81,0,167,170,4,73.0,70.0,middle,middle,73,70,0.9953703703703703,0.9855324074074073
ocsvm,ocsvm_nu0p05_gamma_0p01,engine_balanced,0.95,81,0,172,173,2,68.0,67.0,middle,middle,68,67,0.9745370370370372,0.9675925925925926
ocsvm,ocsvm_nu0p05_gamma_0p01,engine_balanced,0.95,81,0,175,240,66,65.0,0.0,middle,near_failure,65,0,1.0,0.9992283950617284
ocsvm,ocsvm_nu0p05_gamma_0p01,engine_balanced,0.95,89,0,1,1,1,216.0,216.0,healthy,healthy,216,216,0.9583333333333334,0.9583333333333334
ocsvm,ocsvm_nu0p05_gamma_0p01,engine_balanced,0.95,89,0,4,4,1,213.0,213.0,healthy,healthy,213,213,0.976851851851852,0.976851851851852
ocsvm,ocsvm_nu0p05_gamma_0p01,engine_balanced,0.95,89,0,17,17,1,200.0,200.0,healthy,healthy,200,200,0.9722222222222222,0.9722222222222222
ocsvm,ocsvm_nu0p05_gamma_0p01,engine_balanced,0.95,89,0,154,154,1,63.0,63.0,middle,middle,63,63,0.988425925925926,0.988425925925926
ocsvm,ocsvm_nu0p05_gamma_0p01,engine_balanced,0.95,89,0,165,165,1,52.0,52.0,middle,middle,52,52,0.9652777777777778,0.9652777777777778
ocsvm,ocsvm_nu0p05_gamma_0p01,engine_balanced,0.95,89,0,169,169,1,48.0,48.0,middle,middle,48,48,0.9652777777777778,0.9652777777777778
ocsvm,ocsvm_nu0p05_gamma_0p01,engine_balanced,0.95,89,0,171,173,3,46.0,44.0,middle,middle,46,44,0.9930555555555556,0.9753086419753085
ocsvm,ocsvm_nu0p05_gamma_0p01,engine_balanced,0.95,89,0,175,217,43,42.0,0.0,middle,near_failure,42,0,1.0,0.998169681309216
ocsvm,ocsvm_nu0p05_gamma_0p01,engine_balanced,0.95,91,0,6,8,3,129.0,127.0,healthy,healthy,129,127,0.9930555555555556,0.9722222222222223
ocsvm,ocsvm_nu0p05_gamma_0p01,engine_balanced,0.95,91,0,11,11,1,124.0,124.0,middle,middle,124,124,0.9537037037037036,0.9537037037037036
ocsvm,ocsvm_nu0p05_gamma_0p01,engine_balanced,0.95,91,0,22,24,3,113.0,111.0,middle,middle,113,111,0.9722222222222222,0.9699074074074074
ocsvm,ocsvm_nu0p05_gamma_0p01,engine_balanced,0.95,91,0,26,26,1,109.0,109.0,middle,middle,109,109,0.9652777777777778,0.9652777777777778
ocsvm,ocsvm_nu0p05_gamma_0p01,engine_balanced,0.95,91,0,29,29,1,106.0,106.0,middle,middle,106,106,0.9513888888888888,0.9513888888888888
ocsvm,ocsvm_nu0p05_gamma_0p01,engine_balanced,0.95,91,0,32,33,2,103.0,102.0,middle,middle,103,102,0.9930555555555556,0.9849537037037037
ocsvm,ocsvm_nu0p05_gamma_0p01,engine_balanced,0.95,91,0,42,45,4,93.0,90.0,middle,middle,93,90,1.0,0.9855324074074074
ocsvm,ocsvm_nu0p05_gamma_0p01,engine_balanced,0.95,91,0,52,52,1,83.0,83.0,middle,middle,83,83,1.0,1.0
ocsvm,ocsvm_nu0p05_gamma_0p01,engine_balanced,0.95,91,0,54,56,3,81.0,79.0,middle,middle,81,79,1.0,0.9899691358024691
ocsvm,ocsvm_nu0p05_gamma_0p01,engine_balanced,0.95,91,0,58,59,2,77.0,76.0,middle,middle,77,76,0.9953703703703703,0.9826388888888888
ocsvm,ocsvm_nu0p05_gamma_0p01,engine_balanced,0.95,91,0,61,61,1,74.0,74.0,middle,middle,74,74,0.988425925925926,0.988425925925926
ocsvm,ocsvm_nu0p05_gamma_0p01,engine_balanced,0.95,91,0,63,71,9,72.0,64.0,middle,middle,72,64,0.9953703703703703,0.9753086419753088
ocsvm,ocsvm_nu0p05_gamma_0p01,engine_balanced,0.95,91,0,73,135,63,62.0,0.0,middle,near_failure,62,0,1.0,0.9983833039388595
ocsvm,ocsvm_nu0p05_gamma_0p01,engine_balanced,0.975,1,0,149,154,6,43.0,38.0,middle,middle,43,38,1.0,0.9915123456790124
ocsvm,ocsvm_nu0p05_gamma_0p01,engine_balanced,0.975,1,0,156,192,37,36.0,0.0,middle,near_failure,36,0,1.0,0.9992492492492492
ocsvm,ocsvm_nu0p05_gamma_0p01,engine_balanced,0.975,5,0,7,7,1,262.0,262.0,healthy,healthy,262,262,0.988425925925926,0.988425925925926
ocsvm,ocsvm_nu0p05_gamma_0p01,engine_balanced,0.975,5,0,16,16,1,253.0,253.0,healthy,healthy,253,253,0.988425925925926,0.988425925925926
ocsvm,ocsvm_nu0p05_gamma_0p01,engine_balanced,0.975,5,0,23,23,1,246.0,246.0,healthy,healthy,246,246,0.9976851851851852,0.9976851851851852
ocsvm,ocsvm_nu0p05_gamma_0p01,engine_balanced,0.975,5,0,29,30,2,240.0,239.0,healthy,healthy,240,239,0.9907407407407408,0.9895833333333335
ocsvm,ocsvm_nu0p05_gamma_0p01,engine_balanced,0.975,5,0,48,48,1,221.0,221.0,healthy,healthy,221,221,0.976851851851852,0.976851851851852
ocsvm,ocsvm_nu0p05_gamma_0p01,engine_balanced,0.975,5,0,65,65,1,204.0,204.0,healthy,healthy,204,204,0.976851851851852,0.976851851851852
ocsvm,ocsvm_nu0p05_gamma_0p01,engine_balanced,0.975,5,0,74,74,1,195.0,195.0,healthy,healthy,195,195,0.976851851851852,0.976851851851852
ocsvm,ocsvm_nu0p05_gamma_0p01,engine_balanced,0.975,5,0,100,100,1,169.0,169.0,healthy,healthy,169,169,0.976851851851852,0.976851851851852
ocsvm,ocsvm_nu0p05_gamma_0p01,engine_balanced,0.975,5,0,123,123,1,146.0,146.0,healthy,healthy,146,146,0.988425925925926,0.988425925925926
ocsvm,ocsvm_nu0p05_gamma_0p01,engine_balanced,0.975,5,0,152,152,1,117.0,117.0,middle,middle,117,117,0.9814814814814816,0.9814814814814816
ocsvm,ocsvm_nu0p05_gamma_0p01,engine_balanced,0.975,5,0,160,160,1,109.0,109.0,middle,middle,109,109,0.9837962962962964,0.9837962962962964
ocsvm,ocsvm_nu0p05_gamma_0p01,engine_balanced,0.975,5,0,169,170,2,100.0,99.0,middle,middle,100,99,0.9953703703703703,0.9918981481481481
ocsvm,ocsvm_nu0p05_gamma_0p01,engine_balanced,0.975,5,0,173,173,1,96.0,96.0,middle,middle,96,96,0.9953703703703703,0.9953703703703703
ocsvm,ocsvm_nu0p05_gamma_0p01,engine_balanced,0.975,5,0,180,181,2,89.0,88.0,middle,middle,89,88,1.0,1.0
ocsvm,ocsvm_nu0p05_gamma_0p01,engine_balanced,0.975,5,0,183,185,3,86.0,84.0,middle,middle,86,84,1.0,0.9899691358024691
ocsvm,ocsvm_nu0p05_gamma_0p01,engine_balanced,0.975,5,0,187,196,10,82.0,73.0,middle,middle,82,73,1.0,0.9965277777777779
ocsvm,ocsvm_nu0p05_gamma_0p01,engine_balanced,0.975,5,0,198,269,72,71.0,0.0,middle,near_failure,71,0,1.0,1.0
ocsvm,ocsvm_nu0p05_gamma_0p01,engine_balanced,0.975,10,0,28,28,1,194.0,194.0,healthy,healthy,194,194,0.988425925925926,0.988425925925926
ocsvm,ocsvm_nu0p05_gamma_0p01,engine_balanced,0.975,10,0,43,43,1,179.0,179.0,healthy,healthy,179,179,0.9907407407407408,0.9907407407407408
ocsvm,ocsvm_nu0p05_gamma_0p01,engine_balanced,0.975,10,0,158,158,1,64.0,64.0,middle,middle,64,64,0.988425925925926,0.988425925925926
ocsvm,ocsvm_nu0p05_gamma_0p01,engine_balanced,0.975,10,0,164,164,1,58.0,58.0,middle,middle,58,58,0.988425925925926,0.988425925925926
ocsvm,ocsvm_nu0p05_gamma_0p01,engine_balanced,0.975,10,0,166,166,1,56.0,56.0,middle,middle,56,56,0.988425925925926,0.988425925925926
ocsvm,ocsvm_nu0p05_gamma_0p01,engine_balanced,0.975,10,0,169,169,1,53.0,53.0,middle,middle,53,53,0.9930555555555556,0.9930555555555556
ocsvm,ocsvm_nu0p05_gamma_0p01,engine_balanced,0.975,10,0,172,173,2,50.0,49.0,middle,middle,50,49,0.9976851851851852,0.994212962962963
ocsvm,ocsvm_nu0p05_gamma_0p01,engine_balanced,0.975,10,0,175,178,4,47.0,44.0,middle,middle,47,44,1.0,0.9959490740740741
ocsvm,ocsvm_nu0p05_gamma_0p01,engine_balanced,0.975,10,0,180,222,43,42.0,0.0,middle,near_failure,42,0,1.0,0.9995693367786391
ocsvm,ocsvm_nu0p05_gamma_0p01,engine_balanced,0.975,11,0,14,14,1,226.0,226.0,healthy,healthy,226,226,0.988425925925926,0.988425925925926
ocsvm,ocsvm_nu0p05_gamma_0p01,engine_balanced,0.975,11,0,159,159,1,81.0,81.0,middle,middle,81,81,0.9814814814814816,0.9814814814814816
ocsvm,ocsvm_nu0p05_gamma_0p01,engine_balanced,0.975,11,0,178,179,2,62.0,61.0,middle,middle,62,61,0.9907407407407408,0.9895833333333335
ocsvm,ocsvm_nu0p05_gamma_0p01,engine_balanced,0.975,11,0,182,240,59,58.0,0.0,middle,near_failure,58,0,1.0,0.9993722536095417
ocsvm,ocsvm_nu0p05_gamma_0p01,engine_balanced,0.975,13,0,95,95,1,68.0,68.0,middle,middle,68,68,0.988425925925926,0.988425925925926
ocsvm,ocsvm_nu0p05_gamma_0p01,engine_balanced,0.975,13,0,101,101,1,62.0,62.0,middle,middle,62,62,0.988425925925926,0.988425925925926
ocsvm,ocsvm_nu0p05_gamma_0p01,engine_balanced,0.975,13,0,103,107,5,60.0,56.0,middle,middle,60,56,1.0,0.9837962962962964
ocsvm,ocsvm_nu0p05_gamma_0p01,engine_balanced,0.975,13,0,109,163,55,54.0,0.0,middle,near_failure,54,0,1.0,0.999537037037037
ocsvm,ocsvm_nu0p05_gamma_0p01,engine_balanced,0.975,16,0,7,7,1,202.0,202.0,healthy,healthy,202,202,0.976851851851852,0.976851851851852
ocsvm,ocsvm_nu0p05_gamma_0p01,engine_balanced,0.975,16,0,28,28,1,181.0,181.0,healthy,healthy,181,181,0.9930555555555556,0.9930555555555556
ocsvm,ocsvm_nu0p05_gamma_0p01,engine_balanced,0.975,16,0,43,43,1,166.0,166.0,healthy,healthy,166,166,0.9814814814814816,0.9814814814814816
ocsvm,ocsvm_nu0p05_gamma_0p01,engine_balanced,0.975,16,0,56,56,1,153.0,153.0,healthy,healthy,153,153,0.988425925925926,0.988425925925926
ocsvm,ocsvm_nu0p05_gamma_0p01,engine_balanced,0.975,16,0,63,63,1,146.0,146.0,healthy,healthy,146,146,0.988425925925926,0.988425925925926
ocsvm,ocsvm_nu0p05_gamma_0p01,engine_balanced,0.975,16,0,70,71,2,139.0,138.0,healthy,healthy,139,138,0.988425925925926,0.9849537037037038
ocsvm,ocsvm_nu0p05_gamma_0p01,engine_balanced,0.975,16,0,73,73,1,136.0,136.0,healthy,healthy,136,136,0.9953703703703703,0.9953703703703703
ocsvm,ocsvm_nu0p05_gamma_0p01,engine_balanced,0.975,16,0,78,78,1,131.0,131.0,healthy,healthy,131,131,0.9930555555555556,0.9930555555555556
ocsvm,ocsvm_nu0p05_gamma_0p01,engine_balanced,0.975,16,0,83,83,1,126.0,126.0,healthy,healthy,126,126,0.9953703703703703,0.9953703703703703
ocsvm,ocsvm_nu0p05_gamma_0p01,engine_balanced,0.975,16,0,88,88,1,121.0,121.0,middle,middle,121,121,1.0,1.0
ocsvm,ocsvm_nu0p05_gamma_0p01,engine_balanced,0.975,16,0,91,91,1,118.0,118.0,middle,middle,118,118,1.0,1.0
ocsvm,ocsvm_nu0p05_gamma_0p01,engine_balanced,0.975,16,0,94,94,1,115.0,115.0,middle,middle,115,115,0.988425925925926,0.988425925925926
ocsvm,ocsvm_nu0p05_gamma_0p01,engine_balanced,0.975,16,0,97,97,1,112.0,112.0,middle,middle,112,112,1.0,1.0
ocsvm,ocsvm_nu0p05_gamma_0p01,engine_balanced,0.975,16,0,100,101,2,109.0,108.0,middle,middle,109,108,0.9907407407407408,0.9907407407407408
ocsvm,ocsvm_nu0p05_gamma_0p01,engine_balanced,0.975,16,0,104,105,2,105.0,104.0,middle,middle,105,104,1.0,0.9976851851851851
ocsvm,ocsvm_nu0p05_gamma_0p01,engine_balanced,0.975,16,0,110,112,3,99.0,97.0,middle,middle,99,97,0.9953703703703703,0.9907407407407408
ocsvm,ocsvm_nu0p05_gamma_0p01,engine_balanced,0.975,16,0,116,117,2,93.0,92.0,middle,middle,93,92,1.0,1.0
ocsvm,ocsvm_nu0p05_gamma_0p01,engine_balanced,0.975,16,0,120,122,3,89.0,87.0,middle,middle,89,87,1.0,1.0
ocsvm,ocsvm_nu0p05_gamma_0p01,engine_balanced,0.975,16,0,124,126,3,85.0,83.0,middle,middle,85,83,1.0,0.9945987654320988
ocsvm,ocsvm_nu0p05_gamma_0p01,engine_balanced,0.975,16,0,128,209,82,81.0,0.0,middle,near_failure,81,0,1.0,0.9996047877145439
ocsvm,ocsvm_nu0p05_gamma_0p01,engine_balanced,0.975,27,0,94,98,5,62.0,58.0,middle,middle,62,58,1.0,0.9935185185185185
ocsvm,ocsvm_nu0p05_gamma_0p01,engine_balanced,0.975,27,0,102,103,2,54.0,53.0,middle,middle,54,53,1.0,1.0
ocsvm,ocsvm_nu0p05_gamma_0p01,engine_balanced,0.975,27,0,106,107,2,50.0,49.0,middle,middle,50,49,1.0,0.9976851851851851
ocsvm,ocsvm_nu0p05_gamma_0p01,engine_balanced,0.975,27,0,109,156,48,47.0,0.0,middle,near_failure,47,0,1.0,0.999903549382716
ocsvm,ocsvm_nu0p05_gamma_0p01,engine_balanced,0.975,31,0,48,48,1,186.0,186.0,healthy,healthy,186,186,0.9814814814814816,0.9814814814814816
ocsvm,ocsvm_nu0p05_gamma_0p01,engine_balanced,0.975,31,0,167,167,1,67.0,67.0,middle,middle,67,67,0.9861111111111112,0.9861111111111112
ocsvm,ocsvm_nu0p05_gamma_0p01,engine_balanced,0.975,31,0,185,185,1,49.0,49.0,middle,middle,49,49,0.988425925925926,0.988425925925926
ocsvm,ocsvm_nu0p05_gamma_0p01,engine_balanced,0.975,31,0,188,188,1,46.0,46.0,middle,middle,46,46,0.988425925925926,0.988425925925926
ocsvm,ocsvm_nu0p05_gamma_0p01,engine_balanced,0.975,31,0,190,190,1,44.0,44.0,middle,middle,44,44,0.976851851851852,0.976851851851852
ocsvm,ocsvm_nu0p05_gamma_0p01,engine_balanced,0.975,31,0,194,234,41,40.0,0.0,middle,near_failure,40,0,1.0,0.9988143631436314
ocsvm,ocsvm_nu0p05_gamma_0p01,engine_balanced,0.975,34,0,93,93,1,102.0,102.0,middle,middle,102,102,0.988425925925926,0.988425925925926
ocsvm,ocsvm_nu0p05_gamma_0p01,engine_balanced,0.975,34,0,122,125,4,73.0,70.0,middle,middle,73,70,0.9976851851851852,0.9895833333333334
ocsvm,ocsvm_nu0p05_gamma_0p01,engine_balanced,0.975,34,0,127,137,11,68.0,58.0,middle,middle,68,58,1.0,0.9951599326599326
ocsvm,ocsvm_nu0p05_gamma_0p01,engine_balanced,0.975,34,0,139,195,57,56.0,0.0,middle,near_failure,56,0,1.0,1.0
ocsvm,ocsvm_nu0p05_gamma_0p01,engine_balanced,0.975,40,0,26,26,1,162.0,162.0,healthy,healthy,162,162,0.976851851851852,0.976851851851852
ocsvm,ocsvm_nu0p05_gamma_0p01,engine_balanced,0.975,40,0,36,36,1,152.0,152.0,healthy,healthy,152,152,0.988425925925926,0.988425925925926
ocsvm,ocsvm_nu0p05_gamma_0p01,engine_balanced,0.975,40,0,39,39,1,149.0,149.0,healthy,healthy,149,149,0.988425925925926,0.988425925925926
ocsvm,ocsvm_nu0p05_gamma_0p01,engine_balanced,0.975,40,0,68,68,1,120.0,120.0,middle,middle,120,120,0.976851851851852,0.976851851851852
ocsvm,ocsvm_nu0p05_gamma_0p01,engine_balanced,0.975,40,0,76,77,2,112.0,111.0,middle,middle,112,111,0.9907407407407408,0.9895833333333335
ocsvm,ocsvm_nu0p05_gamma_0p01,engine_balanced,0.975,40,0,81,81,1,107.0,107.0,middle,middle,107,107,0.9953703703703703,0.9953703703703703
ocsvm,ocsvm_nu0p05_gamma_0p01,engine_balanced,0.975,40,0,86,87,2,102.0,101.0,middle,middle,102,101,1.0,1.0
ocsvm,ocsvm_nu0p05_gamma_0p01,engine_balanced,0.975,40,0,91,93,3,97.0,95.0,middle,middle,97,95,0.9953703703703703,0.9868827160493828
ocsvm,ocsvm_nu0p05_gamma_0p01,engine_balanced,0.975,40,0,95,95,1,93.0,93.0,middle,middle,93,93,1.0,1.0
ocsvm,ocsvm_nu0p05_gamma_0p01,engine_balanced,0.975,40,0,98,98,1,90.0,90.0,middle,middle,90,90,1.0,1.0
ocsvm,ocsvm_nu0p05_gamma_0p01,engine_balanced,0.975,40,0,100,103,4,88.0,85.0,middle,middle,88,85,0.9976851851851852,0.9924768518518519
ocsvm,ocsvm_nu0p05_gamma_0p01,engine_balanced,0.975,40,0,106,111,6,82.0,77.0,middle,middle,82,77,1.0,0.9942129629629631
ocsvm,ocsvm_nu0p05_gamma_0p01,engine_balanced,0.975,40,0,114,114,1,74.0,74.0,middle,middle,74,74,1.0,1.0
ocsvm,ocsvm_nu0p05_gamma_0p01,engine_balanced,0.975,40,0,116,188,73,72.0,0.0,middle,near_failure,72,0,1.0,0.9995877727042111
ocsvm,ocsvm_nu0p05_gamma_0p01,engine_balanced,0.975,41,0,40,40,1,176.0,176.0,healthy,healthy,176,176,0.976851851851852,0.976851851851852
ocsvm,ocsvm_nu0p05_gamma_0p01,engine_balanced,0.975,41,0,132,132,1,84.0,84.0,middle,middle,84,84,1.0,1.0
ocsvm,ocsvm_nu0p05_gamma_0p01,engine_balanced,0.975,41,0,139,139,1,77.0,77.0,middle,middle,77,77,0.988425925925926,0.988425925925926
ocsvm,ocsvm_nu0p05_gamma_0p01,engine_balanced,0.975,41,0,141,141,1,75.0,75.0,middle,middle,75,75,0.976851851851852,0.976851851851852
ocsvm,ocsvm_nu0p05_gamma_0p01,engine_balanced,0.975,41,0,146,216,71,70.0,0.0,middle,near_failure,70,0,1.0,0.9991197183098591
ocsvm,ocsvm_nu0p05_gamma_0p01,engine_balanced,0.975,45,0,9,9,1,149.0,149.0,healthy,healthy,149,149,1.0,1.0
ocsvm,ocsvm_nu0p05_gamma_0p01,engine_balanced,0.975,45,0,27,27,1,131.0,131.0,healthy,healthy,131,131,0.988425925925926,0.988425925925926
ocsvm,ocsvm_nu0p05_gamma_0p01,engine_balanced,0.975,45,0,47,47,1,111.0,111.0,middle,middle,111,111,0.9953703703703703,0.9953703703703703
ocsvm,ocsvm_nu0p05_gamma_0p01,engine_balanced,0.975,45,0,100,100,1,58.0,58.0,middle,middle,58,58,0.9907407407407408,0.9907407407407408
ocsvm,ocsvm_nu0p05_gamma_0p01,engine_balanced,0.975,45,0,106,106,1,52.0,52.0,middle,middle,52,52,0.988425925925926,0.988425925925926
ocsvm,ocsvm_nu0p05_gamma_0p01,engine_balanced,0.975,45,0,108,108,1,50.0,50.0,middle,middle,50,50,0.976851851851852,0.976851851851852
ocsvm,ocsvm_nu0p05_gamma_0p01,engine_balanced,0.975,45,0,113,114,2,45.0,44.0,middle,middle,45,44,1.0,0.988425925925926
ocsvm,ocsvm_nu0p05_gamma_0p01,engine_balanced,0.975,45,0,116,118,3,42.0,40.0,middle,middle,42,40,1.0,0.992283950617284
ocsvm,ocsvm_nu0p05_gamma_0p01,engine_balanced,0.975,45,0,121,124,4,37.0,34.0,middle,middle,37,34,1.0,0.9976851851851852
ocsvm,ocsvm_nu0p05_gamma_0p01,engine_balanced,0.975,45,0,126,158,33,32.0,0.0,middle,near_failure,32,0,1.0,0.9997194163860831
ocsvm,ocsvm_nu0p05_gamma_0p01,engine_balanced,0.975,46,0,1,1,1,255.0,255.0,healthy,healthy,255,255,0.988425925925926,0.988425925925926
ocsvm,ocsvm_nu0p05_gamma_0p01,engine_balanced,0.975,46,0,64,64,1,192.0,192.0,healthy,healthy,192,192,0.9953703703703703,0.9953703703703703
ocsvm,ocsvm_nu0p05_gamma_0p01,engine_balanced,0.975,46,0,197,197,1,59.0,59.0,middle,middle,59,59,0.976851851851852,0.976851851851852
ocsvm,ocsvm_nu0p05_gamma_0p01,engine_balanced,0.975,46,0,203,203,1,53.0,53.0,middle,middle,53,53,0.9953703703703703,0.9953703703703703
ocsvm,ocsvm_nu0p05_gamma_0p01,engine_balanced,0.975,46,0,209,211,3,47.0,45.0,middle,middle,47,45,0.9953703703703703,0.9945987654320988
ocsvm,ocsvm_nu0p05_gamma_0p01,engine_balanced,0.975,46,0,213,213,1,43.0,43.0,middle,middle,43,43,0.9953703703703703,0.9953703703703703
ocsvm,ocsvm_nu0p05_gamma_0p01,engine_balanced,0.975,46,0,215,256,42,41.0,0.0,middle,near_failure,41,0,1.0,0.9989528218694885
ocsvm,ocsvm_nu0p05_gamma_0p01,engine_balanced,0.975,54,0,168,168,1,89.0,89.0,middle,middle,89,89,0.988425925925926,0.988425925925926
ocsvm,ocsvm_nu0p05_gamma_0p01,engine_balanced,0.975,54,0,173,175,3,84.0,82.0,middle,middle,84,82,0.988425925925926,0.988425925925926
ocsvm,ocsvm_nu0p05_gamma_0p01,engine_balanced,0.975,54,0,180,183,4,77.0,74.0,middle,middle,77,74,1.0,0.9976851851851851
ocsvm,ocsvm_nu0p05_gamma_0p01,engine_balanced,0.975,54,0,185,187,3,72.0,70.0,middle,middle,72,70,1.0,0.9938271604938272
ocsvm,ocsvm_nu0p05_gamma_0p01,engine_balanced,0.975,54,0,190,257,68,67.0,0.0,middle,near_failure,67,0,1.0,0.9998638344226578
ocsvm,ocsvm_nu0p05_gamma_0p01,engine_balanced,0.975,74,0,128,128,1,38.0,38.0,middle,middle,38,38,1.0,1.0
ocsvm,ocsvm_nu0p05_gamma_0p01,engine_balanced,0.975,74,0,131,134,4,35.0,32.0,middle,middle,35,32,0.9953703703703703,0.9913194444444444
ocsvm,ocsvm_nu0p05_gamma_0p01,engine_balanced,0.975,74,0,136,166,31,30.0,0.0,near_failure,near_failure,30,0,1.0,0.9990292712066905
ocsvm,ocsvm_nu0p05_gamma_0p01,engine_balanced,0.975,77,0,23,23,1,131.0,131.0,healthy,healthy,131,131,1.0,1.0
ocsvm,ocsvm_nu0p05_gamma_0p01,engine_balanced,0.975,77,0,35,35,1,119.0,119.0,middle,middle,119,119,0.988425925925926,0.988425925925926
ocsvm,ocsvm_nu0p05_gamma_0p01,engine_balanced,0.975,77,0,80,80,1,74.0,74.0,middle,middle,74,74,0.9907407407407408,0.9907407407407408
ocsvm,ocsvm_nu0p05_gamma_0p01,engine_balanced,0.975,77,0,89,89,1,65.0,65.0,middle,middle,65,65,0.9930555555555556,0.9930555555555556
ocsvm,ocsvm_nu0p05_gamma_0p01,engine_balanced,0.975,77,0,94,96,3,60.0,58.0,middle,middle,60,58,0.9953703703703703,0.9830246913580248
ocsvm,ocsvm_nu0p05_gamma_0p01,engine_balanced,0.975,77,0,99,100,2,55.0,54.0,middle,middle,55,54,1.0,0.994212962962963
ocsvm,ocsvm_nu0p05_gamma_0p01,engine_balanced,0.975,77,0,105,105,1,49.0,49.0,middle,middle,49,49,1.0,1.0
ocsvm,ocsvm_nu0p05_gamma_0p01,engine_balanced,0.975,77,0,107,107,1,47.0,47.0,middle,middle,47,47,0.9953703703703703,0.9953703703703703
ocsvm,ocsvm_nu0p05_gamma_0p01,engine_balanced,0.975,77,0,109,109,1,45.0,45.0,middle,middle,45,45,0.9953703703703703,0.9953703703703703
ocsvm,ocsvm_nu0p05_gamma_0p01,engine_balanced,0.975,77,0,111,111,1,43.0,43.0,middle,middle,43,43,0.9930555555555556,0.9930555555555556
ocsvm,ocsvm_nu0p05_gamma_0p01,engine_balanced,0.975,77,0,113,154,42,41.0,0.0,middle,near_failure,41,0,1.0,0.9988425925925926
ocsvm,ocsvm_nu0p05_gamma_0p01,engine_balanced,0.975,78,0,1,5,5,230.0,226.0,healthy,healthy,230,226,1.0,0.9898148148148149
ocsvm,ocsvm_nu0p05_gamma_0p01,engine_balanced,0.975,78,0,11,11,1,220.0,220.0,healthy,healthy,220,220,0.988425925925926,0.988425925925926
ocsvm,ocsvm_nu0p05_gamma_0p01,engine_balanced,0.975,78,0,20,20,1,211.0,211.0,healthy,healthy,211,211,0.9907407407407408,0.9907407407407408
ocsvm,ocsvm_nu0p05_gamma_0p01,engine_balanced,0.975,78,0,32,32,1,199.0,199.0,healthy,healthy,199,199,0.988425925925926,0.988425925925926
ocsvm,ocsvm_nu0p05_gamma_0p01,engine_balanced,0.975,78,0,35,35,1,196.0,196.0,healthy,healthy,196,196,0.9953703703703703,0.9953703703703703
ocsvm,ocsvm_nu0p05_gamma_0p01,engine_balanced,0.975,78,0,38,38,1,193.0,193.0,healthy,healthy,193,193,0.976851851851852,0.976851851851852
ocsvm,ocsvm_nu0p05_gamma_0p01,engine_balanced,0.975,78,0,45,45,1,186.0,186.0,healthy,healthy,186,186,0.988425925925926,0.988425925925926
ocsvm,ocsvm_nu0p05_gamma_0p01,engine_balanced,0.975,78,0,53,53,1,178.0,178.0,healthy,healthy,178,178,0.976851851851852,0.976851851851852
ocsvm,ocsvm_nu0p05_gamma_0p01,engine_balanced,0.975,78,0,180,181,2,51.0,50.0,middle,middle,51,50,0.9953703703703703,0.9953703703703703
ocsvm,ocsvm_nu0p05_gamma_0p01,engine_balanced,0.975,78,0,184,184,1,47.0,47.0,middle,middle,47,47,0.9930555555555556,0.9930555555555556
ocsvm,ocsvm_nu0p05_gamma_0p01,engine_balanced,0.975,78,0,186,188,3,45.0,43.0,middle,middle,45,43,0.9953703703703703,0.9930555555555555
ocsvm,ocsvm_nu0p05_gamma_0p01,engine_balanced,0.975,78,0,190,191,2,41.0,40.0,middle,middle,41,40,1.0,0.9953703703703705
ocsvm,ocsvm_nu0p05_gamma_0p01,engine_balanced,0.975,78,0,193,231,39,38.0,0.0,middle,near_failure,38,0,1.0,0.9994658119658119
ocsvm,ocsvm_nu0p05_gamma_0p01,engine_balanced,0.975,81,0,157,157,1,83.0,83.0,middle,middle,83,83,0.9814814814814816,0.9814814814814816
ocsvm,ocsvm_nu0p05_gamma_0p01,engine_balanced,0.975,81,0,164,164,1,76.0,76.0,middle,middle,76,76,0.988425925925926,0.988425925925926
ocsvm,ocsvm_nu0p05_gamma_0p01,engine_balanced,0.975,81,0,168,170,3,72.0,70.0,middle,middle,72,70,0.9953703703703703,0.9930555555555557
ocsvm,ocsvm_nu0p05_gamma_0p01,engine_balanced,0.975,81,0,175,240,66,65.0,0.0,middle,near_failure,65,0,1.0,0.9992283950617284
ocsvm,ocsvm_nu0p05_gamma_0p01,engine_balanced,0.975,89,0,4,4,1,213.0,213.0,healthy,healthy,213,213,0.976851851851852,0.976851851851852
ocsvm,ocsvm_nu0p05_gamma_0p01,engine_balanced,0.975,89,0,154,154,1,63.0,63.0,middle,middle,63,63,0.988425925925926,0.988425925925926
ocsvm,ocsvm_nu0p05_gamma_0p01,engine_balanced,0.975,89,0,173,173,1,44.0,44.0,middle,middle,44,44,0.9930555555555556,0.9930555555555556
ocsvm,ocsvm_nu0p05_gamma_0p01,engine_balanced,0.975,89,0,175,176,2,42.0,41.0,middle,middle,42,41,1.0,0.9953703703703705
ocsvm,ocsvm_nu0p05_gamma_0p01,engine_balanced,0.975,89,0,178,217,40,39.0,0.0,middle,near_failure,39,0,1.0,0.9994791666666666
ocsvm,ocsvm_nu0p05_gamma_0p01,engine_balanced,0.975,91,0,6,6,1,129.0,129.0,healthy,healthy,129,129,0.9930555555555556,0.9930555555555556
ocsvm,ocsvm_nu0p05_gamma_0p01,engine_balanced,0.975,91,0,32,33,2,103.0,102.0,middle,middle,103,102,0.9930555555555556,0.9849537037037037
ocsvm,ocsvm_nu0p05_gamma_0p01,engine_balanced,0.975,91,0,42,44,3,93.0,91.0,middle,middle,93,91,1.0,0.9899691358024691
ocsvm,ocsvm_nu0p05_gamma_0p01,engine_balanced,0.975,91,0,52,52,1,83.0,83.0,middle,middle,83,83,1.0,1.0
ocsvm,ocsvm_nu0p05_gamma_0p01,engine_balanced,0.975,91,0,54,56,3,81.0,79.0,middle,middle,81,79,1.0,0.9899691358024691
ocsvm,ocsvm_nu0p05_gamma_0p01,engine_balanced,0.975,91,0,59,59,1,76.0,76.0,middle,middle,76,76,0.9953703703703703,0.9953703703703703
ocsvm,ocsvm_nu0p05_gamma_0p01,engine_balanced,0.975,91,0,61,61,1,74.0,74.0,middle,middle,74,74,0.988425925925926,0.988425925925926
ocsvm,ocsvm_nu0p05_gamma_0p01,engine_balanced,0.975,91,0,63,65,3,72.0,70.0,middle,middle,72,70,0.9837962962962964,0.9791666666666669
ocsvm,ocsvm_nu0p05_gamma_0p01,engine_balanced,0.975,91,0,70,71,2,65.0,64.0,middle,middle,65,64,0.9953703703703703,0.9930555555555556
ocsvm,ocsvm_nu0p05_gamma_0p01,engine_balanced,0.975,91,0,73,80,8,62.0,55.0,middle,middle,62,55,1.0,0.9973958333333333
ocsvm,ocsvm_nu0p05_gamma_0p01,engine_balanced,0.975,91,0,82,89,8,53.0,46.0,middle,middle,53,46,1.0,0.9994212962962963
ocsvm,ocsvm_nu0p05_gamma_0p01,engine_balanced,0.975,91,0,91,135,45,44.0,0.0,middle,near_failure,44,0,1.0,1.0
ocsvm,ocsvm_nu0p05_gamma_0p01,engine_balanced,0.99,1,0,151,152,2,41.0,40.0,middle,middle,41,40,1.0,0.9965277777777778
ocsvm,ocsvm_nu0p05_gamma_0p01,engine_balanced,0.99,1,0,154,154,1,38.0,38.0,middle,middle,38,38,0.9907407407407408,0.9907407407407408
ocsvm,ocsvm_nu0p05_gamma_0p01,engine_balanced,0.99,1,0,156,157,2,36.0,35.0,middle,middle,36,35,1.0,0.9953703703703705
ocsvm,ocsvm_nu0p05_gamma_0p01,engine_balanced,0.99,1,0,159,192,34,33.0,0.0,middle,near_failure,33,0,1.0,0.9997957516339869
ocsvm,ocsvm_nu0p05_gamma_0p01,engine_balanced,0.99,5,0,23,23,1,246.0,246.0,healthy,healthy,246,246,0.9976851851851852,0.9976851851851852
ocsvm,ocsvm_nu0p05_gamma_0p01,engine_balanced,0.99,5,0,29,29,1,240.0,240.0,healthy,healthy,240,240,0.9907407407407408,0.9907407407407408
ocsvm,ocsvm_nu0p05_gamma_0p01,engine_balanced,0.99,5,0,170,170,1,99.0,99.0,middle,middle,99,99,0.9953703703703703,0.9953703703703703
ocsvm,ocsvm_nu0p05_gamma_0p01,engine_balanced,0.99,5,0,173,173,1,96.0,96.0,middle,middle,96,96,0.9953703703703703,0.9953703703703703
ocsvm,ocsvm_nu0p05_gamma_0p01,engine_balanced,0.99,5,0,180,181,2,89.0,88.0,middle,middle,89,88,1.0,1.0
ocsvm,ocsvm_nu0p05_gamma_0p01,engine_balanced,0.99,5,0,185,185,1,84.0,84.0,middle,middle,84,84,1.0,1.0
ocsvm,ocsvm_nu0p05_gamma_0p01,engine_balanced,0.99,5,0,188,191,4,81.0,78.0,middle,middle,81,78,1.0,0.9976851851851851
ocsvm,ocsvm_nu0p05_gamma_0p01,engine_balanced,0.99,5,0,193,196,4,76.0,73.0,middle,middle,76,73,1.0,1.0
ocsvm,ocsvm_nu0p05_gamma_0p01,engine_balanced,0.99,5,0,198,269,72,71.0,0.0,middle,near_failure,71,0,1.0,1.0
ocsvm,ocsvm_nu0p05_gamma_0p01,engine_balanced,0.99,10,0,43,43,1,179.0,179.0,healthy,healthy,179,179,0.9907407407407408,0.9907407407407408
ocsvm,ocsvm_nu0p05_gamma_0p01,engine_balanced,0.99,10,0,169,169,1,53.0,53.0,middle,middle,53,53,0.9930555555555556,0.9930555555555556
ocsvm,ocsvm_nu0p05_gamma_0p01,engine_balanced,0.99,10,0,172,173,2,50.0,49.0,middle,middle,50,49,0.9976851851851852,0.994212962962963
ocsvm,ocsvm_nu0p05_gamma_0p01,engine_balanced,0.99,10,0,175,178,4,47.0,44.0,middle,middle,47,44,1.0,0.9959490740740741
ocsvm,ocsvm_nu0p05_gamma_0p01,engine_balanced,0.99,10,0,180,222,43,42.0,0.0,middle,near_failure,42,0,1.0,0.9995693367786391
ocsvm,ocsvm_nu0p05_gamma_0p01,engine_balanced,0.99,11,0,178,178,1,62.0,62.0,middle,middle,62,62,0.9907407407407408,0.9907407407407408
ocsvm,ocsvm_nu0p05_gamma_0p01,engine_balanced,0.99,11,0,183,184,2,57.0,56.0,middle,middle,57,56,1.0,0.9965277777777778
ocsvm,ocsvm_nu0p05_gamma_0p01,engine_balanced,0.99,11,0,186,240,55,54.0,0.0,middle,near_failure,54,0,1.0,1.0
ocsvm,ocsvm_nu0p05_gamma_0p01,engine_balanced,0.99,13,0,106,106,1,57.0,57.0,middle,middle,57,57,1.0,1.0
ocsvm,ocsvm_nu0p05_gamma_0p01,engine_balanced,0.99,13,0,109,112,4,54.0,51.0,middle,middle,54,51,1.0,0.9988425925925926
ocsvm,ocsvm_nu0p05_gamma_0p01,engine_balanced,0.99,13,0,114,163,50,49.0,0.0,middle,near_failure,49,0,1.0,0.9998148148148148
ocsvm,ocsvm_nu0p05_gamma_0p01,engine_balanced,0.99,16,0,28,28,1,181.0,181.0,healthy,healthy,181,181,0.9930555555555556,0.9930555555555556
ocsvm,ocsvm_nu0p05_gamma_0p01,engine_balanced,0.99,16,0,73,73,1,136.0,136.0,healthy,healthy,136,136,0.9953703703703703,0.9953703703703703
ocsvm,ocsvm_nu0p05_gamma_0p01,engine_balanced,0.99,16,0,78,78,1,131.0,131.0,healthy,healthy,131,131,0.9930555555555556,0.9930555555555556
ocsvm,ocsvm_nu0p05_gamma_0p01,engine_balanced,0.99,16,0,83,83,1,126.0,126.0,healthy,healthy,126,126,0.9953703703703703,0.9953703703703703
ocsvm,ocsvm_nu0p05_gamma_0p01,engine_balanced,0.99,16,0,88,88,1,121.0,121.0,middle,middle,121,121,1.0,1.0
ocsvm,ocsvm_nu0p05_gamma_0p01,engine_balanced,0.99,16,0,91,91,1,118.0,118.0,middle,middle,118,118,1.0,1.0
ocsvm,ocsvm_nu0p05_gamma_0p01,engine_balanced,0.99,16,0,97,97,1,112.0,112.0,middle,middle,112,112,1.0,1.0
ocsvm,ocsvm_nu0p05_gamma_0p01,engine_balanced,0.99,16,0,100,101,2,109.0,108.0,middle,middle,109,108,0.9907407407407408,0.9907407407407408
ocsvm,ocsvm_nu0p05_gamma_0p01,engine_balanced,0.99,16,0,104,105,2,105.0,104.0,middle,middle,105,104,1.0,0.9976851851851851
ocsvm,ocsvm_nu0p05_gamma_0p01,engine_balanced,0.99,16,0,112,112,1,97.0,97.0,middle,middle,97,97,0.9953703703703703,0.9953703703703703
ocsvm,ocsvm_nu0p05_gamma_0p01,engine_balanced,0.99,16,0,116,117,2,93.0,92.0,middle,middle,93,92,1.0,1.0
ocsvm,ocsvm_nu0p05_gamma_0p01,engine_balanced,0.99,16,0,120,122,3,89.0,87.0,middle,middle,89,87,1.0,1.0
ocsvm,ocsvm_nu0p05_gamma_0p01,engine_balanced,0.99,16,0,124,125,2,85.0,84.0,middle,middle,85,84,1.0,0.9976851851851851
ocsvm,ocsvm_nu0p05_gamma_0p01,engine_balanced,0.99,16,0,128,209,82,81.0,0.0,middle,near_failure,81,0,1.0,0.9996047877145439
ocsvm,ocsvm_nu0p05_gamma_0p01,engine_balanced,0.99,27,0,94,98,5,62.0,58.0,middle,middle,62,58,1.0,0.9935185185185185
ocsvm,ocsvm_nu0p05_gamma_0p01,engine_balanced,0.99,27,0,102,103,2,54.0,53.0,middle,middle,54,53,1.0,1.0
ocsvm,ocsvm_nu0p05_gamma_0p01,engine_balanced,0.99,27,0,106,107,2,50.0,49.0,middle,middle,50,49,1.0,0.9976851851851851
ocsvm,ocsvm_nu0p05_gamma_0p01,engine_balanced,0.99,27,0,109,156,48,47.0,0.0,middle,near_failure,47,0,1.0,0.999903549382716
ocsvm,ocsvm_nu0p05_gamma_0p01,engine_balanced,0.99,31,0,196,234,39,38.0,0.0,middle,near_failure,38,0,1.0,0.9996438746438747
ocsvm,ocsvm_nu0p05_gamma_0p01,engine_balanced,0.99,34,0,123,124,2,72.0,71.0,middle,middle,72,71,0.9976851851851852,0.9965277777777778
ocsvm,ocsvm_nu0p05_gamma_0p01,engine_balanced,0.99,34,0,127,128,2,68.0,67.0,middle,middle,68,67,0.9976851851851852,0.994212962962963
ocsvm,ocsvm_nu0p05_gamma_0p01,engine_balanced,0.99,34,0,130,134,5,65.0,61.0,middle,middle,65,61,1.0,1.0
ocsvm,ocsvm_nu0p05_gamma_0p01,engine_balanced,0.99,34,0,136,136,1,59.0,59.0,middle,middle,59,59,1.0,1.0
ocsvm,ocsvm_nu0p05_gamma_0p01,engine_balanced,0.99,34,0,139,195,57,56.0,0.0,middle,near_failure,56,0,1.0,1.0
ocsvm,ocsvm_nu0p05_gamma_0p01,engine_balanced,0.99,40,0,76,76,1,112.0,112.0,middle,middle,112,112,0.9907407407407408,0.9907407407407408
ocsvm,ocsvm_nu0p05_gamma_0p01,engine_balanced,0.99,40,0,81,81,1,107.0,107.0,middle,middle,107,107,0.9953703703703703,0.9953703703703703
ocsvm,ocsvm_nu0p05_gamma_0p01,engine_balanced,0.99,40,0,86,87,2,102.0,101.0,middle,middle,102,101,1.0,1.0
ocsvm,ocsvm_nu0p05_gamma_0p01,engine_balanced,0.99,40,0,91,91,1,97.0,97.0,middle,middle,97,97,0.9953703703703703,0.9953703703703703
ocsvm,ocsvm_nu0p05_gamma_0p01,engine_balanced,0.99,40,0,95,95,1,93.0,93.0,middle,middle,93,93,1.0,1.0
ocsvm,ocsvm_nu0p05_gamma_0p01,engine_balanced,0.99,40,0,98,98,1,90.0,90.0,middle,middle,90,90,1.0,1.0
ocsvm,ocsvm_nu0p05_gamma_0p01,engine_balanced,0.99,40,0,100,100,1,88.0,88.0,middle,middle,88,88,0.9953703703703703,0.9953703703703703
ocsvm,ocsvm_nu0p05_gamma_0p01,engine_balanced,0.99,40,0,102,102,1,86.0,86.0,middle,middle,86,86,0.9976851851851852,0.9976851851851852
ocsvm,ocsvm_nu0p05_gamma_0p01,engine_balanced,0.99,40,0,106,108,3,82.0,80.0,middle,middle,82,80,1.0,0.9984567901234568
ocsvm,ocsvm_nu0p05_gamma_0p01,engine_balanced,0.99,40,0,110,110,1,78.0,78.0,middle,middle,78,78,0.9953703703703703,0.9953703703703703
ocsvm,ocsvm_nu0p05_gamma_0p01,engine_balanced,0.99,40,0,114,114,1,74.0,74.0,middle,middle,74,74,1.0,1.0
ocsvm,ocsvm_nu0p05_gamma_0p01,engine_balanced,0.99,40,0,116,120,5,72.0,68.0,middle,middle,72,68,1.0,1.0
ocsvm,ocsvm_nu0p05_gamma_0p01,engine_balanced,0.99,40,0,122,188,67,66.0,0.0,middle,near_failure,66,0,1.0,0.9997236042012161
ocsvm,ocsvm_nu0p05_gamma_0p01,engine_balanced,0.99,41,0,132,132,1,84.0,84.0,middle,middle,84,84,1.0,1.0
ocsvm,ocsvm_nu0p05_gamma_0p01,engine_balanced,0.99,41,0,148,151,4,68.0,65.0,middle,middle,68,65,1.0,0.9953703703703705
ocsvm,ocsvm_nu0p05_gamma_0p01,engine_balanced,0.99,41,0,153,216,64,63.0,0.0,middle,near_failure,63,0,1.0,0.9998553240740741
ocsvm,ocsvm_nu0p05_gamma_0p01,engine_balanced,0.99,45,0,9,9,1,149.0,149.0,healthy,healthy,149,149,1.0,1.0
ocsvm,ocsvm_nu0p05_gamma_0p01,engine_balanced,0.99,45,0,47,47,1,111.0,111.0,middle,middle,111,111,0.9953703703703703,0.9953703703703703
ocsvm,ocsvm_nu0p05_gamma_0p01,engine_balanced,0.99,45,0,100,100,1,58.0,58.0,middle,middle,58,58,0.9907407407407408,0.9907407407407408
ocsvm,ocsvm_nu0p05_gamma_0p01,engine_balanced,0.99,45,0,114,114,1,44.0,44.0,middle,middle,44,44,1.0,1.0
ocsvm,ocsvm_nu0p05_gamma_0p01,engine_balanced,0.99,45,0,116,116,1,42.0,42.0,middle,middle,42,42,1.0,1.0
ocsvm,ocsvm_nu0p05_gamma_0p01,engine_balanced,0.99,45,0,118,118,1,40.0,40.0,middle,middle,40,40,1.0,1.0
ocsvm,ocsvm_nu0p05_gamma_0p01,engine_balanced,0.99,45,0,121,124,4,37.0,34.0,middle,middle,37,34,1.0,0.9976851851851852
ocsvm,ocsvm_nu0p05_gamma_0p01,engine_balanced,0.99,45,0,126,158,33,32.0,0.0,middle,near_failure,32,0,1.0,0.9997194163860831
ocsvm,ocsvm_nu0p05_gamma_0p01,engine_balanced,0.99,46,0,64,64,1,192.0,192.0,healthy,healthy,192,192,0.9953703703703703,0.9953703703703703
ocsvm,ocsvm_nu0p05_gamma_0p01,engine_balanced,0.99,46,0,203,203,1,53.0,53.0,middle,middle,53,53,0.9953703703703703,0.9953703703703703
ocsvm,ocsvm_nu0p05_gamma_0p01,engine_balanced,0.99,46,0,209,211,3,47.0,45.0,middle,middle,47,45,0.9953703703703703,0.9945987654320988
ocsvm,ocsvm_nu0p05_gamma_0p01,engine_balanced,0.99,46,0,213,213,1,43.0,43.0,middle,middle,43,43,0.9953703703703703,0.9953703703703703
ocsvm,ocsvm_nu0p05_gamma_0p01,engine_balanced,0.99,46,0,216,222,7,40.0,34.0,middle,middle,40,34,1.0,0.9993386243386243
ocsvm,ocsvm_nu0p05_gamma_0p01,engine_balanced,0.99,46,0,224,256,33,32.0,0.0,middle,near_failure,32,0,1.0,0.9998597081930414
ocsvm,ocsvm_nu0p05_gamma_0p01,engine_balanced,0.99,54,0,180,183,4,77.0,74.0,middle,middle,77,74,1.0,0.9976851851851851
ocsvm,ocsvm_nu0p05_gamma_0p01,engine_balanced,0.99,54,0,185,187,3,72.0,70.0,middle,middle,72,70,1.0,0.9938271604938272
ocsvm,ocsvm_nu0p05_gamma_0p01,engine_balanced,0.99,54,0,190,257,68,67.0,0.0,middle,near_failure,67,0,1.0,0.9998638344226578
ocsvm,ocsvm_nu0p05_gamma_0p01,engine_balanced,0.99,74,0,128,128,1,38.0,38.0,middle,middle,38,38,1.0,1.0
ocsvm,ocsvm_nu0p05_gamma_0p01,engine_balanced,0.99,74,0,132,132,1,34.0,34.0,middle,middle,34,34,0.9930555555555556,0.9930555555555556
ocsvm,ocsvm_nu0p05_gamma_0p01,engine_balanced,0.99,74,0,134,134,1,32.0,32.0,middle,middle,32,32,0.9953703703703703,0.9953703703703703
ocsvm,ocsvm_nu0p05_gamma_0p01,engine_balanced,0.99,74,0,136,166,31,30.0,0.0,near_failure,near_failure,30,0,1.0,0.9990292712066905
ocsvm,ocsvm_nu0p05_gamma_0p01,engine_balanced,0.99,77,0,23,23,1,131.0,131.0,healthy,healthy,131,131,1.0,1.0
ocsvm,ocsvm_nu0p05_gamma_0p01,engine_balanced,0.99,77,0,80,80,1,74.0,74.0,middle,middle,74,74,0.9907407407407408,0.9907407407407408
ocsvm,ocsvm_nu0p05_gamma_0p01,engine_balanced,0.99,77,0,89,89,1,65.0,65.0,middle,middle,65,65,0.9930555555555556,0.9930555555555556
ocsvm,ocsvm_nu0p05_gamma_0p01,engine_balanced,0.99,77,0,95,95,1,59.0,59.0,middle,middle,59,59,0.9953703703703703,0.9953703703703703
ocsvm,ocsvm_nu0p05_gamma_0p01,engine_balanced,0.99,77,0,99,99,1,55.0,55.0,middle,middle,55,55,1.0,1.0
ocsvm,ocsvm_nu0p05_gamma_0p01,engine_balanced,0.99,77,0,105,105,1,49.0,49.0,middle,middle,49,49,1.0,1.0
ocsvm,ocsvm_nu0p05_gamma_0p01,engine_balanced,0.99,77,0,107,107,1,47.0,47.0,middle,middle,47,47,0.9953703703703703,0.9953703703703703
ocsvm,ocsvm_nu0p05_gamma_0p01,engine_balanced,0.99,77,0,109,109,1,45.0,45.0,middle,middle,45,45,0.9953703703703703,0.9953703703703703
ocsvm,ocsvm_nu0p05_gamma_0p01,engine_balanced,0.99,77,0,111,111,1,43.0,43.0,middle,middle,43,43,0.9930555555555556,0.9930555555555556
ocsvm,ocsvm_nu0p05_gamma_0p01,engine_balanced,0.99,77,0,113,113,1,41.0,41.0,middle,middle,41,41,1.0,1.0
ocsvm,ocsvm_nu0p05_gamma_0p01,engine_balanced,0.99,77,0,115,118,4,39.0,36.0,middle,middle,39,36,1.0,1.0
ocsvm,ocsvm_nu0p05_gamma_0p01,engine_balanced,0.99,77,0,120,154,35,34.0,0.0,middle,near_failure,34,0,1.0,0.9996031746031747
ocsvm,ocsvm_nu0p05_gamma_0p01,engine_balanced,0.99,78,0,2,4,3,229.0,227.0,healthy,healthy,229,227,1.0,0.9945987654320988
ocsvm,ocsvm_nu0p05_gamma_0p01,engine_balanced,0.99,78,0,20,20,1,211.0,211.0,healthy,healthy,211,211,0.9907407407407408,0.9907407407407408
ocsvm,ocsvm_nu0p05_gamma_0p01,engine_balanced,0.99,78,0,35,35,1,196.0,196.0,healthy,healthy,196,196,0.9953703703703703,0.9953703703703703
ocsvm,ocsvm_nu0p05_gamma_0p01,engine_balanced,0.99,78,0,180,181,2,51.0,50.0,middle,middle,51,50,0.9953703703703703,0.9953703703703703
ocsvm,ocsvm_nu0p05_gamma_0p01,engine_balanced,0.99,78,0,184,184,1,47.0,47.0,middle,middle,47,47,0.9930555555555556,0.9930555555555556
ocsvm,ocsvm_nu0p05_gamma_0p01,engine_balanced,0.99,78,0,187,188,2,44.0,43.0,middle,middle,44,43,0.9953703703703703,0.9953703703703703
ocsvm,ocsvm_nu0p05_gamma_0p01,engine_balanced,0.99,78,0,190,191,2,41.0,40.0,middle,middle,41,40,1.0,0.9953703703703705
ocsvm,ocsvm_nu0p05_gamma_0p01,engine_balanced,0.99,78,0,193,193,1,38.0,38.0,middle,middle,38,38,0.9953703703703703,0.9953703703703703
ocsvm,ocsvm_nu0p05_gamma_0p01,engine_balanced,0.99,78,0,195,231,37,36.0,0.0,middle,near_failure,36,0,1.0,0.9998748748748748
ocsvm,ocsvm_nu0p05_gamma_0p01,engine_balanced,0.99,81,0,168,169,2,72.0,71.0,middle,middle,72,71,0.9953703703703703,0.9953703703703703
ocsvm,ocsvm_nu0p05_gamma_0p01,engine_balanced,0.99,81,0,175,179,5,65.0,61.0,middle,middle,65,61,1.0,0.9981481481481481
ocsvm,ocsvm_nu0p05_gamma_0p01,engine_balanced,0.99,81,0,181,182,2,59.0,58.0,middle,middle,59,58,1.0,1.0
ocsvm,ocsvm_nu0p05_gamma_0p01,engine_balanced,0.99,81,0,184,240,57,56.0,0.0,middle,near_failure,56,0,1.0,0.9998781676413255
ocsvm,ocsvm_nu0p05_gamma_0p01,engine_balanced,0.99,89,0,173,173,1,44.0,44.0,middle,middle,44,44,0.9930555555555556,0.9930555555555556
ocsvm,ocsvm_nu0p05_gamma_0p01,engine_balanced,0.99,89,0,175,176,2,42.0,41.0,middle,middle,42,41,1.0,0.9953703703703705
ocsvm,ocsvm_nu0p05_gamma_0p01,engine_balanced,0.99,89,0,178,178,1,39.0,39.0,middle,middle,39,39,1.0,1.0
ocsvm,ocsvm_nu0p05_gamma_0p01,engine_balanced,0.99,89,0,180,217,38,37.0,0.0,middle,near_failure,37,0,1.0,0.9997563352826511
ocsvm,ocsvm_nu0p05_gamma_0p01,engine_balanced,0.99,91,0,6,6,1,129.0,129.0,healthy,healthy,129,129,0.9930555555555556,0.9930555555555556
ocsvm,ocsvm_nu0p05_gamma_0p01,engine_balanced,0.99,91,0,33,33,1,102.0,102.0,middle,middle,102,102,0.9930555555555556,0.9930555555555556
ocsvm,ocsvm_nu0p05_gamma_0p01,engine_balanced,0.99,91,0,42,42,1,93.0,93.0,middle,middle,93,93,1.0,1.0
ocsvm,ocsvm_nu0p05_gamma_0p01,engine_balanced,0.99,91,0,44,44,1,91.0,91.0,middle,middle,91,91,0.9930555555555556,0.9930555555555556
ocsvm,ocsvm_nu0p05_gamma_0p01,engine_balanced,0.99,91,0,52,52,1,83.0,83.0,middle,middle,83,83,1.0,1.0
ocsvm,ocsvm_nu0p05_gamma_0p01,engine_balanced,0.99,91,0,55,56,2,80.0,79.0,middle,middle,80,79,1.0,0.9965277777777778
ocsvm,ocsvm_nu0p05_gamma_0p01,engine_balanced,0.99,91,0,59,59,1,76.0,76.0,middle,middle,76,76,0.9953703703703703,0.9953703703703703
ocsvm,ocsvm_nu0p05_gamma_0p01,engine_balanced,0.99,91,0,70,71,2,65.0,64.0,middle,middle,65,64,0.9953703703703703,0.9930555555555556
ocsvm,ocsvm_nu0p05_gamma_0p01,engine_balanced,0.99,91,0,73,73,1,62.0,62.0,middle,middle,62,62,1.0,1.0
ocsvm,ocsvm_nu0p05_gamma_0p01,engine_balanced,0.99,91,0,75,80,6,60.0,55.0,middle,middle,60,55,1.0,0.9984567901234568
ocsvm,ocsvm_nu0p05_gamma_0p01,engine_balanced,0.99,91,0,82,89,8,53.0,46.0,middle,middle,53,46,1.0,0.9994212962962963
ocsvm,ocsvm_nu0p05_gamma_0p01,engine_balanced,0.99,91,0,91,135,45,44.0,0.0,middle,near_failure,44,0,1.0,1.0
pca,pca_evr0p95,pooled,0.9,1,0,4,4,1,188.0,188.0,healthy,healthy,188,188,0.968131868131868,0.968131868131868
pca,pca_evr0p95,pooled,0.9,1,0,14,14,1,178.0,178.0,healthy,healthy,178,178,0.9373626373626374,0.9373626373626374
pca,pca_evr0p95,pooled,0.9,1,0,27,27,1,165.0,165.0,healthy,healthy,165,165,0.9593406593406594,0.9593406593406594
pca,pca_evr0p95,pooled,0.9,1,0,31,31,1,161.0,161.0,healthy,healthy,161,161,0.9214285714285714,0.9214285714285714
pca,pca_evr0p95,pooled,0.9,1,0,35,35,1,157.0,157.0,healthy,healthy,157,157,0.9,0.9
pca,pca_evr0p95,pooled,0.9,1,0,43,43,1,149.0,149.0,healthy,healthy,149,149,0.9686813186813188,0.9686813186813188
pca,pca_evr0p95,pooled,0.9,1,0,46,46,1,146.0,146.0,healthy,healthy,146,146,0.915934065934066,0.915934065934066
pca,pca_evr0p95,pooled,0.9,1,0,63,63,1,129.0,129.0,healthy,healthy,129,129,0.9857142857142858,0.9857142857142858
pca,pca_evr0p95,pooled,0.9,1,0,65,66,2,127.0,126.0,healthy,healthy,127,126,0.962087912087912,0.9398351648351648
pca,pca_evr0p95,pooled,0.9,1,0,74,74,1,118.0,118.0,middle,middle,118,118,0.9989010989010988,0.9989010989010988
pca,pca_evr0p95,pooled,0.9,1,0,78,78,1,114.0,114.0,middle,middle,114,114,0.9846153846153848,0.9846153846153848
pca,pca_evr0p95,pooled,0.9,1,0,95,95,1,97.0,97.0,middle,middle,97,97,0.9428571428571428,0.9428571428571428
pca,pca_evr0p95,pooled,0.9,1,0,101,102,2,91.0,90.0,middle,middle,91,90,0.9362637362637364,0.9200549450549451
pca,pca_evr0p95,pooled,0.9,1,0,108,108,1,84.0,84.0,middle,middle,84,84,0.9774725274725274,0.9774725274725274
pca,pca_evr0p95,pooled,0.9,1,0,121,121,1,71.0,71.0,middle,middle,71,71,0.967032967032967,0.967032967032967
pca,pca_evr0p95,pooled,0.9,1,0,138,140,3,54.0,52.0,middle,middle,54,52,0.9796703296703296,0.9567765567765568
pca,pca_evr0p95,pooled,0.9,1,0,156,156,1,36.0,36.0,middle,middle,36,36,0.9967032967032968,0.9967032967032968
pca,pca_evr0p95,pooled,0.9,1,0,159,159,1,33.0,33.0,middle,middle,33,33,0.9093406593406592,0.9093406593406592
pca,pca_evr0p95,pooled,0.9,1,0,164,164,1,28.0,28.0,near_failure,near_failure,28,28,0.9796703296703296,0.9796703296703296
pca,pca_evr0p95,pooled,0.9,5,0,13,13,1,256.0,256.0,healthy,healthy,256,256,0.945054945054945,0.945054945054945
pca,pca_evr0p95,pooled,0.9,5,0,15,15,1,254.0,254.0,healthy,healthy,254,254,0.9637362637362638,0.9637362637362638
pca,pca_evr0p95,pooled,0.9,5,0,18,18,1,251.0,251.0,healthy,healthy,251,251,0.9873626373626374,0.9873626373626374
pca,pca_evr0p95,pooled,0.9,5,0,32,32,1,237.0,237.0,healthy,healthy,237,237,0.9703296703296704,0.9703296703296704
pca,pca_evr0p95,pooled,0.9,5,0,37,37,1,232.0,232.0,healthy,healthy,232,232,0.9714285714285714,0.9714285714285714
pca,pca_evr0p95,pooled,0.9,5,0,46,46,1,223.0,223.0,healthy,healthy,223,223,0.9593406593406594,0.9593406593406594
pca,pca_evr0p95,pooled,0.9,5,0,60,60,1,209.0,209.0,healthy,healthy,209,209,0.971978021978022,0.971978021978022
pca,pca_evr0p95,pooled,0.9,5,0,72,72,1,197.0,197.0,healthy,healthy,197,197,0.962087912087912,0.962087912087912
pca,pca_evr0p95,pooled,0.9,5,0,76,76,1,193.0,193.0,healthy,healthy,193,193,0.9873626373626374,0.9873626373626374
pca,pca_evr0p95,pooled,0.9,5,0,111,111,1,158.0,158.0,healthy,healthy,158,158,0.9483516483516484,0.9483516483516484
pca,pca_evr0p95,pooled,0.9,5,0,133,133,1,136.0,136.0,healthy,healthy,136,136,0.90989010989011,0.90989010989011
pca,pca_evr0p95,pooled,0.9,5,0,139,139,1,130.0,130.0,healthy,healthy,130,130,0.960989010989011,0.960989010989011
pca,pca_evr0p95,pooled,0.9,5,0,143,144,2,126.0,125.0,healthy,middle,126,125,0.9653846153846154,0.9623626373626374
pca,pca_evr0p95,pooled,0.9,5,0,161,161,1,108.0,108.0,middle,middle,108,108,0.931868131868132,0.931868131868132
pca,pca_evr0p95,pooled,0.9,5,0,163,163,1,106.0,106.0,middle,middle,106,106,0.952197802197802,0.952197802197802
pca,pca_evr0p95,pooled,0.9,5,0,165,165,1,104.0,104.0,middle,middle,104,104,0.9395604395604396,0.9395604395604396
pca,pca_evr0p95,pooled,0.9,5,0,178,178,1,91.0,91.0,middle,middle,91,91,0.9054945054945056,0.9054945054945056
pca,pca_evr0p95,pooled,0.9,5,0,181,181,1,88.0,88.0,middle,middle,88,88,0.9335164835164836,0.9335164835164836
pca,pca_evr0p95,pooled,0.9,5,0,184,184,1,85.0,85.0,middle,middle,85,85,0.9445054945054944,0.9445054945054944
pca,pca_evr0p95,pooled,0.9,5,0,204,204,1,65.0,65.0,middle,middle,65,65,0.9247252747252748,0.9247252747252748
pca,pca_evr0p95,pooled,0.9,5,0,217,220,4,52.0,49.0,middle,middle,52,49,0.9906593406593408,0.9589285714285714
pca,pca_evr0p95,pooled,0.9,5,0,228,228,1,41.0,41.0,middle,middle,41,41,0.9565934065934066,0.9565934065934066
pca,pca_evr0p95,pooled,0.9,5,0,230,235,6,39.0,34.0,middle,middle,39,34,0.9994505494505496,0.9753663003663005
pca,pca_evr0p95,pooled,0.9,5,0,239,241,3,30.0,28.0,near_failure,near_failure,30,28,0.9989010989010988,0.9783882783882784
pca,pca_evr0p95,pooled,0.9,5,0,243,246,4,26.0,23.0,near_failure,near_failure,26,23,1.0,0.9935439560439561
pca,pca_evr0p95,pooled,0.9,5,0,249,251,3,20.0,18.0,near_failure,near_failure,20,18,0.9994505494505496,0.995970695970696
pca,pca_evr0p95,pooled,0.9,5,0,253,269,17,16.0,0.0,near_failure,near_failure,16,0,1.0,0.9833225597931481
pca,pca_evr0p95,pooled,0.9,10,0,26,26,1,196.0,196.0,healthy,healthy,196,196,0.9664835164835164,0.9664835164835164
pca,pca_evr0p95,pooled,0.9,10,0,60,60,1,162.0,162.0,healthy,healthy,162,162,0.9989010989010988,0.9989010989010988
pca,pca_evr0p95,pooled,0.9,10,0,84,84,1,138.0,138.0,healthy,healthy,138,138,0.9906593406593408,0.9906593406593408
pca,pca_evr0p95,pooled,0.9,10,0,88,88,1,134.0,134.0,healthy,healthy,134,134,0.928021978021978,0.928021978021978
pca,pca_evr0p95,pooled,0.9,10,0,91,91,1,131.0,131.0,healthy,healthy,131,131,0.9054945054945056,0.9054945054945056
pca,pca_evr0p95,pooled,0.9,10,0,98,98,1,124.0,124.0,middle,middle,124,124,0.953846153846154,0.953846153846154
pca,pca_evr0p95,pooled,0.9,10,0,102,103,2,120.0,119.0,middle,middle,120,119,0.9554945054945057,0.9321428571428572
pca,pca_evr0p95,pooled,0.9,10,0,129,129,1,93.0,93.0,middle,middle,93,93,0.9175824175824177,0.9175824175824177
pca,pca_evr0p95,pooled,0.9,10,0,144,144,1,78.0,78.0,middle,middle,78,78,0.968131868131868,0.968131868131868
pca,pca_evr0p95,pooled,0.9,10,0,147,147,1,75.0,75.0,middle,middle,75,75,0.9961538461538462,0.9961538461538462
pca,pca_evr0p95,pooled,0.9,10,0,150,150,1,72.0,72.0,middle,middle,72,72,0.903846153846154,0.903846153846154
pca,pca_evr0p95,pooled,0.9,10,0,153,153,1,69.0,69.0,middle,middle,69,69,0.9197802197802196,0.9197802197802196
pca,pca_evr0p95,pooled,0.9,10,0,168,168,1,54.0,54.0,middle,middle,54,54,0.9054945054945056,0.9054945054945056
pca,pca_evr0p95,pooled,0.9,10,0,171,171,1,51.0,51.0,middle,middle,51,51,0.9747252747252748,0.9747252747252748
pca,pca_evr0p95,pooled,0.9,10,0,176,176,1,46.0,46.0,middle,middle,46,46,0.99010989010989,0.99010989010989
pca,pca_evr0p95,pooled,0.9,10,0,180,180,1,42.0,42.0,middle,middle,42,42,0.9774725274725274,0.9774725274725274
pca,pca_evr0p95,pooled,0.9,10,0,183,183,1,39.0,39.0,middle,middle,39,39,0.9445054945054944,0.9445054945054944
pca,pca_evr0p95,pooled,0.9,10,0,185,185,1,37.0,37.0,middle,middle,37,37,0.9604395604395604,0.9604395604395604
pca,pca_evr0p95,pooled,0.9,10,0,201,201,1,21.0,21.0,near_failure,near_failure,21,21,0.9796703296703296,0.9796703296703296
pca,pca_evr0p95,pooled,0.9,10,0,205,206,2,17.0,16.0,near_failure,near_failure,17,16,0.9846153846153848,0.9782967032967034
pca,pca_evr0p95,pooled,0.9,10,0,208,208,1,14.0,14.0,near_failure,near_failure,14,14,0.9961538461538462,0.9961538461538462
pca,pca_evr0p95,pooled,0.9,10,0,216,222,7,6.0,0.0,near_failure,near_failure,6,0,1.0,0.9865777080062795
pca,pca_evr0p95,pooled,0.9,11,0,3,3,1,237.0,237.0,healthy,healthy,237,237,0.9054945054945056,0.9054945054945056
pca,pca_evr0p95,pooled,0.9,11,0,10,10,1,230.0,230.0,healthy,healthy,230,230,0.9873626373626374,0.9873626373626374
pca,pca_evr0p95,pooled,0.9,11,0,31,32,2,209.0,208.0,healthy,healthy,209,208,0.9857142857142858,0.96510989010989
pca,pca_evr0p95,pooled,0.9,11,0,39,39,1,201.0,201.0,healthy,healthy,201,201,0.915934065934066,0.915934065934066
pca,pca_evr0p95,pooled,0.9,11,0,60,60,1,180.0,180.0,healthy,healthy,180,180,0.9307692307692308,0.9307692307692308
pca,pca_evr0p95,pooled,0.9,11,0,64,64,1,176.0,176.0,healthy,healthy,176,176,0.9335164835164836,0.9335164835164836
pca,pca_evr0p95,pooled,0.9,11,0,67,67,1,173.0,173.0,healthy,healthy,173,173,0.9818681318681318,0.9818681318681318
pca,pca_evr0p95,pooled,0.9,11,0,70,70,1,170.0,170.0,healthy,healthy,170,170,0.967032967032967,0.967032967032967
pca,pca_evr0p95,pooled,0.9,11,0,73,73,1,167.0,167.0,healthy,healthy,167,167,0.9489010989010987,0.9489010989010987
pca,pca_evr0p95,pooled,0.9,11,0,77,77,1,163.0,163.0,healthy,healthy,163,163,0.912087912087912,0.912087912087912
pca,pca_evr0p95,pooled,0.9,11,0,82,82,1,158.0,158.0,healthy,healthy,158,158,0.9582417582417584,0.9582417582417584
pca,pca_evr0p95,pooled,0.9,11,0,92,92,1,148.0,148.0,healthy,healthy,148,148,0.9642857142857144,0.9642857142857144
pca,pca_evr0p95,pooled,0.9,11,0,106,106,1,134.0,134.0,healthy,healthy,134,134,0.993956043956044,0.993956043956044
pca,pca_evr0p95,pooled,0.9,11,0,108,108,1,132.0,132.0,healthy,healthy,132,132,0.989010989010989,0.989010989010989
pca,pca_evr0p95,pooled,0.9,11,0,118,118,1,122.0,122.0,middle,middle,122,122,0.9703296703296704,0.9703296703296704
pca,pca_evr0p95,pooled,0.9,11,0,131,131,1,109.0,109.0,middle,middle,109,109,0.9989010989010988,0.9989010989010988
pca,pca_evr0p95,pooled,0.9,11,0,136,136,1,104.0,104.0,middle,middle,104,104,0.9928571428571428,0.9928571428571428
pca,pca_evr0p95,pooled,0.9,11,0,139,140,2,101.0,100.0,middle,middle,101,100,0.99010989010989,0.9631868131868132
pca,pca_evr0p95,pooled,0.9,11,0,143,143,1,97.0,97.0,middle,middle,97,97,0.9857142857142858,0.9857142857142858
pca,pca_evr0p95,pooled,0.9,11,0,156,156,1,84.0,84.0,middle,middle,84,84,0.9593406593406594,0.9593406593406594
pca,pca_evr0p95,pooled,0.9,11,0,175,175,1,65.0,65.0,middle,middle,65,65,0.9703296703296704,0.9703296703296704
pca,pca_evr0p95,pooled,0.9,11,0,186,186,1,54.0,54.0,middle,middle,54,54,0.9923076923076924,0.9923076923076924
pca,pca_evr0p95,pooled,0.9,11,0,188,188,1,52.0,52.0,middle,middle,52,52,0.9505494505494504,0.9505494505494504
pca,pca_evr0p95,pooled,0.9,11,0,192,194,3,48.0,46.0,middle,middle,48,46,0.9884615384615384,0.9672161172161172
pca,pca_evr0p95,pooled,0.9,11,0,197,197,1,43.0,43.0,middle,middle,43,43,0.968131868131868,0.968131868131868
pca,pca_evr0p95,pooled,0.9,11,0,204,204,1,36.0,36.0,middle,middle,36,36,0.9631868131868132,0.9631868131868132
pca,pca_evr0p95,pooled,0.9,11,0,207,207,1,33.0,33.0,middle,middle,33,33,0.968131868131868,0.968131868131868
pca,pca_evr0p95,pooled,0.9,11,0,212,218,7,28.0,22.0,near_failure,near_failure,28,22,0.9967032967032968,0.9679748822605967
pca,pca_evr0p95,pooled,0.9,11,0,221,221,1,19.0,19.0,near_failure,near_failure,19,19,0.965934065934066,0.965934065934066
pca,pca_evr0p95,pooled,0.9,11,0,223,223,1,17.0,17.0,near_failure,near_failure,17,17,0.9763736263736263,0.9763736263736263
pca,pca_evr0p95,pooled,0.9,11,0,226,229,4,14.0,11.0,near_failure,near_failure,14,11,0.9994505494505496,0.9780219780219779
pca,pca_evr0p95,pooled,0.9,11,0,231,240,10,9.0,0.0,near_failure,near_failure,9,0,1.0,0.991978021978022
pca,pca_evr0p95,pooled,0.9,13,0,25,25,1,138.0,138.0,healthy,healthy,138,138,0.9483516483516484,0.9483516483516484
pca,pca_evr0p95,pooled,0.9,13,0,30,30,1,133.0,133.0,healthy,healthy,133,133,0.968131868131868,0.968131868131868
pca,pca_evr0p95,pooled,0.9,13,0,77,77,1,86.0,86.0,middle,middle,86,86,0.9483516483516484,0.9483516483516484
pca,pca_evr0p95,pooled,0.9,13,0,97,97,1,66.0,66.0,middle,middle,66,66,0.904945054945055,0.904945054945055
pca,pca_evr0p95,pooled,0.9,13,0,111,111,1,52.0,52.0,middle,middle,52,52,0.912087912087912,0.912087912087912
pca,pca_evr0p95,pooled,0.9,13,0,122,122,1,41.0,41.0,middle,middle,41,41,0.9071428571428573,0.9071428571428573
pca,pca_evr0p95,pooled,0.9,13,0,126,126,1,37.0,37.0,middle,middle,37,37,0.9472527472527472,0.9472527472527472
pca,pca_evr0p95,pooled,0.9,13,0,134,134,1,29.0,29.0,near_failure,near_failure,29,29,0.9763736263736263,0.9763736263736263
pca,pca_evr0p95,pooled,0.9,13,0,137,138,2,26.0,25.0,near_failure,near_failure,26,25,0.9967032967032968,0.9780219780219781
pca,pca_evr0p95,pooled,0.9,13,0,144,145,2,19.0,18.0,near_failure,near_failure,19,18,0.9967032967032968,0.9934065934065934
pca,pca_evr0p95,pooled,0.9,13,0,148,148,1,15.0,15.0,near_failure,near_failure,15,15,0.9703296703296704,0.9703296703296704
pca,pca_evr0p95,pooled,0.9,13,0,150,163,14,13.0,0.0,near_failure,near_failure,13,0,1.0,0.988186813186813
pca,pca_evr0p95,pooled,0.9,16,0,5,7,3,204.0,202.0,healthy,healthy,204,202,0.9884615384615384,0.9500000000000001
pca,pca_evr0p95,pooled,0.9,16,0,15,15,1,194.0,194.0,healthy,healthy,194,194,0.945054945054945,0.945054945054945
pca,pca_evr0p95,pooled,0.9,16,0,17,17,1,192.0,192.0,healthy,healthy,192,192,0.9824175824175824,0.9824175824175824
pca,pca_evr0p95,pooled,0.9,16,0,52,52,1,157.0,157.0,healthy,healthy,157,157,0.915934065934066,0.915934065934066
pca,pca_evr0p95,pooled,0.9,16,0,62,62,1,147.0,147.0,healthy,healthy,147,147,0.9604395604395604,0.9604395604395604
pca,pca_evr0p95,pooled,0.9,16,0,93,93,1,116.0,116.0,middle,middle,116,116,0.912087912087912,0.912087912087912
pca,pca_evr0p95,pooled,0.9,16,0,102,102,1,107.0,107.0,middle,middle,107,107,0.9554945054945057,0.9554945054945057
pca,pca_evr0p95,pooled,0.9,16,0,125,125,1,84.0,84.0,middle,middle,84,84,0.9230769230769232,0.9230769230769232
pca,pca_evr0p95,pooled,0.9,16,0,133,133,1,76.0,76.0,middle,middle,76,76,0.987912087912088,0.987912087912088
pca,pca_evr0p95,pooled,0.9,16,0,135,135,1,74.0,74.0,middle,middle,74,74,0.926923076923077,0.926923076923077
pca,pca_evr0p95,pooled,0.9,16,0,137,137,1,72.0,72.0,middle,middle,72,72,0.954945054945055,0.954945054945055
pca,pca_evr0p95,pooled,0.9,16,0,172,173,2,37.0,36.0,middle,middle,37,36,0.9857142857142858,0.9447802197802199
pca,pca_evr0p95,pooled,0.9,16,0,181,181,1,28.0,28.0,near_failure,near_failure,28,28,0.912087912087912,0.912087912087912
pca,pca_evr0p95,pooled,0.9,16,0,183,183,1,26.0,26.0,near_failure,near_failure,26,26,0.9445054945054944,0.9445054945054944
pca,pca_evr0p95,pooled,0.9,16,0,192,193,2,17.0,16.0,near_failure,near_failure,17,16,0.9928571428571428,0.9876373626373626
pca,pca_evr0p95,pooled,0.9,16,0,206,206,1,3.0,3.0,near_failure,near_failure,3,3,0.9923076923076924,0.9923076923076924
pca,pca_evr0p95,pooled,0.9,27,0,11,11,1,145.0,145.0,healthy,healthy,145,145,0.945054945054945,0.945054945054945
pca,pca_evr0p95,pooled,0.9,27,0,14,14,1,142.0,142.0,healthy,healthy,142,142,0.912087912087912,0.912087912087912
pca,pca_evr0p95,pooled,0.9,27,0,16,16,1,140.0,140.0,healthy,healthy,140,140,0.915934065934066,0.915934065934066
pca,pca_evr0p95,pooled,0.9,27,0,24,25,2,132.0,131.0,healthy,healthy,132,131,0.9967032967032968,0.9895604395604396
pca,pca_evr0p95,pooled,0.9,27,0,32,32,1,124.0,124.0,middle,middle,124,124,0.9131868131868132,0.9131868131868132
pca,pca_evr0p95,pooled,0.9,27,0,39,39,1,117.0,117.0,middle,middle,117,117,0.960989010989011,0.960989010989011
pca,pca_evr0p95,pooled,0.9,27,0,43,43,1,113.0,113.0,middle,middle,113,113,0.9813186813186812,0.9813186813186812
pca,pca_evr0p95,pooled,0.9,27,0,55,55,1,101.0,101.0,middle,middle,101,101,0.903846153846154,0.903846153846154
pca,pca_evr0p95,pooled,0.9,27,0,68,68,1,88.0,88.0,middle,middle,88,88,0.9593406593406594,0.9593406593406594
pca,pca_evr0p95,pooled,0.9,27,0,72,72,1,84.0,84.0,middle,middle,84,84,0.9087912087912088,0.9087912087912088
pca,pca_evr0p95,pooled,0.9,27,0,75,75,1,81.0,81.0,middle,middle,81,81,0.9395604395604396,0.9395604395604396
pca,pca_evr0p95,pooled,0.9,27,0,77,77,1,79.0,79.0,middle,middle,79,79,0.9906593406593408,0.9906593406593408
pca,pca_evr0p95,pooled,0.9,27,0,79,79,1,77.0,77.0,middle,middle,77,77,0.9203296703296704,0.9203296703296704
pca,pca_evr0p95,pooled,0.9,27,0,93,93,1,63.0,63.0,middle,middle,63,63,0.9631868131868132,0.9631868131868132
pca,pca_evr0p95,pooled,0.9,27,0,95,95,1,61.0,61.0,middle,middle,61,61,0.965934065934066,0.965934065934066
pca,pca_evr0p95,pooled,0.9,27,0,100,100,1,56.0,56.0,middle,middle,56,56,0.9071428571428573,0.9071428571428573
pca,pca_evr0p95,pooled,0.9,27,0,106,106,1,50.0,50.0,middle,middle,50,50,0.9071428571428573,0.9071428571428573
pca,pca_evr0p95,pooled,0.9,27,0,114,114,1,42.0,42.0,middle,middle,42,42,0.9813186813186812,0.9813186813186812
pca,pca_evr0p95,pooled,0.9,27,0,125,125,1,31.0,31.0,middle,middle,31,31,0.9989010989010988,0.9989010989010988
pca,pca_evr0p95,pooled,0.9,27,0,130,131,2,26.0,25.0,near_failure,near_failure,26,25,0.9967032967032968,0.9835164835164836
pca,pca_evr0p95,pooled,0.9,27,0,140,141,2,16.0,15.0,near_failure,near_failure,16,15,1.0,0.9848901098901099
pca,pca_evr0p95,pooled,0.9,27,0,143,143,1,13.0,13.0,near_failure,near_failure,13,13,0.987912087912088,0.987912087912088
pca,pca_evr0p95,pooled,0.9,27,0,146,156,11,10.0,0.0,near_failure,near_failure,10,0,1.0,0.9786713286713287
pca,pca_evr0p95,pooled,0.9,31,0,8,8,1,226.0,226.0,healthy,healthy,226,226,0.962087912087912,0.962087912087912
pca,pca_evr0p95,pooled,0.9,31,0,23,23,1,211.0,211.0,healthy,healthy,211,211,0.9961538461538462,0.9961538461538462
pca,pca_evr0p95,pooled,0.9,31,0,26,26,1,208.0,208.0,healthy,healthy,208,208,0.9884615384615384,0.9884615384615384
pca,pca_evr0p95,pooled,0.9,31,0,28,28,1,206.0,206.0,healthy,healthy,206,206,0.9412087912087912,0.9412087912087912
pca,pca_evr0p95,pooled,0.9,31,0,64,64,1,170.0,170.0,healthy,healthy,170,170,0.9631868131868132,0.9631868131868132
pca,pca_evr0p95,pooled,0.9,31,0,68,68,1,166.0,166.0,healthy,healthy,166,166,0.9802197802197802,0.9802197802197802
pca,pca_evr0p95,pooled,0.9,31,0,74,75,2,160.0,159.0,healthy,healthy,160,159,0.99010989010989,0.9535714285714285
pca,pca_evr0p95,pooled,0.9,31,0,82,82,1,152.0,152.0,healthy,healthy,152,152,0.9576923076923076,0.9576923076923076
pca,pca_evr0p95,pooled,0.9,31,0,92,92,1,142.0,142.0,healthy,healthy,142,142,0.9626373626373628,0.9626373626373628
pca,pca_evr0p95,pooled,0.9,31,0,121,122,2,113.0,112.0,middle,middle,113,112,0.9967032967032968,0.9947802197802198
pca,pca_evr0p95,pooled,0.9,31,0,134,134,1,100.0,100.0,middle,middle,100,100,0.926923076923077,0.926923076923077
pca,pca_evr0p95,pooled,0.9,31,0,161,162,2,73.0,72.0,middle,middle,73,72,0.9637362637362638,0.9467032967032967
pca,pca_evr0p95,pooled,0.9,31,0,164,164,1,70.0,70.0,middle,middle,70,70,0.915934065934066,0.915934065934066
pca,pca_evr0p95,pooled,0.9,31,0,167,167,1,67.0,67.0,middle,middle,67,67,0.9697802197802198,0.9697802197802198
pca,pca_evr0p95,pooled,0.9,31,0,187,187,1,47.0,47.0,middle,middle,47,47,0.9868131868131867,0.9868131868131867
pca,pca_evr0p95,pooled,0.9,31,0,189,189,1,45.0,45.0,middle,middle,45,45,0.9873626373626374,0.9873626373626374
pca,pca_evr0p95,pooled,0.9,31,0,192,192,1,42.0,42.0,middle,middle,42,42,0.915934065934066,0.915934065934066
pca,pca_evr0p95,pooled,0.9,31,0,216,218,3,18.0,16.0,near_failure,near_failure,18,16,0.9928571428571428,0.9686813186813187
pca,pca_evr0p95,pooled,0.9,31,0,221,221,1,13.0,13.0,near_failure,near_failure,13,13,0.967032967032967,0.967032967032967
pca,pca_evr0p95,pooled,0.9,31,0,228,228,1,6.0,6.0,near_failure,near_failure,6,6,0.9543956043956044,0.9543956043956044
pca,pca_evr0p95,pooled,0.9,31,0,232,232,1,2.0,2.0,near_failure,near_failure,2,2,0.9428571428571428,0.9428571428571428
pca,pca_evr0p95,pooled,0.9,34,0,2,2,1,193.0,193.0,healthy,healthy,193,193,0.9989010989010988,0.9989010989010988
pca,pca_evr0p95,pooled,0.9,34,0,26,26,1,169.0,169.0,healthy,healthy,169,169,0.9653846153846154,0.9653846153846154
pca,pca_evr0p95,pooled,0.9,34,0,32,32,1,163.0,163.0,healthy,healthy,163,163,0.9489010989010987,0.9489010989010987
pca,pca_evr0p95,pooled,0.9,34,0,51,51,1,144.0,144.0,healthy,healthy,144,144,0.9456043956043956,0.9456043956043956
pca,pca_evr0p95,pooled,0.9,34,0,57,57,1,138.0,138.0,healthy,healthy,138,138,0.9115384615384616,0.9115384615384616
pca,pca_evr0p95,pooled,0.9,34,0,71,71,1,124.0,124.0,middle,middle,124,124,0.9862637362637364,0.9862637362637364
pca,pca_evr0p95,pooled,0.9,34,0,77,77,1,118.0,118.0,middle,middle,118,118,0.9961538461538462,0.9961538461538462
pca,pca_evr0p95,pooled,0.9,34,0,93,94,2,102.0,101.0,middle,middle,102,101,0.9653846153846154,0.9354395604395604
pca,pca_evr0p95,pooled,0.9,34,0,108,108,1,87.0,87.0,middle,middle,87,87,0.9725274725274724,0.9725274725274724
pca,pca_evr0p95,pooled,0.9,34,0,121,121,1,74.0,74.0,middle,middle,74,74,0.9631868131868132,0.9631868131868132
pca,pca_evr0p95,pooled,0.9,34,0,124,124,1,71.0,71.0,middle,middle,71,71,0.9769230769230768,0.9769230769230768
pca,pca_evr0p95,pooled,0.9,34,0,130,130,1,65.0,65.0,middle,middle,65,65,0.9653846153846154,0.9653846153846154
pca,pca_evr0p95,pooled,0.9,34,0,137,137,1,58.0,58.0,middle,middle,58,58,0.9445054945054944,0.9445054945054944
pca,pca_evr0p95,pooled,0.9,34,0,149,149,1,46.0,46.0,middle,middle,46,46,0.9565934065934066,0.9565934065934066
pca,pca_evr0p95,pooled,0.9,34,0,157,157,1,38.0,38.0,middle,middle,38,38,0.9873626373626374,0.9873626373626374
pca,pca_evr0p95,pooled,0.9,34,0,160,160,1,35.0,35.0,middle,middle,35,35,0.9445054945054944,0.9445054945054944
pca,pca_evr0p95,pooled,0.9,34,0,169,170,2,26.0,25.0,near_failure,near_failure,26,25,0.9989010989010988,0.9521978021978021
pca,pca_evr0p95,pooled,0.9,34,0,172,172,1,23.0,23.0,near_failure,near_failure,23,23,0.9456043956043956,0.9456043956043956
pca,pca_evr0p95,pooled,0.9,34,0,175,177,3,20.0,18.0,near_failure,near_failure,20,18,0.9994505494505496,0.9948717948717949
pca,pca_evr0p95,pooled,0.9,34,0,179,195,17,16.0,0.0,near_failure,near_failure,16,0,1.0,0.9983516483516484
pca,pca_evr0p95,pooled,0.9,40,0,3,3,1,185.0,185.0,healthy,healthy,185,185,0.962087912087912,0.962087912087912
pca,pca_evr0p95,pooled,0.9,40,0,20,21,2,168.0,167.0,healthy,healthy,168,167,0.9456043956043956,0.9247252747252748
pca,pca_evr0p95,pooled,0.9,40,0,30,30,1,158.0,158.0,healthy,healthy,158,158,0.9873626373626374,0.9873626373626374
pca,pca_evr0p95,pooled,0.9,40,0,39,39,1,149.0,149.0,healthy,healthy,149,149,0.9989010989010988,0.9989010989010988
pca,pca_evr0p95,pooled,0.9,40,0,48,48,1,140.0,140.0,healthy,healthy,140,140,0.967032967032967,0.967032967032967
pca,pca_evr0p95,pooled,0.9,40,0,69,69,1,119.0,119.0,middle,middle,119,119,0.953846153846154,0.953846153846154
pca,pca_evr0p95,pooled,0.9,40,0,85,85,1,103.0,103.0,middle,middle,103,103,0.9571428571428572,0.9571428571428572
pca,pca_evr0p95,pooled,0.9,40,0,119,119,1,69.0,69.0,middle,middle,69,69,0.9928571428571428,0.9928571428571428
pca,pca_evr0p95,pooled,0.9,40,0,132,132,1,56.0,56.0,middle,middle,56,56,0.9642857142857144,0.9642857142857144
pca,pca_evr0p95,pooled,0.9,40,0,138,138,1,50.0,50.0,middle,middle,50,50,0.9983516483516484,0.9983516483516484
pca,pca_evr0p95,pooled,0.9,40,0,147,147,1,41.0,41.0,middle,middle,41,41,0.9565934065934066,0.9565934065934066
pca,pca_evr0p95,pooled,0.9,40,0,149,151,3,39.0,37.0,middle,middle,39,37,0.9829670329670328,0.9763736263736263
pca,pca_evr0p95,pooled,0.9,40,0,156,157,2,32.0,31.0,middle,middle,32,31,0.9928571428571428,0.9843406593406593
pca,pca_evr0p95,pooled,0.9,40,0,163,164,2,25.0,24.0,near_failure,near_failure,25,24,0.9928571428571428,0.9887362637362638
pca,pca_evr0p95,pooled,0.9,40,0,167,168,2,21.0,20.0,near_failure,near_failure,21,20,1.0,0.9983516483516484
pca,pca_evr0p95,pooled,0.9,40,0,170,173,4,18.0,15.0,near_failure,near_failure,18,15,1.0,0.9943681318681319
pca,pca_evr0p95,pooled,0.9,40,0,175,175,1,13.0,13.0,near_failure,near_failure,13,13,0.9752747252747253,0.9752747252747253
pca,pca_evr0p95,pooled,0.9,40,0,177,179,3,11.0,9.0,near_failure,near_failure,11,9,1.0,0.9791208791208792
pca,pca_evr0p95,pooled,0.9,40,0,181,181,1,7.0,7.0,near_failure,near_failure,7,7,1.0,1.0
pca,pca_evr0p95,pooled,0.9,40,0,184,188,5,4.0,0.0,near_failure,near_failure,4,0,1.0,0.9987912087912088
pca,pca_evr0p95,pooled,0.9,41,0,1,1,1,215.0,215.0,healthy,healthy,215,215,0.9697802197802198,0.9697802197802198
pca,pca_evr0p95,pooled,0.9,41,0,17,17,1,199.0,199.0,healthy,healthy,199,199,0.9153846153846154,0.9153846153846154
pca,pca_evr0p95,pooled,0.9,41,0,19,20,2,197.0,196.0,healthy,healthy,197,196,0.928021978021978,0.9173076923076923
pca,pca_evr0p95,pooled,0.9,41,0,23,23,1,193.0,193.0,healthy,healthy,193,193,0.9351648351648352,0.9351648351648352
pca,pca_evr0p95,pooled,0.9,41,0,27,27,1,189.0,189.0,healthy,healthy,189,189,0.9071428571428573,0.9071428571428573
pca,pca_evr0p95,pooled,0.9,41,0,34,34,1,182.0,182.0,healthy,healthy,182,182,0.9115384615384616,0.9115384615384616
pca,pca_evr0p95,pooled,0.9,41,0,42,43,2,174.0,173.0,healthy,healthy,174,173,0.9554945054945057,0.9340659340659341
pca,pca_evr0p95,pooled,0.9,41,0,52,52,1,164.0,164.0,healthy,healthy,164,164,0.99010989010989,0.99010989010989
pca,pca_evr0p95,pooled,0.9,41,0,61,61,1,155.0,155.0,healthy,healthy,155,155,0.968131868131868,0.968131868131868
pca,pca_evr0p95,pooled,0.9,41,0,73,73,1,143.0,143.0,healthy,healthy,143,143,0.9813186813186812,0.9813186813186812
pca,pca_evr0p95,pooled,0.9,41,0,99,99,1,117.0,117.0,middle,middle,117,117,0.9593406593406594,0.9593406593406594
pca,pca_evr0p95,pooled,0.9,41,0,101,101,1,115.0,115.0,middle,middle,115,115,0.928021978021978,0.928021978021978
pca,pca_evr0p95,pooled,0.9,41,0,106,106,1,110.0,110.0,middle,middle,110,110,0.9252747252747252,0.9252747252747252
pca,pca_evr0p95,pooled,0.9,41,0,117,117,1,99.0,99.0,middle,middle,99,99,0.9197802197802196,0.9197802197802196
pca,pca_evr0p95,pooled,0.9,41,0,122,122,1,94.0,94.0,middle,middle,94,94,0.926923076923077,0.926923076923077
pca,pca_evr0p95,pooled,0.9,41,0,126,126,1,90.0,90.0,middle,middle,90,90,0.9307692307692308,0.9307692307692308
pca,pca_evr0p95,pooled,0.9,41,0,141,141,1,75.0,75.0,middle,middle,75,75,0.9763736263736263,0.9763736263736263
pca,pca_evr0p95,pooled,0.9,41,0,149,149,1,67.0,67.0,middle,middle,67,67,0.9076923076923076,0.9076923076923076
pca,pca_evr0p95,pooled,0.9,41,0,153,153,1,63.0,63.0,middle,middle,63,63,0.9142857142857144,0.9142857142857144
pca,pca_evr0p95,pooled,0.9,41,0,158,158,1,58.0,58.0,middle,middle,58,58,0.9582417582417584,0.9582417582417584
pca,pca_evr0p95,pooled,0.9,41,0,165,167,3,51.0,49.0,middle,middle,51,49,0.9928571428571428,0.956959706959707
pca,pca_evr0p95,pooled,0.9,41,0,171,171,1,45.0,45.0,middle,middle,45,45,0.9796703296703296,0.9796703296703296
pca,pca_evr0p95,pooled,0.9,41,0,182,183,2,34.0,33.0,middle,middle,34,33,0.9335164835164836,0.921978021978022
pca,pca_evr0p95,pooled,0.9,41,0,186,190,5,30.0,26.0,near_failure,near_failure,30,26,0.9983516483516484,0.9709890109890111
pca,pca_evr0p95,pooled,0.9,41,0,193,194,2,23.0,22.0,near_failure,near_failure,23,22,0.9868131868131867,0.9851648351648352
pca,pca_evr0p95,pooled,0.9,41,0,196,196,1,20.0,20.0,near_failure,near_failure,20,20,0.9873626373626374,0.9873626373626374
pca,pca_evr0p95,pooled,0.9,41,0,199,200,2,17.0,16.0,near_failure,near_failure,17,16,0.9967032967032968,0.9964285714285714
pca,pca_evr0p95,pooled,0.9,41,0,202,204,3,14.0,12.0,near_failure,near_failure,14,12,1.0,0.9941391941391942
pca,pca_evr0p95,pooled,0.9,41,0,206,216,11,10.0,0.0,near_failure,near_failure,10,0,1.0,0.9906093906093907
pca,pca_evr0p95,pooled,0.9,45,0,5,5,1,153.0,153.0,healthy,healthy,153,153,0.9835164835164836,0.9835164835164836
pca,pca_evr0p95,pooled,0.9,45,0,9,9,1,149.0,149.0,healthy,healthy,149,149,0.9296703296703296,0.9296703296703296
pca,pca_evr0p95,pooled,0.9,45,0,17,17,1,141.0,141.0,healthy,healthy,141,141,0.9554945054945057,0.9554945054945057
pca,pca_evr0p95,pooled,0.9,45,0,21,21,1,137.0,137.0,healthy,healthy,137,137,0.9087912087912088,0.9087912087912088
pca,pca_evr0p95,pooled,0.9,45,0,32,32,1,126.0,126.0,healthy,healthy,126,126,0.9203296703296704,0.9203296703296704
pca,pca_evr0p95,pooled,0.9,45,0,34,34,1,124.0,124.0,middle,middle,124,124,0.943956043956044,0.943956043956044
pca,pca_evr0p95,pooled,0.9,45,0,38,38,1,120.0,120.0,middle,middle,120,120,0.9368131868131868,0.9368131868131868
pca,pca_evr0p95,pooled,0.9,45,0,40,40,1,118.0,118.0,middle,middle,118,118,0.9516483516483516,0.9516483516483516
pca,pca_evr0p95,pooled,0.9,45,0,55,55,1,103.0,103.0,middle,middle,103,103,0.9824175824175824,0.9824175824175824
pca,pca_evr0p95,pooled,0.9,45,0,58,58,1,100.0,100.0,middle,middle,100,100,0.9076923076923076,0.9076923076923076
pca,pca_evr0p95,pooled,0.9,45,0,78,78,1,80.0,80.0,middle,middle,80,80,0.903846153846154,0.903846153846154
pca,pca_evr0p95,pooled,0.9,45,0,85,85,1,73.0,73.0,middle,middle,73,73,0.960989010989011,0.960989010989011
pca,pca_evr0p95,pooled,0.9,45,0,87,87,1,71.0,71.0,middle,middle,71,71,0.9631868131868132,0.9631868131868132
pca,pca_evr0p95,pooled,0.9,45,0,97,97,1,61.0,61.0,middle,middle,61,61,0.9587912087912088,0.9587912087912088
pca,pca_evr0p95,pooled,0.9,45,0,100,100,1,58.0,58.0,middle,middle,58,58,0.9395604395604396,0.9395604395604396
pca,pca_evr0p95,pooled,0.9,45,0,109,109,1,49.0,49.0,middle,middle,49,49,0.9076923076923076,0.9076923076923076
pca,pca_evr0p95,pooled,0.9,45,0,124,124,1,34.0,34.0,middle,middle,34,34,0.9725274725274724,0.9725274725274724
pca,pca_evr0p95,pooled,0.9,45,0,146,146,1,12.0,12.0,near_failure,near_failure,12,12,0.9631868131868132,0.9631868131868132
pca,pca_evr0p95,pooled,0.9,45,0,153,153,1,5.0,5.0,near_failure,near_failure,5,5,0.9862637362637364,0.9862637362637364
pca,pca_evr0p95,pooled,0.9,46,0,3,3,1,253.0,253.0,healthy,healthy,253,253,0.9054945054945056,0.9054945054945056
pca,pca_evr0p95,pooled,0.9,46,0,24,25,2,232.0,231.0,healthy,healthy,232,231,0.9137362637362636,0.9129120879120878
pca,pca_evr0p95,pooled,0.9,46,0,35,35,1,221.0,221.0,healthy,healthy,221,221,0.9456043956043956,0.9456043956043956
pca,pca_evr0p95,pooled,0.9,46,0,53,53,1,203.0,203.0,healthy,healthy,203,203,0.968131868131868,0.968131868131868
pca,pca_evr0p95,pooled,0.9,46,0,56,56,1,200.0,200.0,healthy,healthy,200,200,0.9225274725274726,0.9225274725274726
pca,pca_evr0p95,pooled,0.9,46,0,68,68,1,188.0,188.0,healthy,healthy,188,188,0.9505494505494504,0.9505494505494504
pca,pca_evr0p95,pooled,0.9,46,0,72,73,2,184.0,183.0,healthy,healthy,184,183,0.9483516483516484,0.9458791208791208
pca,pca_evr0p95,pooled,0.9,46,0,92,92,1,164.0,164.0,healthy,healthy,164,164,0.915934065934066,0.915934065934066
pca,pca_evr0p95,pooled,0.9,46,0,108,108,1,148.0,148.0,healthy,healthy,148,148,0.9423076923076924,0.9423076923076924
pca,pca_evr0p95,pooled,0.9,46,0,111,111,1,145.0,145.0,healthy,healthy,145,145,0.968131868131868,0.968131868131868
pca,pca_evr0p95,pooled,0.9,46,0,125,125,1,131.0,131.0,healthy,healthy,131,131,0.962087912087912,0.962087912087912
pca,pca_evr0p95,pooled,0.9,46,0,164,164,1,92.0,92.0,middle,middle,92,92,0.968131868131868,0.968131868131868
pca,pca_evr0p95,pooled,0.9,46,0,170,170,1,86.0,86.0,middle,middle,86,86,0.9631868131868132,0.9631868131868132
pca,pca_evr0p95,pooled,0.9,46,0,181,181,1,75.0,75.0,middle,middle,75,75,0.9384615384615383,0.9384615384615383
pca,pca_evr0p95,pooled,0.9,46,0,189,189,1,67.0,67.0,middle,middle,67,67,0.960989010989011,0.960989010989011
pca,pca_evr0p95,pooled,0.9,46,0,197,197,1,59.0,59.0,middle,middle,59,59,0.971978021978022,0.971978021978022
pca,pca_evr0p95,pooled,0.9,46,0,199,199,1,57.0,57.0,middle,middle,57,57,0.9263736263736264,0.9263736263736264
pca,pca_evr0p95,pooled,0.9,46,0,206,206,1,50.0,50.0,middle,middle,50,50,0.9203296703296704,0.9203296703296704
pca,pca_evr0p95,pooled,0.9,46,0,212,212,1,44.0,44.0,middle,middle,44,44,0.9653846153846154,0.9653846153846154
pca,pca_evr0p95,pooled,0.9,46,0,214,214,1,42.0,42.0,middle,middle,42,42,0.9351648351648352,0.9351648351648352
pca,pca_evr0p95,pooled,0.9,46,0,234,234,1,22.0,22.0,near_failure,near_failure,22,22,0.9967032967032968,0.9967032967032968
pca,pca_evr0p95,pooled,0.9,46,0,242,242,1,14.0,14.0,near_failure,near_failure,14,14,0.9307692307692308,0.9307692307692308
pca,pca_evr0p95,pooled,0.9,46,0,253,254,2,3.0,2.0,near_failure,near_failure,3,2,0.968131868131868,0.9634615384615384
pca,pca_evr0p95,pooled,0.9,54,0,2,2,1,255.0,255.0,healthy,healthy,255,255,0.9554945054945057,0.9554945054945057
pca,pca_evr0p95,pooled,0.9,54,0,8,8,1,249.0,249.0,healthy,healthy,249,249,0.9054945054945056,0.9054945054945056
pca,pca_evr0p95,pooled,0.9,54,0,15,15,1,242.0,242.0,healthy,healthy,242,242,0.9483516483516484,0.9483516483516484
pca,pca_evr0p95,pooled,0.9,54,0,24,24,1,233.0,233.0,healthy,healthy,233,233,0.9346153846153846,0.9346153846153846
pca,pca_evr0p95,pooled,0.9,54,0,28,28,1,229.0,229.0,healthy,healthy,229,229,0.953846153846154,0.953846153846154
pca,pca_evr0p95,pooled,0.9,54,0,38,39,2,219.0,218.0,healthy,healthy,219,218,0.9763736263736263,0.9516483516483516
pca,pca_evr0p95,pooled,0.9,54,0,41,41,1,216.0,216.0,healthy,healthy,216,216,0.9967032967032968,0.9967032967032968
pca,pca_evr0p95,pooled,0.9,54,0,45,45,1,212.0,212.0,healthy,healthy,212,212,0.9928571428571428,0.9928571428571428
pca,pca_evr0p95,pooled,0.9,54,0,47,47,1,210.0,210.0,healthy,healthy,210,210,0.965934065934066,0.965934065934066
pca,pca_evr0p95,pooled,0.9,54,0,54,54,1,203.0,203.0,healthy,healthy,203,203,0.9857142857142858,0.9857142857142858
pca,pca_evr0p95,pooled,0.9,54,0,74,74,1,183.0,183.0,healthy,healthy,183,183,0.9906593406593408,0.9906593406593408
pca,pca_evr0p95,pooled,0.9,54,0,78,78,1,179.0,179.0,healthy,healthy,179,179,0.967032967032967,0.967032967032967
pca,pca_evr0p95,pooled,0.9,54,0,87,87,1,170.0,170.0,healthy,healthy,170,170,0.993956043956044,0.993956043956044
pca,pca_evr0p95,pooled,0.9,54,0,93,93,1,164.0,164.0,healthy,healthy,164,164,0.926923076923077,0.926923076923077
pca,pca_evr0p95,pooled,0.9,54,0,96,96,1,161.0,161.0,healthy,healthy,161,161,0.9824175824175824,0.9824175824175824
pca,pca_evr0p95,pooled,0.9,54,0,103,103,1,154.0,154.0,healthy,healthy,154,154,0.9483516483516484,0.9483516483516484
pca,pca_evr0p95,pooled,0.9,54,0,106,107,2,151.0,150.0,healthy,healthy,151,150,0.9824175824175824,0.9793956043956044
pca,pca_evr0p95,pooled,0.9,54,0,120,120,1,137.0,137.0,healthy,healthy,137,137,0.926923076923077,0.926923076923077
pca,pca_evr0p95,pooled,0.9,54,0,131,131,1,126.0,126.0,healthy,healthy,126,126,0.9664835164835164,0.9664835164835164
pca,pca_evr0p95,pooled,0.9,54,0,137,137,1,120.0,120.0,middle,middle,120,120,0.9818681318681318,0.9818681318681318
pca,pca_evr0p95,pooled,0.9,54,0,154,154,1,103.0,103.0,middle,middle,103,103,0.962087912087912,0.962087912087912
pca,pca_evr0p95,pooled,0.9,54,0,158,159,2,99.0,98.0,middle,middle,99,98,0.9763736263736263,0.9456043956043956
pca,pca_evr0p95,pooled,0.9,54,0,182,182,1,75.0,75.0,middle,middle,75,75,0.9824175824175824,0.9824175824175824
pca,pca_evr0p95,pooled,0.9,54,0,184,184,1,73.0,73.0,middle,middle,73,73,0.903846153846154,0.903846153846154
pca,pca_evr0p95,pooled,0.9,54,0,188,188,1,69.0,69.0,middle,middle,69,69,0.9631868131868132,0.9631868131868132
pca,pca_evr0p95,pooled,0.9,54,0,201,201,1,56.0,56.0,middle,middle,56,56,0.9664835164835164,0.9664835164835164
pca,pca_evr0p95,pooled,0.9,54,0,206,208,3,51.0,49.0,middle,middle,51,49,0.9989010989010988,0.958974358974359
pca,pca_evr0p95,pooled,0.9,54,0,212,212,1,45.0,45.0,middle,middle,45,45,0.9565934065934066,0.9565934065934066
pca,pca_evr0p95,pooled,0.9,54,0,214,214,1,43.0,43.0,middle,middle,43,43,0.9692307692307692,0.9692307692307692
pca,pca_evr0p95,pooled,0.9,54,0,216,216,1,41.0,41.0,middle,middle,41,41,0.9357142857142856,0.9357142857142856
pca,pca_evr0p95,pooled,0.9,54,0,219,219,1,38.0,38.0,middle,middle,38,38,0.9483516483516484,0.9483516483516484
pca,pca_evr0p95,pooled,0.9,54,0,221,221,1,36.0,36.0,middle,middle,36,36,0.987912087912088,0.987912087912088
pca,pca_evr0p95,pooled,0.9,54,0,223,224,2,34.0,33.0,middle,middle,34,33,0.9868131868131867,0.9862637362637363
pca,pca_evr0p95,pooled,0.9,54,0,228,245,18,29.0,12.0,near_failure,near_failure,29,12,1.0,0.9831196581196582
pca,pca_evr0p95,pooled,0.9,54,0,247,257,11,10.0,0.0,near_failure,near_failure,10,0,1.0,0.9920579420579422
pca,pca_evr0p95,pooled,0.9,74,0,5,5,1,161.0,161.0,healthy,healthy,161,161,0.9186813186813186,0.9186813186813186
pca,pca_evr0p95,pooled,0.9,74,0,9,9,1,157.0,157.0,healthy,healthy,157,157,0.9796703296703296,0.9796703296703296
pca,pca_evr0p95,pooled,0.9,74,0,14,14,1,152.0,152.0,healthy,healthy,152,152,0.9972527472527472,0.9972527472527472
pca,pca_evr0p95,pooled,0.9,74,0,24,24,1,142.0,142.0,healthy,healthy,142,142,0.962087912087912,0.962087912087912
pca,pca_evr0p95,pooled,0.9,74,0,50,50,1,116.0,116.0,middle,middle,116,116,0.9384615384615383,0.9384615384615383
pca,pca_evr0p95,pooled,0.9,74,0,56,57,2,110.0,109.0,middle,middle,110,109,0.9593406593406594,0.9428571428571428
pca,pca_evr0p95,pooled,0.9,74,0,61,61,1,105.0,105.0,middle,middle,105,105,0.953846153846154,0.953846153846154
pca,pca_evr0p95,pooled,0.9,74,0,67,67,1,99.0,99.0,middle,middle,99,99,0.9252747252747252,0.9252747252747252
pca,pca_evr0p95,pooled,0.9,74,0,75,75,1,91.0,91.0,middle,middle,91,91,0.9653846153846154,0.9653846153846154
pca,pca_evr0p95,pooled,0.9,74,0,78,78,1,88.0,88.0,middle,middle,88,88,0.9296703296703296,0.9296703296703296
pca,pca_evr0p95,pooled,0.9,74,0,84,84,1,82.0,82.0,middle,middle,82,82,0.9307692307692308,0.9307692307692308
pca,pca_evr0p95,pooled,0.9,74,0,86,87,2,80.0,79.0,middle,middle,80,79,0.9884615384615384,0.9815934065934067
pca,pca_evr0p95,pooled,0.9,74,0,91,91,1,75.0,75.0,middle,middle,75,75,0.9456043956043956,0.9456043956043956
pca,pca_evr0p95,pooled,0.9,74,0,106,106,1,60.0,60.0,middle,middle,60,60,0.9631868131868132,0.9631868131868132
pca,pca_evr0p95,pooled,0.9,74,0,116,116,1,50.0,50.0,middle,middle,50,50,0.9456043956043956,0.9456043956043956
pca,pca_evr0p95,pooled,0.9,74,0,128,128,1,38.0,38.0,middle,middle,38,38,0.9543956043956044,0.9543956043956044
pca,pca_evr0p95,pooled,0.9,74,0,131,131,1,35.0,35.0,middle,middle,35,35,0.945054945054945,0.945054945054945
pca,pca_evr0p95,pooled,0.9,74,0,137,137,1,29.0,29.0,near_failure,near_failure,29,29,0.9972527472527472,0.9972527472527472
pca,pca_evr0p95,pooled,0.9,74,0,143,143,1,23.0,23.0,near_failure,near_failure,23,23,0.945054945054945,0.945054945054945
pca,pca_evr0p95,pooled,0.9,74,0,155,155,1,11.0,11.0,near_failure,near_failure,11,11,0.926923076923077,0.926923076923077
pca,pca_evr0p95,pooled,0.9,77,0,19,19,1,135.0,135.0,healthy,healthy,135,135,0.9203296703296704,0.9203296703296704
pca,pca_evr0p95,pooled,0.9,77,0,48,48,1,106.0,106.0,middle,middle,106,106,0.9626373626373628,0.9626373626373628
pca,pca_evr0p95,pooled,0.9,77,0,65,65,1,89.0,89.0,middle,middle,89,89,0.9428571428571428,0.9428571428571428
pca,pca_evr0p95,pooled,0.9,77,0,81,81,1,73.0,73.0,middle,middle,73,73,0.939010989010989,0.939010989010989
pca,pca_evr0p95,pooled,0.9,77,0,86,86,1,68.0,68.0,middle,middle,68,68,0.903846153846154,0.903846153846154
pca,pca_evr0p95,pooled,0.9,77,0,91,91,1,63.0,63.0,middle,middle,63,63,0.9945054945054944,0.9945054945054944
pca,pca_evr0p95,pooled,0.9,77,0,99,99,1,55.0,55.0,middle,middle,55,55,0.9961538461538462,0.9961538461538462
pca,pca_evr0p95,pooled,0.9,77,0,104,104,1,50.0,50.0,middle,middle,50,50,0.9873626373626374,0.9873626373626374
pca,pca_evr0p95,pooled,0.9,77,0,147,148,2,7.0,6.0,near_failure,near_failure,7,6,0.9989010989010988,0.9719780219780219
pca,pca_evr0p95,pooled,0.9,77,0,151,151,1,3.0,3.0,near_failure,near_failure,3,3,0.960989010989011,0.960989010989011
pca,pca_evr0p95,pooled,0.9,78,0,3,3,1,228.0,228.0,healthy,healthy,228,228,0.9664835164835164,0.9664835164835164
pca,pca_evr0p95,pooled,0.9,78,0,19,19,1,212.0,212.0,healthy,healthy,212,212,0.9368131868131868,0.9368131868131868
pca,pca_evr0p95,pooled,0.9,78,0,41,41,1,190.0,190.0,healthy,healthy,190,190,0.9505494505494504,0.9505494505494504
pca,pca_evr0p95,pooled,0.9,78,0,45,45,1,186.0,186.0,healthy,healthy,186,186,0.9967032967032968,0.9967032967032968
pca,pca_evr0p95,pooled,0.9,78,0,48,48,1,183.0,183.0,healthy,healthy,183,183,0.9906593406593408,0.9906593406593408
pca,pca_evr0p95,pooled,0.9,78,0,62,62,1,169.0,169.0,healthy,healthy,169,169,0.9016483516483516,0.9016483516483516
pca,pca_evr0p95,pooled,0.9,78,0,73,73,1,158.0,158.0,healthy,healthy,158,158,0.968131868131868,0.968131868131868
pca,pca_evr0p95,pooled,0.9,78,0,80,80,1,151.0,151.0,healthy,healthy,151,151,0.9989010989010988,0.9989010989010988
pca,pca_evr0p95,pooled,0.9,78,0,82,82,1,149.0,149.0,healthy,healthy,149,149,0.9054945054945056,0.9054945054945056
pca,pca_evr0p95,pooled,0.9,78,0,86,86,1,145.0,145.0,healthy,healthy,145,145,0.9082417582417582,0.9082417582417582
pca,pca_evr0p95,pooled,0.9,78,0,90,90,1,141.0,141.0,healthy,healthy,141,141,0.9873626373626374,0.9873626373626374
pca,pca_evr0p95,pooled,0.9,78,0,94,94,1,137.0,137.0,healthy,healthy,137,137,0.968131868131868,0.968131868131868
pca,pca_evr0p95,pooled,0.9,78,0,105,106,2,126.0,125.0,healthy,middle,126,125,0.968131868131868,0.9667582417582417
pca,pca_evr0p95,pooled,0.9,78,0,114,114,1,117.0,117.0,middle,middle,117,117,0.9835164835164836,0.9835164835164836
pca,pca_evr0p95,pooled,0.9,78,0,118,118,1,113.0,113.0,middle,middle,113,113,0.926923076923077,0.926923076923077
pca,pca_evr0p95,pooled,0.9,78,0,129,129,1,102.0,102.0,middle,middle,102,102,0.971978021978022,0.971978021978022
pca,pca_evr0p95,pooled,0.9,78,0,140,140,1,91.0,91.0,middle,middle,91,91,0.9769230769230768,0.9769230769230768
pca,pca_evr0p95,pooled,0.9,78,0,176,176,1,55.0,55.0,middle,middle,55,55,0.931868131868132,0.931868131868132
pca,pca_evr0p95,pooled,0.9,78,0,196,196,1,35.0,35.0,middle,middle,35,35,0.9263736263736264,0.9263736263736264
pca,pca_evr0p95,pooled,0.9,78,0,200,200,1,31.0,31.0,middle,middle,31,31,0.926923076923077,0.926923076923077
pca,pca_evr0p95,pooled,0.9,78,0,202,202,1,29.0,29.0,near_failure,near_failure,29,29,0.945054945054945,0.945054945054945
pca,pca_evr0p95,pooled,0.9,78,0,206,206,1,25.0,25.0,near_failure,near_failure,25,25,0.9478021978021978,0.9478021978021978
pca,pca_evr0p95,pooled,0.9,78,0,210,210,1,21.0,21.0,near_failure,near_failure,21,21,0.904945054945055,0.904945054945055
pca,pca_evr0p95,pooled,0.9,78,0,213,213,1,18.0,18.0,near_failure,near_failure,18,18,0.9835164835164836,0.9835164835164836
pca,pca_evr0p95,pooled,0.9,78,0,217,219,3,14.0,12.0,near_failure,near_failure,14,12,0.9989010989010988,0.9404761904761906
pca,pca_evr0p95,pooled,0.9,78,0,224,224,1,7.0,7.0,near_failure,near_failure,7,7,0.9653846153846154,0.9653846153846154
pca,pca_evr0p95,pooled,0.9,78,0,230,230,1,1.0,1.0,near_failure,near_failure,1,1,0.9554945054945057,0.9554945054945057
pca,pca_evr0p95,pooled,0.9,81,0,7,7,1,233.0,233.0,healthy,healthy,233,233,0.9978021978021978,0.9978021978021978
pca,pca_evr0p95,pooled,0.9,81,0,30,30,1,210.0,210.0,healthy,healthy,210,210,0.960989010989011,0.960989010989011
pca,pca_evr0p95,pooled,0.9,81,0,35,35,1,205.0,205.0,healthy,healthy,205,205,0.9505494505494504,0.9505494505494504
pca,pca_evr0p95,pooled,0.9,81,0,42,42,1,198.0,198.0,healthy,healthy,198,198,0.9604395604395604,0.9604395604395604
pca,pca_evr0p95,pooled,0.9,81,0,47,47,1,193.0,193.0,healthy,healthy,193,193,0.9505494505494504,0.9505494505494504
pca,pca_evr0p95,pooled,0.9,81,0,62,62,1,178.0,178.0,healthy,healthy,178,178,0.9324175824175824,0.9324175824175824
pca,pca_evr0p95,pooled,0.9,81,0,66,66,1,174.0,174.0,healthy,healthy,174,174,0.945054945054945,0.945054945054945
pca,pca_evr0p95,pooled,0.9,81,0,71,71,1,169.0,169.0,healthy,healthy,169,169,0.9395604395604396,0.9395604395604396
pca,pca_evr0p95,pooled,0.9,81,0,94,94,1,146.0,146.0,healthy,healthy,146,146,0.931868131868132,0.931868131868132
pca,pca_evr0p95,pooled,0.9,81,0,112,112,1,128.0,128.0,healthy,healthy,128,128,0.9967032967032968,0.9967032967032968
pca,pca_evr0p95,pooled,0.9,81,0,129,129,1,111.0,111.0,middle,middle,111,111,0.968131868131868,0.968131868131868
pca,pca_evr0p95,pooled,0.9,81,0,131,131,1,109.0,109.0,middle,middle,109,109,0.903846153846154,0.903846153846154
pca,pca_evr0p95,pooled,0.9,81,0,134,134,1,106.0,106.0,middle,middle,106,106,0.915934065934066,0.915934065934066
pca,pca_evr0p95,pooled,0.9,81,0,146,146,1,94.0,94.0,middle,middle,94,94,0.9021978021978022,0.9021978021978022
pca,pca_evr0p95,pooled,0.9,81,0,154,155,2,86.0,85.0,middle,middle,86,85,0.9934065934065934,0.9821428571428571
pca,pca_evr0p95,pooled,0.9,81,0,164,164,1,76.0,76.0,middle,middle,76,76,0.9945054945054944,0.9945054945054944
pca,pca_evr0p95,pooled,0.9,81,0,171,171,1,69.0,69.0,middle,middle,69,69,0.9445054945054944,0.9445054945054944
pca,pca_evr0p95,pooled,0.9,81,0,185,185,1,55.0,55.0,middle,middle,55,55,0.953846153846154,0.953846153846154
pca,pca_evr0p95,pooled,0.9,81,0,195,196,2,45.0,44.0,middle,middle,45,44,0.9923076923076924,0.9736263736263737
pca,pca_evr0p95,pooled,0.9,81,0,200,200,1,40.0,40.0,middle,middle,40,40,0.9631868131868132,0.9631868131868132
pca,pca_evr0p95,pooled,0.9,81,0,204,205,2,36.0,35.0,middle,middle,36,35,0.9906593406593408,0.9532967032967035
pca,pca_evr0p95,pooled,0.9,81,0,215,215,1,25.0,25.0,near_failure,near_failure,25,25,0.9543956043956044,0.9543956043956044
pca,pca_evr0p95,pooled,0.9,81,0,217,217,1,23.0,23.0,near_failure,near_failure,23,23,0.9302197802197802,0.9302197802197802
pca,pca_evr0p95,pooled,0.9,81,0,229,229,1,11.0,11.0,near_failure,near_failure,11,11,0.9708791208791208,0.9708791208791208
pca,pca_evr0p95,pooled,0.9,81,0,232,232,1,8.0,8.0,near_failure,near_failure,8,8,0.921978021978022,0.921978021978022
pca,pca_evr0p95,pooled,0.9,81,0,238,239,2,2.0,1.0,near_failure,near_failure,2,1,0.9835164835164836,0.9815934065934067
pca,pca_evr0p95,pooled,0.9,89,0,15,15,1,202.0,202.0,healthy,healthy,202,202,0.9142857142857144,0.9142857142857144
pca,pca_evr0p95,pooled,0.9,89,0,22,23,2,195.0,194.0,healthy,healthy,195,194,0.9796703296703296,0.9436813186813187
pca,pca_evr0p95,pooled,0.9,89,0,32,32,1,185.0,185.0,healthy,healthy,185,185,0.9868131868131867,0.9868131868131867
pca,pca_evr0p95,pooled,0.9,89,0,54,54,1,163.0,163.0,healthy,healthy,163,163,0.903846153846154,0.903846153846154
pca,pca_evr0p95,pooled,0.9,89,0,66,66,1,151.0,151.0,healthy,healthy,151,151,0.9324175824175824,0.9324175824175824
pca,pca_evr0p95,pooled,0.9,89,0,117,117,1,100.0,100.0,middle,middle,100,100,0.912087912087912,0.912087912087912
pca,pca_evr0p95,pooled,0.9,89,0,119,119,1,98.0,98.0,middle,middle,98,98,0.993956043956044,0.993956043956044
pca,pca_evr0p95,pooled,0.9,89,0,129,129,1,88.0,88.0,middle,middle,88,88,0.9373626373626374,0.9373626373626374
pca,pca_evr0p95,pooled,0.9,89,0,137,137,1,80.0,80.0,middle,middle,80,80,0.953846153846154,0.953846153846154
pca,pca_evr0p95,pooled,0.9,89,0,144,144,1,73.0,73.0,middle,middle,73,73,0.906043956043956,0.906043956043956
pca,pca_evr0p95,pooled,0.9,89,0,147,147,1,70.0,70.0,middle,middle,70,70,0.9978021978021978,0.9978021978021978
pca,pca_evr0p95,pooled,0.9,89,0,150,150,1,67.0,67.0,middle,middle,67,67,0.9554945054945057,0.9554945054945057
pca,pca_evr0p95,pooled,0.9,89,0,154,154,1,63.0,63.0,middle,middle,63,63,0.968131868131868,0.968131868131868
pca,pca_evr0p95,pooled,0.9,89,0,157,157,1,60.0,60.0,middle,middle,60,60,0.9225274725274726,0.9225274725274726
pca,pca_evr0p95,pooled,0.9,89,0,181,181,1,36.0,36.0,middle,middle,36,36,0.9708791208791208,0.9708791208791208
pca,pca_evr0p95,pooled,0.9,89,0,185,185,1,32.0,32.0,middle,middle,32,32,0.9703296703296704,0.9703296703296704
pca,pca_evr0p95,pooled,0.9,89,0,188,189,2,29.0,28.0,near_failure,near_failure,29,28,0.960989010989011,0.9445054945054945
pca,pca_evr0p95,pooled,0.9,89,0,199,199,1,18.0,18.0,near_failure,near_failure,18,18,0.945054945054945,0.945054945054945
pca,pca_evr0p95,pooled,0.9,89,0,214,214,1,3.0,3.0,near_failure,near_failure,3,3,0.9763736263736263,0.9763736263736263
pca,pca_evr0p95,pooled,0.9,89,0,216,217,2,1.0,0.0,near_failure,near_failure,1,0,0.9543956043956044,0.9445054945054945
pca,pca_evr0p95,pooled,0.9,91,0,3,3,1,132.0,132.0,healthy,healthy,132,132,0.95989010989011,0.95989010989011
pca,pca_evr0p95,pooled,0.9,91,0,7,7,1,128.0,128.0,healthy,healthy,128,128,0.9554945054945057,0.9554945054945057
pca,pca_evr0p95,pooled,0.9,91,0,19,19,1,116.0,116.0,middle,middle,116,116,0.9054945054945056,0.9054945054945056
pca,pca_evr0p95,pooled,0.9,91,0,30,31,2,105.0,104.0,middle,middle,105,104,0.993956043956044,0.981043956043956
pca,pca_evr0p95,pooled,0.9,91,0,36,36,1,99.0,99.0,middle,middle,99,99,0.928021978021978,0.928021978021978
pca,pca_evr0p95,pooled,0.9,91,0,38,38,1,97.0,97.0,middle,middle,97,97,0.9824175824175824,0.9824175824175824
pca,pca_evr0p95,pooled,0.9,91,0,58,58,1,77.0,77.0,middle,middle,77,77,0.9142857142857144,0.9142857142857144
pca,pca_evr0p95,pooled,0.9,91,0,77,78,2,58.0,57.0,middle,middle,58,57,0.9423076923076924,0.9291208791208792
pca,pca_evr0p95,pooled,0.9,91,0,95,95,1,40.0,40.0,middle,middle,40,40,0.987912087912088,0.987912087912088
pca,pca_evr0p95,pooled,0.9,91,0,106,106,1,29.0,29.0,near_failure,near_failure,29,29,0.9456043956043956,0.9456043956043956
pca,pca_evr0p95,pooled,0.95,1,0,4,4,1,188.0,188.0,healthy,healthy,188,188,0.968131868131868,0.968131868131868
pca,pca_evr0p95,pooled,0.95,1,0,27,27,1,165.0,165.0,healthy,healthy,165,165,0.9593406593406594,0.9593406593406594
pca,pca_evr0p95,pooled,0.95,1,0,43,43,1,149.0,149.0,healthy,healthy,149,149,0.9686813186813188,0.9686813186813188
pca,pca_evr0p95,pooled,0.95,1,0,63,63,1,129.0,129.0,healthy,healthy,129,129,0.9857142857142858,0.9857142857142858
pca,pca_evr0p95,pooled,0.95,1,0,65,65,1,127.0,127.0,healthy,healthy,127,127,0.962087912087912,0.962087912087912
pca,pca_evr0p95,pooled,0.95,1,0,74,74,1,118.0,118.0,middle,middle,118,118,0.9989010989010988,0.9989010989010988
pca,pca_evr0p95,pooled,0.95,1,0,78,78,1,114.0,114.0,middle,middle,114,114,0.9846153846153848,0.9846153846153848
pca,pca_evr0p95,pooled,0.95,1,0,108,108,1,84.0,84.0,middle,middle,84,84,0.9774725274725274,0.9774725274725274
pca,pca_evr0p95,pooled,0.95,1,0,121,121,1,71.0,71.0,middle,middle,71,71,0.967032967032967,0.967032967032967
pca,pca_evr0p95,pooled,0.95,1,0,139,140,2,53.0,52.0,middle,middle,53,52,0.9796703296703296,0.9675824175824177
pca,pca_evr0p95,pooled,0.95,1,0,156,156,1,36.0,36.0,middle,middle,36,36,0.9967032967032968,0.9967032967032968
pca,pca_evr0p95,pooled,0.95,1,0,164,164,1,28.0,28.0,near_failure,near_failure,28,28,0.9796703296703296,0.9796703296703296
pca,pca_evr0p95,pooled,0.95,5,0,15,15,1,254.0,254.0,healthy,healthy,254,254,0.9637362637362638,0.9637362637362638
pca,pca_evr0p95,pooled,0.95,5,0,18,18,1,251.0,251.0,healthy,healthy,251,251,0.9873626373626374,0.9873626373626374
pca,pca_evr0p95,pooled,0.95,5,0,32,32,1,237.0,237.0,healthy,healthy,237,237,0.9703296703296704,0.9703296703296704
pca,pca_evr0p95,pooled,0.95,5,0,37,37,1,232.0,232.0,healthy,healthy,232,232,0.9714285714285714,0.9714285714285714
pca,pca_evr0p95,pooled,0.95,5,0,46,46,1,223.0,223.0,healthy,healthy,223,223,0.9593406593406594,0.9593406593406594
pca,pca_evr0p95,pooled,0.95,5,0,60,60,1,209.0,209.0,healthy,healthy,209,209,0.971978021978022,0.971978021978022
pca,pca_evr0p95,pooled,0.95,5,0,72,72,1,197.0,197.0,healthy,healthy,197,197,0.962087912087912,0.962087912087912
pca,pca_evr0p95,pooled,0.95,5,0,76,76,1,193.0,193.0,healthy,healthy,193,193,0.9873626373626374,0.9873626373626374
pca,pca_evr0p95,pooled,0.95,5,0,139,139,1,130.0,130.0,healthy,healthy,130,130,0.960989010989011,0.960989010989011
pca,pca_evr0p95,pooled,0.95,5,0,143,144,2,126.0,125.0,healthy,middle,126,125,0.9653846153846154,0.9623626373626374
pca,pca_evr0p95,pooled,0.95,5,0,163,163,1,106.0,106.0,middle,middle,106,106,0.952197802197802,0.952197802197802
pca,pca_evr0p95,pooled,0.95,5,0,218,218,1,51.0,51.0,middle,middle,51,51,0.99010989010989,0.99010989010989
pca,pca_evr0p95,pooled,0.95,5,0,220,220,1,49.0,49.0,middle,middle,49,49,0.9906593406593408,0.9906593406593408
pca,pca_evr0p95,pooled,0.95,5,0,228,228,1,41.0,41.0,middle,middle,41,41,0.9565934065934066,0.9565934065934066
pca,pca_evr0p95,pooled,0.95,5,0,230,230,1,39.0,39.0,middle,middle,39,39,0.9868131868131867,0.9868131868131867
pca,pca_evr0p95,pooled,0.95,5,0,232,235,4,37.0,34.0,middle,middle,37,34,0.9994505494505496,0.9881868131868132
pca,pca_evr0p95,pooled,0.95,5,0,239,241,3,30.0,28.0,near_failure,near_failure,30,28,0.9989010989010988,0.9783882783882784
pca,pca_evr0p95,pooled,0.95,5,0,243,246,4,26.0,23.0,near_failure,near_failure,26,23,1.0,0.9935439560439561
pca,pca_evr0p95,pooled,0.95,5,0,249,251,3,20.0,18.0,near_failure,near_failure,20,18,0.9994505494505496,0.995970695970696
pca,pca_evr0p95,pooled,0.95,5,0,253,257,5,16.0,12.0,near_failure,near_failure,16,12,0.9994505494505496,0.9826373626373627
pca,pca_evr0p95,pooled,0.95,5,0,259,269,11,10.0,0.0,near_failure,near_failure,10,0,1.0,0.9871128871128871
pca,pca_evr0p95,pooled,0.95,10,0,26,26,1,196.0,196.0,healthy,healthy,196,196,0.9664835164835164,0.9664835164835164
pca,pca_evr0p95,pooled,0.95,10,0,60,60,1,162.0,162.0,healthy,healthy,162,162,0.9989010989010988,0.9989010989010988
pca,pca_evr0p95,pooled,0.95,10,0,84,84,1,138.0,138.0,healthy,healthy,138,138,0.9906593406593408,0.9906593406593408
pca,pca_evr0p95,pooled,0.95,10,0,98,98,1,124.0,124.0,middle,middle,124,124,0.953846153846154,0.953846153846154
pca,pca_evr0p95,pooled,0.95,10,0,103,103,1,119.0,119.0,middle,middle,119,119,0.9554945054945057,0.9554945054945057
pca,pca_evr0p95,pooled,0.95,10,0,144,144,1,78.0,78.0,middle,middle,78,78,0.968131868131868,0.968131868131868
pca,pca_evr0p95,pooled,0.95,10,0,147,147,1,75.0,75.0,middle,middle,75,75,0.9961538461538462,0.9961538461538462
pca,pca_evr0p95,pooled,0.95,10,0,171,171,1,51.0,51.0,middle,middle,51,51,0.9747252747252748,0.9747252747252748
pca,pca_evr0p95,pooled,0.95,10,0,176,176,1,46.0,46.0,middle,middle,46,46,0.99010989010989,0.99010989010989
pca,pca_evr0p95,pooled,0.95,10,0,180,180,1,42.0,42.0,middle,middle,42,42,0.9774725274725274,0.9774725274725274
pca,pca_evr0p95,pooled,0.95,10,0,185,185,1,37.0,37.0,middle,middle,37,37,0.9604395604395604,0.9604395604395604
pca,pca_evr0p95,pooled,0.95,10,0,201,201,1,21.0,21.0,near_failure,near_failure,21,21,0.9796703296703296,0.9796703296703296
pca,pca_evr0p95,pooled,0.95,10,0,205,206,2,17.0,16.0,near_failure,near_failure,17,16,0.9846153846153848,0.9782967032967034
pca,pca_evr0p95,pooled,0.95,10,0,208,208,1,14.0,14.0,near_failure,near_failure,14,14,0.9961538461538462,0.9961538461538462
pca,pca_evr0p95,pooled,0.95,10,0,216,222,7,6.0,0.0,near_failure,near_failure,6,0,1.0,0.9865777080062795
pca,pca_evr0p95,pooled,0.95,11,0,10,10,1,230.0,230.0,healthy,healthy,230,230,0.9873626373626374,0.9873626373626374
pca,pca_evr0p95,pooled,0.95,11,0,31,31,1,209.0,209.0,healthy,healthy,209,209,0.9857142857142858,0.9857142857142858
pca,pca_evr0p95,pooled,0.95,11,0,67,67,1,173.0,173.0,healthy,healthy,173,173,0.9818681318681318,0.9818681318681318
pca,pca_evr0p95,pooled,0.95,11,0,70,70,1,170.0,170.0,healthy,healthy,170,170,0.967032967032967,0.967032967032967
pca,pca_evr0p95,pooled,0.95,11,0,82,82,1,158.0,158.0,healthy,healthy,158,158,0.9582417582417584,0.9582417582417584
pca,pca_evr0p95,pooled,0.95,11,0,92,92,1,148.0,148.0,healthy,healthy,148,148,0.9642857142857144,0.9642857142857144
pca,pca_evr0p95,pooled,0.95,11,0,106,106,1,134.0,134.0,healthy,healthy,134,134,0.993956043956044,0.993956043956044
pca,pca_evr0p95,pooled,0.95,11,0,108,108,1,132.0,132.0,healthy,healthy,132,132,0.989010989010989,0.989010989010989
pca,pca_evr0p95,pooled,0.95,11,0,118,118,1,122.0,122.0,middle,middle,122,122,0.9703296703296704,0.9703296703296704
pca,pca_evr0p95,pooled,0.95,11,0,131,131,1,109.0,109.0,middle,middle,109,109,0.9989010989010988,0.9989010989010988
pca,pca_evr0p95,pooled,0.95,11,0,136,136,1,104.0,104.0,middle,middle,104,104,0.9928571428571428,0.9928571428571428
pca,pca_evr0p95,pooled,0.95,11,0,139,139,1,101.0,101.0,middle,middle,101,101,0.99010989010989,0.99010989010989
pca,pca_evr0p95,pooled,0.95,11,0,143,143,1,97.0,97.0,middle,middle,97,97,0.9857142857142858,0.9857142857142858
pca,pca_evr0p95,pooled,0.95,11,0,156,156,1,84.0,84.0,middle,middle,84,84,0.9593406593406594,0.9593406593406594
pca,pca_evr0p95,pooled,0.95,11,0,175,175,1,65.0,65.0,middle,middle,65,65,0.9703296703296704,0.9703296703296704
pca,pca_evr0p95,pooled,0.95,11,0,186,186,1,54.0,54.0,middle,middle,54,54,0.9923076923076924,0.9923076923076924
pca,pca_evr0p95,pooled,0.95,11,0,188,188,1,52.0,52.0,middle,middle,52,52,0.9505494505494504,0.9505494505494504
pca,pca_evr0p95,pooled,0.95,11,0,192,193,2,48.0,47.0,middle,middle,48,47,0.9884615384615384,0.9876373626373626
pca,pca_evr0p95,pooled,0.95,11,0,197,197,1,43.0,43.0,middle,middle,43,43,0.968131868131868,0.968131868131868
pca,pca_evr0p95,pooled,0.95,11,0,204,204,1,36.0,36.0,middle,middle,36,36,0.9631868131868132,0.9631868131868132
pca,pca_evr0p95,pooled,0.95,11,0,207,207,1,33.0,33.0,middle,middle,33,33,0.968131868131868,0.968131868131868
pca,pca_evr0p95,pooled,0.95,11,0,212,216,5,28.0,24.0,near_failure,near_failure,28,24,0.9967032967032968,0.9850549450549451
pca,pca_evr0p95,pooled,0.95,11,0,221,221,1,19.0,19.0,near_failure,near_failure,19,19,0.965934065934066,0.965934065934066
pca,pca_evr0p95,pooled,0.95,11,0,223,223,1,17.0,17.0,near_failure,near_failure,17,17,0.9763736263736263,0.9763736263736263
pca,pca_evr0p95,pooled,0.95,11,0,226,226,1,14.0,14.0,near_failure,near_failure,14,14,0.9989010989010988,0.9989010989010988
pca,pca_evr0p95,pooled,0.95,11,0,228,229,2,12.0,11.0,near_failure,near_failure,12,11,0.9994505494505496,0.9837912087912088
pca,pca_evr0p95,pooled,0.95,11,0,232,240,9,8.0,0.0,near_failure,near_failure,8,0,1.0,0.9982295482295483
pca,pca_evr0p95,pooled,0.95,13,0,30,30,1,133.0,133.0,healthy,healthy,133,133,0.968131868131868,0.968131868131868
pca,pca_evr0p95,pooled,0.95,13,0,134,134,1,29.0,29.0,near_failure,near_failure,29,29,0.9763736263736263,0.9763736263736263
pca,pca_evr0p95,pooled,0.95,13,0,137,138,2,26.0,25.0,near_failure,near_failure,26,25,0.9967032967032968,0.9780219780219781
pca,pca_evr0p95,pooled,0.95,13,0,144,145,2,19.0,18.0,near_failure,near_failure,19,18,0.9967032967032968,0.9934065934065934
pca,pca_evr0p95,pooled,0.95,13,0,148,148,1,15.0,15.0,near_failure,near_failure,15,15,0.9703296703296704,0.9703296703296704
pca,pca_evr0p95,pooled,0.95,13,0,150,151,2,13.0,12.0,near_failure,near_failure,13,12,0.9983516483516484,0.9936813186813187
pca,pca_evr0p95,pooled,0.95,13,0,153,163,11,10.0,0.0,near_failure,near_failure,10,0,1.0,0.9907592407592406
pca,pca_evr0p95,pooled,0.95,16,0,5,5,1,204.0,204.0,healthy,healthy,204,204,0.9576923076923076,0.9576923076923076
pca,pca_evr0p95,pooled,0.95,16,0,7,7,1,202.0,202.0,healthy,healthy,202,202,0.9884615384615384,0.9884615384615384
pca,pca_evr0p95,pooled,0.95,16,0,17,17,1,192.0,192.0,healthy,healthy,192,192,0.9824175824175824,0.9824175824175824
pca,pca_evr0p95,pooled,0.95,16,0,62,62,1,147.0,147.0,healthy,healthy,147,147,0.9604395604395604,0.9604395604395604
pca,pca_evr0p95,pooled,0.95,16,0,102,102,1,107.0,107.0,middle,middle,107,107,0.9554945054945057,0.9554945054945057
pca,pca_evr0p95,pooled,0.95,16,0,133,133,1,76.0,76.0,middle,middle,76,76,0.987912087912088,0.987912087912088
pca,pca_evr0p95,pooled,0.95,16,0,137,137,1,72.0,72.0,middle,middle,72,72,0.954945054945055,0.954945054945055
pca,pca_evr0p95,pooled,0.95,16,0,172,172,1,37.0,37.0,middle,middle,37,37,0.9857142857142858,0.9857142857142858
pca,pca_evr0p95,pooled,0.95,16,0,192,193,2,17.0,16.0,near_failure,near_failure,17,16,0.9928571428571428,0.9876373626373626
pca,pca_evr0p95,pooled,0.95,16,0,206,206,1,3.0,3.0,near_failure,near_failure,3,3,0.9923076923076924,0.9923076923076924
pca,pca_evr0p95,pooled,0.95,27,0,24,25,2,132.0,131.0,healthy,healthy,132,131,0.9967032967032968,0.9895604395604396
pca,pca_evr0p95,pooled,0.95,27,0,39,39,1,117.0,117.0,middle,middle,117,117,0.960989010989011,0.960989010989011
pca,pca_evr0p95,pooled,0.95,27,0,43,43,1,113.0,113.0,middle,middle,113,113,0.9813186813186812,0.9813186813186812
pca,pca_evr0p95,pooled,0.95,27,0,68,68,1,88.0,88.0,middle,middle,88,88,0.9593406593406594,0.9593406593406594
pca,pca_evr0p95,pooled,0.95,27,0,77,77,1,79.0,79.0,middle,middle,79,79,0.9906593406593408,0.9906593406593408
pca,pca_evr0p95,pooled,0.95,27,0,93,93,1,63.0,63.0,middle,middle,63,63,0.9631868131868132,0.9631868131868132
pca,pca_evr0p95,pooled,0.95,27,0,95,95,1,61.0,61.0,middle,middle,61,61,0.965934065934066,0.965934065934066
pca,pca_evr0p95,pooled,0.95,27,0,114,114,1,42.0,42.0,middle,middle,42,42,0.9813186813186812,0.9813186813186812
pca,pca_evr0p95,pooled,0.95,27,0,125,125,1,31.0,31.0,middle,middle,31,31,0.9989010989010988,0.9989010989010988
pca,pca_evr0p95,pooled,0.95,27,0,130,131,2,26.0,25.0,near_failure,near_failure,26,25,0.9967032967032968,0.9835164835164836
pca,pca_evr0p95,pooled,0.95,27,0,140,141,2,16.0,15.0,near_failure,near_failure,16,15,1.0,0.9848901098901099
pca,pca_evr0p95,pooled,0.95,27,0,143,143,1,13.0,13.0,near_failure,near_failure,13,13,0.987912087912088,0.987912087912088
pca,pca_evr0p95,pooled,0.95,27,0,146,150,5,10.0,6.0,near_failure,near_failure,10,6,1.0,0.9768131868131869
pca,pca_evr0p95,pooled,0.95,27,0,152,156,5,4.0,0.0,near_failure,near_failure,4,0,1.0,0.9930769230769231
pca,pca_evr0p95,pooled,0.95,31,0,8,8,1,226.0,226.0,healthy,healthy,226,226,0.962087912087912,0.962087912087912
pca,pca_evr0p95,pooled,0.95,31,0,23,23,1,211.0,211.0,healthy,healthy,211,211,0.9961538461538462,0.9961538461538462
pca,pca_evr0p95,pooled,0.95,31,0,26,26,1,208.0,208.0,healthy,healthy,208,208,0.9884615384615384,0.9884615384615384
pca,pca_evr0p95,pooled,0.95,31,0,64,64,1,170.0,170.0,healthy,healthy,170,170,0.9631868131868132,0.9631868131868132
pca,pca_evr0p95,pooled,0.95,31,0,68,68,1,166.0,166.0,healthy,healthy,166,166,0.9802197802197802,0.9802197802197802
pca,pca_evr0p95,pooled,0.95,31,0,75,75,1,159.0,159.0,healthy,healthy,159,159,0.99010989010989,0.99010989010989
pca,pca_evr0p95,pooled,0.95,31,0,82,82,1,152.0,152.0,healthy,healthy,152,152,0.9576923076923076,0.9576923076923076
pca,pca_evr0p95,pooled,0.95,31,0,92,92,1,142.0,142.0,healthy,healthy,142,142,0.9626373626373628,0.9626373626373628
pca,pca_evr0p95,pooled,0.95,31,0,121,122,2,113.0,112.0,middle,middle,113,112,0.9967032967032968,0.9947802197802198
pca,pca_evr0p95,pooled,0.95,31,0,162,162,1,72.0,72.0,middle,middle,72,72,0.9637362637362638,0.9637362637362638
pca,pca_evr0p95,pooled,0.95,31,0,167,167,1,67.0,67.0,middle,middle,67,67,0.9697802197802198,0.9697802197802198
pca,pca_evr0p95,pooled,0.95,31,0,187,187,1,47.0,47.0,middle,middle,47,47,0.9868131868131867,0.9868131868131867
pca,pca_evr0p95,pooled,0.95,31,0,189,189,1,45.0,45.0,middle,middle,45,45,0.9873626373626374,0.9873626373626374
pca,pca_evr0p95,pooled,0.95,31,0,217,218,2,17.0,16.0,near_failure,near_failure,17,16,0.9928571428571428,0.9928571428571428
pca,pca_evr0p95,pooled,0.95,31,0,221,221,1,13.0,13.0,near_failure,near_failure,13,13,0.967032967032967,0.967032967032967
pca,pca_evr0p95,pooled,0.95,31,0,228,228,1,6.0,6.0,near_failure,near_failure,6,6,0.9543956043956044,0.9543956043956044
pca,pca_evr0p95,pooled,0.95,34,0,2,2,1,193.0,193.0,healthy,healthy,193,193,0.9989010989010988,0.9989010989010988
pca,pca_evr0p95,pooled,0.95,34,0,26,26,1,169.0,169.0,healthy,healthy,169,169,0.9653846153846154,0.9653846153846154
pca,pca_evr0p95,pooled,0.95,34,0,71,71,1,124.0,124.0,middle,middle,124,124,0.9862637362637364,0.9862637362637364
pca,pca_evr0p95,pooled,0.95,34,0,77,77,1,118.0,118.0,middle,middle,118,118,0.9961538461538462,0.9961538461538462
pca,pca_evr0p95,pooled,0.95,34,0,94,94,1,101.0,101.0,middle,middle,101,101,0.9653846153846154,0.9653846153846154
pca,pca_evr0p95,pooled,0.95,34,0,108,108,1,87.0,87.0,middle,middle,87,87,0.9725274725274724,0.9725274725274724
pca,pca_evr0p95,pooled,0.95,34,0,121,121,1,74.0,74.0,middle,middle,74,74,0.9631868131868132,0.9631868131868132
pca,pca_evr0p95,pooled,0.95,34,0,124,124,1,71.0,71.0,middle,middle,71,71,0.9769230769230768,0.9769230769230768
pca,pca_evr0p95,pooled,0.95,34,0,130,130,1,65.0,65.0,middle,middle,65,65,0.9653846153846154,0.9653846153846154
pca,pca_evr0p95,pooled,0.95,34,0,149,149,1,46.0,46.0,middle,middle,46,46,0.9565934065934066,0.9565934065934066
pca,pca_evr0p95,pooled,0.95,34,0,157,157,1,38.0,38.0,middle,middle,38,38,0.9873626373626374,0.9873626373626374
pca,pca_evr0p95,pooled,0.95,34,0,170,170,1,25.0,25.0,near_failure,near_failure,25,25,0.9989010989010988,0.9989010989010988
pca,pca_evr0p95,pooled,0.95,34,0,175,177,3,20.0,18.0,near_failure,near_failure,20,18,0.9994505494505496,0.9948717948717949
pca,pca_evr0p95,pooled,0.95,34,0,179,195,17,16.0,0.0,near_failure,near_failure,16,0,1.0,0.9983516483516484
pca,pca_evr0p95,pooled,0.95,40,0,3,3,1,185.0,185.0,healthy,healthy,185,185,0.962087912087912,0.962087912087912
pca,pca_evr0p95,pooled,0.95,40,0,30,30,1,158.0,158.0,healthy,healthy,158,158,0.9873626373626374,0.9873626373626374
pca,pca_evr0p95,pooled,0.95,40,0,39,39,1,149.0,149.0,healthy,healthy,149,149,0.9989010989010988,0.9989010989010988
pca,pca_evr0p95,pooled,0.95,40,0,48,48,1,140.0,140.0,healthy,healthy,140,140,0.967032967032967,0.967032967032967
pca,pca_evr0p95,pooled,0.95,40,0,69,69,1,119.0,119.0,middle,middle,119,119,0.953846153846154,0.953846153846154
pca,pca_evr0p95,pooled,0.95,40,0,85,85,1,103.0,103.0,middle,middle,103,103,0.9571428571428572,0.9571428571428572
pca,pca_evr0p95,pooled,0.95,40,0,119,119,1,69.0,69.0,middle,middle,69,69,0.9928571428571428,0.9928571428571428
pca,pca_evr0p95,pooled,0.95,40,0,132,132,1,56.0,56.0,middle,middle,56,56,0.9642857142857144,0.9642857142857144
pca,pca_evr0p95,pooled,0.95,40,0,138,138,1,50.0,50.0,middle,middle,50,50,0.9983516483516484,0.9983516483516484
pca,pca_evr0p95,pooled,0.95,40,0,147,147,1,41.0,41.0,middle,middle,41,41,0.9565934065934066,0.9565934065934066
pca,pca_evr0p95,pooled,0.95,40,0,149,151,3,39.0,37.0,middle,middle,39,37,0.9829670329670328,0.9763736263736263
pca,pca_evr0p95,pooled,0.95,40,0,156,157,2,32.0,31.0,middle,middle,32,31,0.9928571428571428,0.9843406593406593
pca,pca_evr0p95,pooled,0.95,40,0,163,164,2,25.0,24.0,near_failure,near_failure,25,24,0.9928571428571428,0.9887362637362638
pca,pca_evr0p95,pooled,0.95,40,0,167,168,2,21.0,20.0,near_failure,near_failure,21,20,1.0,0.9983516483516484
pca,pca_evr0p95,pooled,0.95,40,0,170,173,4,18.0,15.0,near_failure,near_failure,18,15,1.0,0.9943681318681319
pca,pca_evr0p95,pooled,0.95,40,0,175,175,1,13.0,13.0,near_failure,near_failure,13,13,0.9752747252747253,0.9752747252747253
pca,pca_evr0p95,pooled,0.95,40,0,177,179,3,11.0,9.0,near_failure,near_failure,11,9,1.0,0.9791208791208792
pca,pca_evr0p95,pooled,0.95,40,0,181,181,1,7.0,7.0,near_failure,near_failure,7,7,1.0,1.0
pca,pca_evr0p95,pooled,0.95,40,0,184,188,5,4.0,0.0,near_failure,near_failure,4,0,1.0,0.9987912087912088
pca,pca_evr0p95,pooled,0.95,41,0,1,1,1,215.0,215.0,healthy,healthy,215,215,0.9697802197802198,0.9697802197802198
pca,pca_evr0p95,pooled,0.95,41,0,43,43,1,173.0,173.0,healthy,healthy,173,173,0.9554945054945057,0.9554945054945057
pca,pca_evr0p95,pooled,0.95,41,0,52,52,1,164.0,164.0,healthy,healthy,164,164,0.99010989010989,0.99010989010989
pca,pca_evr0p95,pooled,0.95,41,0,61,61,1,155.0,155.0,healthy,healthy,155,155,0.968131868131868,0.968131868131868
pca,pca_evr0p95,pooled,0.95,41,0,73,73,1,143.0,143.0,healthy,healthy,143,143,0.9813186813186812,0.9813186813186812
pca,pca_evr0p95,pooled,0.95,41,0,99,99,1,117.0,117.0,middle,middle,117,117,0.9593406593406594,0.9593406593406594
pca,pca_evr0p95,pooled,0.95,41,0,141,141,1,75.0,75.0,middle,middle,75,75,0.9763736263736263,0.9763736263736263
pca,pca_evr0p95,pooled,0.95,41,0,158,158,1,58.0,58.0,middle,middle,58,58,0.9582417582417584,0.9582417582417584
pca,pca_evr0p95,pooled,0.95,41,0,165,166,2,51.0,50.0,middle,middle,51,50,0.9928571428571428,0.975
pca,pca_evr0p95,pooled,0.95,41,0,171,171,1,45.0,45.0,middle,middle,45,45,0.9796703296703296,0.9796703296703296
pca,pca_evr0p95,pooled,0.95,41,0,186,187,2,30.0,29.0,near_failure,near_failure,30,29,0.9983516483516484,0.9835164835164836
pca,pca_evr0p95,pooled,0.95,41,0,189,190,2,27.0,26.0,near_failure,near_failure,27,26,0.9983516483516484,0.9744505494505493
pca,pca_evr0p95,pooled,0.95,41,0,193,194,2,23.0,22.0,near_failure,near_failure,23,22,0.9868131868131867,0.9851648351648352
pca,pca_evr0p95,pooled,0.95,41,0,196,196,1,20.0,20.0,near_failure,near_failure,20,20,0.9873626373626374,0.9873626373626374
pca,pca_evr0p95,pooled,0.95,41,0,199,200,2,17.0,16.0,near_failure,near_failure,17,16,0.9967032967032968,0.9964285714285714
pca,pca_evr0p95,pooled,0.95,41,0,202,204,3,14.0,12.0,near_failure,near_failure,14,12,1.0,0.9941391941391942
pca,pca_evr0p95,pooled,0.95,41,0,206,216,11,10.0,0.0,near_failure,near_failure,10,0,1.0,0.9906093906093907
pca,pca_evr0p95,pooled,0.95,45,0,5,5,1,153.0,153.0,healthy,healthy,153,153,0.9835164835164836,0.9835164835164836
pca,pca_evr0p95,pooled,0.95,45,0,17,17,1,141.0,141.0,healthy,healthy,141,141,0.9554945054945057,0.9554945054945057
pca,pca_evr0p95,pooled,0.95,45,0,40,40,1,118.0,118.0,middle,middle,118,118,0.9516483516483516,0.9516483516483516
pca,pca_evr0p95,pooled,0.95,45,0,55,55,1,103.0,103.0,middle,middle,103,103,0.9824175824175824,0.9824175824175824
pca,pca_evr0p95,pooled,0.95,45,0,85,85,1,73.0,73.0,middle,middle,73,73,0.960989010989011,0.960989010989011
pca,pca_evr0p95,pooled,0.95,45,0,87,87,1,71.0,71.0,middle,middle,71,71,0.9631868131868132,0.9631868131868132
pca,pca_evr0p95,pooled,0.95,45,0,97,97,1,61.0,61.0,middle,middle,61,61,0.9587912087912088,0.9587912087912088
pca,pca_evr0p95,pooled,0.95,45,0,124,124,1,34.0,34.0,middle,middle,34,34,0.9725274725274724,0.9725274725274724
pca,pca_evr0p95,pooled,0.95,45,0,146,146,1,12.0,12.0,near_failure,near_failure,12,12,0.9631868131868132,0.9631868131868132
pca,pca_evr0p95,pooled,0.95,45,0,153,153,1,5.0,5.0,near_failure,near_failure,5,5,0.9862637362637364,0.9862637362637364
pca,pca_evr0p95,pooled,0.95,46,0,53,53,1,203.0,203.0,healthy,healthy,203,203,0.968131868131868,0.968131868131868
pca,pca_evr0p95,pooled,0.95,46,0,68,68,1,188.0,188.0,healthy,healthy,188,188,0.9505494505494504,0.9505494505494504
pca,pca_evr0p95,pooled,0.95,46,0,111,111,1,145.0,145.0,healthy,healthy,145,145,0.968131868131868,0.968131868131868
pca,pca_evr0p95,pooled,0.95,46,0,125,125,1,131.0,131.0,healthy,healthy,131,131,0.962087912087912,0.962087912087912
pca,pca_evr0p95,pooled,0.95,46,0,164,164,1,92.0,92.0,middle,middle,92,92,0.968131868131868,0.968131868131868
pca,pca_evr0p95,pooled,0.95,46,0,170,170,1,86.0,86.0,middle,middle,86,86,0.9631868131868132,0.9631868131868132
pca,pca_evr0p95,pooled,0.95,46,0,189,189,1,67.0,67.0,middle,middle,67,67,0.960989010989011,0.960989010989011
pca,pca_evr0p95,pooled,0.95,46,0,197,197,1,59.0,59.0,middle,middle,59,59,0.971978021978022,0.971978021978022
pca,pca_evr0p95,pooled,0.95,46,0,212,212,1,44.0,44.0,middle,middle,44,44,0.9653846153846154,0.9653846153846154
pca,pca_evr0p95,pooled,0.95,46,0,234,234,1,22.0,22.0,near_failure,near_failure,22,22,0.9967032967032968,0.9967032967032968
pca,pca_evr0p95,pooled,0.95,46,0,253,254,2,3.0,2.0,near_failure,near_failure,3,2,0.968131868131868,0.9634615384615384
pca,pca_evr0p95,pooled,0.95,54,0,2,2,1,255.0,255.0,healthy,healthy,255,255,0.9554945054945057,0.9554945054945057
pca,pca_evr0p95,pooled,0.95,54,0,28,28,1,229.0,229.0,healthy,healthy,229,229,0.953846153846154,0.953846153846154
pca,pca_evr0p95,pooled,0.95,54,0,39,39,1,218.0,218.0,healthy,healthy,218,218,0.9763736263736263,0.9763736263736263
pca,pca_evr0p95,pooled,0.95,54,0,41,41,1,216.0,216.0,healthy,healthy,216,216,0.9967032967032968,0.9967032967032968
pca,pca_evr0p95,pooled,0.95,54,0,45,45,1,212.0,212.0,healthy,healthy,212,212,0.9928571428571428,0.9928571428571428
pca,pca_evr0p95,pooled,0.95,54,0,47,47,1,210.0,210.0,healthy,healthy,210,210,0.965934065934066,0.965934065934066
pca,pca_evr0p95,pooled,0.95,54,0,54,54,1,203.0,203.0,healthy,healthy,203,203,0.9857142857142858,0.9857142857142858
pca,pca_evr0p95,pooled,0.95,54,0,74,74,1,183.0,183.0,healthy,healthy,183,183,0.9906593406593408,0.9906593406593408
pca,pca_evr0p95,pooled,0.95,54,0,78,78,1,179.0,179.0,healthy,healthy,179,179,0.967032967032967,0.967032967032967
pca,pca_evr0p95,pooled,0.95,54,0,87,87,1,170.0,170.0,healthy,healthy,170,170,0.993956043956044,0.993956043956044
pca,pca_evr0p95,pooled,0.95,54,0,96,96,1,161.0,161.0,healthy,healthy,161,161,0.9824175824175824,0.9824175824175824
pca,pca_evr0p95,pooled,0.95,54,0,106,107,2,151.0,150.0,healthy,healthy,151,150,0.9824175824175824,0.9793956043956044
pca,pca_evr0p95,pooled,0.95,54,0,131,131,1,126.0,126.0,healthy,healthy,126,126,0.9664835164835164,0.9664835164835164
pca,pca_evr0p95,pooled,0.95,54,0,137,137,1,120.0,120.0,middle,middle,120,120,0.9818681318681318,0.9818681318681318
pca,pca_evr0p95,pooled,0.95,54,0,154,154,1,103.0,103.0,middle,middle,103,103,0.962087912087912,0.962087912087912
pca,pca_evr0p95,pooled,0.95,54,0,158,158,1,99.0,99.0,middle,middle,99,99,0.9763736263736263,0.9763736263736263
pca,pca_evr0p95,pooled,0.95,54,0,182,182,1,75.0,75.0,middle,middle,75,75,0.9824175824175824,0.9824175824175824
pca,pca_evr0p95,pooled,0.95,54,0,188,188,1,69.0,69.0,middle,middle,69,69,0.9631868131868132,0.9631868131868132
pca,pca_evr0p95,pooled,0.95,54,0,201,201,1,56.0,56.0,middle,middle,56,56,0.9664835164835164,0.9664835164835164
pca,pca_evr0p95,pooled,0.95,54,0,207,208,2,50.0,49.0,middle,middle,50,49,0.9989010989010988,0.9799450549450549
pca,pca_evr0p95,pooled,0.95,54,0,212,212,1,45.0,45.0,middle,middle,45,45,0.9565934065934066,0.9565934065934066
pca,pca_evr0p95,pooled,0.95,54,0,214,214,1,43.0,43.0,middle,middle,43,43,0.9692307692307692,0.9692307692307692
pca,pca_evr0p95,pooled,0.95,54,0,221,221,1,36.0,36.0,middle,middle,36,36,0.987912087912088,0.987912087912088
pca,pca_evr0p95,pooled,0.95,54,0,223,224,2,34.0,33.0,middle,middle,34,33,0.9868131868131867,0.9862637362637363
pca,pca_evr0p95,pooled,0.95,54,0,228,232,5,29.0,25.0,near_failure,near_failure,29,25,1.0,0.9874725274725276
pca,pca_evr0p95,pooled,0.95,54,0,234,243,10,23.0,14.0,near_failure,near_failure,23,14,1.0,0.9908241758241759
pca,pca_evr0p95,pooled,0.95,54,0,245,245,1,12.0,12.0,near_failure,near_failure,12,12,1.0,1.0
pca,pca_evr0p95,pooled,0.95,54,0,247,257,11,10.0,0.0,near_failure,near_failure,10,0,1.0,0.9920579420579422
pca,pca_evr0p95,pooled,0.95,74,0,9,9,1,157.0,157.0,healthy,healthy,157,157,0.9796703296703296,0.9796703296703296
pca,pca_evr0p95,pooled,0.95,74,0,14,14,1,152.0,152.0,healthy,healthy,152,152,0.9972527472527472,0.9972527472527472
pca,pca_evr0p95,pooled,0.95,74,0,24,24,1,142.0,142.0,healthy,healthy,142,142,0.962087912087912,0.962087912087912
pca,pca_evr0p95,pooled,0.95,74,0,56,56,1,110.0,110.0,middle,middle,110,110,0.9593406593406594,0.9593406593406594
pca,pca_evr0p95,pooled,0.95,74,0,61,61,1,105.0,105.0,middle,middle,105,105,0.953846153846154,0.953846153846154
pca,pca_evr0p95,pooled,0.95,74,0,75,75,1,91.0,91.0,middle,middle,91,91,0.9653846153846154,0.9653846153846154
pca,pca_evr0p95,pooled,0.95,74,0,86,87,2,80.0,79.0,middle,middle,80,79,0.9884615384615384,0.9815934065934067
pca,pca_evr0p95,pooled,0.95,74,0,106,106,1,60.0,60.0,middle,middle,60,60,0.9631868131868132,0.9631868131868132
pca,pca_evr0p95,pooled,0.95,74,0,128,128,1,38.0,38.0,middle,middle,38,38,0.9543956043956044,0.9543956043956044
pca,pca_evr0p95,pooled,0.95,74,0,137,137,1,29.0,29.0,near_failure,near_failure,29,29,0.9972527472527472,0.9972527472527472
pca,pca_evr0p95,pooled,0.95,77,0,48,48,1,106.0,106.0,middle,middle,106,106,0.9626373626373628,0.9626373626373628
pca,pca_evr0p95,pooled,0.95,77,0,91,91,1,63.0,63.0,middle,middle,63,63,0.9945054945054944,0.9945054945054944
pca,pca_evr0p95,pooled,0.95,77,0,99,99,1,55.0,55.0,middle,middle,55,55,0.9961538461538462,0.9961538461538462
pca,pca_evr0p95,pooled,0.95,77,0,104,104,1,50.0,50.0,middle,middle,50,50,0.9873626373626374,0.9873626373626374
pca,pca_evr0p95,pooled,0.95,77,0,147,147,1,7.0,7.0,near_failure,near_failure,7,7,0.9989010989010988,0.9989010989010988
pca,pca_evr0p95,pooled,0.95,77,0,151,151,1,3.0,3.0,near_failure,near_failure,3,3,0.960989010989011,0.960989010989011
pca,pca_evr0p95,pooled,0.95,78,0,3,3,1,228.0,228.0,healthy,healthy,228,228,0.9664835164835164,0.9664835164835164
pca,pca_evr0p95,pooled,0.95,78,0,41,41,1,190.0,190.0,healthy,healthy,190,190,0.9505494505494504,0.9505494505494504
pca,pca_evr0p95,pooled,0.95,78,0,45,45,1,186.0,186.0,healthy,healthy,186,186,0.9967032967032968,0.9967032967032968
pca,pca_evr0p95,pooled,0.95,78,0,48,48,1,183.0,183.0,healthy,healthy,183,183,0.9906593406593408,0.9906593406593408
pca,pca_evr0p95,pooled,0.95,78,0,73,73,1,158.0,158.0,healthy,healthy,158,158,0.968131868131868,0.968131868131868
pca,pca_evr0p95,pooled,0.95,78,0,80,80,1,151.0,151.0,healthy,healthy,151,151,0.9989010989010988,0.9989010989010988
pca,pca_evr0p95,pooled,0.95,78,0,90,90,1,141.0,141.0,healthy,healthy,141,141,0.9873626373626374,0.9873626373626374
pca,pca_evr0p95,pooled,0.95,78,0,94,94,1,137.0,137.0,healthy,healthy,137,137,0.968131868131868,0.968131868131868
pca,pca_evr0p95,pooled,0.95,78,0,105,106,2,126.0,125.0,healthy,middle,126,125,0.968131868131868,0.9667582417582417
pca,pca_evr0p95,pooled,0.95,78,0,114,114,1,117.0,117.0,middle,middle,117,117,0.9835164835164836,0.9835164835164836
pca,pca_evr0p95,pooled,0.95,78,0,129,129,1,102.0,102.0,middle,middle,102,102,0.971978021978022,0.971978021978022
pca,pca_evr0p95,pooled,0.95,78,0,140,140,1,91.0,91.0,middle,middle,91,91,0.9769230769230768,0.9769230769230768
pca,pca_evr0p95,pooled,0.95,78,0,213,213,1,18.0,18.0,near_failure,near_failure,18,18,0.9835164835164836,0.9835164835164836
pca,pca_evr0p95,pooled,0.95,78,0,219,219,1,12.0,12.0,near_failure,near_failure,12,12,0.9989010989010988,0.9989010989010988
pca,pca_evr0p95,pooled,0.95,78,0,224,224,1,7.0,7.0,near_failure,near_failure,7,7,0.9653846153846154,0.9653846153846154
pca,pca_evr0p95,pooled,0.95,78,0,230,230,1,1.0,1.0,near_failure,near_failure,1,1,0.9554945054945057,0.9554945054945057
pca,pca_evr0p95,pooled,0.95,81,0,7,7,1,233.0,233.0,healthy,healthy,233,233,0.9978021978021978,0.9978021978021978
pca,pca_evr0p95,pooled,0.95,81,0,30,30,1,210.0,210.0,healthy,healthy,210,210,0.960989010989011,0.960989010989011
pca,pca_evr0p95,pooled,0.95,81,0,35,35,1,205.0,205.0,healthy,healthy,205,205,0.9505494505494504,0.9505494505494504
pca,pca_evr0p95,pooled,0.95,81,0,42,42,1,198.0,198.0,healthy,healthy,198,198,0.9604395604395604,0.9604395604395604
pca,pca_evr0p95,pooled,0.95,81,0,47,47,1,193.0,193.0,healthy,healthy,193,193,0.9505494505494504,0.9505494505494504
pca,pca_evr0p95,pooled,0.95,81,0,112,112,1,128.0,128.0,healthy,healthy,128,128,0.9967032967032968,0.9967032967032968
pca,pca_evr0p95,pooled,0.95,81,0,129,129,1,111.0,111.0,middle,middle,111,111,0.968131868131868,0.968131868131868
pca,pca_evr0p95,pooled,0.95,81,0,154,155,2,86.0,85.0,middle,middle,86,85,0.9934065934065934,0.9821428571428571
pca,pca_evr0p95,pooled,0.95,81,0,164,164,1,76.0,76.0,middle,middle,76,76,0.9945054945054944,0.9945054945054944
pca,pca_evr0p95,pooled,0.95,81,0,185,185,1,55.0,55.0,middle,middle,55,55,0.953846153846154,0.953846153846154
pca,pca_evr0p95,pooled,0.95,81,0,195,196,2,45.0,44.0,middle,middle,45,44,0.9923076923076924,0.9736263736263737
pca,pca_evr0p95,pooled,0.95,81,0,200,200,1,40.0,40.0,middle,middle,40,40,0.9631868131868132,0.9631868131868132
pca,pca_evr0p95,pooled,0.95,81,0,204,204,1,36.0,36.0,middle,middle,36,36,0.9906593406593408,0.9906593406593408
pca,pca_evr0p95,pooled,0.95,81,0,215,215,1,25.0,25.0,near_failure,near_failure,25,25,0.9543956043956044,0.9543956043956044
pca,pca_evr0p95,pooled,0.95,81,0,229,229,1,11.0,11.0,near_failure,near_failure,11,11,0.9708791208791208,0.9708791208791208
pca,pca_evr0p95,pooled,0.95,81,0,238,239,2,2.0,1.0,near_failure,near_failure,2,1,0.9835164835164836,0.9815934065934067
pca,pca_evr0p95,pooled,0.95,89,0,23,23,1,194.0,194.0,healthy,healthy,194,194,0.9796703296703296,0.9796703296703296
pca,pca_evr0p95,pooled,0.95,89,0,32,32,1,185.0,185.0,healthy,healthy,185,185,0.9868131868131867,0.9868131868131867
pca,pca_evr0p95,pooled,0.95,89,0,119,119,1,98.0,98.0,middle,middle,98,98,0.993956043956044,0.993956043956044
pca,pca_evr0p95,pooled,0.95,89,0,137,137,1,80.0,80.0,middle,middle,80,80,0.953846153846154,0.953846153846154
pca,pca_evr0p95,pooled,0.95,89,0,147,147,1,70.0,70.0,middle,middle,70,70,0.9978021978021978,0.9978021978021978
pca,pca_evr0p95,pooled,0.95,89,0,150,150,1,67.0,67.0,middle,middle,67,67,0.9554945054945057,0.9554945054945057
pca,pca_evr0p95,pooled,0.95,89,0,154,154,1,63.0,63.0,middle,middle,63,63,0.968131868131868,0.968131868131868
pca,pca_evr0p95,pooled,0.95,89,0,181,181,1,36.0,36.0,middle,middle,36,36,0.9708791208791208,0.9708791208791208
pca,pca_evr0p95,pooled,0.95,89,0,185,185,1,32.0,32.0,middle,middle,32,32,0.9703296703296704,0.9703296703296704
pca,pca_evr0p95,pooled,0.95,89,0,188,188,1,29.0,29.0,near_failure,near_failure,29,29,0.960989010989011,0.960989010989011
pca,pca_evr0p95,pooled,0.95,89,0,214,214,1,3.0,3.0,near_failure,near_failure,3,3,0.9763736263736263,0.9763736263736263
pca,pca_evr0p95,pooled,0.95,89,0,216,216,1,1.0,1.0,near_failure,near_failure,1,1,0.9543956043956044,0.9543956043956044
pca,pca_evr0p95,pooled,0.95,91,0,3,3,1,132.0,132.0,healthy,healthy,132,132,0.95989010989011,0.95989010989011
pca,pca_evr0p95,pooled,0.95,91,0,7,7,1,128.0,128.0,healthy,healthy,128,128,0.9554945054945057,0.9554945054945057
pca,pca_evr0p95,pooled,0.95,91,0,30,31,2,105.0,104.0,middle,middle,105,104,0.993956043956044,0.981043956043956
pca,pca_evr0p95,pooled,0.95,91,0,38,38,1,97.0,97.0,middle,middle,97,97,0.9824175824175824,0.9824175824175824
pca,pca_evr0p95,pooled,0.95,91,0,95,95,1,40.0,40.0,middle,middle,40,40,0.987912087912088,0.987912087912088
pca,pca_evr0p95,pooled,0.975,1,0,63,63,1,129.0,129.0,healthy,healthy,129,129,0.9857142857142858,0.9857142857142858
pca,pca_evr0p95,pooled,0.975,1,0,74,74,1,118.0,118.0,middle,middle,118,118,0.9989010989010988,0.9989010989010988
pca,pca_evr0p95,pooled,0.975,1,0,78,78,1,114.0,114.0,middle,middle,114,114,0.9846153846153848,0.9846153846153848
pca,pca_evr0p95,pooled,0.975,1,0,108,108,1,84.0,84.0,middle,middle,84,84,0.9774725274725274,0.9774725274725274
pca,pca_evr0p95,pooled,0.975,1,0,140,140,1,52.0,52.0,middle,middle,52,52,0.9796703296703296,0.9796703296703296
pca,pca_evr0p95,pooled,0.975,1,0,156,156,1,36.0,36.0,middle,middle,36,36,0.9967032967032968,0.9967032967032968
pca,pca_evr0p95,pooled,0.975,1,0,164,164,1,28.0,28.0,near_failure,near_failure,28,28,0.9796703296703296,0.9796703296703296
pca,pca_evr0p95,pooled,0.975,5,0,18,18,1,251.0,251.0,healthy,healthy,251,251,0.9873626373626374,0.9873626373626374
pca,pca_evr0p95,pooled,0.975,5,0,76,76,1,193.0,193.0,healthy,healthy,193,193,0.9873626373626374,0.9873626373626374
pca,pca_evr0p95,pooled,0.975,5,0,218,218,1,51.0,51.0,middle,middle,51,51,0.99010989010989,0.99010989010989
pca,pca_evr0p95,pooled,0.975,5,0,220,220,1,49.0,49.0,middle,middle,49,49,0.9906593406593408,0.9906593406593408
pca,pca_evr0p95,pooled,0.975,5,0,230,230,1,39.0,39.0,middle,middle,39,39,0.9868131868131867,0.9868131868131867
pca,pca_evr0p95,pooled,0.975,5,0,232,232,1,37.0,37.0,middle,middle,37,37,0.9989010989010988,0.9989010989010988
pca,pca_evr0p95,pooled,0.975,5,0,234,235,2,35.0,34.0,middle,middle,35,34,0.9994505494505496,0.9934065934065934
pca,pca_evr0p95,pooled,0.975,5,0,239,240,2,30.0,29.0,near_failure,near_failure,30,29,0.9989010989010988,0.9923076923076923
pca,pca_evr0p95,pooled,0.975,5,0,243,246,4,26.0,23.0,near_failure,near_failure,26,23,1.0,0.9935439560439561
pca,pca_evr0p95,pooled,0.975,5,0,249,251,3,20.0,18.0,near_failure,near_failure,20,18,0.9994505494505496,0.995970695970696
pca,pca_evr0p95,pooled,0.975,5,0,254,255,2,15.0,14.0,near_failure,near_failure,15,14,0.9989010989010988,0.9906593406593406
pca,pca_evr0p95,pooled,0.975,5,0,257,257,1,12.0,12.0,near_failure,near_failure,12,12,0.9994505494505496,0.9994505494505496
pca,pca_evr0p95,pooled,0.975,5,0,259,260,2,10.0,9.0,near_failure,near_failure,10,9,0.9989010989010988,0.9989010989010988
pca,pca_evr0p95,pooled,0.975,5,0,262,264,3,7.0,5.0,near_failure,near_failure,7,5,1.0,0.997985347985348
pca,pca_evr0p95,pooled,0.975,5,0,266,266,1,3.0,3.0,near_failure,near_failure,3,3,0.9928571428571428,0.9928571428571428
pca,pca_evr0p95,pooled,0.975,5,0,268,269,2,1.0,0.0,near_failure,near_failure,1,0,0.9967032967032968,0.9912087912087912
pca,pca_evr0p95,pooled,0.975,10,0,60,60,1,162.0,162.0,healthy,healthy,162,162,0.9989010989010988,0.9989010989010988
pca,pca_evr0p95,pooled,0.975,10,0,84,84,1,138.0,138.0,healthy,healthy,138,138,0.9906593406593408,0.9906593406593408
pca,pca_evr0p95,pooled,0.975,10,0,147,147,1,75.0,75.0,middle,middle,75,75,0.9961538461538462,0.9961538461538462
pca,pca_evr0p95,pooled,0.975,10,0,176,176,1,46.0,46.0,middle,middle,46,46,0.99010989010989,0.99010989010989
pca,pca_evr0p95,pooled,0.975,10,0,180,180,1,42.0,42.0,middle,middle,42,42,0.9774725274725274,0.9774725274725274
pca,pca_evr0p95,pooled,0.975,10,0,201,201,1,21.0,21.0,near_failure,near_failure,21,21,0.9796703296703296,0.9796703296703296
pca,pca_evr0p95,pooled,0.975,10,0,205,205,1,17.0,17.0,near_failure,near_failure,17,17,0.9846153846153848,0.9846153846153848
pca,pca_evr0p95,pooled,0.975,10,0,208,208,1,14.0,14.0,near_failure,near_failure,14,14,0.9961538461538462,0.9961538461538462
pca,pca_evr0p95,pooled,0.975,10,0,216,217,2,6.0,5.0,near_failure,near_failure,6,5,0.9961538461538462,0.990934065934066
pca,pca_evr0p95,pooled,0.975,10,0,219,222,4,3.0,0.0,near_failure,near_failure,3,0,1.0,0.9907967032967033
pca,pca_evr0p95,pooled,0.975,11,0,10,10,1,230.0,230.0,healthy,healthy,230,230,0.9873626373626374,0.9873626373626374
pca,pca_evr0p95,pooled,0.975,11,0,31,31,1,209.0,209.0,healthy,healthy,209,209,0.9857142857142858,0.9857142857142858
pca,pca_evr0p95,pooled,0.975,11,0,67,67,1,173.0,173.0,healthy,healthy,173,173,0.9818681318681318,0.9818681318681318
pca,pca_evr0p95,pooled,0.975,11,0,106,106,1,134.0,134.0,healthy,healthy,134,134,0.993956043956044,0.993956043956044
pca,pca_evr0p95,pooled,0.975,11,0,108,108,1,132.0,132.0,healthy,healthy,132,132,0.989010989010989,0.989010989010989
pca,pca_evr0p95,pooled,0.975,11,0,131,131,1,109.0,109.0,middle,middle,109,109,0.9989010989010988,0.9989010989010988
pca,pca_evr0p95,pooled,0.975,11,0,136,136,1,104.0,104.0,middle,middle,104,104,0.9928571428571428,0.9928571428571428
pca,pca_evr0p95,pooled,0.975,11,0,139,139,1,101.0,101.0,middle,middle,101,101,0.99010989010989,0.99010989010989
pca,pca_evr0p95,pooled,0.975,11,0,143,143,1,97.0,97.0,middle,middle,97,97,0.9857142857142858,0.9857142857142858
pca,pca_evr0p95,pooled,0.975,11,0,186,186,1,54.0,54.0,middle,middle,54,54,0.9923076923076924,0.9923076923076924
pca,pca_evr0p95,pooled,0.975,11,0,192,193,2,48.0,47.0,middle,middle,48,47,0.9884615384615384,0.9876373626373626
pca,pca_evr0p95,pooled,0.975,11,0,213,216,4,27.0,24.0,near_failure,near_failure,27,24,0.9967032967032968,0.9912087912087912
pca,pca_evr0p95,pooled,0.975,11,0,223,223,1,17.0,17.0,near_failure,near_failure,17,17,0.9763736263736263,0.9763736263736263
pca,pca_evr0p95,pooled,0.975,11,0,226,226,1,14.0,14.0,near_failure,near_failure,14,14,0.9989010989010988,0.9989010989010988
pca,pca_evr0p95,pooled,0.975,11,0,228,228,1,12.0,12.0,near_failure,near_failure,12,12,0.9994505494505496,0.9994505494505496
pca,pca_evr0p95,pooled,0.975,11,0,232,240,9,8.0,0.0,near_failure,near_failure,8,0,1.0,0.9982295482295483
pca,pca_evr0p95,pooled,0.975,13,0,134,134,1,29.0,29.0,near_failure,near_failure,29,29,0.9763736263736263,0.9763736263736263
pca,pca_evr0p95,pooled,0.975,13,0,138,138,1,25.0,25.0,near_failure,near_failure,25,25,0.9967032967032968,0.9967032967032968
pca,pca_evr0p95,pooled,0.975,13,0,144,145,2,19.0,18.0,near_failure,near_failure,19,18,0.9967032967032968,0.9934065934065934
pca,pca_evr0p95,pooled,0.975,13,0,150,151,2,13.0,12.0,near_failure,near_failure,13,12,0.9983516483516484,0.9936813186813187
pca,pca_evr0p95,pooled,0.975,13,0,153,154,2,10.0,9.0,near_failure,near_failure,10,9,1.0,0.9997252747252747
pca,pca_evr0p95,pooled,0.975,13,0,156,162,7,7.0,1.0,near_failure,near_failure,7,1,1.0,0.9979591836734694
pca,pca_evr0p95,pooled,0.975,16,0,7,7,1,202.0,202.0,healthy,healthy,202,202,0.9884615384615384,0.9884615384615384
pca,pca_evr0p95,pooled,0.975,16,0,17,17,1,192.0,192.0,healthy,healthy,192,192,0.9824175824175824,0.9824175824175824
pca,pca_evr0p95,pooled,0.975,16,0,133,133,1,76.0,76.0,middle,middle,76,76,0.987912087912088,0.987912087912088
pca,pca_evr0p95,pooled,0.975,16,0,172,172,1,37.0,37.0,middle,middle,37,37,0.9857142857142858,0.9857142857142858
pca,pca_evr0p95,pooled,0.975,16,0,192,193,2,17.0,16.0,near_failure,near_failure,17,16,0.9928571428571428,0.9876373626373626
pca,pca_evr0p95,pooled,0.975,16,0,206,206,1,3.0,3.0,near_failure,near_failure,3,3,0.9923076923076924,0.9923076923076924
pca,pca_evr0p95,pooled,0.975,27,0,24,25,2,132.0,131.0,healthy,healthy,132,131,0.9967032967032968,0.9895604395604396
pca,pca_evr0p95,pooled,0.975,27,0,43,43,1,113.0,113.0,middle,middle,113,113,0.9813186813186812,0.9813186813186812
pca,pca_evr0p95,pooled,0.975,27,0,77,77,1,79.0,79.0,middle,middle,79,79,0.9906593406593408,0.9906593406593408
pca,pca_evr0p95,pooled,0.975,27,0,114,114,1,42.0,42.0,middle,middle,42,42,0.9813186813186812,0.9813186813186812
pca,pca_evr0p95,pooled,0.975,27,0,125,125,1,31.0,31.0,middle,middle,31,31,0.9989010989010988,0.9989010989010988
pca,pca_evr0p95,pooled,0.975,27,0,131,131,1,25.0,25.0,near_failure,near_failure,25,25,0.9967032967032968,0.9967032967032968
pca,pca_evr0p95,pooled,0.975,27,0,141,141,1,15.0,15.0,near_failure,near_failure,15,15,1.0,1.0
pca,pca_evr0p95,pooled,0.975,27,0,143,143,1,13.0,13.0,near_failure,near_failure,13,13,0.987912087912088,0.987912087912088
pca,pca_evr0p95,pooled,0.975,27,0,146,148,3,10.0,8.0,near_failure,near_failure,10,8,1.0,0.9906593406593407
pca,pca_evr0p95,pooled,0.975,27,0,152,155,4,4.0,1.0,near_failure,near_failure,4,1,1.0,0.9997252747252747
pca,pca_evr0p95,pooled,0.975,31,0,23,23,1,211.0,211.0,healthy,healthy,211,211,0.9961538461538462,0.9961538461538462
pca,pca_evr0p95,pooled,0.975,31,0,26,26,1,208.0,208.0,healthy,healthy,208,208,0.9884615384615384,0.9884615384615384
pca,pca_evr0p95,pooled,0.975,31,0,68,68,1,166.0,166.0,healthy,healthy,166,166,0.9802197802197802,0.9802197802197802
pca,pca_evr0p95,pooled,0.975,31,0,75,75,1,159.0,159.0,healthy,healthy,159,159,0.99010989010989,0.99010989010989
pca,pca_evr0p95,pooled,0.975,31,0,121,122,2,113.0,112.0,middle,middle,113,112,0.9967032967032968,0.9947802197802198
pca,pca_evr0p95,pooled,0.975,31,0,187,187,1,47.0,47.0,middle,middle,47,47,0.9868131868131867,0.9868131868131867
pca,pca_evr0p95,pooled,0.975,31,0,189,189,1,45.0,45.0,middle,middle,45,45,0.9873626373626374,0.9873626373626374
pca,pca_evr0p95,pooled,0.975,31,0,217,218,2,17.0,16.0,near_failure,near_failure,17,16,0.9928571428571428,0.9928571428571428
pca,pca_evr0p95,pooled,0.975,34,0,2,2,1,193.0,193.0,healthy,healthy,193,193,0.9989010989010988,0.9989010989010988
pca,pca_evr0p95,pooled,0.975,34,0,71,71,1,124.0,124.0,middle,middle,124,124,0.9862637362637364,0.9862637362637364
pca,pca_evr0p95,pooled,0.975,34,0,77,77,1,118.0,118.0,middle,middle,118,118,0.9961538461538462,0.9961538461538462
pca,pca_evr0p95,pooled,0.975,34,0,124,124,1,71.0,71.0,middle,middle,71,71,0.9769230769230768,0.9769230769230768
pca,pca_evr0p95,pooled,0.975,34,0,157,157,1,38.0,38.0,middle,middle,38,38,0.9873626373626374,0.9873626373626374
pca,pca_evr0p95,pooled,0.975,34,0,170,170,1,25.0,25.0,near_failure,near_failure,25,25,0.9989010989010988,0.9989010989010988
pca,pca_evr0p95,pooled,0.975,34,0,175,177,3,20.0,18.0,near_failure,near_failure,20,18,0.9994505494505496,0.9948717948717949
pca,pca_evr0p95,pooled,0.975,34,0,179,195,17,16.0,0.0,near_failure,near_failure,16,0,1.0,0.9983516483516484
pca,pca_evr0p95,pooled,0.975,40,0,30,30,1,158.0,158.0,healthy,healthy,158,158,0.9873626373626374,0.9873626373626374
pca,pca_evr0p95,pooled,0.975,40,0,39,39,1,149.0,149.0,healthy,healthy,149,149,0.9989010989010988,0.9989010989010988
pca,pca_evr0p95,pooled,0.975,40,0,119,119,1,69.0,69.0,middle,middle,69,69,0.9928571428571428,0.9928571428571428
pca,pca_evr0p95,pooled,0.975,40,0,138,138,1,50.0,50.0,middle,middle,50,50,0.9983516483516484,0.9983516483516484
pca,pca_evr0p95,pooled,0.975,40,0,150,151,2,38.0,37.0,middle,middle,38,37,0.9829670329670328,0.9824175824175823
pca,pca_evr0p95,pooled,0.975,40,0,156,157,2,32.0,31.0,middle,middle,32,31,0.9928571428571428,0.9843406593406593
pca,pca_evr0p95,pooled,0.975,40,0,163,164,2,25.0,24.0,near_failure,near_failure,25,24,0.9928571428571428,0.9887362637362638
pca,pca_evr0p95,pooled,0.975,40,0,167,168,2,21.0,20.0,near_failure,near_failure,21,20,1.0,0.9983516483516484
pca,pca_evr0p95,pooled,0.975,40,0,170,173,4,18.0,15.0,near_failure,near_failure,18,15,1.0,0.9943681318681319
pca,pca_evr0p95,pooled,0.975,40,0,175,175,1,13.0,13.0,near_failure,near_failure,13,13,0.9752747252747253,0.9752747252747253
pca,pca_evr0p95,pooled,0.975,40,0,179,179,1,9.0,9.0,near_failure,near_failure,9,9,1.0,1.0
pca,pca_evr0p95,pooled,0.975,40,0,181,181,1,7.0,7.0,near_failure,near_failure,7,7,1.0,1.0
pca,pca_evr0p95,pooled,0.975,40,0,184,188,5,4.0,0.0,near_failure,near_failure,4,0,1.0,0.9987912087912088
pca,pca_evr0p95,pooled,0.975,41,0,52,52,1,164.0,164.0,healthy,healthy,164,164,0.99010989010989,0.99010989010989
pca,pca_evr0p95,pooled,0.975,41,0,73,73,1,143.0,143.0,healthy,healthy,143,143,0.9813186813186812,0.9813186813186812
pca,pca_evr0p95,pooled,0.975,41,0,141,141,1,75.0,75.0,middle,middle,75,75,0.9763736263736263,0.9763736263736263
pca,pca_evr0p95,pooled,0.975,41,0,165,165,1,51.0,51.0,middle,middle,51,51,0.9928571428571428,0.9928571428571428
pca,pca_evr0p95,pooled,0.975,41,0,171,171,1,45.0,45.0,middle,middle,45,45,0.9796703296703296,0.9796703296703296
pca,pca_evr0p95,pooled,0.975,41,0,187,187,1,29.0,29.0,near_failure,near_failure,29,29,0.9983516483516484,0.9983516483516484
pca,pca_evr0p95,pooled,0.975,41,0,190,190,1,26.0,26.0,near_failure,near_failure,26,26,0.9983516483516484,0.9983516483516484
pca,pca_evr0p95,pooled,0.975,41,0,193,194,2,23.0,22.0,near_failure,near_failure,23,22,0.9868131868131867,0.9851648351648352
pca,pca_evr0p95,pooled,0.975,41,0,196,196,1,20.0,20.0,near_failure,near_failure,20,20,0.9873626373626374,0.9873626373626374
pca,pca_evr0p95,pooled,0.975,41,0,199,200,2,17.0,16.0,near_failure,near_failure,17,16,0.9967032967032968,0.9964285714285714
pca,pca_evr0p95,pooled,0.975,41,0,202,204,3,14.0,12.0,near_failure,near_failure,14,12,1.0,0.9941391941391942
pca,pca_evr0p95,pooled,0.975,41,0,206,212,7,10.0,4.0,near_failure,near_failure,10,4,1.0,0.9924646781789639
pca,pca_evr0p95,pooled,0.975,41,0,214,216,3,2.0,0.0,near_failure,near_failure,2,0,1.0,0.9957875457875458
pca,pca_evr0p95,pooled,0.975,45,0,5,5,1,153.0,153.0,healthy,healthy,153,153,0.9835164835164836,0.9835164835164836
pca,pca_evr0p95,pooled,0.975,45,0,55,55,1,103.0,103.0,middle,middle,103,103,0.9824175824175824,0.9824175824175824
pca,pca_evr0p95,pooled,0.975,45,0,153,153,1,5.0,5.0,near_failure,near_failure,5,5,0.9862637362637364,0.9862637362637364
pca,pca_evr0p95,pooled,0.975,46,0,234,234,1,22.0,22.0,near_failure,near_failure,22,22,0.9967032967032968,0.9967032967032968
pca,pca_evr0p95,pooled,0.975,54,0,39,39,1,218.0,218.0,healthy,healthy,218,218,0.9763736263736263,0.9763736263736263
pca,pca_evr0p95,pooled,0.975,54,0,41,41,1,216.0,216.0,healthy,healthy,216,216,0.9967032967032968,0.9967032967032968
pca,pca_evr0p95,pooled,0.975,54,0,45,45,1,212.0,212.0,healthy,healthy,212,212,0.9928571428571428,0.9928571428571428
pca,pca_evr0p95,pooled,0.975,54,0,54,54,1,203.0,203.0,healthy,healthy,203,203,0.9857142857142858,0.9857142857142858
pca,pca_evr0p95,pooled,0.975,54,0,74,74,1,183.0,183.0,healthy,healthy,183,183,0.9906593406593408,0.9906593406593408
pca,pca_evr0p95,pooled,0.975,54,0,87,87,1,170.0,170.0,healthy,healthy,170,170,0.993956043956044,0.993956043956044
pca,pca_evr0p95,pooled,0.975,54,0,96,96,1,161.0,161.0,healthy,healthy,161,161,0.9824175824175824,0.9824175824175824
pca,pca_evr0p95,pooled,0.975,54,0,106,107,2,151.0,150.0,healthy,healthy,151,150,0.9824175824175824,0.9793956043956044
pca,pca_evr0p95,pooled,0.975,54,0,137,137,1,120.0,120.0,middle,middle,120,120,0.9818681318681318,0.9818681318681318
pca,pca_evr0p95,pooled,0.975,54,0,158,158,1,99.0,99.0,middle,middle,99,99,0.9763736263736263,0.9763736263736263
pca,pca_evr0p95,pooled,0.975,54,0,182,182,1,75.0,75.0,middle,middle,75,75,0.9824175824175824,0.9824175824175824
pca,pca_evr0p95,pooled,0.975,54,0,207,207,1,50.0,50.0,middle,middle,50,50,0.9989010989010988,0.9989010989010988
pca,pca_evr0p95,pooled,0.975,54,0,221,221,1,36.0,36.0,middle,middle,36,36,0.987912087912088,0.987912087912088
pca,pca_evr0p95,pooled,0.975,54,0,223,224,2,34.0,33.0,middle,middle,34,33,0.9868131868131867,0.9862637362637363
pca,pca_evr0p95,pooled,0.975,54,0,228,229,2,29.0,28.0,near_failure,near_failure,29,28,0.9994505494505496,0.9994505494505496
pca,pca_evr0p95,pooled,0.975,54,0,231,232,2,26.0,25.0,near_failure,near_failure,26,25,1.0,0.9903846153846154
pca,pca_evr0p95,pooled,0.975,54,0,234,235,2,23.0,22.0,near_failure,near_failure,23,22,1.0,0.9980769230769231
pca,pca_evr0p95,pooled,0.975,54,0,237,243,7,20.0,14.0,near_failure,near_failure,20,14,1.0,0.9921507064364208
pca,pca_evr0p95,pooled,0.975,54,0,245,245,1,12.0,12.0,near_failure,near_failure,12,12,1.0,1.0
pca,pca_evr0p95,pooled,0.975,54,0,247,247,1,10.0,10.0,near_failure,near_failure,10,10,0.989010989010989,0.989010989010989
pca,pca_evr0p95,pooled,0.975,54,0,249,251,3,8.0,6.0,near_failure,near_failure,8,6,1.0,0.9987179487179487
pca,pca_evr0p95,pooled,0.975,54,0,253,257,5,4.0,0.0,near_failure,near_failure,4,0,1.0,0.9996703296703296
pca,pca_evr0p95,pooled,0.975,74,0,9,9,1,157.0,157.0,healthy,healthy,157,157,0.9796703296703296,0.9796703296703296
pca,pca_evr0p95,pooled,0.975,74,0,14,14,1,152.0,152.0,healthy,healthy,152,152,0.9972527472527472,0.9972527472527472
pca,pca_evr0p95,pooled,0.975,74,0,86,86,1,80.0,80.0,middle,middle,80,80,0.9884615384615384,0.9884615384615384
pca,pca_evr0p95,pooled,0.975,74,0,137,137,1,29.0,29.0,near_failure,near_failure,29,29,0.9972527472527472,0.9972527472527472
pca,pca_evr0p95,pooled,0.975,77,0,91,91,1,63.0,63.0,middle,middle,63,63,0.9945054945054944,0.9945054945054944
pca,pca_evr0p95,pooled,0.975,77,0,99,99,1,55.0,55.0,middle,middle,55,55,0.9961538461538462,0.9961538461538462
pca,pca_evr0p95,pooled,0.975,77,0,104,104,1,50.0,50.0,middle,middle,50,50,0.9873626373626374,0.9873626373626374
pca,pca_evr0p95,pooled,0.975,77,0,147,147,1,7.0,7.0,near_failure,near_failure,7,7,0.9989010989010988,0.9989010989010988
pca,pca_evr0p95,pooled,0.975,78,0,45,45,1,186.0,186.0,healthy,healthy,186,186,0.9967032967032968,0.9967032967032968
pca,pca_evr0p95,pooled,0.975,78,0,48,48,1,183.0,183.0,healthy,healthy,183,183,0.9906593406593408,0.9906593406593408
pca,pca_evr0p95,pooled,0.975,78,0,80,80,1,151.0,151.0,healthy,healthy,151,151,0.9989010989010988,0.9989010989010988
pca,pca_evr0p95,pooled,0.975,78,0,90,90,1,141.0,141.0,healthy,healthy,141,141,0.9873626373626374,0.9873626373626374
pca,pca_evr0p95,pooled,0.975,78,0,114,114,1,117.0,117.0,middle,middle,117,117,0.9835164835164836,0.9835164835164836
pca,pca_evr0p95,pooled,0.975,78,0,140,140,1,91.0,91.0,middle,middle,91,91,0.9769230769230768,0.9769230769230768
pca,pca_evr0p95,pooled,0.975,78,0,213,213,1,18.0,18.0,near_failure,near_failure,18,18,0.9835164835164836,0.9835164835164836
pca,pca_evr0p95,pooled,0.975,78,0,219,219,1,12.0,12.0,near_failure,near_failure,12,12,0.9989010989010988,0.9989010989010988
pca,pca_evr0p95,pooled,0.975,81,0,7,7,1,233.0,233.0,healthy,healthy,233,233,0.9978021978021978,0.9978021978021978
pca,pca_evr0p95,pooled,0.975,81,0,112,112,1,128.0,128.0,healthy,healthy,128,128,0.9967032967032968,0.9967032967032968
pca,pca_evr0p95,pooled,0.975,81,0,155,155,1,85.0,85.0,middle,middle,85,85,0.9934065934065934,0.9934065934065934
pca,pca_evr0p95,pooled,0.975,81,0,164,164,1,76.0,76.0,middle,middle,76,76,0.9945054945054944,0.9945054945054944
pca,pca_evr0p95,pooled,0.975,81,0,195,195,1,45.0,45.0,middle,middle,45,45,0.9923076923076924,0.9923076923076924
pca,pca_evr0p95,pooled,0.975,81,0,204,204,1,36.0,36.0,middle,middle,36,36,0.9906593406593408,0.9906593406593408
pca,pca_evr0p95,pooled,0.975,81,0,238,239,2,2.0,1.0,near_failure,near_failure,2,1,0.9835164835164836,0.9815934065934067
pca,pca_evr0p95,pooled,0.975,89,0,23,23,1,194.0,194.0,healthy,healthy,194,194,0.9796703296703296,0.9796703296703296
pca,pca_evr0p95,pooled,0.975,89,0,32,32,1,185.0,185.0,healthy,healthy,185,185,0.9868131868131867,0.9868131868131867
pca,pca_evr0p95,pooled,0.975,89,0,119,119,1,98.0,98.0,middle,middle,98,98,0.993956043956044,0.993956043956044
pca,pca_evr0p95,pooled,0.975,89,0,147,147,1,70.0,70.0,middle,middle,70,70,0.9978021978021978,0.9978021978021978
pca,pca_evr0p95,pooled,0.975,89,0,214,214,1,3.0,3.0,near_failure,near_failure,3,3,0.9763736263736263,0.9763736263736263
pca,pca_evr0p95,pooled,0.975,91,0,30,30,1,105.0,105.0,middle,middle,105,105,0.993956043956044,0.993956043956044
pca,pca_evr0p95,pooled,0.975,91,0,38,38,1,97.0,97.0,middle,middle,97,97,0.9824175824175824,0.9824175824175824
pca,pca_evr0p95,pooled,0.975,91,0,95,95,1,40.0,40.0,middle,middle,40,40,0.987912087912088,0.987912087912088
pca,pca_evr0p95,pooled,0.99,1,0,74,74,1,118.0,118.0,middle,middle,118,118,0.9989010989010988,0.9989010989010988
pca,pca_evr0p95,pooled,0.99,1,0,156,156,1,36.0,36.0,middle,middle,36,36,0.9967032967032968,0.9967032967032968
pca,pca_evr0p95,pooled,0.99,5,0,218,218,1,51.0,51.0,middle,middle,51,51,0.99010989010989,0.99010989010989
pca,pca_evr0p95,pooled,0.99,5,0,220,220,1,49.0,49.0,middle,middle,49,49,0.9906593406593408,0.9906593406593408
pca,pca_evr0p95,pooled,0.99,5,0,232,232,1,37.0,37.0,middle,middle,37,37,0.9989010989010988,0.9989010989010988
pca,pca_evr0p95,pooled,0.99,5,0,234,234,1,35.0,35.0,middle,middle,35,35,0.9994505494505496,0.9994505494505496
pca,pca_evr0p95,pooled,0.99,5,0,240,240,1,29.0,29.0,near_failure,near_failure,29,29,0.9989010989010988,0.9989010989010988
pca,pca_evr0p95,pooled,0.99,5,0,243,243,1,26.0,26.0,near_failure,near_failure,26,26,0.9989010989010988,0.9989010989010988
pca,pca_evr0p95,pooled,0.99,5,0,245,246,2,24.0,23.0,near_failure,near_failure,24,23,1.0,0.9994505494505495
pca,pca_evr0p95,pooled,0.99,5,0,249,251,3,20.0,18.0,near_failure,near_failure,20,18,0.9994505494505496,0.995970695970696
pca,pca_evr0p95,pooled,0.99,5,0,254,254,1,15.0,15.0,near_failure,near_failure,15,15,0.9989010989010988,0.9989010989010988
pca,pca_evr0p95,pooled,0.99,5,0,257,257,1,12.0,12.0,near_failure,near_failure,12,12,0.9994505494505496,0.9994505494505496
pca,pca_evr0p95,pooled,0.99,5,0,259,260,2,10.0,9.0,near_failure,near_failure,10,9,0.9989010989010988,0.9989010989010988
pca,pca_evr0p95,pooled,0.99,5,0,262,264,3,7.0,5.0,near_failure,near_failure,7,5,1.0,0.997985347985348
pca,pca_evr0p95,pooled,0.99,5,0,266,266,1,3.0,3.0,near_failure,near_failure,3,3,0.9928571428571428,0.9928571428571428
pca,pca_evr0p95,pooled,0.99,5,0,268,268,1,1.0,1.0,near_failure,near_failure,1,1,0.9967032967032968,0.9967032967032968
pca,pca_evr0p95,pooled,0.99,10,0,60,60,1,162.0,162.0,healthy,healthy,162,162,0.9989010989010988,0.9989010989010988
pca,pca_evr0p95,pooled,0.99,10,0,84,84,1,138.0,138.0,healthy,healthy,138,138,0.9906593406593408,0.9906593406593408
pca,pca_evr0p95,pooled,0.99,10,0,147,147,1,75.0,75.0,middle,middle,75,75,0.9961538461538462,0.9961538461538462
pca,pca_evr0p95,pooled,0.99,10,0,176,176,1,46.0,46.0,middle,middle,46,46,0.99010989010989,0.99010989010989
pca,pca_evr0p95,pooled,0.99,10,0,208,208,1,14.0,14.0,near_failure,near_failure,14,14,0.9961538461538462,0.9961538461538462
pca,pca_evr0p95,pooled,0.99,10,0,216,216,1,6.0,6.0,near_failure,near_failure,6,6,0.9961538461538462,0.9961538461538462
pca,pca_evr0p95,pooled,0.99,10,0,219,221,3,3.0,1.0,near_failure,near_failure,3,1,1.0,0.9956043956043956
pca,pca_evr0p95,pooled,0.99,11,0,106,106,1,134.0,134.0,healthy,healthy,134,134,0.993956043956044,0.993956043956044
pca,pca_evr0p95,pooled,0.99,11,0,131,131,1,109.0,109.0,middle,middle,109,109,0.9989010989010988,0.9989010989010988
pca,pca_evr0p95,pooled,0.99,11,0,136,136,1,104.0,104.0,middle,middle,104,104,0.9928571428571428,0.9928571428571428
pca,pca_evr0p95,pooled,0.99,11,0,139,139,1,101.0,101.0,middle,middle,101,101,0.99010989010989,0.99010989010989
pca,pca_evr0p95,pooled,0.99,11,0,186,186,1,54.0,54.0,middle,middle,54,54,0.9923076923076924,0.9923076923076924
pca,pca_evr0p95,pooled,0.99,11,0,213,213,1,27.0,27.0,near_failure,near_failure,27,27,0.9934065934065934,0.9934065934065934
pca,pca_evr0p95,pooled,0.99,11,0,215,216,2,25.0,24.0,near_failure,near_failure,25,24,0.9967032967032968,0.9934065934065934
pca,pca_evr0p95,pooled,0.99,11,0,226,226,1,14.0,14.0,near_failure,near_failure,14,14,0.9989010989010988,0.9989010989010988
pca,pca_evr0p95,pooled,0.99,11,0,228,228,1,12.0,12.0,near_failure,near_failure,12,12,0.9994505494505496,0.9994505494505496
pca,pca_evr0p95,pooled,0.99,11,0,232,235,4,8.0,5.0,near_failure,near_failure,8,5,1.0,1.0
pca,pca_evr0p95,pooled,0.99,11,0,237,240,4,3.0,0.0,near_failure,near_failure,3,0,1.0,0.9991758241758242
pca,pca_evr0p95,pooled,0.99,13,0,138,138,1,25.0,25.0,near_failure,near_failure,25,25,0.9967032967032968,0.9967032967032968
pca,pca_evr0p95,pooled,0.99,13,0,144,145,2,19.0,18.0,near_failure,near_failure,19,18,0.9967032967032968,0.9934065934065934
pca,pca_evr0p95,pooled,0.99,13,0,151,151,1,12.0,12.0,near_failure,near_failure,12,12,0.9983516483516484,0.9983516483516484
pca,pca_evr0p95,pooled,0.99,13,0,153,154,2,10.0,9.0,near_failure,near_failure,10,9,1.0,0.9997252747252747
pca,pca_evr0p95,pooled,0.99,13,0,156,162,7,7.0,1.0,near_failure,near_failure,7,1,1.0,0.9979591836734694
pca,pca_evr0p95,pooled,0.99,16,0,193,193,1,16.0,16.0,near_failure,near_failure,16,16,0.9928571428571428,0.9928571428571428
pca,pca_evr0p95,pooled,0.99,16,0,206,206,1,3.0,3.0,near_failure,near_failure,3,3,0.9923076923076924,0.9923076923076924
pca,pca_evr0p95,pooled,0.99,27,0,25,25,1,131.0,131.0,healthy,healthy,131,131,0.9967032967032968,0.9967032967032968
pca,pca_evr0p95,pooled,0.99,27,0,77,77,1,79.0,79.0,middle,middle,79,79,0.9906593406593408,0.9906593406593408
pca,pca_evr0p95,pooled,0.99,27,0,125,125,1,31.0,31.0,middle,middle,31,31,0.9989010989010988,0.9989010989010988
pca,pca_evr0p95,pooled,0.99,27,0,131,131,1,25.0,25.0,near_failure,near_failure,25,25,0.9967032967032968,0.9967032967032968
pca,pca_evr0p95,pooled,0.99,27,0,141,141,1,15.0,15.0,near_failure,near_failure,15,15,1.0,1.0
pca,pca_evr0p95,pooled,0.99,27,0,148,148,1,8.0,8.0,near_failure,near_failure,8,8,1.0,1.0
pca,pca_evr0p95,pooled,0.99,27,0,152,155,4,4.0,1.0,near_failure,near_failure,4,1,1.0,0.9997252747252747
pca,pca_evr0p95,pooled,0.99,31,0,23,23,1,211.0,211.0,healthy,healthy,211,211,0.9961538461538462,0.9961538461538462
pca,pca_evr0p95,pooled,0.99,31,0,75,75,1,159.0,159.0,healthy,healthy,159,159,0.99010989010989,0.99010989010989
pca,pca_evr0p95,pooled,0.99,31,0,121,122,2,113.0,112.0,middle,middle,113,112,0.9967032967032968,0.9947802197802198
pca,pca_evr0p95,pooled,0.99,31,0,217,218,2,17.0,16.0,near_failure,near_failure,17,16,0.9928571428571428,0.9928571428571428
pca,pca_evr0p95,pooled,0.99,34,0,2,2,1,193.0,193.0,healthy,healthy,193,193,0.9989010989010988,0.9989010989010988
pca,pca_evr0p95,pooled,0.99,34,0,77,77,1,118.0,118.0,middle,middle,118,118,0.9961538461538462,0.9961538461538462
pca,pca_evr0p95,pooled,0.99,34,0,170,170,1,25.0,25.0,near_failure,near_failure,25,25,0.9989010989010988,0.9989010989010988
pca,pca_evr0p95,pooled,0.99,34,0,175,177,3,20.0,18.0,near_failure,near_failure,20,18,0.9994505494505496,0.9948717948717949
pca,pca_evr0p95,pooled,0.99,34,0,179,195,17,16.0,0.0,near_failure,near_failure,16,0,1.0,0.9983516483516484
pca,pca_evr0p95,pooled,0.99,40,0,39,39,1,149.0,149.0,healthy,healthy,149,149,0.9989010989010988,0.9989010989010988
pca,pca_evr0p95,pooled,0.99,40,0,119,119,1,69.0,69.0,middle,middle,69,69,0.9928571428571428,0.9928571428571428
pca,pca_evr0p95,pooled,0.99,40,0,138,138,1,50.0,50.0,middle,middle,50,50,0.9983516483516484,0.9983516483516484
pca,pca_evr0p95,pooled,0.99,40,0,156,156,1,32.0,32.0,middle,middle,32,32,0.9928571428571428,0.9928571428571428
pca,pca_evr0p95,pooled,0.99,40,0,163,163,1,25.0,25.0,near_failure,near_failure,25,25,0.9928571428571428,0.9928571428571428
pca,pca_evr0p95,pooled,0.99,40,0,167,168,2,21.0,20.0,near_failure,near_failure,21,20,1.0,0.9983516483516484
pca,pca_evr0p95,pooled,0.99,40,0,170,170,1,18.0,18.0,near_failure,near_failure,18,18,0.9989010989010988,0.9989010989010988
pca,pca_evr0p95,pooled,0.99,40,0,172,173,2,16.0,15.0,near_failure,near_failure,16,15,1.0,0.996978021978022
pca,pca_evr0p95,pooled,0.99,40,0,179,179,1,9.0,9.0,near_failure,near_failure,9,9,1.0,1.0
pca,pca_evr0p95,pooled,0.99,40,0,181,181,1,7.0,7.0,near_failure,near_failure,7,7,1.0,1.0
pca,pca_evr0p95,pooled,0.99,40,0,184,188,5,4.0,0.0,near_failure,near_failure,4,0,1.0,0.9987912087912088
pca,pca_evr0p95,pooled,0.99,41,0,52,52,1,164.0,164.0,healthy,healthy,164,164,0.99010989010989,0.99010989010989
pca,pca_evr0p95,pooled,0.99,41,0,165,165,1,51.0,51.0,middle,middle,51,51,0.9928571428571428,0.9928571428571428
pca,pca_evr0p95,pooled,0.99,41,0,187,187,1,29.0,29.0,near_failure,near_failure,29,29,0.9983516483516484,0.9983516483516484
pca,pca_evr0p95,pooled,0.99,41,0,190,190,1,26.0,26.0,near_failure,near_failure,26,26,0.9983516483516484,0.9983516483516484
pca,pca_evr0p95,pooled,0.99,41,0,199,200,2,17.0,16.0,near_failure,near_failure,17,16,0.9967032967032968,0.9964285714285714
pca,pca_evr0p95,pooled,0.99,41,0,203,204,2,13.0,12.0,near_failure,near_failure,13,12,1.0,0.9975274725274725
pca,pca_evr0p95,pooled,0.99,41,0,206,210,5,10.0,6.0,near_failure,near_failure,10,6,1.0,0.9969230769230769
pca,pca_evr0p95,pooled,0.99,41,0,214,215,2,2.0,1.0,near_failure,near_failure,2,1,1.0,1.0
pca,pca_evr0p95,pooled,0.99,46,0,234,234,1,22.0,22.0,near_failure,near_failure,22,22,0.9967032967032968,0.9967032967032968
pca,pca_evr0p95,pooled,0.99,54,0,41,41,1,216.0,216.0,healthy,healthy,216,216,0.9967032967032968,0.9967032967032968
pca,pca_evr0p95,pooled,0.99,54,0,45,45,1,212.0,212.0,healthy,healthy,212,212,0.9928571428571428,0.9928571428571428
pca,pca_evr0p95,pooled,0.99,54,0,74,74,1,183.0,183.0,healthy,healthy,183,183,0.9906593406593408,0.9906593406593408
pca,pca_evr0p95,pooled,0.99,54,0,87,87,1,170.0,170.0,healthy,healthy,170,170,0.993956043956044,0.993956043956044
pca,pca_evr0p95,pooled,0.99,54,0,207,207,1,50.0,50.0,middle,middle,50,50,0.9989010989010988,0.9989010989010988
pca,pca_evr0p95,pooled,0.99,54,0,228,229,2,29.0,28.0,near_failure,near_failure,29,28,0.9994505494505496,0.9994505494505496
pca,pca_evr0p95,pooled,0.99,54,0,231,231,1,26.0,26.0,near_failure,near_failure,26,26,1.0,1.0
pca,pca_evr0p95,pooled,0.99,54,0,234,235,2,23.0,22.0,near_failure,near_failure,23,22,1.0,0.9980769230769231
pca,pca_evr0p95,pooled,0.99,54,0,237,241,5,20.0,16.0,near_failure,near_failure,20,16,1.0,0.9948351648351649
pca,pca_evr0p95,pooled,0.99,54,0,245,245,1,12.0,12.0,near_failure,near_failure,12,12,1.0,1.0
pca,pca_evr0p95,pooled,0.99,54,0,249,251,3,8.0,6.0,near_failure,near_failure,8,6,1.0,0.9987179487179487
pca,pca_evr0p95,pooled,0.99,54,0,253,257,5,4.0,0.0,near_failure,near_failure,4,0,1.0,0.9996703296703296
pca,pca_evr0p95,pooled,0.99,74,0,14,14,1,152.0,152.0,healthy,healthy,152,152,0.9972527472527472,0.9972527472527472
pca,pca_evr0p95,pooled,0.99,74,0,137,137,1,29.0,29.0,near_failure,near_failure,29,29,0.9972527472527472,0.9972527472527472
pca,pca_evr0p95,pooled,0.99,77,0,91,91,1,63.0,63.0,middle,middle,63,63,0.9945054945054944,0.9945054945054944
pca,pca_evr0p95,pooled,0.99,77,0,99,99,1,55.0,55.0,middle,middle,55,55,0.9961538461538462,0.9961538461538462
pca,pca_evr0p95,pooled,0.99,77,0,147,147,1,7.0,7.0,near_failure,near_failure,7,7,0.9989010989010988,0.9989010989010988
pca,pca_evr0p95,pooled,0.99,78,0,45,45,1,186.0,186.0,healthy,healthy,186,186,0.9967032967032968,0.9967032967032968
pca,pca_evr0p95,pooled,0.99,78,0,48,48,1,183.0,183.0,healthy,healthy,183,183,0.9906593406593408,0.9906593406593408
pca,pca_evr0p95,pooled,0.99,78,0,80,80,1,151.0,151.0,healthy,healthy,151,151,0.9989010989010988,0.9989010989010988
pca,pca_evr0p95,pooled,0.99,78,0,219,219,1,12.0,12.0,near_failure,near_failure,12,12,0.9989010989010988,0.9989010989010988
pca,pca_evr0p95,pooled,0.99,81,0,7,7,1,233.0,233.0,healthy,healthy,233,233,0.9978021978021978,0.9978021978021978
pca,pca_evr0p95,pooled,0.99,81,0,112,112,1,128.0,128.0,healthy,healthy,128,128,0.9967032967032968,0.9967032967032968
pca,pca_evr0p95,pooled,0.99,81,0,155,155,1,85.0,85.0,middle,middle,85,85,0.9934065934065934,0.9934065934065934
pca,pca_evr0p95,pooled,0.99,81,0,164,164,1,76.0,76.0,middle,middle,76,76,0.9945054945054944,0.9945054945054944
pca,pca_evr0p95,pooled,0.99,81,0,195,195,1,45.0,45.0,middle,middle,45,45,0.9923076923076924,0.9923076923076924
pca,pca_evr0p95,pooled,0.99,81,0,204,204,1,36.0,36.0,middle,middle,36,36,0.9906593406593408,0.9906593406593408
pca,pca_evr0p95,pooled,0.99,89,0,119,119,1,98.0,98.0,middle,middle,98,98,0.993956043956044,0.993956043956044
pca,pca_evr0p95,pooled,0.99,89,0,147,147,1,70.0,70.0,middle,middle,70,70,0.9978021978021978,0.9978021978021978
pca,pca_evr0p95,pooled,0.99,91,0,30,30,1,105.0,105.0,middle,middle,105,105,0.993956043956044,0.993956043956044
pca,pca_evr0p95,engine_balanced,0.9,1,0,4,4,1,188.0,188.0,healthy,healthy,188,188,0.9629629629629628,0.9629629629629628
pca,pca_evr0p95,engine_balanced,0.9,1,0,14,14,1,178.0,178.0,healthy,healthy,178,178,0.9282407407407408,0.9282407407407408
pca,pca_evr0p95,engine_balanced,0.9,1,0,27,27,1,165.0,165.0,healthy,healthy,165,165,0.9560185185185184,0.9560185185185184
pca,pca_evr0p95,engine_balanced,0.9,1,0,31,31,1,161.0,161.0,healthy,healthy,161,161,0.9074074074074074,0.9074074074074074
pca,pca_evr0p95,engine_balanced,0.9,1,0,43,43,1,149.0,149.0,healthy,healthy,149,149,0.9652777777777778,0.9652777777777778
pca,pca_evr0p95,engine_balanced,0.9,1,0,46,46,1,146.0,146.0,healthy,healthy,146,146,0.9027777777777778,0.9027777777777778
pca,pca_evr0p95,engine_balanced,0.9,1,0,63,63,1,129.0,129.0,healthy,healthy,129,129,0.9907407407407408,0.9907407407407408
pca,pca_evr0p95,engine_balanced,0.9,1,0,65,66,2,127.0,126.0,healthy,healthy,127,126,0.9583333333333334,0.931712962962963
pca,pca_evr0p95,engine_balanced,0.9,1,0,74,74,1,118.0,118.0,middle,middle,118,118,1.0,1.0
pca,pca_evr0p95,engine_balanced,0.9,1,0,78,78,1,114.0,114.0,middle,middle,114,114,0.9861111111111112,0.9861111111111112
pca,pca_evr0p95,engine_balanced,0.9,1,0,95,95,1,97.0,97.0,middle,middle,97,97,0.9351851851851852,0.9351851851851852
pca,pca_evr0p95,engine_balanced,0.9,1,0,102,102,1,90.0,90.0,middle,middle,90,90,0.9282407407407408,0.9282407407407408
pca,pca_evr0p95,engine_balanced,0.9,1,0,108,108,1,84.0,84.0,middle,middle,84,84,0.9791666666666666,0.9791666666666666
pca,pca_evr0p95,engine_balanced,0.9,1,0,121,121,1,71.0,71.0,middle,middle,71,71,0.9629629629629628,0.9629629629629628
pca,pca_evr0p95,engine_balanced,0.9,1,0,138,140,3,54.0,52.0,middle,middle,54,52,0.9814814814814816,0.951388888888889
pca,pca_evr0p95,engine_balanced,0.9,1,0,156,156,1,36.0,36.0,middle,middle,36,36,1.0,1.0
pca,pca_evr0p95,engine_balanced,0.9,1,0,164,164,1,28.0,28.0,near_failure,near_failure,28,28,0.9814814814814816,0.9814814814814816
pca,pca_evr0p95,engine_balanced,0.9,5,0,13,13,1,256.0,256.0,healthy,healthy,256,256,0.9398148148148148,0.9398148148148148
pca,pca_evr0p95,engine_balanced,0.9,5,0,15,15,1,254.0,254.0,healthy,healthy,254,254,0.960648148148148,0.960648148148148
pca,pca_evr0p95,engine_balanced,0.9,5,0,18,18,1,251.0,251.0,healthy,healthy,251,251,0.9907407407407408,0.9907407407407408
pca,pca_evr0p95,engine_balanced,0.9,5,0,32,32,1,237.0,237.0,healthy,healthy,237,237,0.9675925925925926,0.9675925925925926
pca,pca_evr0p95,engine_balanced,0.9,5,0,37,37,1,232.0,232.0,healthy,healthy,232,232,0.9699074074074074,0.9699074074074074
pca,pca_evr0p95,engine_balanced,0.9,5,0,46,46,1,223.0,223.0,healthy,healthy,223,223,0.9560185185185184,0.9560185185185184
pca,pca_evr0p95,engine_balanced,0.9,5,0,60,60,1,209.0,209.0,healthy,healthy,209,209,0.9699074074074074,0.9699074074074074
pca,pca_evr0p95,engine_balanced,0.9,5,0,72,72,1,197.0,197.0,healthy,healthy,197,197,0.9583333333333334,0.9583333333333334
pca,pca_evr0p95,engine_balanced,0.9,5,0,76,76,1,193.0,193.0,healthy,healthy,193,193,0.9907407407407408,0.9907407407407408
pca,pca_evr0p95,engine_balanced,0.9,5,0,111,111,1,158.0,158.0,healthy,healthy,158,158,0.9398148148148148,0.9398148148148148
pca,pca_evr0p95,engine_balanced,0.9,5,0,133,133,1,136.0,136.0,healthy,healthy,136,136,0.9004629629629629,0.9004629629629629
pca,pca_evr0p95,engine_balanced,0.9,5,0,139,139,1,130.0,130.0,healthy,healthy,130,130,0.9583333333333334,0.9583333333333334
pca,pca_evr0p95,engine_balanced,0.9,5,0,143,144,2,126.0,125.0,healthy,middle,126,125,0.960648148148148,0.9583333333333333
pca,pca_evr0p95,engine_balanced,0.9,5,0,161,161,1,108.0,108.0,middle,middle,108,108,0.9212962962962964,0.9212962962962964
pca,pca_evr0p95,engine_balanced,0.9,5,0,163,163,1,106.0,106.0,middle,middle,106,106,0.9421296296296297,0.9421296296296297
pca,pca_evr0p95,engine_balanced,0.9,5,0,165,165,1,104.0,104.0,middle,middle,104,104,0.9305555555555556,0.9305555555555556
pca,pca_evr0p95,engine_balanced,0.9,5,0,181,181,1,88.0,88.0,middle,middle,88,88,0.9236111111111112,0.9236111111111112
pca,pca_evr0p95,engine_balanced,0.9,5,0,184,184,1,85.0,85.0,middle,middle,85,85,0.9398148148148148,0.9398148148148148
pca,pca_evr0p95,engine_balanced,0.9,5,0,204,204,1,65.0,65.0,middle,middle,65,65,0.9097222222222222,0.9097222222222222
pca,pca_evr0p95,engine_balanced,0.9,5,0,217,220,4,52.0,49.0,middle,middle,52,49,0.9907407407407408,0.9519675925925928
pca,pca_evr0p95,engine_balanced,0.9,5,0,228,228,1,41.0,41.0,middle,middle,41,41,0.9513888888888888,0.9513888888888888
pca,pca_evr0p95,engine_balanced,0.9,5,0,230,235,6,39.0,34.0,middle,middle,39,34,1.0,0.9745370370370369
pca,pca_evr0p95,engine_balanced,0.9,5,0,239,241,3,30.0,28.0,near_failure,near_failure,30,28,1.0,0.9776234567901235
pca,pca_evr0p95,engine_balanced,0.9,5,0,243,246,4,26.0,23.0,near_failure,near_failure,26,23,1.0,0.994212962962963
pca,pca_evr0p95,engine_balanced,0.9,5,0,249,251,3,20.0,18.0,near_failure,near_failure,20,18,1.0,0.9969135802469137
pca,pca_evr0p95,engine_balanced,0.9,5,0,253,269,17,16.0,0.0,near_failure,near_failure,16,0,1.0,0.9828431372549019
pca,pca_evr0p95,engine_balanced,0.9,10,0,26,26,1,196.0,196.0,healthy,healthy,196,196,0.9629629629629628,0.9629629629629628
pca,pca_evr0p95,engine_balanced,0.9,10,0,60,60,1,162.0,162.0,healthy,healthy,162,162,1.0,1.0
pca,pca_evr0p95,engine_balanced,0.9,10,0,84,84,1,138.0,138.0,healthy,healthy,138,138,0.9907407407407408,0.9907407407407408
pca,pca_evr0p95,engine_balanced,0.9,10,0,88,88,1,134.0,134.0,healthy,healthy,134,134,0.914351851851852,0.914351851851852
pca,pca_evr0p95,engine_balanced,0.9,10,0,98,98,1,124.0,124.0,middle,middle,124,124,0.9421296296296297,0.9421296296296297
pca,pca_evr0p95,engine_balanced,0.9,10,0,103,103,1,119.0,119.0,middle,middle,119,119,0.9467592592592592,0.9467592592592592
pca,pca_evr0p95,engine_balanced,0.9,10,0,129,129,1,93.0,93.0,middle,middle,93,93,0.9050925925925926,0.9050925925925926
pca,pca_evr0p95,engine_balanced,0.9,10,0,144,144,1,78.0,78.0,middle,middle,78,78,0.9629629629629628,0.9629629629629628
pca,pca_evr0p95,engine_balanced,0.9,10,0,147,147,1,75.0,75.0,middle,middle,75,75,0.9976851851851852,0.9976851851851852
pca,pca_evr0p95,engine_balanced,0.9,10,0,153,153,1,69.0,69.0,middle,middle,69,69,0.9074074074074074,0.9074074074074074
pca,pca_evr0p95,engine_balanced,0.9,10,0,171,171,1,51.0,51.0,middle,middle,51,51,0.9745370370370372,0.9745370370370372
pca,pca_evr0p95,engine_balanced,0.9,10,0,176,176,1,46.0,46.0,middle,middle,46,46,0.9907407407407408,0.9907407407407408
pca,pca_evr0p95,engine_balanced,0.9,10,0,180,180,1,42.0,42.0,middle,middle,42,42,0.9791666666666666,0.9791666666666666
pca,pca_evr0p95,engine_balanced,0.9,10,0,183,183,1,39.0,39.0,middle,middle,39,39,0.9398148148148148,0.9398148148148148
pca,pca_evr0p95,engine_balanced,0.9,10,0,185,185,1,37.0,37.0,middle,middle,37,37,0.9583333333333334,0.9583333333333334
pca,pca_evr0p95,engine_balanced,0.9,10,0,201,201,1,21.0,21.0,near_failure,near_failure,21,21,0.9814814814814816,0.9814814814814816
pca,pca_evr0p95,engine_balanced,0.9,10,0,205,206,2,17.0,16.0,near_failure,near_failure,17,16,0.9861111111111112,0.9780092592592593
pca,pca_evr0p95,engine_balanced,0.9,10,0,208,208,1,14.0,14.0,near_failure,near_failure,14,14,0.9976851851851852,0.9976851851851852
pca,pca_evr0p95,engine_balanced,0.9,10,0,216,222,7,6.0,0.0,near_failure,near_failure,6,0,1.0,0.9874338624338624
pca,pca_evr0p95,engine_balanced,0.9,11,0,10,10,1,230.0,230.0,healthy,healthy,230,230,0.9907407407407408,0.9907407407407408
pca,pca_evr0p95,engine_balanced,0.9,11,0,31,32,2,209.0,208.0,healthy,healthy,209,208,0.9907407407407408,0.9652777777777778
pca,pca_evr0p95,engine_balanced,0.9,11,0,39,39,1,201.0,201.0,healthy,healthy,201,201,0.9027777777777778,0.9027777777777778
pca,pca_evr0p95,engine_balanced,0.9,11,0,60,60,1,180.0,180.0,healthy,healthy,180,180,0.9166666666666666,0.9166666666666666
pca,pca_evr0p95,engine_balanced,0.9,11,0,64,64,1,176.0,176.0,healthy,healthy,176,176,0.9236111111111112,0.9236111111111112
pca,pca_evr0p95,engine_balanced,0.9,11,0,67,67,1,173.0,173.0,healthy,healthy,173,173,0.9837962962962964,0.9837962962962964
pca,pca_evr0p95,engine_balanced,0.9,11,0,70,70,1,170.0,170.0,healthy,healthy,170,170,0.9629629629629628,0.9629629629629628
pca,pca_evr0p95,engine_balanced,0.9,11,0,73,73,1,167.0,167.0,healthy,healthy,167,167,0.9421296296296297,0.9421296296296297
pca,pca_evr0p95,engine_balanced,0.9,11,0,77,77,1,163.0,163.0,healthy,healthy,163,163,0.9027777777777778,0.9027777777777778
pca,pca_evr0p95,engine_balanced,0.9,11,0,82,82,1,158.0,158.0,healthy,healthy,158,158,0.9537037037037036,0.9537037037037036
pca,pca_evr0p95,engine_balanced,0.9,11,0,92,92,1,148.0,148.0,healthy,healthy,148,148,0.960648148148148,0.960648148148148
pca,pca_evr0p95,engine_balanced,0.9,11,0,106,106,1,134.0,134.0,healthy,healthy,134,134,0.9953703703703703,0.9953703703703703
pca,pca_evr0p95,engine_balanced,0.9,11,0,108,108,1,132.0,132.0,healthy,healthy,132,132,0.9907407407407408,0.9907407407407408
pca,pca_evr0p95,engine_balanced,0.9,11,0,118,118,1,122.0,122.0,middle,middle,122,122,0.9675925925925926,0.9675925925925926
pca,pca_evr0p95,engine_balanced,0.9,11,0,131,131,1,109.0,109.0,middle,middle,109,109,1.0,1.0
pca,pca_evr0p95,engine_balanced,0.9,11,0,136,136,1,104.0,104.0,middle,middle,104,104,0.9930555555555556,0.9930555555555556
pca,pca_evr0p95,engine_balanced,0.9,11,0,139,140,2,101.0,100.0,middle,middle,101,100,0.9907407407407408,0.9594907407407408
pca,pca_evr0p95,engine_balanced,0.9,11,0,143,143,1,97.0,97.0,middle,middle,97,97,0.9907407407407408,0.9907407407407408
pca,pca_evr0p95,engine_balanced,0.9,11,0,156,156,1,84.0,84.0,middle,middle,84,84,0.9560185185185184,0.9560185185185184
pca,pca_evr0p95,engine_balanced,0.9,11,0,175,175,1,65.0,65.0,middle,middle,65,65,0.9675925925925926,0.9675925925925926
pca,pca_evr0p95,engine_balanced,0.9,11,0,186,186,1,54.0,54.0,middle,middle,54,54,0.9930555555555556,0.9930555555555556
pca,pca_evr0p95,engine_balanced,0.9,11,0,188,188,1,52.0,52.0,middle,middle,52,52,0.9421296296296297,0.9421296296296297
pca,pca_evr0p95,engine_balanced,0.9,11,0,192,194,3,48.0,46.0,middle,middle,48,46,0.9907407407407408,0.9637345679012346
pca,pca_evr0p95,engine_balanced,0.9,11,0,197,197,1,43.0,43.0,middle,middle,43,43,0.9629629629629628,0.9629629629629628
pca,pca_evr0p95,engine_balanced,0.9,11,0,204,204,1,36.0,36.0,middle,middle,36,36,0.960648148148148,0.960648148148148
pca,pca_evr0p95,engine_balanced,0.9,11,0,207,207,1,33.0,33.0,middle,middle,33,33,0.9629629629629628,0.9629629629629628
pca,pca_evr0p95,engine_balanced,0.9,11,0,212,217,6,28.0,23.0,near_failure,near_failure,28,23,1.0,0.9783950617283951
pca,pca_evr0p95,engine_balanced,0.9,11,0,221,221,1,19.0,19.0,near_failure,near_failure,19,19,0.960648148148148,0.960648148148148
pca,pca_evr0p95,engine_balanced,0.9,11,0,223,223,1,17.0,17.0,near_failure,near_failure,17,17,0.976851851851852,0.976851851851852
pca,pca_evr0p95,engine_balanced,0.9,11,0,226,229,4,14.0,11.0,near_failure,near_failure,14,11,1.0,0.9756944444444444
pca,pca_evr0p95,engine_balanced,0.9,11,0,231,240,10,9.0,0.0,near_failure,near_failure,9,0,1.0,0.9916666666666668
pca,pca_evr0p95,engine_balanced,0.9,13,0,25,25,1,138.0,138.0,healthy,healthy,138,138,0.9398148148148148,0.9398148148148148
pca,pca_evr0p95,engine_balanced,0.9,13,0,30,30,1,133.0,133.0,healthy,healthy,133,133,0.9629629629629628,0.9629629629629628
pca,pca_evr0p95,engine_balanced,0.9,13,0,77,77,1,86.0,86.0,middle,middle,86,86,0.9398148148148148,0.9398148148148148
pca,pca_evr0p95,engine_balanced,0.9,13,0,111,111,1,52.0,52.0,middle,middle,52,52,0.9027777777777778,0.9027777777777778
pca,pca_evr0p95,engine_balanced,0.9,13,0,126,126,1,37.0,37.0,middle,middle,37,37,0.9398148148148148,0.9398148148148148
pca,pca_evr0p95,engine_balanced,0.9,13,0,134,134,1,29.0,29.0,near_failure,near_failure,29,29,0.976851851851852,0.976851851851852
pca,pca_evr0p95,engine_balanced,0.9,13,0,137,138,2,26.0,25.0,near_failure,near_failure,26,25,1.0,0.9780092592592592
pca,pca_evr0p95,engine_balanced,0.9,13,0,144,145,2,19.0,18.0,near_failure,near_failure,19,18,1.0,0.9953703703703705
pca,pca_evr0p95,engine_balanced,0.9,13,0,148,148,1,15.0,15.0,near_failure,near_failure,15,15,0.9675925925925926,0.9675925925925926
pca,pca_evr0p95,engine_balanced,0.9,13,0,150,163,14,13.0,0.0,near_failure,near_failure,13,0,1.0,0.9874338624338624
pca,pca_evr0p95,engine_balanced,0.9,16,0,5,5,1,204.0,204.0,healthy,healthy,204,204,0.9537037037037036,0.9537037037037036
pca,pca_evr0p95,engine_balanced,0.9,16,0,7,7,1,202.0,202.0,healthy,healthy,202,202,0.9907407407407408,0.9907407407407408
pca,pca_evr0p95,engine_balanced,0.9,16,0,15,15,1,194.0,194.0,healthy,healthy,194,194,0.9398148148148148,0.9398148148148148
pca,pca_evr0p95,engine_balanced,0.9,16,0,17,17,1,192.0,192.0,healthy,healthy,192,192,0.9861111111111112,0.9861111111111112
pca,pca_evr0p95,engine_balanced,0.9,16,0,52,52,1,157.0,157.0,healthy,healthy,157,157,0.9027777777777778,0.9027777777777778
pca,pca_evr0p95,engine_balanced,0.9,16,0,62,62,1,147.0,147.0,healthy,healthy,147,147,0.9583333333333334,0.9583333333333334
pca,pca_evr0p95,engine_balanced,0.9,16,0,93,93,1,116.0,116.0,middle,middle,116,116,0.9027777777777778,0.9027777777777778
pca,pca_evr0p95,engine_balanced,0.9,16,0,102,102,1,107.0,107.0,middle,middle,107,107,0.9467592592592592,0.9467592592592592
pca,pca_evr0p95,engine_balanced,0.9,16,0,125,125,1,84.0,84.0,middle,middle,84,84,0.9074074074074074,0.9074074074074074
pca,pca_evr0p95,engine_balanced,0.9,16,0,133,133,1,76.0,76.0,middle,middle,76,76,0.9907407407407408,0.9907407407407408
pca,pca_evr0p95,engine_balanced,0.9,16,0,135,135,1,74.0,74.0,middle,middle,74,74,0.9120370370370372,0.9120370370370372
pca,pca_evr0p95,engine_balanced,0.9,16,0,137,137,1,72.0,72.0,middle,middle,72,72,0.9444444444444444,0.9444444444444444
pca,pca_evr0p95,engine_balanced,0.9,16,0,172,172,1,37.0,37.0,middle,middle,37,37,0.9907407407407408,0.9907407407407408
pca,pca_evr0p95,engine_balanced,0.9,16,0,181,181,1,28.0,28.0,near_failure,near_failure,28,28,0.9027777777777778,0.9027777777777778
pca,pca_evr0p95,engine_balanced,0.9,16,0,183,183,1,26.0,26.0,near_failure,near_failure,26,26,0.9398148148148148,0.9398148148148148
pca,pca_evr0p95,engine_balanced,0.9,16,0,192,193,2,17.0,16.0,near_failure,near_failure,17,16,0.9930555555555556,0.9895833333333334
pca,pca_evr0p95,engine_balanced,0.9,16,0,206,206,1,3.0,3.0,near_failure,near_failure,3,3,0.9930555555555556,0.9930555555555556
pca,pca_evr0p95,engine_balanced,0.9,27,0,11,11,1,145.0,145.0,healthy,healthy,145,145,0.9398148148148148,0.9398148148148148
pca,pca_evr0p95,engine_balanced,0.9,27,0,14,14,1,142.0,142.0,healthy,healthy,142,142,0.9027777777777778,0.9027777777777778
pca,pca_evr0p95,engine_balanced,0.9,27,0,16,16,1,140.0,140.0,healthy,healthy,140,140,0.9027777777777778,0.9027777777777778
pca,pca_evr0p95,engine_balanced,0.9,27,0,24,25,2,132.0,131.0,healthy,healthy,132,131,1.0,0.9930555555555556
pca,pca_evr0p95,engine_balanced,0.9,27,0,32,32,1,124.0,124.0,middle,middle,124,124,0.9027777777777778,0.9027777777777778
pca,pca_evr0p95,engine_balanced,0.9,27,0,39,39,1,117.0,117.0,middle,middle,117,117,0.9583333333333334,0.9583333333333334
pca,pca_evr0p95,engine_balanced,0.9,27,0,43,43,1,113.0,113.0,middle,middle,113,113,0.9837962962962964,0.9837962962962964
pca,pca_evr0p95,engine_balanced,0.9,27,0,68,68,1,88.0,88.0,middle,middle,88,88,0.9560185185185184,0.9560185185185184
pca,pca_evr0p95,engine_balanced,0.9,27,0,75,75,1,81.0,81.0,middle,middle,81,81,0.9305555555555556,0.9305555555555556
pca,pca_evr0p95,engine_balanced,0.9,27,0,77,77,1,79.0,79.0,middle,middle,79,79,0.9907407407407408,0.9907407407407408
pca,pca_evr0p95,engine_balanced,0.9,27,0,79,79,1,77.0,77.0,middle,middle,77,77,0.9074074074074074,0.9074074074074074
pca,pca_evr0p95,engine_balanced,0.9,27,0,93,93,1,63.0,63.0,middle,middle,63,63,0.960648148148148,0.960648148148148
pca,pca_evr0p95,engine_balanced,0.9,27,0,95,95,1,61.0,61.0,middle,middle,61,61,0.960648148148148,0.960648148148148
pca,pca_evr0p95,engine_balanced,0.9,27,0,114,114,1,42.0,42.0,middle,middle,42,42,0.9837962962962964,0.9837962962962964
pca,pca_evr0p95,engine_balanced,0.9,27,0,125,125,1,31.0,31.0,middle,middle,31,31,1.0,1.0
pca,pca_evr0p95,engine_balanced,0.9,27,0,130,131,2,26.0,25.0,near_failure,near_failure,26,25,1.0,0.9837962962962963
pca,pca_evr0p95,engine_balanced,0.9,27,0,140,141,2,16.0,15.0,near_failure,near_failure,16,15,1.0,0.9826388888888888
pca,pca_evr0p95,engine_balanced,0.9,27,0,143,143,1,13.0,13.0,near_failure,near_failure,13,13,0.9907407407407408,0.9907407407407408
pca,pca_evr0p95,engine_balanced,0.9,27,0,146,156,11,10.0,0.0,near_failure,near_failure,10,0,1.0,0.9768518518518519
pca,pca_evr0p95,engine_balanced,0.9,31,0,8,8,1,226.0,226.0,healthy,healthy,226,226,0.9583333333333334,0.9583333333333334
pca,pca_evr0p95,engine_balanced,0.9,31,0,23,23,1,211.0,211.0,healthy,healthy,211,211,0.9976851851851852,0.9976851851851852
pca,pca_evr0p95,engine_balanced,0.9,31,0,26,26,1,208.0,208.0,healthy,healthy,208,208,0.9907407407407408,0.9907407407407408
pca,pca_evr0p95,engine_balanced,0.9,31,0,28,28,1,206.0,206.0,healthy,healthy,206,206,0.9351851851851852,0.9351851851851852
pca,pca_evr0p95,engine_balanced,0.9,31,0,64,64,1,170.0,170.0,healthy,healthy,170,170,0.960648148148148,0.960648148148148
pca,pca_evr0p95,engine_balanced,0.9,31,0,68,68,1,166.0,166.0,healthy,healthy,166,166,0.9837962962962964,0.9837962962962964
pca,pca_evr0p95,engine_balanced,0.9,31,0,74,75,2,160.0,159.0,healthy,healthy,160,159,0.9907407407407408,0.9467592592592593
pca,pca_evr0p95,engine_balanced,0.9,31,0,82,82,1,152.0,152.0,healthy,healthy,152,152,0.9537037037037036,0.9537037037037036
pca,pca_evr0p95,engine_balanced,0.9,31,0,92,92,1,142.0,142.0,healthy,healthy,142,142,0.9583333333333334,0.9583333333333334
pca,pca_evr0p95,engine_balanced,0.9,31,0,121,122,2,113.0,112.0,middle,middle,113,112,1.0,0.9965277777777778
pca,pca_evr0p95,engine_balanced,0.9,31,0,134,134,1,100.0,100.0,middle,middle,100,100,0.9120370370370372,0.9120370370370372
pca,pca_evr0p95,engine_balanced,0.9,31,0,161,162,2,73.0,72.0,middle,middle,73,72,0.960648148148148,0.9375
pca,pca_evr0p95,engine_balanced,0.9,31,0,164,164,1,70.0,70.0,middle,middle,70,70,0.9027777777777778,0.9027777777777778
pca,pca_evr0p95,engine_balanced,0.9,31,0,167,167,1,67.0,67.0,middle,middle,67,67,0.9652777777777778,0.9652777777777778
pca,pca_evr0p95,engine_balanced,0.9,31,0,187,187,1,47.0,47.0,middle,middle,47,47,0.9907407407407408,0.9907407407407408
pca,pca_evr0p95,engine_balanced,0.9,31,0,189,189,1,45.0,45.0,middle,middle,45,45,0.9907407407407408,0.9907407407407408
pca,pca_evr0p95,engine_balanced,0.9,31,0,192,192,1,42.0,42.0,middle,middle,42,42,0.9027777777777778,0.9027777777777778
pca,pca_evr0p95,engine_balanced,0.9,31,0,216,218,3,18.0,16.0,near_failure,near_failure,18,16,0.9930555555555556,0.9645061728395062
pca,pca_evr0p95,engine_balanced,0.9,31,0,221,221,1,13.0,13.0,near_failure,near_failure,13,13,0.9629629629629628,0.9629629629629628
pca,pca_evr0p95,engine_balanced,0.9,31,0,228,228,1,6.0,6.0,near_failure,near_failure,6,6,0.9444444444444444,0.9444444444444444
pca,pca_evr0p95,engine_balanced,0.9,31,0,232,232,1,2.0,2.0,near_failure,near_failure,2,2,0.9351851851851852,0.9351851851851852
pca,pca_evr0p95,engine_balanced,0.9,34,0,2,2,1,193.0,193.0,healthy,healthy,193,193,1.0,1.0
pca,pca_evr0p95,engine_balanced,0.9,34,0,26,26,1,169.0,169.0,healthy,healthy,169,169,0.960648148148148,0.960648148148148
pca,pca_evr0p95,engine_balanced,0.9,34,0,32,32,1,163.0,163.0,healthy,healthy,163,163,0.9421296296296297,0.9421296296296297
pca,pca_evr0p95,engine_balanced,0.9,34,0,51,51,1,144.0,144.0,healthy,healthy,144,144,0.9398148148148148,0.9398148148148148
pca,pca_evr0p95,engine_balanced,0.9,34,0,57,57,1,138.0,138.0,healthy,healthy,138,138,0.9027777777777778,0.9027777777777778
pca,pca_evr0p95,engine_balanced,0.9,34,0,71,71,1,124.0,124.0,middle,middle,124,124,0.9907407407407408,0.9907407407407408
pca,pca_evr0p95,engine_balanced,0.9,34,0,77,77,1,118.0,118.0,middle,middle,118,118,0.9976851851851852,0.9976851851851852
pca,pca_evr0p95,engine_balanced,0.9,34,0,94,94,1,101.0,101.0,middle,middle,101,101,0.960648148148148,0.960648148148148
pca,pca_evr0p95,engine_balanced,0.9,34,0,108,108,1,87.0,87.0,middle,middle,87,87,0.9699074074074074,0.9699074074074074
pca,pca_evr0p95,engine_balanced,0.9,34,0,121,121,1,74.0,74.0,middle,middle,74,74,0.960648148148148,0.960648148148148
pca,pca_evr0p95,engine_balanced,0.9,34,0,124,124,1,71.0,71.0,middle,middle,71,71,0.976851851851852,0.976851851851852
pca,pca_evr0p95,engine_balanced,0.9,34,0,130,130,1,65.0,65.0,middle,middle,65,65,0.960648148148148,0.960648148148148
pca,pca_evr0p95,engine_balanced,0.9,34,0,137,137,1,58.0,58.0,middle,middle,58,58,0.9398148148148148,0.9398148148148148
pca,pca_evr0p95,engine_balanced,0.9,34,0,149,149,1,46.0,46.0,middle,middle,46,46,0.9513888888888888,0.9513888888888888
pca,pca_evr0p95,engine_balanced,0.9,34,0,157,157,1,38.0,38.0,middle,middle,38,38,0.9907407407407408,0.9907407407407408
pca,pca_evr0p95,engine_balanced,0.9,34,0,160,160,1,35.0,35.0,middle,middle,35,35,0.9398148148148148,0.9398148148148148
pca,pca_evr0p95,engine_balanced,0.9,34,0,170,170,1,25.0,25.0,near_failure,near_failure,25,25,1.0,1.0
pca,pca_evr0p95,engine_balanced,0.9,34,0,172,172,1,23.0,23.0,near_failure,near_failure,23,23,0.9398148148148148,0.9398148148148148
pca,pca_evr0p95,engine_balanced,0.9,34,0,175,177,3,20.0,18.0,near_failure,near_failure,20,18,1.0,0.9953703703703703
pca,pca_evr0p95,engine_balanced,0.9,34,0,179,195,17,16.0,0.0,near_failure,near_failure,16,0,1.0,0.9993191721132897
pca,pca_evr0p95,engine_balanced,0.9,40,0,3,3,1,185.0,185.0,healthy,healthy,185,185,0.9583333333333334,0.9583333333333334
pca,pca_evr0p95,engine_balanced,0.9,40,0,21,21,1,167.0,167.0,healthy,healthy,167,167,0.9398148148148148,0.9398148148148148
pca,pca_evr0p95,engine_balanced,0.9,40,0,30,30,1,158.0,158.0,healthy,healthy,158,158,0.9907407407407408,0.9907407407407408
pca,pca_evr0p95,engine_balanced,0.9,40,0,39,39,1,149.0,149.0,healthy,healthy,149,149,1.0,1.0
pca,pca_evr0p95,engine_balanced,0.9,40,0,48,48,1,140.0,140.0,healthy,healthy,140,140,0.9629629629629628,0.9629629629629628
pca,pca_evr0p95,engine_balanced,0.9,40,0,69,69,1,119.0,119.0,middle,middle,119,119,0.9421296296296297,0.9421296296296297
pca,pca_evr0p95,engine_balanced,0.9,40,0,85,85,1,103.0,103.0,middle,middle,103,103,0.9513888888888888,0.9513888888888888
pca,pca_evr0p95,engine_balanced,0.9,40,0,119,119,1,69.0,69.0,middle,middle,69,69,0.9930555555555556,0.9930555555555556
pca,pca_evr0p95,engine_balanced,0.9,40,0,132,132,1,56.0,56.0,middle,middle,56,56,0.960648148148148,0.960648148148148
pca,pca_evr0p95,engine_balanced,0.9,40,0,138,138,1,50.0,50.0,middle,middle,50,50,1.0,1.0
pca,pca_evr0p95,engine_balanced,0.9,40,0,147,147,1,41.0,41.0,middle,middle,41,41,0.9513888888888888,0.9513888888888888
pca,pca_evr0p95,engine_balanced,0.9,40,0,149,151,3,39.0,37.0,middle,middle,39,37,0.9861111111111112,0.9768518518518517
pca,pca_evr0p95,engine_balanced,0.9,40,0,156,157,2,32.0,31.0,middle,middle,32,31,0.9930555555555556,0.9849537037037037
pca,pca_evr0p95,engine_balanced,0.9,40,0,163,164,2,25.0,24.0,near_failure,near_failure,25,24,0.9930555555555556,0.9895833333333334
pca,pca_evr0p95,engine_balanced,0.9,40,0,167,168,2,21.0,20.0,near_failure,near_failure,21,20,1.0,1.0
pca,pca_evr0p95,engine_balanced,0.9,40,0,170,173,4,18.0,15.0,near_failure,near_failure,18,15,1.0,0.9953703703703703
pca,pca_evr0p95,engine_balanced,0.9,40,0,175,175,1,13.0,13.0,near_failure,near_failure,13,13,0.976851851851852,0.976851851851852
pca,pca_evr0p95,engine_balanced,0.9,40,0,177,179,3,11.0,9.0,near_failure,near_failure,11,9,1.0,0.9768518518518517
pca,pca_evr0p95,engine_balanced,0.9,40,0,181,181,1,7.0,7.0,near_failure,near_failure,7,7,1.0,1.0
pca,pca_evr0p95,engine_balanced,0.9,40,0,184,188,5,4.0,0.0,near_failure,near_failure,4,0,1.0,0.999537037037037
pca,pca_evr0p95,engine_balanced,0.9,41,0,1,1,1,215.0,215.0,healthy,healthy,215,215,0.9652777777777778,0.9652777777777778
pca,pca_evr0p95,engine_balanced,0.9,41,0,17,17,1,199.0,199.0,healthy,healthy,199,199,0.9027777777777778,0.9027777777777778
pca,pca_evr0p95,engine_balanced,0.9,41,0,20,20,1,196.0,196.0,healthy,healthy,196,196,0.914351851851852,0.914351851851852
pca,pca_evr0p95,engine_balanced,0.9,41,0,23,23,1,193.0,193.0,healthy,healthy,193,193,0.925925925925926,0.925925925925926
pca,pca_evr0p95,engine_balanced,0.9,41,0,34,34,1,182.0,182.0,healthy,healthy,182,182,0.9027777777777778,0.9027777777777778
pca,pca_evr0p95,engine_balanced,0.9,41,0,42,43,2,174.0,173.0,healthy,healthy,174,173,0.9467592592592592,0.9247685185185185
pca,pca_evr0p95,engine_balanced,0.9,41,0,52,52,1,164.0,164.0,healthy,healthy,164,164,0.9907407407407408,0.9907407407407408
pca,pca_evr0p95,engine_balanced,0.9,41,0,61,61,1,155.0,155.0,healthy,healthy,155,155,0.9629629629629628,0.9629629629629628
pca,pca_evr0p95,engine_balanced,0.9,41,0,73,73,1,143.0,143.0,healthy,healthy,143,143,0.9837962962962964,0.9837962962962964
pca,pca_evr0p95,engine_balanced,0.9,41,0,99,99,1,117.0,117.0,middle,middle,117,117,0.9560185185185184,0.9560185185185184
pca,pca_evr0p95,engine_balanced,0.9,41,0,101,101,1,115.0,115.0,middle,middle,115,115,0.914351851851852,0.914351851851852
pca,pca_evr0p95,engine_balanced,0.9,41,0,106,106,1,110.0,110.0,middle,middle,110,110,0.9097222222222222,0.9097222222222222
pca,pca_evr0p95,engine_balanced,0.9,41,0,117,117,1,99.0,99.0,middle,middle,99,99,0.9074074074074074,0.9074074074074074
pca,pca_evr0p95,engine_balanced,0.9,41,0,122,122,1,94.0,94.0,middle,middle,94,94,0.9120370370370372,0.9120370370370372
pca,pca_evr0p95,engine_balanced,0.9,41,0,126,126,1,90.0,90.0,middle,middle,90,90,0.9166666666666666,0.9166666666666666
pca,pca_evr0p95,engine_balanced,0.9,41,0,141,141,1,75.0,75.0,middle,middle,75,75,0.976851851851852,0.976851851851852
pca,pca_evr0p95,engine_balanced,0.9,41,0,153,153,1,63.0,63.0,middle,middle,63,63,0.9027777777777778,0.9027777777777778
pca,pca_evr0p95,engine_balanced,0.9,41,0,158,158,1,58.0,58.0,middle,middle,58,58,0.9537037037037036,0.9537037037037036
pca,pca_evr0p95,engine_balanced,0.9,41,0,165,167,3,51.0,49.0,middle,middle,51,49,0.9930555555555556,0.9506172839506174
pca,pca_evr0p95,engine_balanced,0.9,41,0,171,171,1,45.0,45.0,middle,middle,45,45,0.9814814814814816,0.9814814814814816
pca,pca_evr0p95,engine_balanced,0.9,41,0,182,183,2,34.0,33.0,middle,middle,34,33,0.9236111111111112,0.9131944444444444
pca,pca_evr0p95,engine_balanced,0.9,41,0,186,190,5,30.0,26.0,near_failure,near_failure,30,26,1.0,0.9671296296296298
pca,pca_evr0p95,engine_balanced,0.9,41,0,193,194,2,23.0,22.0,near_failure,near_failure,23,22,0.9907407407407408,0.988425925925926
pca,pca_evr0p95,engine_balanced,0.9,41,0,196,196,1,20.0,20.0,near_failure,near_failure,20,20,0.9907407407407408,0.9907407407407408
pca,pca_evr0p95,engine_balanced,0.9,41,0,199,200,2,17.0,16.0,near_failure,near_failure,17,16,1.0,0.9988425925925926
pca,pca_evr0p95,engine_balanced,0.9,41,0,202,204,3,14.0,12.0,near_failure,near_failure,14,12,1.0,0.996141975308642
pca,pca_evr0p95,engine_balanced,0.9,41,0,206,216,11,10.0,0.0,near_failure,near_failure,10,0,1.0,0.9915824915824917
pca,pca_evr0p95,engine_balanced,0.9,45,0,5,5,1,153.0,153.0,healthy,healthy,153,153,0.9861111111111112,0.9861111111111112
pca,pca_evr0p95,engine_balanced,0.9,45,0,9,9,1,149.0,149.0,healthy,healthy,149,149,0.914351851851852,0.914351851851852
pca,pca_evr0p95,engine_balanced,0.9,45,0,17,17,1,141.0,141.0,healthy,healthy,141,141,0.9467592592592592,0.9467592592592592
pca,pca_evr0p95,engine_balanced,0.9,45,0,32,32,1,126.0,126.0,healthy,healthy,126,126,0.9074074074074074,0.9074074074074074
pca,pca_evr0p95,engine_balanced,0.9,45,0,34,34,1,124.0,124.0,middle,middle,124,124,0.9398148148148148,0.9398148148148148
pca,pca_evr0p95,engine_balanced,0.9,45,0,38,38,1,120.0,120.0,middle,middle,120,120,0.9282407407407408,0.9282407407407408
pca,pca_evr0p95,engine_balanced,0.9,45,0,40,40,1,118.0,118.0,middle,middle,118,118,0.9421296296296297,0.9421296296296297
pca,pca_evr0p95,engine_balanced,0.9,45,0,55,55,1,103.0,103.0,middle,middle,103,103,0.9861111111111112,0.9861111111111112
pca,pca_evr0p95,engine_balanced,0.9,45,0,85,85,1,73.0,73.0,middle,middle,73,73,0.9583333333333334,0.9583333333333334
pca,pca_evr0p95,engine_balanced,0.9,45,0,87,87,1,71.0,71.0,middle,middle,71,71,0.960648148148148,0.960648148148148
pca,pca_evr0p95,engine_balanced,0.9,45,0,97,97,1,61.0,61.0,middle,middle,61,61,0.9537037037037036,0.9537037037037036
pca,pca_evr0p95,engine_balanced,0.9,45,0,100,100,1,58.0,58.0,middle,middle,58,58,0.9305555555555556,0.9305555555555556
pca,pca_evr0p95,engine_balanced,0.9,45,0,124,124,1,34.0,34.0,middle,middle,34,34,0.9699074074074074,0.9699074074074074
pca,pca_evr0p95,engine_balanced,0.9,45,0,146,146,1,12.0,12.0,near_failure,near_failure,12,12,0.960648148148148,0.960648148148148
pca,pca_evr0p95,engine_balanced,0.9,45,0,153,153,1,5.0,5.0,near_failure,near_failure,5,5,0.9907407407407408,0.9907407407407408
pca,pca_evr0p95,engine_balanced,0.9,46,0,24,25,2,232.0,231.0,healthy,healthy,232,231,0.9027777777777778,0.9027777777777778
pca,pca_evr0p95,engine_balanced,0.9,46,0,35,35,1,221.0,221.0,healthy,healthy,221,221,0.9398148148148148,0.9398148148148148
pca,pca_evr0p95,engine_balanced,0.9,46,0,53,53,1,203.0,203.0,healthy,healthy,203,203,0.9629629629629628,0.9629629629629628
pca,pca_evr0p95,engine_balanced,0.9,46,0,56,56,1,200.0,200.0,healthy,healthy,200,200,0.9074074074074074,0.9074074074074074
pca,pca_evr0p95,engine_balanced,0.9,46,0,68,68,1,188.0,188.0,healthy,healthy,188,188,0.9421296296296297,0.9421296296296297
pca,pca_evr0p95,engine_balanced,0.9,46,0,72,73,2,184.0,183.0,healthy,healthy,184,183,0.9398148148148148,0.9386574074074074
pca,pca_evr0p95,engine_balanced,0.9,46,0,92,92,1,164.0,164.0,healthy,healthy,164,164,0.9027777777777778,0.9027777777777778
pca,pca_evr0p95,engine_balanced,0.9,46,0,108,108,1,148.0,148.0,healthy,healthy,148,148,0.9351851851851852,0.9351851851851852
pca,pca_evr0p95,engine_balanced,0.9,46,0,111,111,1,145.0,145.0,healthy,healthy,145,145,0.9629629629629628,0.9629629629629628
pca,pca_evr0p95,engine_balanced,0.9,46,0,125,125,1,131.0,131.0,healthy,healthy,131,131,0.9583333333333334,0.9583333333333334
pca,pca_evr0p95,engine_balanced,0.9,46,0,164,164,1,92.0,92.0,middle,middle,92,92,0.9629629629629628,0.9629629629629628
pca,pca_evr0p95,engine_balanced,0.9,46,0,170,170,1,86.0,86.0,middle,middle,86,86,0.960648148148148,0.960648148148148
pca,pca_evr0p95,engine_balanced,0.9,46,0,181,181,1,75.0,75.0,middle,middle,75,75,0.9282407407407408,0.9282407407407408
pca,pca_evr0p95,engine_balanced,0.9,46,0,189,189,1,67.0,67.0,middle,middle,67,67,0.9583333333333334,0.9583333333333334
pca,pca_evr0p95,engine_balanced,0.9,46,0,197,197,1,59.0,59.0,middle,middle,59,59,0.9699074074074074,0.9699074074074074
pca,pca_evr0p95,engine_balanced,0.9,46,0,199,199,1,57.0,57.0,middle,middle,57,57,0.9097222222222222,0.9097222222222222
pca,pca_evr0p95,engine_balanced,0.9,46,0,206,206,1,50.0,50.0,middle,middle,50,50,0.9074074074074074,0.9074074074074074
pca,pca_evr0p95,engine_balanced,0.9,46,0,212,212,1,44.0,44.0,middle,middle,44,44,0.960648148148148,0.960648148148148
pca,pca_evr0p95,engine_balanced,0.9,46,0,214,214,1,42.0,42.0,middle,middle,42,42,0.925925925925926,0.925925925925926
pca,pca_evr0p95,engine_balanced,0.9,46,0,234,234,1,22.0,22.0,near_failure,near_failure,22,22,1.0,1.0
pca,pca_evr0p95,engine_balanced,0.9,46,0,242,242,1,14.0,14.0,near_failure,near_failure,14,14,0.9166666666666666,0.9166666666666666
pca,pca_evr0p95,engine_balanced,0.9,46,0,253,254,2,3.0,2.0,near_failure,near_failure,3,2,0.9629629629629628,0.9583333333333333
pca,pca_evr0p95,engine_balanced,0.9,54,0,2,2,1,255.0,255.0,healthy,healthy,255,255,0.9467592592592592,0.9467592592592592
pca,pca_evr0p95,engine_balanced,0.9,54,0,15,15,1,242.0,242.0,healthy,healthy,242,242,0.9398148148148148,0.9398148148148148
pca,pca_evr0p95,engine_balanced,0.9,54,0,24,24,1,233.0,233.0,healthy,healthy,233,233,0.925925925925926,0.925925925925926
pca,pca_evr0p95,engine_balanced,0.9,54,0,28,28,1,229.0,229.0,healthy,healthy,229,229,0.9421296296296297,0.9421296296296297
pca,pca_evr0p95,engine_balanced,0.9,54,0,38,39,2,219.0,218.0,healthy,healthy,219,218,0.976851851851852,0.9444444444444446
pca,pca_evr0p95,engine_balanced,0.9,54,0,41,41,1,216.0,216.0,healthy,healthy,216,216,1.0,1.0
pca,pca_evr0p95,engine_balanced,0.9,54,0,45,45,1,212.0,212.0,healthy,healthy,212,212,0.9930555555555556,0.9930555555555556
pca,pca_evr0p95,engine_balanced,0.9,54,0,47,47,1,210.0,210.0,healthy,healthy,210,210,0.960648148148148,0.960648148148148
pca,pca_evr0p95,engine_balanced,0.9,54,0,54,54,1,203.0,203.0,healthy,healthy,203,203,0.9907407407407408,0.9907407407407408
pca,pca_evr0p95,engine_balanced,0.9,54,0,74,74,1,183.0,183.0,healthy,healthy,183,183,0.9907407407407408,0.9907407407407408
pca,pca_evr0p95,engine_balanced,0.9,54,0,78,78,1,179.0,179.0,healthy,healthy,179,179,0.9629629629629628,0.9629629629629628
pca,pca_evr0p95,engine_balanced,0.9,54,0,87,87,1,170.0,170.0,healthy,healthy,170,170,0.9953703703703703,0.9953703703703703
pca,pca_evr0p95,engine_balanced,0.9,54,0,93,93,1,164.0,164.0,healthy,healthy,164,164,0.9120370370370372,0.9120370370370372
pca,pca_evr0p95,engine_balanced,0.9,54,0,96,96,1,161.0,161.0,healthy,healthy,161,161,0.9861111111111112,0.9861111111111112
pca,pca_evr0p95,engine_balanced,0.9,54,0,103,103,1,154.0,154.0,healthy,healthy,154,154,0.9398148148148148,0.9398148148148148
pca,pca_evr0p95,engine_balanced,0.9,54,0,106,107,2,151.0,150.0,healthy,healthy,151,150,0.9861111111111112,0.9814814814814816
pca,pca_evr0p95,engine_balanced,0.9,54,0,120,120,1,137.0,137.0,healthy,healthy,137,137,0.9120370370370372,0.9120370370370372
pca,pca_evr0p95,engine_balanced,0.9,54,0,131,131,1,126.0,126.0,healthy,healthy,126,126,0.9629629629629628,0.9629629629629628
pca,pca_evr0p95,engine_balanced,0.9,54,0,137,137,1,120.0,120.0,middle,middle,120,120,0.9837962962962964,0.9837962962962964
pca,pca_evr0p95,engine_balanced,0.9,54,0,154,154,1,103.0,103.0,middle,middle,103,103,0.9583333333333334,0.9583333333333334
pca,pca_evr0p95,engine_balanced,0.9,54,0,158,159,2,99.0,98.0,middle,middle,99,98,0.976851851851852,0.9398148148148149
pca,pca_evr0p95,engine_balanced,0.9,54,0,182,182,1,75.0,75.0,middle,middle,75,75,0.9861111111111112,0.9861111111111112
pca,pca_evr0p95,engine_balanced,0.9,54,0,188,188,1,69.0,69.0,middle,middle,69,69,0.960648148148148,0.960648148148148
pca,pca_evr0p95,engine_balanced,0.9,54,0,201,201,1,56.0,56.0,middle,middle,56,56,0.9629629629629628,0.9629629629629628
pca,pca_evr0p95,engine_balanced,0.9,54,0,206,208,3,51.0,49.0,middle,middle,51,49,1.0,0.9537037037037037
pca,pca_evr0p95,engine_balanced,0.9,54,0,212,212,1,45.0,45.0,middle,middle,45,45,0.9513888888888888,0.9513888888888888
pca,pca_evr0p95,engine_balanced,0.9,54,0,214,214,1,43.0,43.0,middle,middle,43,43,0.9652777777777778,0.9652777777777778
pca,pca_evr0p95,engine_balanced,0.9,54,0,216,216,1,41.0,41.0,middle,middle,41,41,0.925925925925926,0.925925925925926
pca,pca_evr0p95,engine_balanced,0.9,54,0,219,219,1,38.0,38.0,middle,middle,38,38,0.9398148148148148,0.9398148148148148
pca,pca_evr0p95,engine_balanced,0.9,54,0,221,221,1,36.0,36.0,middle,middle,36,36,0.9907407407407408,0.9907407407407408
pca,pca_evr0p95,engine_balanced,0.9,54,0,223,224,2,34.0,33.0,middle,middle,34,33,0.9907407407407408,0.9907407407407408
pca,pca_evr0p95,engine_balanced,0.9,54,0,228,245,18,29.0,12.0,near_failure,near_failure,29,12,1.0,0.9823816872427984
pca,pca_evr0p95,engine_balanced,0.9,54,0,247,257,11,10.0,0.0,near_failure,near_failure,10,0,1.0,0.9915824915824917
pca,pca_evr0p95,engine_balanced,0.9,74,0,5,5,1,161.0,161.0,healthy,healthy,161,161,0.9050925925925926,0.9050925925925926
pca,pca_evr0p95,engine_balanced,0.9,74,0,9,9,1,157.0,157.0,healthy,healthy,157,157,0.9814814814814816,0.9814814814814816
pca,pca_evr0p95,engine_balanced,0.9,74,0,14,14,1,152.0,152.0,healthy,healthy,152,152,1.0,1.0
pca,pca_evr0p95,engine_balanced,0.9,74,0,24,24,1,142.0,142.0,healthy,healthy,142,142,0.9583333333333334,0.9583333333333334
pca,pca_evr0p95,engine_balanced,0.9,74,0,50,50,1,116.0,116.0,middle,middle,116,116,0.9282407407407408,0.9282407407407408
pca,pca_evr0p95,engine_balanced,0.9,74,0,56,57,2,110.0,109.0,middle,middle,110,109,0.9560185185185184,0.9328703703703702
pca,pca_evr0p95,engine_balanced,0.9,74,0,61,61,1,105.0,105.0,middle,middle,105,105,0.9421296296296297,0.9421296296296297
pca,pca_evr0p95,engine_balanced,0.9,74,0,67,67,1,99.0,99.0,middle,middle,99,99,0.9097222222222222,0.9097222222222222
pca,pca_evr0p95,engine_balanced,0.9,74,0,75,75,1,91.0,91.0,middle,middle,91,91,0.960648148148148,0.960648148148148
pca,pca_evr0p95,engine_balanced,0.9,74,0,78,78,1,88.0,88.0,middle,middle,88,88,0.914351851851852,0.914351851851852
pca,pca_evr0p95,engine_balanced,0.9,74,0,84,84,1,82.0,82.0,middle,middle,82,82,0.9166666666666666,0.9166666666666666
pca,pca_evr0p95,engine_balanced,0.9,74,0,86,87,2,80.0,79.0,middle,middle,80,79,0.9907407407407408,0.9826388888888891
pca,pca_evr0p95,engine_balanced,0.9,74,0,91,91,1,75.0,75.0,middle,middle,75,75,0.9398148148148148,0.9398148148148148
pca,pca_evr0p95,engine_balanced,0.9,74,0,106,106,1,60.0,60.0,middle,middle,60,60,0.960648148148148,0.960648148148148
pca,pca_evr0p95,engine_balanced,0.9,74,0,116,116,1,50.0,50.0,middle,middle,50,50,0.9398148148148148,0.9398148148148148
pca,pca_evr0p95,engine_balanced,0.9,74,0,128,128,1,38.0,38.0,middle,middle,38,38,0.9444444444444444,0.9444444444444444
pca,pca_evr0p95,engine_balanced,0.9,74,0,131,131,1,35.0,35.0,middle,middle,35,35,0.9398148148148148,0.9398148148148148
pca,pca_evr0p95,engine_balanced,0.9,74,0,137,137,1,29.0,29.0,near_failure,near_failure,29,29,1.0,1.0
pca,pca_evr0p95,engine_balanced,0.9,74,0,143,143,1,23.0,23.0,near_failure,near_failure,23,23,0.9398148148148148,0.9398148148148148
pca,pca_evr0p95,engine_balanced,0.9,74,0,155,155,1,11.0,11.0,near_failure,near_failure,11,11,0.9120370370370372,0.9120370370370372
pca,pca_evr0p95,engine_balanced,0.9,77,0,19,19,1,135.0,135.0,healthy,healthy,135,135,0.9074074074074074,0.9074074074074074
pca,pca_evr0p95,engine_balanced,0.9,77,0,48,48,1,106.0,106.0,middle,middle,106,106,0.9583333333333334,0.9583333333333334
pca,pca_evr0p95,engine_balanced,0.9,77,0,65,65,1,89.0,89.0,middle,middle,89,89,0.9351851851851852,0.9351851851851852
pca,pca_evr0p95,engine_balanced,0.9,77,0,81,81,1,73.0,73.0,middle,middle,73,73,0.9282407407407408,0.9282407407407408
pca,pca_evr0p95,engine_balanced,0.9,77,0,91,91,1,63.0,63.0,middle,middle,63,63,0.9953703703703703,0.9953703703703703
pca,pca_evr0p95,engine_balanced,0.9,77,0,99,99,1,55.0,55.0,middle,middle,55,55,0.9976851851851852,0.9976851851851852
pca,pca_evr0p95,engine_balanced,0.9,77,0,104,104,1,50.0,50.0,middle,middle,50,50,0.9907407407407408,0.9907407407407408
pca,pca_evr0p95,engine_balanced,0.9,77,0,147,148,2,7.0,6.0,near_failure,near_failure,7,6,1.0,0.9699074074074074
pca,pca_evr0p95,engine_balanced,0.9,77,0,151,151,1,3.0,3.0,near_failure,near_failure,3,3,0.9583333333333334,0.9583333333333334
pca,pca_evr0p95,engine_balanced,0.9,78,0,3,3,1,228.0,228.0,healthy,healthy,228,228,0.9629629629629628,0.9629629629629628
pca,pca_evr0p95,engine_balanced,0.9,78,0,19,19,1,212.0,212.0,healthy,healthy,212,212,0.9282407407407408,0.9282407407407408
pca,pca_evr0p95,engine_balanced,0.9,78,0,41,41,1,190.0,190.0,healthy,healthy,190,190,0.9421296296296297,0.9421296296296297
pca,pca_evr0p95,engine_balanced,0.9,78,0,45,45,1,186.0,186.0,healthy,healthy,186,186,1.0,1.0
pca,pca_evr0p95,engine_balanced,0.9,78,0,48,48,1,183.0,183.0,healthy,healthy,183,183,0.9907407407407408,0.9907407407407408
pca,pca_evr0p95,engine_balanced,0.9,78,0,73,73,1,158.0,158.0,healthy,healthy,158,158,0.9629629629629628,0.9629629629629628
pca,pca_evr0p95,engine_balanced,0.9,78,0,80,80,1,151.0,151.0,healthy,healthy,151,151,1.0,1.0
pca,pca_evr0p95,engine_balanced,0.9,78,0,90,90,1,141.0,141.0,healthy,healthy,141,141,0.9907407407407408,0.9907407407407408
pca,pca_evr0p95,engine_balanced,0.9,78,0,94,94,1,137.0,137.0,healthy,healthy,137,137,0.9629629629629628,0.9629629629629628
pca,pca_evr0p95,engine_balanced,0.9,78,0,105,106,2,126.0,125.0,healthy,middle,126,125,0.9629629629629628,0.9618055555555554
pca,pca_evr0p95,engine_balanced,0.9,78,0,114,114,1,117.0,117.0,middle,middle,117,117,0.9861111111111112,0.9861111111111112
pca,pca_evr0p95,engine_balanced,0.9,78,0,118,118,1,113.0,113.0,middle,middle,113,113,0.9120370370370372,0.9120370370370372
pca,pca_evr0p95,engine_balanced,0.9,78,0,129,129,1,102.0,102.0,middle,middle,102,102,0.9699074074074074,0.9699074074074074
pca,pca_evr0p95,engine_balanced,0.9,78,0,140,140,1,91.0,91.0,middle,middle,91,91,0.976851851851852,0.976851851851852
pca,pca_evr0p95,engine_balanced,0.9,78,0,176,176,1,55.0,55.0,middle,middle,55,55,0.9212962962962964,0.9212962962962964
pca,pca_evr0p95,engine_balanced,0.9,78,0,196,196,1,35.0,35.0,middle,middle,35,35,0.9097222222222222,0.9097222222222222
pca,pca_evr0p95,engine_balanced,0.9,78,0,200,200,1,31.0,31.0,middle,middle,31,31,0.9120370370370372,0.9120370370370372
pca,pca_evr0p95,engine_balanced,0.9,78,0,202,202,1,29.0,29.0,near_failure,near_failure,29,29,0.9398148148148148,0.9398148148148148
pca,pca_evr0p95,engine_balanced,0.9,78,0,206,206,1,25.0,25.0,near_failure,near_failure,25,25,0.9398148148148148,0.9398148148148148
pca,pca_evr0p95,engine_balanced,0.9,78,0,213,213,1,18.0,18.0,near_failure,near_failure,18,18,0.9861111111111112,0.9861111111111112
pca,pca_evr0p95,engine_balanced,0.9,78,0,218,219,2,13.0,12.0,near_failure,near_failure,13,12,1.0,0.9513888888888888
pca,pca_evr0p95,engine_balanced,0.9,78,0,224,224,1,7.0,7.0,near_failure,near_failure,7,7,0.960648148148148,0.960648148148148
pca,pca_evr0p95,engine_balanced,0.9,78,0,230,230,1,1.0,1.0,near_failure,near_failure,1,1,0.9467592592592592,0.9467592592592592
pca,pca_evr0p95,engine_balanced,0.9,81,0,7,7,1,233.0,233.0,healthy,healthy,233,233,1.0,1.0
pca,pca_evr0p95,engine_balanced,0.9,81,0,30,30,1,210.0,210.0,healthy,healthy,210,210,0.9583333333333334,0.9583333333333334
pca,pca_evr0p95,engine_balanced,0.9,81,0,35,35,1,205.0,205.0,healthy,healthy,205,205,0.9421296296296297,0.9421296296296297
pca,pca_evr0p95,engine_balanced,0.9,81,0,42,42,1,198.0,198.0,healthy,healthy,198,198,0.9583333333333334,0.9583333333333334
pca,pca_evr0p95,engine_balanced,0.9,81,0,47,47,1,193.0,193.0,healthy,healthy,193,193,0.9421296296296297,0.9421296296296297
pca,pca_evr0p95,engine_balanced,0.9,81,0,62,62,1,178.0,178.0,healthy,healthy,178,178,0.9212962962962964,0.9212962962962964
pca,pca_evr0p95,engine_balanced,0.9,81,0,66,66,1,174.0,174.0,healthy,healthy,174,174,0.9398148148148148,0.9398148148148148
pca,pca_evr0p95,engine_balanced,0.9,81,0,71,71,1,169.0,169.0,healthy,healthy,169,169,0.9305555555555556,0.9305555555555556
pca,pca_evr0p95,engine_balanced,0.9,81,0,94,94,1,146.0,146.0,healthy,healthy,146,146,0.9212962962962964,0.9212962962962964
pca,pca_evr0p95,engine_balanced,0.9,81,0,112,112,1,128.0,128.0,healthy,healthy,128,128,1.0,1.0
pca,pca_evr0p95,engine_balanced,0.9,81,0,129,129,1,111.0,111.0,middle,middle,111,111,0.9629629629629628,0.9629629629629628
pca,pca_evr0p95,engine_balanced,0.9,81,0,134,134,1,106.0,106.0,middle,middle,106,106,0.9027777777777778,0.9027777777777778
pca,pca_evr0p95,engine_balanced,0.9,81,0,154,155,2,86.0,85.0,middle,middle,86,85,0.9953703703703703,0.9814814814814814
pca,pca_evr0p95,engine_balanced,0.9,81,0,164,164,1,76.0,76.0,middle,middle,76,76,0.9953703703703703,0.9953703703703703
pca,pca_evr0p95,engine_balanced,0.9,81,0,171,171,1,69.0,69.0,middle,middle,69,69,0.9398148148148148,0.9398148148148148
pca,pca_evr0p95,engine_balanced,0.9,81,0,185,185,1,55.0,55.0,middle,middle,55,55,0.9421296296296297,0.9421296296296297
pca,pca_evr0p95,engine_balanced,0.9,81,0,195,196,2,45.0,44.0,middle,middle,45,44,0.9930555555555556,0.96875
pca,pca_evr0p95,engine_balanced,0.9,81,0,200,200,1,40.0,40.0,middle,middle,40,40,0.960648148148148,0.960648148148148
pca,pca_evr0p95,engine_balanced,0.9,81,0,204,205,2,36.0,35.0,middle,middle,36,35,0.9907407407407408,0.9467592592592593
pca,pca_evr0p95,engine_balanced,0.9,81,0,215,215,1,25.0,25.0,near_failure,near_failure,25,25,0.9444444444444444,0.9444444444444444
pca,pca_evr0p95,engine_balanced,0.9,81,0,217,217,1,23.0,23.0,near_failure,near_failure,23,23,0.914351851851852,0.914351851851852
pca,pca_evr0p95,engine_balanced,0.9,81,0,229,229,1,11.0,11.0,near_failure,near_failure,11,11,0.9675925925925926,0.9675925925925926
pca,pca_evr0p95,engine_balanced,0.9,81,0,232,232,1,8.0,8.0,near_failure,near_failure,8,8,0.9074074074074074,0.9074074074074074
pca,pca_evr0p95,engine_balanced,0.9,81,0,238,239,2,2.0,1.0,near_failure,near_failure,2,1,0.9861111111111112,0.9837962962962964
pca,pca_evr0p95,engine_balanced,0.9,89,0,15,15,1,202.0,202.0,healthy,healthy,202,202,0.9027777777777778,0.9027777777777778
pca,pca_evr0p95,engine_balanced,0.9,89,0,23,23,1,194.0,194.0,healthy,healthy,194,194,0.9814814814814816,0.9814814814814816
pca,pca_evr0p95,engine_balanced,0.9,89,0,32,32,1,185.0,185.0,healthy,healthy,185,185,0.9907407407407408,0.9907407407407408
pca,pca_evr0p95,engine_balanced,0.9,89,0,66,66,1,151.0,151.0,healthy,healthy,151,151,0.9212962962962964,0.9212962962962964
pca,pca_evr0p95,engine_balanced,0.9,89,0,117,117,1,100.0,100.0,middle,middle,100,100,0.9027777777777778,0.9027777777777778
pca,pca_evr0p95,engine_balanced,0.9,89,0,119,119,1,98.0,98.0,middle,middle,98,98,0.9953703703703703,0.9953703703703703
pca,pca_evr0p95,engine_balanced,0.9,89,0,129,129,1,88.0,88.0,middle,middle,88,88,0.9282407407407408,0.9282407407407408
pca,pca_evr0p95,engine_balanced,0.9,89,0,137,137,1,80.0,80.0,middle,middle,80,80,0.9421296296296297,0.9421296296296297
pca,pca_evr0p95,engine_balanced,0.9,89,0,147,147,1,70.0,70.0,middle,middle,70,70,1.0,1.0
pca,pca_evr0p95,engine_balanced,0.9,89,0,150,150,1,67.0,67.0,middle,middle,67,67,0.9467592592592592,0.9467592592592592
pca,pca_evr0p95,engine_balanced,0.9,89,0,154,154,1,63.0,63.0,middle,middle,63,63,0.9629629629629628,0.9629629629629628
pca,pca_evr0p95,engine_balanced,0.9,89,0,157,157,1,60.0,60.0,middle,middle,60,60,0.9074074074074074,0.9074074074074074
pca,pca_evr0p95,engine_balanced,0.9,89,0,181,181,1,36.0,36.0,middle,middle,36,36,0.9675925925925926,0.9675925925925926
pca,pca_evr0p95,engine_balanced,0.9,89,0,185,185,1,32.0,32.0,middle,middle,32,32,0.9675925925925926,0.9675925925925926
pca,pca_evr0p95,engine_balanced,0.9,89,0,188,189,2,29.0,28.0,near_failure,near_failure,29,28,0.9583333333333334,0.9363425925925927
pca,pca_evr0p95,engine_balanced,0.9,89,0,199,199,1,18.0,18.0,near_failure,near_failure,18,18,0.9398148148148148,0.9398148148148148
pca,pca_evr0p95,engine_balanced,0.9,89,0,214,214,1,3.0,3.0,near_failure,near_failure,3,3,0.976851851851852,0.976851851851852
pca,pca_evr0p95,engine_balanced,0.9,89,0,216,217,2,1.0,0.0,near_failure,near_failure,1,0,0.9444444444444444,0.9351851851851852
pca,pca_evr0p95,engine_balanced,0.9,91,0,3,3,1,132.0,132.0,healthy,healthy,132,132,0.9583333333333334,0.9583333333333334
pca,pca_evr0p95,engine_balanced,0.9,91,0,7,7,1,128.0,128.0,healthy,healthy,128,128,0.9467592592592592,0.9467592592592592
pca,pca_evr0p95,engine_balanced,0.9,91,0,30,31,2,105.0,104.0,middle,middle,105,104,0.9953703703703703,0.9791666666666665
pca,pca_evr0p95,engine_balanced,0.9,91,0,36,36,1,99.0,99.0,middle,middle,99,99,0.914351851851852,0.914351851851852
pca,pca_evr0p95,engine_balanced,0.9,91,0,38,38,1,97.0,97.0,middle,middle,97,97,0.9861111111111112,0.9861111111111112
pca,pca_evr0p95,engine_balanced,0.9,91,0,58,58,1,77.0,77.0,middle,middle,77,77,0.9027777777777778,0.9027777777777778
pca,pca_evr0p95,engine_balanced,0.9,91,0,77,78,2,58.0,57.0,middle,middle,58,57,0.9351851851851852,0.9189814814814815
pca,pca_evr0p95,engine_balanced,0.9,91,0,95,95,1,40.0,40.0,middle,middle,40,40,0.9907407407407408,0.9907407407407408
pca,pca_evr0p95,engine_balanced,0.9,91,0,106,106,1,29.0,29.0,near_failure,near_failure,29,29,0.9398148148148148,0.9398148148148148
pca,pca_evr0p95,engine_balanced,0.95,1,0,4,4,1,188.0,188.0,healthy,healthy,188,188,0.9629629629629628,0.9629629629629628
pca,pca_evr0p95,engine_balanced,0.95,1,0,27,27,1,165.0,165.0,healthy,healthy,165,165,0.9560185185185184,0.9560185185185184
pca,pca_evr0p95,engine_balanced,0.95,1,0,43,43,1,149.0,149.0,healthy,healthy,149,149,0.9652777777777778,0.9652777777777778
pca,pca_evr0p95,engine_balanced,0.95,1,0,63,63,1,129.0,129.0,healthy,healthy,129,129,0.9907407407407408,0.9907407407407408
pca,pca_evr0p95,engine_balanced,0.95,1,0,65,65,1,127.0,127.0,healthy,healthy,127,127,0.9583333333333334,0.9583333333333334
pca,pca_evr0p95,engine_balanced,0.95,1,0,74,74,1,118.0,118.0,middle,middle,118,118,1.0,1.0
pca,pca_evr0p95,engine_balanced,0.95,1,0,78,78,1,114.0,114.0,middle,middle,114,114,0.9861111111111112,0.9861111111111112
pca,pca_evr0p95,engine_balanced,0.95,1,0,108,108,1,84.0,84.0,middle,middle,84,84,0.9791666666666666,0.9791666666666666
pca,pca_evr0p95,engine_balanced,0.95,1,0,121,121,1,71.0,71.0,middle,middle,71,71,0.9629629629629628,0.9629629629629628
pca,pca_evr0p95,engine_balanced,0.95,1,0,140,140,1,52.0,52.0,middle,middle,52,52,0.9814814814814816,0.9814814814814816
pca,pca_evr0p95,engine_balanced,0.95,1,0,156,156,1,36.0,36.0,middle,middle,36,36,1.0,1.0
pca,pca_evr0p95,engine_balanced,0.95,1,0,164,164,1,28.0,28.0,near_failure,near_failure,28,28,0.9814814814814816,0.9814814814814816
pca,pca_evr0p95,engine_balanced,0.95,5,0,15,15,1,254.0,254.0,healthy,healthy,254,254,0.960648148148148,0.960648148148148
pca,pca_evr0p95,engine_balanced,0.95,5,0,18,18,1,251.0,251.0,healthy,healthy,251,251,0.9907407407407408,0.9907407407407408
pca,pca_evr0p95,engine_balanced,0.95,5,0,32,32,1,237.0,237.0,healthy,healthy,237,237,0.9675925925925926,0.9675925925925926
pca,pca_evr0p95,engine_balanced,0.95,5,0,37,37,1,232.0,232.0,healthy,healthy,232,232,0.9699074074074074,0.9699074074074074
pca,pca_evr0p95,engine_balanced,0.95,5,0,46,46,1,223.0,223.0,healthy,healthy,223,223,0.9560185185185184,0.9560185185185184
pca,pca_evr0p95,engine_balanced,0.95,5,0,60,60,1,209.0,209.0,healthy,healthy,209,209,0.9699074074074074,0.9699074074074074
pca,pca_evr0p95,engine_balanced,0.95,5,0,72,72,1,197.0,197.0,healthy,healthy,197,197,0.9583333333333334,0.9583333333333334
pca,pca_evr0p95,engine_balanced,0.95,5,0,76,76,1,193.0,193.0,healthy,healthy,193,193,0.9907407407407408,0.9907407407407408
pca,pca_evr0p95,engine_balanced,0.95,5,0,139,139,1,130.0,130.0,healthy,healthy,130,130,0.9583333333333334,0.9583333333333334
pca,pca_evr0p95,engine_balanced,0.95,5,0,143,144,2,126.0,125.0,healthy,middle,126,125,0.960648148148148,0.9583333333333333
pca,pca_evr0p95,engine_balanced,0.95,5,0,218,218,1,51.0,51.0,middle,middle,51,51,0.9907407407407408,0.9907407407407408
pca,pca_evr0p95,engine_balanced,0.95,5,0,220,220,1,49.0,49.0,middle,middle,49,49,0.9907407407407408,0.9907407407407408
pca,pca_evr0p95,engine_balanced,0.95,5,0,228,228,1,41.0,41.0,middle,middle,41,41,0.9513888888888888,0.9513888888888888
pca,pca_evr0p95,engine_balanced,0.95,5,0,230,230,1,39.0,39.0,middle,middle,39,39,0.9907407407407408,0.9907407407407408
pca,pca_evr0p95,engine_balanced,0.95,5,0,232,235,4,37.0,34.0,middle,middle,37,34,1.0,0.9884259259259259
pca,pca_evr0p95,engine_balanced,0.95,5,0,239,240,2,30.0,29.0,near_failure,near_failure,30,29,1.0,0.9953703703703705
pca,pca_evr0p95,engine_balanced,0.95,5,0,243,246,4,26.0,23.0,near_failure,near_failure,26,23,1.0,0.994212962962963
pca,pca_evr0p95,engine_balanced,0.95,5,0,249,251,3,20.0,18.0,near_failure,near_failure,20,18,1.0,0.9969135802469137
pca,pca_evr0p95,engine_balanced,0.95,5,0,253,257,5,16.0,12.0,near_failure,near_failure,16,12,1.0,0.9819444444444443
pca,pca_evr0p95,engine_balanced,0.95,5,0,259,266,8,10.0,3.0,near_failure,near_failure,10,3,1.0,0.990162037037037
pca,pca_evr0p95,engine_balanced,0.95,5,0,268,269,2,1.0,0.0,near_failure,near_failure,1,0,1.0,0.9953703703703705
pca,pca_evr0p95,engine_balanced,0.95,10,0,26,26,1,196.0,196.0,healthy,healthy,196,196,0.9629629629629628,0.9629629629629628
pca,pca_evr0p95,engine_balanced,0.95,10,0,60,60,1,162.0,162.0,healthy,healthy,162,162,1.0,1.0
pca,pca_evr0p95,engine_balanced,0.95,10,0,84,84,1,138.0,138.0,healthy,healthy,138,138,0.9907407407407408,0.9907407407407408
pca,pca_evr0p95,engine_balanced,0.95,10,0,144,144,1,78.0,78.0,middle,middle,78,78,0.9629629629629628,0.9629629629629628
pca,pca_evr0p95,engine_balanced,0.95,10,0,147,147,1,75.0,75.0,middle,middle,75,75,0.9976851851851852,0.9976851851851852
pca,pca_evr0p95,engine_balanced,0.95,10,0,171,171,1,51.0,51.0,middle,middle,51,51,0.9745370370370372,0.9745370370370372
pca,pca_evr0p95,engine_balanced,0.95,10,0,176,176,1,46.0,46.0,middle,middle,46,46,0.9907407407407408,0.9907407407407408
pca,pca_evr0p95,engine_balanced,0.95,10,0,180,180,1,42.0,42.0,middle,middle,42,42,0.9791666666666666,0.9791666666666666
pca,pca_evr0p95,engine_balanced,0.95,10,0,185,185,1,37.0,37.0,middle,middle,37,37,0.9583333333333334,0.9583333333333334
pca,pca_evr0p95,engine_balanced,0.95,10,0,201,201,1,21.0,21.0,near_failure,near_failure,21,21,0.9814814814814816,0.9814814814814816
pca,pca_evr0p95,engine_balanced,0.95,10,0,205,206,2,17.0,16.0,near_failure,near_failure,17,16,0.9861111111111112,0.9780092592592593
pca,pca_evr0p95,engine_balanced,0.95,10,0,208,208,1,14.0,14.0,near_failure,near_failure,14,14,0.9976851851851852,0.9976851851851852
pca,pca_evr0p95,engine_balanced,0.95,10,0,216,222,7,6.0,0.0,near_failure,near_failure,6,0,1.0,0.9874338624338624
pca,pca_evr0p95,engine_balanced,0.95,11,0,10,10,1,230.0,230.0,healthy,healthy,230,230,0.9907407407407408,0.9907407407407408
pca,pca_evr0p95,engine_balanced,0.95,11,0,31,31,1,209.0,209.0,healthy,healthy,209,209,0.9907407407407408,0.9907407407407408
pca,pca_evr0p95,engine_balanced,0.95,11,0,67,67,1,173.0,173.0,healthy,healthy,173,173,0.9837962962962964,0.9837962962962964
pca,pca_evr0p95,engine_balanced,0.95,11,0,70,70,1,170.0,170.0,healthy,healthy,170,170,0.9629629629629628,0.9629629629629628
pca,pca_evr0p95,engine_balanced,0.95,11,0,82,82,1,158.0,158.0,healthy,healthy,158,158,0.9537037037037036,0.9537037037037036
pca,pca_evr0p95,engine_balanced,0.95,11,0,92,92,1,148.0,148.0,healthy,healthy,148,148,0.960648148148148,0.960648148148148
pca,pca_evr0p95,engine_balanced,0.95,11,0,106,106,1,134.0,134.0,healthy,healthy,134,134,0.9953703703703703,0.9953703703703703
pca,pca_evr0p95,engine_balanced,0.95,11,0,108,108,1,132.0,132.0,healthy,healthy,132,132,0.9907407407407408,0.9907407407407408
pca,pca_evr0p95,engine_balanced,0.95,11,0,118,118,1,122.0,122.0,middle,middle,122,122,0.9675925925925926,0.9675925925925926
pca,pca_evr0p95,engine_balanced,0.95,11,0,131,131,1,109.0,109.0,middle,middle,109,109,1.0,1.0
pca,pca_evr0p95,engine_balanced,0.95,11,0,136,136,1,104.0,104.0,middle,middle,104,104,0.9930555555555556,0.9930555555555556
pca,pca_evr0p95,engine_balanced,0.95,11,0,139,139,1,101.0,101.0,middle,middle,101,101,0.9907407407407408,0.9907407407407408
pca,pca_evr0p95,engine_balanced,0.95,11,0,143,143,1,97.0,97.0,middle,middle,97,97,0.9907407407407408,0.9907407407407408
pca,pca_evr0p95,engine_balanced,0.95,11,0,156,156,1,84.0,84.0,middle,middle,84,84,0.9560185185185184,0.9560185185185184
pca,pca_evr0p95,engine_balanced,0.95,11,0,175,175,1,65.0,65.0,middle,middle,65,65,0.9675925925925926,0.9675925925925926
pca,pca_evr0p95,engine_balanced,0.95,11,0,186,186,1,54.0,54.0,middle,middle,54,54,0.9930555555555556,0.9930555555555556
pca,pca_evr0p95,engine_balanced,0.95,11,0,192,193,2,48.0,47.0,middle,middle,48,47,0.9907407407407408,0.9907407407407408
pca,pca_evr0p95,engine_balanced,0.95,11,0,197,197,1,43.0,43.0,middle,middle,43,43,0.9629629629629628,0.9629629629629628
pca,pca_evr0p95,engine_balanced,0.95,11,0,204,204,1,36.0,36.0,middle,middle,36,36,0.960648148148148,0.960648148148148
pca,pca_evr0p95,engine_balanced,0.95,11,0,207,207,1,33.0,33.0,middle,middle,33,33,0.9629629629629628,0.9629629629629628
pca,pca_evr0p95,engine_balanced,0.95,11,0,212,216,5,28.0,24.0,near_failure,near_failure,28,24,1.0,0.986111111111111
pca,pca_evr0p95,engine_balanced,0.95,11,0,221,221,1,19.0,19.0,near_failure,near_failure,19,19,0.960648148148148,0.960648148148148
pca,pca_evr0p95,engine_balanced,0.95,11,0,223,223,1,17.0,17.0,near_failure,near_failure,17,17,0.976851851851852,0.976851851851852
pca,pca_evr0p95,engine_balanced,0.95,11,0,226,226,1,14.0,14.0,near_failure,near_failure,14,14,1.0,1.0
pca,pca_evr0p95,engine_balanced,0.95,11,0,228,229,2,12.0,11.0,near_failure,near_failure,12,11,1.0,0.9814814814814814
pca,pca_evr0p95,engine_balanced,0.95,11,0,232,240,9,8.0,0.0,near_failure,near_failure,8,0,1.0,0.9989711934156378
pca,pca_evr0p95,engine_balanced,0.95,13,0,30,30,1,133.0,133.0,healthy,healthy,133,133,0.9629629629629628,0.9629629629629628
pca,pca_evr0p95,engine_balanced,0.95,13,0,134,134,1,29.0,29.0,near_failure,near_failure,29,29,0.976851851851852,0.976851851851852
pca,pca_evr0p95,engine_balanced,0.95,13,0,137,138,2,26.0,25.0,near_failure,near_failure,26,25,1.0,0.9780092592592592
pca,pca_evr0p95,engine_balanced,0.95,13,0,144,145,2,19.0,18.0,near_failure,near_failure,19,18,1.0,0.9953703703703705
pca,pca_evr0p95,engine_balanced,0.95,13,0,148,148,1,15.0,15.0,near_failure,near_failure,15,15,0.9675925925925926,0.9675925925925926
pca,pca_evr0p95,engine_balanced,0.95,13,0,150,151,2,13.0,12.0,near_failure,near_failure,13,12,1.0,0.9953703703703705
pca,pca_evr0p95,engine_balanced,0.95,13,0,153,154,2,10.0,9.0,near_failure,near_failure,10,9,1.0,1.0
pca,pca_evr0p95,engine_balanced,0.95,13,0,156,163,8,7.0,0.0,near_failure,near_failure,7,0,1.0,0.9933449074074074
pca,pca_evr0p95,engine_balanced,0.95,16,0,5,5,1,204.0,204.0,healthy,healthy,204,204,0.9537037037037036,0.9537037037037036
pca,pca_evr0p95,engine_balanced,0.95,16,0,7,7,1,202.0,202.0,healthy,healthy,202,202,0.9907407407407408,0.9907407407407408
pca,pca_evr0p95,engine_balanced,0.95,16,0,17,17,1,192.0,192.0,healthy,healthy,192,192,0.9861111111111112,0.9861111111111112
pca,pca_evr0p95,engine_balanced,0.95,16,0,62,62,1,147.0,147.0,healthy,healthy,147,147,0.9583333333333334,0.9583333333333334
pca,pca_evr0p95,engine_balanced,0.95,16,0,133,133,1,76.0,76.0,middle,middle,76,76,0.9907407407407408,0.9907407407407408
pca,pca_evr0p95,engine_balanced,0.95,16,0,172,172,1,37.0,37.0,middle,middle,37,37,0.9907407407407408,0.9907407407407408
pca,pca_evr0p95,engine_balanced,0.95,16,0,192,193,2,17.0,16.0,near_failure,near_failure,17,16,0.9930555555555556,0.9895833333333334
pca,pca_evr0p95,engine_balanced,0.95,16,0,206,206,1,3.0,3.0,near_failure,near_failure,3,3,0.9930555555555556,0.9930555555555556
pca,pca_evr0p95,engine_balanced,0.95,27,0,24,25,2,132.0,131.0,healthy,healthy,132,131,1.0,0.9930555555555556
pca,pca_evr0p95,engine_balanced,0.95,27,0,39,39,1,117.0,117.0,middle,middle,117,117,0.9583333333333334,0.9583333333333334
pca,pca_evr0p95,engine_balanced,0.95,27,0,43,43,1,113.0,113.0,middle,middle,113,113,0.9837962962962964,0.9837962962962964
pca,pca_evr0p95,engine_balanced,0.95,27,0,68,68,1,88.0,88.0,middle,middle,88,88,0.9560185185185184,0.9560185185185184
pca,pca_evr0p95,engine_balanced,0.95,27,0,77,77,1,79.0,79.0,middle,middle,79,79,0.9907407407407408,0.9907407407407408
pca,pca_evr0p95,engine_balanced,0.95,27,0,93,93,1,63.0,63.0,middle,middle,63,63,0.960648148148148,0.960648148148148
pca,pca_evr0p95,engine_balanced,0.95,27,0,95,95,1,61.0,61.0,middle,middle,61,61,0.960648148148148,0.960648148148148
pca,pca_evr0p95,engine_balanced,0.95,27,0,114,114,1,42.0,42.0,middle,middle,42,42,0.9837962962962964,0.9837962962962964
pca,pca_evr0p95,engine_balanced,0.95,27,0,125,125,1,31.0,31.0,middle,middle,31,31,1.0,1.0
pca,pca_evr0p95,engine_balanced,0.95,27,0,130,131,2,26.0,25.0,near_failure,near_failure,26,25,1.0,0.9837962962962963
pca,pca_evr0p95,engine_balanced,0.95,27,0,140,141,2,16.0,15.0,near_failure,near_failure,16,15,1.0,0.9826388888888888
pca,pca_evr0p95,engine_balanced,0.95,27,0,143,143,1,13.0,13.0,near_failure,near_failure,13,13,0.9907407407407408,0.9907407407407408
pca,pca_evr0p95,engine_balanced,0.95,27,0,146,148,3,10.0,8.0,near_failure,near_failure,10,8,1.0,0.9938271604938272
pca,pca_evr0p95,engine_balanced,0.95,27,0,150,150,1,6.0,6.0,near_failure,near_failure,6,6,0.9537037037037036,0.9537037037037036
pca,pca_evr0p95,engine_balanced,0.95,27,0,152,156,5,4.0,0.0,near_failure,near_failure,4,0,1.0,0.9925925925925926
pca,pca_evr0p95,engine_balanced,0.95,31,0,8,8,1,226.0,226.0,healthy,healthy,226,226,0.9583333333333334,0.9583333333333334
pca,pca_evr0p95,engine_balanced,0.95,31,0,23,23,1,211.0,211.0,healthy,healthy,211,211,0.9976851851851852,0.9976851851851852
pca,pca_evr0p95,engine_balanced,0.95,31,0,26,26,1,208.0,208.0,healthy,healthy,208,208,0.9907407407407408,0.9907407407407408
pca,pca_evr0p95,engine_balanced,0.95,31,0,64,64,1,170.0,170.0,healthy,healthy,170,170,0.960648148148148,0.960648148148148
pca,pca_evr0p95,engine_balanced,0.95,31,0,68,68,1,166.0,166.0,healthy,healthy,166,166,0.9837962962962964,0.9837962962962964
pca,pca_evr0p95,engine_balanced,0.95,31,0,75,75,1,159.0,159.0,healthy,healthy,159,159,0.9907407407407408,0.9907407407407408
pca,pca_evr0p95,engine_balanced,0.95,31,0,82,82,1,152.0,152.0,healthy,healthy,152,152,0.9537037037037036,0.9537037037037036
pca,pca_evr0p95,engine_balanced,0.95,31,0,92,92,1,142.0,142.0,healthy,healthy,142,142,0.9583333333333334,0.9583333333333334
pca,pca_evr0p95,engine_balanced,0.95,31,0,121,122,2,113.0,112.0,middle,middle,113,112,1.0,0.9965277777777778
pca,pca_evr0p95,engine_balanced,0.95,31,0,162,162,1,72.0,72.0,middle,middle,72,72,0.960648148148148,0.960648148148148
pca,pca_evr0p95,engine_balanced,0.95,31,0,167,167,1,67.0,67.0,middle,middle,67,67,0.9652777777777778,0.9652777777777778
pca,pca_evr0p95,engine_balanced,0.95,31,0,187,187,1,47.0,47.0,middle,middle,47,47,0.9907407407407408,0.9907407407407408
pca,pca_evr0p95,engine_balanced,0.95,31,0,189,189,1,45.0,45.0,middle,middle,45,45,0.9907407407407408,0.9907407407407408
pca,pca_evr0p95,engine_balanced,0.95,31,0,217,218,2,17.0,16.0,near_failure,near_failure,17,16,0.9930555555555556,0.9930555555555556
pca,pca_evr0p95,engine_balanced,0.95,31,0,221,221,1,13.0,13.0,near_failure,near_failure,13,13,0.9629629629629628,0.9629629629629628
pca,pca_evr0p95,engine_balanced,0.95,34,0,2,2,1,193.0,193.0,healthy,healthy,193,193,1.0,1.0
pca,pca_evr0p95,engine_balanced,0.95,34,0,26,26,1,169.0,169.0,healthy,healthy,169,169,0.960648148148148,0.960648148148148
pca,pca_evr0p95,engine_balanced,0.95,34,0,71,71,1,124.0,124.0,middle,middle,124,124,0.9907407407407408,0.9907407407407408
pca,pca_evr0p95,engine_balanced,0.95,34,0,77,77,1,118.0,118.0,middle,middle,118,118,0.9976851851851852,0.9976851851851852
pca,pca_evr0p95,engine_balanced,0.95,34,0,94,94,1,101.0,101.0,middle,middle,101,101,0.960648148148148,0.960648148148148
pca,pca_evr0p95,engine_balanced,0.95,34,0,108,108,1,87.0,87.0,middle,middle,87,87,0.9699074074074074,0.9699074074074074
pca,pca_evr0p95,engine_balanced,0.95,34,0,121,121,1,74.0,74.0,middle,middle,74,74,0.960648148148148,0.960648148148148
pca,pca_evr0p95,engine_balanced,0.95,34,0,124,124,1,71.0,71.0,middle,middle,71,71,0.976851851851852,0.976851851851852
pca,pca_evr0p95,engine_balanced,0.95,34,0,130,130,1,65.0,65.0,middle,middle,65,65,0.960648148148148,0.960648148148148
pca,pca_evr0p95,engine_balanced,0.95,34,0,149,149,1,46.0,46.0,middle,middle,46,46,0.9513888888888888,0.9513888888888888
pca,pca_evr0p95,engine_balanced,0.95,34,0,157,157,1,38.0,38.0,middle,middle,38,38,0.9907407407407408,0.9907407407407408
pca,pca_evr0p95,engine_balanced,0.95,34,0,170,170,1,25.0,25.0,near_failure,near_failure,25,25,1.0,1.0
pca,pca_evr0p95,engine_balanced,0.95,34,0,175,177,3,20.0,18.0,near_failure,near_failure,20,18,1.0,0.9953703703703703
pca,pca_evr0p95,engine_balanced,0.95,34,0,179,195,17,16.0,0.0,near_failure,near_failure,16,0,1.0,0.9993191721132897
pca,pca_evr0p95,engine_balanced,0.95,40,0,3,3,1,185.0,185.0,healthy,healthy,185,185,0.9583333333333334,0.9583333333333334
pca,pca_evr0p95,engine_balanced,0.95,40,0,30,30,1,158.0,158.0,healthy,healthy,158,158,0.9907407407407408,0.9907407407407408
pca,pca_evr0p95,engine_balanced,0.95,40,0,39,39,1,149.0,149.0,healthy,healthy,149,149,1.0,1.0
pca,pca_evr0p95,engine_balanced,0.95,40,0,48,48,1,140.0,140.0,healthy,healthy,140,140,0.9629629629629628,0.9629629629629628
pca,pca_evr0p95,engine_balanced,0.95,40,0,85,85,1,103.0,103.0,middle,middle,103,103,0.9513888888888888,0.9513888888888888
pca,pca_evr0p95,engine_balanced,0.95,40,0,119,119,1,69.0,69.0,middle,middle,69,69,0.9930555555555556,0.9930555555555556
pca,pca_evr0p95,engine_balanced,0.95,40,0,132,132,1,56.0,56.0,middle,middle,56,56,0.960648148148148,0.960648148148148
pca,pca_evr0p95,engine_balanced,0.95,40,0,138,138,1,50.0,50.0,middle,middle,50,50,1.0,1.0
pca,pca_evr0p95,engine_balanced,0.95,40,0,147,147,1,41.0,41.0,middle,middle,41,41,0.9513888888888888,0.9513888888888888
pca,pca_evr0p95,engine_balanced,0.95,40,0,149,151,3,39.0,37.0,middle,middle,39,37,0.9861111111111112,0.9768518518518517
pca,pca_evr0p95,engine_balanced,0.95,40,0,156,157,2,32.0,31.0,middle,middle,32,31,0.9930555555555556,0.9849537037037037
pca,pca_evr0p95,engine_balanced,0.95,40,0,163,164,2,25.0,24.0,near_failure,near_failure,25,24,0.9930555555555556,0.9895833333333334
pca,pca_evr0p95,engine_balanced,0.95,40,0,167,168,2,21.0,20.0,near_failure,near_failure,21,20,1.0,1.0
pca,pca_evr0p95,engine_balanced,0.95,40,0,170,173,4,18.0,15.0,near_failure,near_failure,18,15,1.0,0.9953703703703703
pca,pca_evr0p95,engine_balanced,0.95,40,0,175,175,1,13.0,13.0,near_failure,near_failure,13,13,0.976851851851852,0.976851851851852
pca,pca_evr0p95,engine_balanced,0.95,40,0,177,179,3,11.0,9.0,near_failure,near_failure,11,9,1.0,0.9768518518518517
pca,pca_evr0p95,engine_balanced,0.95,40,0,181,181,1,7.0,7.0,near_failure,near_failure,7,7,1.0,1.0
pca,pca_evr0p95,engine_balanced,0.95,40,0,184,188,5,4.0,0.0,near_failure,near_failure,4,0,1.0,0.999537037037037
pca,pca_evr0p95,engine_balanced,0.95,41,0,1,1,1,215.0,215.0,healthy,healthy,215,215,0.9652777777777778,0.9652777777777778
pca,pca_evr0p95,engine_balanced,0.95,41,0,52,52,1,164.0,164.0,healthy,healthy,164,164,0.9907407407407408,0.9907407407407408
pca,pca_evr0p95,engine_balanced,0.95,41,0,61,61,1,155.0,155.0,healthy,healthy,155,155,0.9629629629629628,0.9629629629629628
pca,pca_evr0p95,engine_balanced,0.95,41,0,73,73,1,143.0,143.0,healthy,healthy,143,143,0.9837962962962964,0.9837962962962964
pca,pca_evr0p95,engine_balanced,0.95,41,0,99,99,1,117.0,117.0,middle,middle,117,117,0.9560185185185184,0.9560185185185184
pca,pca_evr0p95,engine_balanced,0.95,41,0,141,141,1,75.0,75.0,middle,middle,75,75,0.976851851851852,0.976851851851852
pca,pca_evr0p95,engine_balanced,0.95,41,0,158,158,1,58.0,58.0,middle,middle,58,58,0.9537037037037036,0.9537037037037036
pca,pca_evr0p95,engine_balanced,0.95,41,0,165,166,2,51.0,50.0,middle,middle,51,50,0.9930555555555556,0.9722222222222222
pca,pca_evr0p95,engine_balanced,0.95,41,0,171,171,1,45.0,45.0,middle,middle,45,45,0.9814814814814816,0.9814814814814816
pca,pca_evr0p95,engine_balanced,0.95,41,0,186,187,2,30.0,29.0,near_failure,near_failure,30,29,1.0,0.9826388888888888
pca,pca_evr0p95,engine_balanced,0.95,41,0,190,190,1,26.0,26.0,near_failure,near_failure,26,26,1.0,1.0
pca,pca_evr0p95,engine_balanced,0.95,41,0,193,194,2,23.0,22.0,near_failure,near_failure,23,22,0.9907407407407408,0.988425925925926
pca,pca_evr0p95,engine_balanced,0.95,41,0,196,196,1,20.0,20.0,near_failure,near_failure,20,20,0.9907407407407408,0.9907407407407408
pca,pca_evr0p95,engine_balanced,0.95,41,0,199,200,2,17.0,16.0,near_failure,near_failure,17,16,1.0,0.9988425925925926
pca,pca_evr0p95,engine_balanced,0.95,41,0,202,204,3,14.0,12.0,near_failure,near_failure,14,12,1.0,0.996141975308642
pca,pca_evr0p95,engine_balanced,0.95,41,0,206,216,11,10.0,0.0,near_failure,near_failure,10,0,1.0,0.9915824915824917
pca,pca_evr0p95,engine_balanced,0.95,45,0,5,5,1,153.0,153.0,healthy,healthy,153,153,0.9861111111111112,0.9861111111111112
pca,pca_evr0p95,engine_balanced,0.95,45,0,55,55,1,103.0,103.0,middle,middle,103,103,0.9861111111111112,0.9861111111111112
pca,pca_evr0p95,engine_balanced,0.95,45,0,85,85,1,73.0,73.0,middle,middle,73,73,0.9583333333333334,0.9583333333333334
pca,pca_evr0p95,engine_balanced,0.95,45,0,87,87,1,71.0,71.0,middle,middle,71,71,0.960648148148148,0.960648148148148
pca,pca_evr0p95,engine_balanced,0.95,45,0,97,97,1,61.0,61.0,middle,middle,61,61,0.9537037037037036,0.9537037037037036
pca,pca_evr0p95,engine_balanced,0.95,45,0,124,124,1,34.0,34.0,middle,middle,34,34,0.9699074074074074,0.9699074074074074
pca,pca_evr0p95,engine_balanced,0.95,45,0,146,146,1,12.0,12.0,near_failure,near_failure,12,12,0.960648148148148,0.960648148148148
pca,pca_evr0p95,engine_balanced,0.95,45,0,153,153,1,5.0,5.0,near_failure,near_failure,5,5,0.9907407407407408,0.9907407407407408
pca,pca_evr0p95,engine_balanced,0.95,46,0,53,53,1,203.0,203.0,healthy,healthy,203,203,0.9629629629629628,0.9629629629629628
pca,pca_evr0p95,engine_balanced,0.95,46,0,111,111,1,145.0,145.0,healthy,healthy,145,145,0.9629629629629628,0.9629629629629628
pca,pca_evr0p95,engine_balanced,0.95,46,0,125,125,1,131.0,131.0,healthy,healthy,131,131,0.9583333333333334,0.9583333333333334
pca,pca_evr0p95,engine_balanced,0.95,46,0,164,164,1,92.0,92.0,middle,middle,92,92,0.9629629629629628,0.9629629629629628
pca,pca_evr0p95,engine_balanced,0.95,46,0,170,170,1,86.0,86.0,middle,middle,86,86,0.960648148148148,0.960648148148148
pca,pca_evr0p95,engine_balanced,0.95,46,0,189,189,1,67.0,67.0,middle,middle,67,67,0.9583333333333334,0.9583333333333334
pca,pca_evr0p95,engine_balanced,0.95,46,0,197,197,1,59.0,59.0,middle,middle,59,59,0.9699074074074074,0.9699074074074074
pca,pca_evr0p95,engine_balanced,0.95,46,0,212,212,1,44.0,44.0,middle,middle,44,44,0.960648148148148,0.960648148148148
pca,pca_evr0p95,engine_balanced,0.95,46,0,234,234,1,22.0,22.0,near_failure,near_failure,22,22,1.0,1.0
pca,pca_evr0p95,engine_balanced,0.95,46,0,253,254,2,3.0,2.0,near_failure,near_failure,3,2,0.9629629629629628,0.9583333333333333
pca,pca_evr0p95,engine_balanced,0.95,54,0,39,39,1,218.0,218.0,healthy,healthy,218,218,0.976851851851852,0.976851851851852
pca,pca_evr0p95,engine_balanced,0.95,54,0,41,41,1,216.0,216.0,healthy,healthy,216,216,1.0,1.0
pca,pca_evr0p95,engine_balanced,0.95,54,0,45,45,1,212.0,212.0,healthy,healthy,212,212,0.9930555555555556,0.9930555555555556
pca,pca_evr0p95,engine_balanced,0.95,54,0,47,47,1,210.0,210.0,healthy,healthy,210,210,0.960648148148148,0.960648148148148
pca,pca_evr0p95,engine_balanced,0.95,54,0,54,54,1,203.0,203.0,healthy,healthy,203,203,0.9907407407407408,0.9907407407407408
pca,pca_evr0p95,engine_balanced,0.95,54,0,74,74,1,183.0,183.0,healthy,healthy,183,183,0.9907407407407408,0.9907407407407408
pca,pca_evr0p95,engine_balanced,0.95,54,0,78,78,1,179.0,179.0,healthy,healthy,179,179,0.9629629629629628,0.9629629629629628
pca,pca_evr0p95,engine_balanced,0.95,54,0,87,87,1,170.0,170.0,healthy,healthy,170,170,0.9953703703703703,0.9953703703703703
pca,pca_evr0p95,engine_balanced,0.95,54,0,96,96,1,161.0,161.0,healthy,healthy,161,161,0.9861111111111112,0.9861111111111112
pca,pca_evr0p95,engine_balanced,0.95,54,0,106,107,2,151.0,150.0,healthy,healthy,151,150,0.9861111111111112,0.9814814814814816
pca,pca_evr0p95,engine_balanced,0.95,54,0,131,131,1,126.0,126.0,healthy,healthy,126,126,0.9629629629629628,0.9629629629629628
pca,pca_evr0p95,engine_balanced,0.95,54,0,137,137,1,120.0,120.0,middle,middle,120,120,0.9837962962962964,0.9837962962962964
pca,pca_evr0p95,engine_balanced,0.95,54,0,154,154,1,103.0,103.0,middle,middle,103,103,0.9583333333333334,0.9583333333333334
pca,pca_evr0p95,engine_balanced,0.95,54,0,158,158,1,99.0,99.0,middle,middle,99,99,0.976851851851852,0.976851851851852
pca,pca_evr0p95,engine_balanced,0.95,54,0,182,182,1,75.0,75.0,middle,middle,75,75,0.9861111111111112,0.9861111111111112
pca,pca_evr0p95,engine_balanced,0.95,54,0,188,188,1,69.0,69.0,middle,middle,69,69,0.960648148148148,0.960648148148148
pca,pca_evr0p95,engine_balanced,0.95,54,0,201,201,1,56.0,56.0,middle,middle,56,56,0.9629629629629628,0.9629629629629628
pca,pca_evr0p95,engine_balanced,0.95,54,0,207,208,2,50.0,49.0,middle,middle,50,49,1.0,0.9791666666666667
pca,pca_evr0p95,engine_balanced,0.95,54,0,212,212,1,45.0,45.0,middle,middle,45,45,0.9513888888888888,0.9513888888888888
pca,pca_evr0p95,engine_balanced,0.95,54,0,214,214,1,43.0,43.0,middle,middle,43,43,0.9652777777777778,0.9652777777777778
pca,pca_evr0p95,engine_balanced,0.95,54,0,221,221,1,36.0,36.0,middle,middle,36,36,0.9907407407407408,0.9907407407407408
pca,pca_evr0p95,engine_balanced,0.95,54,0,223,224,2,34.0,33.0,middle,middle,34,33,0.9907407407407408,0.9907407407407408
pca,pca_evr0p95,engine_balanced,0.95,54,0,228,232,5,29.0,25.0,near_failure,near_failure,29,25,1.0,0.9875
pca,pca_evr0p95,engine_balanced,0.95,54,0,234,243,10,23.0,14.0,near_failure,near_failure,23,14,1.0,0.9914351851851851
pca,pca_evr0p95,engine_balanced,0.95,54,0,245,245,1,12.0,12.0,near_failure,near_failure,12,12,1.0,1.0
pca,pca_evr0p95,engine_balanced,0.95,54,0,247,251,5,10.0,6.0,near_failure,near_failure,10,6,1.0,0.9925925925925927
pca,pca_evr0p95,engine_balanced,0.95,54,0,253,257,5,4.0,0.0,near_failure,near_failure,4,0,1.0,1.0
pca,pca_evr0p95,engine_balanced,0.95,74,0,9,9,1,157.0,157.0,healthy,healthy,157,157,0.9814814814814816,0.9814814814814816
pca,pca_evr0p95,engine_balanced,0.95,74,0,14,14,1,152.0,152.0,healthy,healthy,152,152,1.0,1.0
pca,pca_evr0p95,engine_balanced,0.95,74,0,24,24,1,142.0,142.0,healthy,healthy,142,142,0.9583333333333334,0.9583333333333334
pca,pca_evr0p95,engine_balanced,0.95,74,0,56,56,1,110.0,110.0,middle,middle,110,110,0.9560185185185184,0.9560185185185184
pca,pca_evr0p95,engine_balanced,0.95,74,0,75,75,1,91.0,91.0,middle,middle,91,91,0.960648148148148,0.960648148148148
pca,pca_evr0p95,engine_balanced,0.95,74,0,86,87,2,80.0,79.0,middle,middle,80,79,0.9907407407407408,0.9826388888888891
pca,pca_evr0p95,engine_balanced,0.95,74,0,106,106,1,60.0,60.0,middle,middle,60,60,0.960648148148148,0.960648148148148
pca,pca_evr0p95,engine_balanced,0.95,74,0,137,137,1,29.0,29.0,near_failure,near_failure,29,29,1.0,1.0
pca,pca_evr0p95,engine_balanced,0.95,77,0,48,48,1,106.0,106.0,middle,middle,106,106,0.9583333333333334,0.9583333333333334
pca,pca_evr0p95,engine_balanced,0.95,77,0,91,91,1,63.0,63.0,middle,middle,63,63,0.9953703703703703,0.9953703703703703
pca,pca_evr0p95,engine_balanced,0.95,77,0,99,99,1,55.0,55.0,middle,middle,55,55,0.9976851851851852,0.9976851851851852
pca,pca_evr0p95,engine_balanced,0.95,77,0,104,104,1,50.0,50.0,middle,middle,50,50,0.9907407407407408,0.9907407407407408
pca,pca_evr0p95,engine_balanced,0.95,77,0,147,147,1,7.0,7.0,near_failure,near_failure,7,7,1.0,1.0
pca,pca_evr0p95,engine_balanced,0.95,77,0,151,151,1,3.0,3.0,near_failure,near_failure,3,3,0.9583333333333334,0.9583333333333334
pca,pca_evr0p95,engine_balanced,0.95,78,0,3,3,1,228.0,228.0,healthy,healthy,228,228,0.9629629629629628,0.9629629629629628
pca,pca_evr0p95,engine_balanced,0.95,78,0,45,45,1,186.0,186.0,healthy,healthy,186,186,1.0,1.0
pca,pca_evr0p95,engine_balanced,0.95,78,0,48,48,1,183.0,183.0,healthy,healthy,183,183,0.9907407407407408,0.9907407407407408
pca,pca_evr0p95,engine_balanced,0.95,78,0,73,73,1,158.0,158.0,healthy,healthy,158,158,0.9629629629629628,0.9629629629629628
pca,pca_evr0p95,engine_balanced,0.95,78,0,80,80,1,151.0,151.0,healthy,healthy,151,151,1.0,1.0
pca,pca_evr0p95,engine_balanced,0.95,78,0,90,90,1,141.0,141.0,healthy,healthy,141,141,0.9907407407407408,0.9907407407407408
pca,pca_evr0p95,engine_balanced,0.95,78,0,94,94,1,137.0,137.0,healthy,healthy,137,137,0.9629629629629628,0.9629629629629628
pca,pca_evr0p95,engine_balanced,0.95,78,0,105,106,2,126.0,125.0,healthy,middle,126,125,0.9629629629629628,0.9618055555555554
pca,pca_evr0p95,engine_balanced,0.95,78,0,114,114,1,117.0,117.0,middle,middle,117,117,0.9861111111111112,0.9861111111111112
pca,pca_evr0p95,engine_balanced,0.95,78,0,129,129,1,102.0,102.0,middle,middle,102,102,0.9699074074074074,0.9699074074074074
pca,pca_evr0p95,engine_balanced,0.95,78,0,140,140,1,91.0,91.0,middle,middle,91,91,0.976851851851852,0.976851851851852
pca,pca_evr0p95,engine_balanced,0.95,78,0,213,213,1,18.0,18.0,near_failure,near_failure,18,18,0.9861111111111112,0.9861111111111112
pca,pca_evr0p95,engine_balanced,0.95,78,0,219,219,1,12.0,12.0,near_failure,near_failure,12,12,1.0,1.0
pca,pca_evr0p95,engine_balanced,0.95,78,0,224,224,1,7.0,7.0,near_failure,near_failure,7,7,0.960648148148148,0.960648148148148
pca,pca_evr0p95,engine_balanced,0.95,81,0,7,7,1,233.0,233.0,healthy,healthy,233,233,1.0,1.0
pca,pca_evr0p95,engine_balanced,0.95,81,0,30,30,1,210.0,210.0,healthy,healthy,210,210,0.9583333333333334,0.9583333333333334
pca,pca_evr0p95,engine_balanced,0.95,81,0,42,42,1,198.0,198.0,healthy,healthy,198,198,0.9583333333333334,0.9583333333333334
pca,pca_evr0p95,engine_balanced,0.95,81,0,112,112,1,128.0,128.0,healthy,healthy,128,128,1.0,1.0
pca,pca_evr0p95,engine_balanced,0.95,81,0,129,129,1,111.0,111.0,middle,middle,111,111,0.9629629629629628,0.9629629629629628
pca,pca_evr0p95,engine_balanced,0.95,81,0,154,155,2,86.0,85.0,middle,middle,86,85,0.9953703703703703,0.9814814814814814
pca,pca_evr0p95,engine_balanced,0.95,81,0,164,164,1,76.0,76.0,middle,middle,76,76,0.9953703703703703,0.9953703703703703
pca,pca_evr0p95,engine_balanced,0.95,81,0,195,195,1,45.0,45.0,middle,middle,45,45,0.9930555555555556,0.9930555555555556
pca,pca_evr0p95,engine_balanced,0.95,81,0,200,200,1,40.0,40.0,middle,middle,40,40,0.960648148148148,0.960648148148148
pca,pca_evr0p95,engine_balanced,0.95,81,0,204,204,1,36.0,36.0,middle,middle,36,36,0.9907407407407408,0.9907407407407408
pca,pca_evr0p95,engine_balanced,0.95,81,0,229,229,1,11.0,11.0,near_failure,near_failure,11,11,0.9675925925925926,0.9675925925925926
pca,pca_evr0p95,engine_balanced,0.95,81,0,238,239,2,2.0,1.0,near_failure,near_failure,2,1,0.9861111111111112,0.9837962962962964
pca,pca_evr0p95,engine_balanced,0.95,89,0,23,23,1,194.0,194.0,healthy,healthy,194,194,0.9814814814814816,0.9814814814814816
pca,pca_evr0p95,engine_balanced,0.95,89,0,32,32,1,185.0,185.0,healthy,healthy,185,185,0.9907407407407408,0.9907407407407408
pca,pca_evr0p95,engine_balanced,0.95,89,0,119,119,1,98.0,98.0,middle,middle,98,98,0.9953703703703703,0.9953703703703703
pca,pca_evr0p95,engine_balanced,0.95,89,0,147,147,1,70.0,70.0,middle,middle,70,70,1.0,1.0
pca,pca_evr0p95,engine_balanced,0.95,89,0,154,154,1,63.0,63.0,middle,middle,63,63,0.9629629629629628,0.9629629629629628
pca,pca_evr0p95,engine_balanced,0.95,89,0,181,181,1,36.0,36.0,middle,middle,36,36,0.9675925925925926,0.9675925925925926
pca,pca_evr0p95,engine_balanced,0.95,89,0,185,185,1,32.0,32.0,middle,middle,32,32,0.9675925925925926,0.9675925925925926
pca,pca_evr0p95,engine_balanced,0.95,89,0,188,188,1,29.0,29.0,near_failure,near_failure,29,29,0.9583333333333334,0.9583333333333334
pca,pca_evr0p95,engine_balanced,0.95,89,0,214,214,1,3.0,3.0,near_failure,near_failure,3,3,0.976851851851852,0.976851851851852
pca,pca_evr0p95,engine_balanced,0.95,91,0,3,3,1,132.0,132.0,healthy,healthy,132,132,0.9583333333333334,0.9583333333333334
pca,pca_evr0p95,engine_balanced,0.95,91,0,30,31,2,105.0,104.0,middle,middle,105,104,0.9953703703703703,0.9791666666666665
pca,pca_evr0p95,engine_balanced,0.95,91,0,38,38,1,97.0,97.0,middle,middle,97,97,0.9861111111111112,0.9861111111111112
pca,pca_evr0p95,engine_balanced,0.95,91,0,95,95,1,40.0,40.0,middle,middle,40,40,0.9907407407407408,0.9907407407407408
pca,pca_evr0p95,engine_balanced,0.975,1,0,63,63,1,129.0,129.0,healthy,healthy,129,129,0.9907407407407408,0.9907407407407408
pca,pca_evr0p95,engine_balanced,0.975,1,0,74,74,1,118.0,118.0,middle,middle,118,118,1.0,1.0
pca,pca_evr0p95,engine_balanced,0.975,1,0,78,78,1,114.0,114.0,middle,middle,114,114,0.9861111111111112,0.9861111111111112
pca,pca_evr0p95,engine_balanced,0.975,1,0,108,108,1,84.0,84.0,middle,middle,84,84,0.9791666666666666,0.9791666666666666
pca,pca_evr0p95,engine_balanced,0.975,1,0,140,140,1,52.0,52.0,middle,middle,52,52,0.9814814814814816,0.9814814814814816
pca,pca_evr0p95,engine_balanced,0.975,1,0,156,156,1,36.0,36.0,middle,middle,36,36,1.0,1.0
pca,pca_evr0p95,engine_balanced,0.975,1,0,164,164,1,28.0,28.0,near_failure,near_failure,28,28,0.9814814814814816,0.9814814814814816
pca,pca_evr0p95,engine_balanced,0.975,5,0,18,18,1,251.0,251.0,healthy,healthy,251,251,0.9907407407407408,0.9907407407407408
pca,pca_evr0p95,engine_balanced,0.975,5,0,76,76,1,193.0,193.0,healthy,healthy,193,193,0.9907407407407408,0.9907407407407408
pca,pca_evr0p95,engine_balanced,0.975,5,0,218,218,1,51.0,51.0,middle,middle,51,51,0.9907407407407408,0.9907407407407408
pca,pca_evr0p95,engine_balanced,0.975,5,0,220,220,1,49.0,49.0,middle,middle,49,49,0.9907407407407408,0.9907407407407408
pca,pca_evr0p95,engine_balanced,0.975,5,0,230,230,1,39.0,39.0,middle,middle,39,39,0.9907407407407408,0.9907407407407408
pca,pca_evr0p95,engine_balanced,0.975,5,0,232,232,1,37.0,37.0,middle,middle,37,37,1.0,1.0
pca,pca_evr0p95,engine_balanced,0.975,5,0,234,235,2,35.0,34.0,middle,middle,35,34,1.0,0.9953703703703705
pca,pca_evr0p95,engine_balanced,0.975,5,0,239,240,2,30.0,29.0,near_failure,near_failure,30,29,1.0,0.9953703703703705
pca,pca_evr0p95,engine_balanced,0.975,5,0,243,246,4,26.0,23.0,near_failure,near_failure,26,23,1.0,0.994212962962963
pca,pca_evr0p95,engine_balanced,0.975,5,0,249,251,3,20.0,18.0,near_failure,near_failure,20,18,1.0,0.9969135802469137
pca,pca_evr0p95,engine_balanced,0.975,5,0,254,255,2,15.0,14.0,near_failure,near_failure,15,14,1.0,0.9930555555555556
pca,pca_evr0p95,engine_balanced,0.975,5,0,257,257,1,12.0,12.0,near_failure,near_failure,12,12,1.0,1.0
pca,pca_evr0p95,engine_balanced,0.975,5,0,259,260,2,10.0,9.0,near_failure,near_failure,10,9,1.0,1.0
pca,pca_evr0p95,engine_balanced,0.975,5,0,262,264,3,7.0,5.0,near_failure,near_failure,7,5,1.0,1.0
pca,pca_evr0p95,engine_balanced,0.975,5,0,266,266,1,3.0,3.0,near_failure,near_failure,3,3,0.9930555555555556,0.9930555555555556
pca,pca_evr0p95,engine_balanced,0.975,5,0,268,269,2,1.0,0.0,near_failure,near_failure,1,0,1.0,0.9953703703703705
pca,pca_evr0p95,engine_balanced,0.975,10,0,60,60,1,162.0,162.0,healthy,healthy,162,162,1.0,1.0
pca,pca_evr0p95,engine_balanced,0.975,10,0,84,84,1,138.0,138.0,healthy,healthy,138,138,0.9907407407407408,0.9907407407407408
pca,pca_evr0p95,engine_balanced,0.975,10,0,147,147,1,75.0,75.0,middle,middle,75,75,0.9976851851851852,0.9976851851851852
pca,pca_evr0p95,engine_balanced,0.975,10,0,176,176,1,46.0,46.0,middle,middle,46,46,0.9907407407407408,0.9907407407407408
pca,pca_evr0p95,engine_balanced,0.975,10,0,180,180,1,42.0,42.0,middle,middle,42,42,0.9791666666666666,0.9791666666666666
pca,pca_evr0p95,engine_balanced,0.975,10,0,201,201,1,21.0,21.0,near_failure,near_failure,21,21,0.9814814814814816,0.9814814814814816
pca,pca_evr0p95,engine_balanced,0.975,10,0,205,205,1,17.0,17.0,near_failure,near_failure,17,17,0.9861111111111112,0.9861111111111112
pca,pca_evr0p95,engine_balanced,0.975,10,0,208,208,1,14.0,14.0,near_failure,near_failure,14,14,0.9976851851851852,0.9976851851851852
pca,pca_evr0p95,engine_balanced,0.975,10,0,216,217,2,6.0,5.0,near_failure,near_failure,6,5,0.9976851851851852,0.994212962962963
pca,pca_evr0p95,engine_balanced,0.975,10,0,219,222,4,3.0,0.0,near_failure,near_failure,3,0,1.0,0.9913194444444445
pca,pca_evr0p95,engine_balanced,0.975,11,0,10,10,1,230.0,230.0,healthy,healthy,230,230,0.9907407407407408,0.9907407407407408
pca,pca_evr0p95,engine_balanced,0.975,11,0,31,31,1,209.0,209.0,healthy,healthy,209,209,0.9907407407407408,0.9907407407407408
pca,pca_evr0p95,engine_balanced,0.975,11,0,67,67,1,173.0,173.0,healthy,healthy,173,173,0.9837962962962964,0.9837962962962964
pca,pca_evr0p95,engine_balanced,0.975,11,0,106,106,1,134.0,134.0,healthy,healthy,134,134,0.9953703703703703,0.9953703703703703
pca,pca_evr0p95,engine_balanced,0.975,11,0,108,108,1,132.0,132.0,healthy,healthy,132,132,0.9907407407407408,0.9907407407407408
pca,pca_evr0p95,engine_balanced,0.975,11,0,131,131,1,109.0,109.0,middle,middle,109,109,1.0,1.0
pca,pca_evr0p95,engine_balanced,0.975,11,0,136,136,1,104.0,104.0,middle,middle,104,104,0.9930555555555556,0.9930555555555556
pca,pca_evr0p95,engine_balanced,0.975,11,0,139,139,1,101.0,101.0,middle,middle,101,101,0.9907407407407408,0.9907407407407408
pca,pca_evr0p95,engine_balanced,0.975,11,0,143,143,1,97.0,97.0,middle,middle,97,97,0.9907407407407408,0.9907407407407408
pca,pca_evr0p95,engine_balanced,0.975,11,0,186,186,1,54.0,54.0,middle,middle,54,54,0.9930555555555556,0.9930555555555556
pca,pca_evr0p95,engine_balanced,0.975,11,0,192,193,2,48.0,47.0,middle,middle,48,47,0.9907407407407408,0.9907407407407408
pca,pca_evr0p95,engine_balanced,0.975,11,0,213,216,4,27.0,24.0,near_failure,near_failure,27,24,1.0,0.9930555555555556
pca,pca_evr0p95,engine_balanced,0.975,11,0,223,223,1,17.0,17.0,near_failure,near_failure,17,17,0.976851851851852,0.976851851851852
pca,pca_evr0p95,engine_balanced,0.975,11,0,226,226,1,14.0,14.0,near_failure,near_failure,14,14,1.0,1.0
pca,pca_evr0p95,engine_balanced,0.975,11,0,228,228,1,12.0,12.0,near_failure,near_failure,12,12,1.0,1.0
pca,pca_evr0p95,engine_balanced,0.975,11,0,232,240,9,8.0,0.0,near_failure,near_failure,8,0,1.0,0.9989711934156378
pca,pca_evr0p95,engine_balanced,0.975,13,0,134,134,1,29.0,29.0,near_failure,near_failure,29,29,0.976851851851852,0.976851851851852
pca,pca_evr0p95,engine_balanced,0.975,13,0,138,138,1,25.0,25.0,near_failure,near_failure,25,25,1.0,1.0
pca,pca_evr0p95,engine_balanced,0.975,13,0,144,145,2,19.0,18.0,near_failure,near_failure,19,18,1.0,0.9953703703703705
pca,pca_evr0p95,engine_balanced,0.975,13,0,150,151,2,13.0,12.0,near_failure,near_failure,13,12,1.0,0.9953703703703705
pca,pca_evr0p95,engine_balanced,0.975,13,0,153,154,2,10.0,9.0,near_failure,near_failure,10,9,1.0,1.0
pca,pca_evr0p95,engine_balanced,0.975,13,0,156,162,7,7.0,1.0,near_failure,near_failure,7,1,1.0,0.9990079365079365
pca,pca_evr0p95,engine_balanced,0.975,16,0,7,7,1,202.0,202.0,healthy,healthy,202,202,0.9907407407407408,0.9907407407407408
pca,pca_evr0p95,engine_balanced,0.975,16,0,17,17,1,192.0,192.0,healthy,healthy,192,192,0.9861111111111112,0.9861111111111112
pca,pca_evr0p95,engine_balanced,0.975,16,0,133,133,1,76.0,76.0,middle,middle,76,76,0.9907407407407408,0.9907407407407408
pca,pca_evr0p95,engine_balanced,0.975,16,0,172,172,1,37.0,37.0,middle,middle,37,37,0.9907407407407408,0.9907407407407408
pca,pca_evr0p95,engine_balanced,0.975,16,0,192,193,2,17.0,16.0,near_failure,near_failure,17,16,0.9930555555555556,0.9895833333333334
pca,pca_evr0p95,engine_balanced,0.975,16,0,206,206,1,3.0,3.0,near_failure,near_failure,3,3,0.9930555555555556,0.9930555555555556
pca,pca_evr0p95,engine_balanced,0.975,27,0,24,25,2,132.0,131.0,healthy,healthy,132,131,1.0,0.9930555555555556
pca,pca_evr0p95,engine_balanced,0.975,27,0,43,43,1,113.0,113.0,middle,middle,113,113,0.9837962962962964,0.9837962962962964
pca,pca_evr0p95,engine_balanced,0.975,27,0,77,77,1,79.0,79.0,middle,middle,79,79,0.9907407407407408,0.9907407407407408
pca,pca_evr0p95,engine_balanced,0.975,27,0,114,114,1,42.0,42.0,middle,middle,42,42,0.9837962962962964,0.9837962962962964
pca,pca_evr0p95,engine_balanced,0.975,27,0,125,125,1,31.0,31.0,middle,middle,31,31,1.0,1.0
pca,pca_evr0p95,engine_balanced,0.975,27,0,131,131,1,25.0,25.0,near_failure,near_failure,25,25,1.0,1.0
pca,pca_evr0p95,engine_balanced,0.975,27,0,141,141,1,15.0,15.0,near_failure,near_failure,15,15,1.0,1.0
pca,pca_evr0p95,engine_balanced,0.975,27,0,143,143,1,13.0,13.0,near_failure,near_failure,13,13,0.9907407407407408,0.9907407407407408
pca,pca_evr0p95,engine_balanced,0.975,27,0,146,148,3,10.0,8.0,near_failure,near_failure,10,8,1.0,0.9938271604938272
pca,pca_evr0p95,engine_balanced,0.975,27,0,152,155,4,4.0,1.0,near_failure,near_failure,4,1,1.0,1.0
pca,pca_evr0p95,engine_balanced,0.975,31,0,23,23,1,211.0,211.0,healthy,healthy,211,211,0.9976851851851852,0.9976851851851852
pca,pca_evr0p95,engine_balanced,0.975,31,0,26,26,1,208.0,208.0,healthy,healthy,208,208,0.9907407407407408,0.9907407407407408
pca,pca_evr0p95,engine_balanced,0.975,31,0,68,68,1,166.0,166.0,healthy,healthy,166,166,0.9837962962962964,0.9837962962962964
pca,pca_evr0p95,engine_balanced,0.975,31,0,75,75,1,159.0,159.0,healthy,healthy,159,159,0.9907407407407408,0.9907407407407408
pca,pca_evr0p95,engine_balanced,0.975,31,0,121,122,2,113.0,112.0,middle,middle,113,112,1.0,0.9965277777777778
pca,pca_evr0p95,engine_balanced,0.975,31,0,187,187,1,47.0,47.0,middle,middle,47,47,0.9907407407407408,0.9907407407407408
pca,pca_evr0p95,engine_balanced,0.975,31,0,189,189,1,45.0,45.0,middle,middle,45,45,0.9907407407407408,0.9907407407407408
pca,pca_evr0p95,engine_balanced,0.975,31,0,217,218,2,17.0,16.0,near_failure,near_failure,17,16,0.9930555555555556,0.9930555555555556
pca,pca_evr0p95,engine_balanced,0.975,34,0,2,2,1,193.0,193.0,healthy,healthy,193,193,1.0,1.0
pca,pca_evr0p95,engine_balanced,0.975,34,0,71,71,1,124.0,124.0,middle,middle,124,124,0.9907407407407408,0.9907407407407408
pca,pca_evr0p95,engine_balanced,0.975,34,0,77,77,1,118.0,118.0,middle,middle,118,118,0.9976851851851852,0.9976851851851852
pca,pca_evr0p95,engine_balanced,0.975,34,0,124,124,1,71.0,71.0,middle,middle,71,71,0.976851851851852,0.976851851851852
pca,pca_evr0p95,engine_balanced,0.975,34,0,157,157,1,38.0,38.0,middle,middle,38,38,0.9907407407407408,0.9907407407407408
pca,pca_evr0p95,engine_balanced,0.975,34,0,170,170,1,25.0,25.0,near_failure,near_failure,25,25,1.0,1.0
pca,pca_evr0p95,engine_balanced,0.975,34,0,175,177,3,20.0,18.0,near_failure,near_failure,20,18,1.0,0.9953703703703703
pca,pca_evr0p95,engine_balanced,0.975,34,0,179,195,17,16.0,0.0,near_failure,near_failure,16,0,1.0,0.9993191721132897
pca,pca_evr0p95,engine_balanced,0.975,40,0,30,30,1,158.0,158.0,healthy,healthy,158,158,0.9907407407407408,0.9907407407407408
pca,pca_evr0p95,engine_balanced,0.975,40,0,39,39,1,149.0,149.0,healthy,healthy,149,149,1.0,1.0
pca,pca_evr0p95,engine_balanced,0.975,40,0,119,119,1,69.0,69.0,middle,middle,69,69,0.9930555555555556,0.9930555555555556
pca,pca_evr0p95,engine_balanced,0.975,40,0,138,138,1,50.0,50.0,middle,middle,50,50,1.0,1.0
pca,pca_evr0p95,engine_balanced,0.975,40,0,150,151,2,38.0,37.0,middle,middle,38,37,0.9861111111111112,0.9849537037037037
pca,pca_evr0p95,engine_balanced,0.975,40,0,156,157,2,32.0,31.0,middle,middle,32,31,0.9930555555555556,0.9849537037037037
pca,pca_evr0p95,engine_balanced,0.975,40,0,163,164,2,25.0,24.0,near_failure,near_failure,25,24,0.9930555555555556,0.9895833333333334
pca,pca_evr0p95,engine_balanced,0.975,40,0,167,168,2,21.0,20.0,near_failure,near_failure,21,20,1.0,1.0
pca,pca_evr0p95,engine_balanced,0.975,40,0,170,173,4,18.0,15.0,near_failure,near_failure,18,15,1.0,0.9953703703703703
pca,pca_evr0p95,engine_balanced,0.975,40,0,175,175,1,13.0,13.0,near_failure,near_failure,13,13,0.976851851851852,0.976851851851852
pca,pca_evr0p95,engine_balanced,0.975,40,0,179,179,1,9.0,9.0,near_failure,near_failure,9,9,1.0,1.0
pca,pca_evr0p95,engine_balanced,0.975,40,0,181,181,1,7.0,7.0,near_failure,near_failure,7,7,1.0,1.0
pca,pca_evr0p95,engine_balanced,0.975,40,0,184,188,5,4.0,0.0,near_failure,near_failure,4,0,1.0,0.999537037037037
pca,pca_evr0p95,engine_balanced,0.975,41,0,52,52,1,164.0,164.0,healthy,healthy,164,164,0.9907407407407408,0.9907407407407408
pca,pca_evr0p95,engine_balanced,0.975,41,0,73,73,1,143.0,143.0,healthy,healthy,143,143,0.9837962962962964,0.9837962962962964
pca,pca_evr0p95,engine_balanced,0.975,41,0,141,141,1,75.0,75.0,middle,middle,75,75,0.976851851851852,0.976851851851852
pca,pca_evr0p95,engine_balanced,0.975,41,0,165,165,1,51.0,51.0,middle,middle,51,51,0.9930555555555556,0.9930555555555556
pca,pca_evr0p95,engine_balanced,0.975,41,0,171,171,1,45.0,45.0,middle,middle,45,45,0.9814814814814816,0.9814814814814816
pca,pca_evr0p95,engine_balanced,0.975,41,0,187,187,1,29.0,29.0,near_failure,near_failure,29,29,1.0,1.0
pca,pca_evr0p95,engine_balanced,0.975,41,0,190,190,1,26.0,26.0,near_failure,near_failure,26,26,1.0,1.0
pca,pca_evr0p95,engine_balanced,0.975,41,0,193,194,2,23.0,22.0,near_failure,near_failure,23,22,0.9907407407407408,0.988425925925926
pca,pca_evr0p95,engine_balanced,0.975,41,0,196,196,1,20.0,20.0,near_failure,near_failure,20,20,0.9907407407407408,0.9907407407407408
pca,pca_evr0p95,engine_balanced,0.975,41,0,199,200,2,17.0,16.0,near_failure,near_failure,17,16,1.0,0.9988425925925926
pca,pca_evr0p95,engine_balanced,0.975,41,0,202,204,3,14.0,12.0,near_failure,near_failure,14,12,1.0,0.996141975308642
pca,pca_evr0p95,engine_balanced,0.975,41,0,206,212,7,10.0,4.0,near_failure,near_failure,10,4,1.0,0.994047619047619
pca,pca_evr0p95,engine_balanced,0.975,41,0,214,216,3,2.0,0.0,near_failure,near_failure,2,0,1.0,0.9969135802469137
pca,pca_evr0p95,engine_balanced,0.975,45,0,5,5,1,153.0,153.0,healthy,healthy,153,153,0.9861111111111112,0.9861111111111112
pca,pca_evr0p95,engine_balanced,0.975,45,0,55,55,1,103.0,103.0,middle,middle,103,103,0.9861111111111112,0.9861111111111112
pca,pca_evr0p95,engine_balanced,0.975,45,0,153,153,1,5.0,5.0,near_failure,near_failure,5,5,0.9907407407407408,0.9907407407407408
pca,pca_evr0p95,engine_balanced,0.975,46,0,234,234,1,22.0,22.0,near_failure,near_failure,22,22,1.0,1.0
pca,pca_evr0p95,engine_balanced,0.975,54,0,39,39,1,218.0,218.0,healthy,healthy,218,218,0.976851851851852,0.976851851851852
pca,pca_evr0p95,engine_balanced,0.975,54,0,41,41,1,216.0,216.0,healthy,healthy,216,216,1.0,1.0
pca,pca_evr0p95,engine_balanced,0.975,54,0,45,45,1,212.0,212.0,healthy,healthy,212,212,0.9930555555555556,0.9930555555555556
pca,pca_evr0p95,engine_balanced,0.975,54,0,54,54,1,203.0,203.0,healthy,healthy,203,203,0.9907407407407408,0.9907407407407408
pca,pca_evr0p95,engine_balanced,0.975,54,0,74,74,1,183.0,183.0,healthy,healthy,183,183,0.9907407407407408,0.9907407407407408
pca,pca_evr0p95,engine_balanced,0.975,54,0,87,87,1,170.0,170.0,healthy,healthy,170,170,0.9953703703703703,0.9953703703703703
pca,pca_evr0p95,engine_balanced,0.975,54,0,96,96,1,161.0,161.0,healthy,healthy,161,161,0.9861111111111112,0.9861111111111112
pca,pca_evr0p95,engine_balanced,0.975,54,0,106,107,2,151.0,150.0,healthy,healthy,151,150,0.9861111111111112,0.9814814814814816
pca,pca_evr0p95,engine_balanced,0.975,54,0,137,137,1,120.0,120.0,middle,middle,120,120,0.9837962962962964,0.9837962962962964
pca,pca_evr0p95,engine_balanced,0.975,54,0,158,158,1,99.0,99.0,middle,middle,99,99,0.976851851851852,0.976851851851852
pca,pca_evr0p95,engine_balanced,0.975,54,0,182,182,1,75.0,75.0,middle,middle,75,75,0.9861111111111112,0.9861111111111112
pca,pca_evr0p95,engine_balanced,0.975,54,0,207,207,1,50.0,50.0,middle,middle,50,50,1.0,1.0
pca,pca_evr0p95,engine_balanced,0.975,54,0,221,221,1,36.0,36.0,middle,middle,36,36,0.9907407407407408,0.9907407407407408
pca,pca_evr0p95,engine_balanced,0.975,54,0,223,224,2,34.0,33.0,middle,middle,34,33,0.9907407407407408,0.9907407407407408
pca,pca_evr0p95,engine_balanced,0.975,54,0,228,229,2,29.0,28.0,near_failure,near_failure,29,28,1.0,1.0
pca,pca_evr0p95,engine_balanced,0.975,54,0,231,232,2,26.0,25.0,near_failure,near_failure,26,25,1.0,0.9918981481481481
pca,pca_evr0p95,engine_balanced,0.975,54,0,234,235,2,23.0,22.0,near_failure,near_failure,23,22,1.0,0.9988425925925926
pca,pca_evr0p95,engine_balanced,0.975,54,0,237,243,7,20.0,14.0,near_failure,near_failure,20,14,1.0,0.9933862433862435
pca,pca_evr0p95,engine_balanced,0.975,54,0,245,245,1,12.0,12.0,near_failure,near_failure,12,12,1.0,1.0
pca,pca_evr0p95,engine_balanced,0.975,54,0,247,247,1,10.0,10.0,near_failure,near_failure,10,10,0.9907407407407408,0.9907407407407408
pca,pca_evr0p95,engine_balanced,0.975,54,0,249,251,3,8.0,6.0,near_failure,near_failure,8,6,1.0,0.9992283950617283
pca,pca_evr0p95,engine_balanced,0.975,54,0,253,257,5,4.0,0.0,near_failure,near_failure,4,0,1.0,1.0
pca,pca_evr0p95,engine_balanced,0.975,74,0,9,9,1,157.0,157.0,healthy,healthy,157,157,0.9814814814814816,0.9814814814814816
pca,pca_evr0p95,engine_balanced,0.975,74,0,14,14,1,152.0,152.0,healthy,healthy,152,152,1.0,1.0
pca,pca_evr0p95,engine_balanced,0.975,74,0,86,86,1,80.0,80.0,middle,middle,80,80,0.9907407407407408,0.9907407407407408
pca,pca_evr0p95,engine_balanced,0.975,74,0,137,137,1,29.0,29.0,near_failure,near_failure,29,29,1.0,1.0
pca,pca_evr0p95,engine_balanced,0.975,77,0,91,91,1,63.0,63.0,middle,middle,63,63,0.9953703703703703,0.9953703703703703
pca,pca_evr0p95,engine_balanced,0.975,77,0,99,99,1,55.0,55.0,middle,middle,55,55,0.9976851851851852,0.9976851851851852
pca,pca_evr0p95,engine_balanced,0.975,77,0,104,104,1,50.0,50.0,middle,middle,50,50,0.9907407407407408,0.9907407407407408
pca,pca_evr0p95,engine_balanced,0.975,77,0,147,147,1,7.0,7.0,near_failure,near_failure,7,7,1.0,1.0
pca,pca_evr0p95,engine_balanced,0.975,78,0,45,45,1,186.0,186.0,healthy,healthy,186,186,1.0,1.0
pca,pca_evr0p95,engine_balanced,0.975,78,0,48,48,1,183.0,183.0,healthy,healthy,183,183,0.9907407407407408,0.9907407407407408
pca,pca_evr0p95,engine_balanced,0.975,78,0,80,80,1,151.0,151.0,healthy,healthy,151,151,1.0,1.0
pca,pca_evr0p95,engine_balanced,0.975,78,0,90,90,1,141.0,141.0,healthy,healthy,141,141,0.9907407407407408,0.9907407407407408
pca,pca_evr0p95,engine_balanced,0.975,78,0,114,114,1,117.0,117.0,middle,middle,117,117,0.9861111111111112,0.9861111111111112
pca,pca_evr0p95,engine_balanced,0.975,78,0,140,140,1,91.0,91.0,middle,middle,91,91,0.976851851851852,0.976851851851852
pca,pca_evr0p95,engine_balanced,0.975,78,0,213,213,1,18.0,18.0,near_failure,near_failure,18,18,0.9861111111111112,0.9861111111111112
pca,pca_evr0p95,engine_balanced,0.975,78,0,219,219,1,12.0,12.0,near_failure,near_failure,12,12,1.0,1.0
pca,pca_evr0p95,engine_balanced,0.975,81,0,7,7,1,233.0,233.0,healthy,healthy,233,233,1.0,1.0
pca,pca_evr0p95,engine_balanced,0.975,81,0,112,112,1,128.0,128.0,healthy,healthy,128,128,1.0,1.0
pca,pca_evr0p95,engine_balanced,0.975,81,0,155,155,1,85.0,85.0,middle,middle,85,85,0.9953703703703703,0.9953703703703703
pca,pca_evr0p95,engine_balanced,0.975,81,0,164,164,1,76.0,76.0,middle,middle,76,76,0.9953703703703703,0.9953703703703703
pca,pca_evr0p95,engine_balanced,0.975,81,0,195,195,1,45.0,45.0,middle,middle,45,45,0.9930555555555556,0.9930555555555556
pca,pca_evr0p95,engine_balanced,0.975,81,0,204,204,1,36.0,36.0,middle,middle,36,36,0.9907407407407408,0.9907407407407408
pca,pca_evr0p95,engine_balanced,0.975,81,0,238,239,2,2.0,1.0,near_failure,near_failure,2,1,0.9861111111111112,0.9837962962962964
pca,pca_evr0p95,engine_balanced,0.975,89,0,23,23,1,194.0,194.0,healthy,healthy,194,194,0.9814814814814816,0.9814814814814816
pca,pca_evr0p95,engine_balanced,0.975,89,0,32,32,1,185.0,185.0,healthy,healthy,185,185,0.9907407407407408,0.9907407407407408
pca,pca_evr0p95,engine_balanced,0.975,89,0,119,119,1,98.0,98.0,middle,middle,98,98,0.9953703703703703,0.9953703703703703
pca,pca_evr0p95,engine_balanced,0.975,89,0,147,147,1,70.0,70.0,middle,middle,70,70,1.0,1.0
pca,pca_evr0p95,engine_balanced,0.975,89,0,214,214,1,3.0,3.0,near_failure,near_failure,3,3,0.976851851851852,0.976851851851852
pca,pca_evr0p95,engine_balanced,0.975,91,0,30,30,1,105.0,105.0,middle,middle,105,105,0.9953703703703703,0.9953703703703703
pca,pca_evr0p95,engine_balanced,0.975,91,0,38,38,1,97.0,97.0,middle,middle,97,97,0.9861111111111112,0.9861111111111112
pca,pca_evr0p95,engine_balanced,0.975,91,0,95,95,1,40.0,40.0,middle,middle,40,40,0.9907407407407408,0.9907407407407408
pca,pca_evr0p95,engine_balanced,0.99,1,0,63,63,1,129.0,129.0,healthy,healthy,129,129,0.9907407407407408,0.9907407407407408
pca,pca_evr0p95,engine_balanced,0.99,1,0,74,74,1,118.0,118.0,middle,middle,118,118,1.0,1.0
pca,pca_evr0p95,engine_balanced,0.99,1,0,156,156,1,36.0,36.0,middle,middle,36,36,1.0,1.0
pca,pca_evr0p95,engine_balanced,0.99,5,0,18,18,1,251.0,251.0,healthy,healthy,251,251,0.9907407407407408,0.9907407407407408
pca,pca_evr0p95,engine_balanced,0.99,5,0,76,76,1,193.0,193.0,healthy,healthy,193,193,0.9907407407407408,0.9907407407407408
pca,pca_evr0p95,engine_balanced,0.99,5,0,218,218,1,51.0,51.0,middle,middle,51,51,0.9907407407407408,0.9907407407407408
pca,pca_evr0p95,engine_balanced,0.99,5,0,220,220,1,49.0,49.0,middle,middle,49,49,0.9907407407407408,0.9907407407407408
pca,pca_evr0p95,engine_balanced,0.99,5,0,230,230,1,39.0,39.0,middle,middle,39,39,0.9907407407407408,0.9907407407407408
pca,pca_evr0p95,engine_balanced,0.99,5,0,232,232,1,37.0,37.0,middle,middle,37,37,1.0,1.0
pca,pca_evr0p95,engine_balanced,0.99,5,0,234,235,2,35.0,34.0,middle,middle,35,34,1.0,0.9953703703703705
pca,pca_evr0p95,engine_balanced,0.99,5,0,239,240,2,30.0,29.0,near_failure,near_failure,30,29,1.0,0.9953703703703705
pca,pca_evr0p95,engine_balanced,0.99,5,0,243,243,1,26.0,26.0,near_failure,near_failure,26,26,1.0,1.0
pca,pca_evr0p95,engine_balanced,0.99,5,0,245,246,2,24.0,23.0,near_failure,near_failure,24,23,1.0,1.0
pca,pca_evr0p95,engine_balanced,0.99,5,0,249,251,3,20.0,18.0,near_failure,near_failure,20,18,1.0,0.9969135802469137
pca,pca_evr0p95,engine_balanced,0.99,5,0,254,254,1,15.0,15.0,near_failure,near_failure,15,15,1.0,1.0
pca,pca_evr0p95,engine_balanced,0.99,5,0,257,257,1,12.0,12.0,near_failure,near_failure,12,12,1.0,1.0
pca,pca_evr0p95,engine_balanced,0.99,5,0,259,260,2,10.0,9.0,near_failure,near_failure,10,9,1.0,1.0
pca,pca_evr0p95,engine_balanced,0.99,5,0,262,264,3,7.0,5.0,near_failure,near_failure,7,5,1.0,1.0
pca,pca_evr0p95,engine_balanced,0.99,5,0,266,266,1,3.0,3.0,near_failure,near_failure,3,3,0.9930555555555556,0.9930555555555556
pca,pca_evr0p95,engine_balanced,0.99,5,0,268,269,2,1.0,0.0,near_failure,near_failure,1,0,1.0,0.9953703703703705
pca,pca_evr0p95,engine_balanced,0.99,10,0,60,60,1,162.0,162.0,healthy,healthy,162,162,1.0,1.0
pca,pca_evr0p95,engine_balanced,0.99,10,0,84,84,1,138.0,138.0,healthy,healthy,138,138,0.9907407407407408,0.9907407407407408
pca,pca_evr0p95,engine_balanced,0.99,10,0,147,147,1,75.0,75.0,middle,middle,75,75,0.9976851851851852,0.9976851851851852
pca,pca_evr0p95,engine_balanced,0.99,10,0,176,176,1,46.0,46.0,middle,middle,46,46,0.9907407407407408,0.9907407407407408
pca,pca_evr0p95,engine_balanced,0.99,10,0,208,208,1,14.0,14.0,near_failure,near_failure,14,14,0.9976851851851852,0.9976851851851852
pca,pca_evr0p95,engine_balanced,0.99,10,0,216,217,2,6.0,5.0,near_failure,near_failure,6,5,0.9976851851851852,0.994212962962963
pca,pca_evr0p95,engine_balanced,0.99,10,0,219,221,3,3.0,1.0,near_failure,near_failure,3,1,1.0,0.996141975308642
pca,pca_evr0p95,engine_balanced,0.99,11,0,10,10,1,230.0,230.0,healthy,healthy,230,230,0.9907407407407408,0.9907407407407408
pca,pca_evr0p95,engine_balanced,0.99,11,0,31,31,1,209.0,209.0,healthy,healthy,209,209,0.9907407407407408,0.9907407407407408
pca,pca_evr0p95,engine_balanced,0.99,11,0,106,106,1,134.0,134.0,healthy,healthy,134,134,0.9953703703703703,0.9953703703703703
pca,pca_evr0p95,engine_balanced,0.99,11,0,108,108,1,132.0,132.0,healthy,healthy,132,132,0.9907407407407408,0.9907407407407408
pca,pca_evr0p95,engine_balanced,0.99,11,0,131,131,1,109.0,109.0,middle,middle,109,109,1.0,1.0
pca,pca_evr0p95,engine_balanced,0.99,11,0,136,136,1,104.0,104.0,middle,middle,104,104,0.9930555555555556,0.9930555555555556
pca,pca_evr0p95,engine_balanced,0.99,11,0,139,139,1,101.0,101.0,middle,middle,101,101,0.9907407407407408,0.9907407407407408
pca,pca_evr0p95,engine_balanced,0.99,11,0,143,143,1,97.0,97.0,middle,middle,97,97,0.9907407407407408,0.9907407407407408
pca,pca_evr0p95,engine_balanced,0.99,11,0,186,186,1,54.0,54.0,middle,middle,54,54,0.9930555555555556,0.9930555555555556
pca,pca_evr0p95,engine_balanced,0.99,11,0,192,193,2,48.0,47.0,middle,middle,48,47,0.9907407407407408,0.9907407407407408
pca,pca_evr0p95,engine_balanced,0.99,11,0,213,213,1,27.0,27.0,near_failure,near_failure,27,27,0.9953703703703703,0.9953703703703703
pca,pca_evr0p95,engine_balanced,0.99,11,0,215,216,2,25.0,24.0,near_failure,near_failure,25,24,1.0,0.9953703703703705
pca,pca_evr0p95,engine_balanced,0.99,11,0,226,226,1,14.0,14.0,near_failure,near_failure,14,14,1.0,1.0
pca,pca_evr0p95,engine_balanced,0.99,11,0,228,228,1,12.0,12.0,near_failure,near_failure,12,12,1.0,1.0
pca,pca_evr0p95,engine_balanced,0.99,11,0,232,240,9,8.0,0.0,near_failure,near_failure,8,0,1.0,0.9989711934156378
pca,pca_evr0p95,engine_balanced,0.99,13,0,138,138,1,25.0,25.0,near_failure,near_failure,25,25,1.0,1.0
pca,pca_evr0p95,engine_balanced,0.99,13,0,144,145,2,19.0,18.0,near_failure,near_failure,19,18,1.0,0.9953703703703705
pca,pca_evr0p95,engine_balanced,0.99,13,0,150,151,2,13.0,12.0,near_failure,near_failure,13,12,1.0,0.9953703703703705
pca,pca_evr0p95,engine_balanced,0.99,13,0,153,154,2,10.0,9.0,near_failure,near_failure,10,9,1.0,1.0
pca,pca_evr0p95,engine_balanced,0.99,13,0,156,162,7,7.0,1.0,near_failure,near_failure,7,1,1.0,0.9990079365079365
pca,pca_evr0p95,engine_balanced,0.99,16,0,7,7,1,202.0,202.0,healthy,healthy,202,202,0.9907407407407408,0.9907407407407408
pca,pca_evr0p95,engine_balanced,0.99,16,0,133,133,1,76.0,76.0,middle,middle,76,76,0.9907407407407408,0.9907407407407408
pca,pca_evr0p95,engine_balanced,0.99,16,0,172,172,1,37.0,37.0,middle,middle,37,37,0.9907407407407408,0.9907407407407408
pca,pca_evr0p95,engine_balanced,0.99,16,0,193,193,1,16.0,16.0,near_failure,near_failure,16,16,0.9930555555555556,0.9930555555555556
pca,pca_evr0p95,engine_balanced,0.99,16,0,206,206,1,3.0,3.0,near_failure,near_failure,3,3,0.9930555555555556,0.9930555555555556
pca,pca_evr0p95,engine_balanced,0.99,27,0,25,25,1,131.0,131.0,healthy,healthy,131,131,1.0,1.0
pca,pca_evr0p95,engine_balanced,0.99,27,0,77,77,1,79.0,79.0,middle,middle,79,79,0.9907407407407408,0.9907407407407408
pca,pca_evr0p95,engine_balanced,0.99,27,0,125,125,1,31.0,31.0,middle,middle,31,31,1.0,1.0
pca,pca_evr0p95,engine_balanced,0.99,27,0,131,131,1,25.0,25.0,near_failure,near_failure,25,25,1.0,1.0
pca,pca_evr0p95,engine_balanced,0.99,27,0,141,141,1,15.0,15.0,near_failure,near_failure,15,15,1.0,1.0
pca,pca_evr0p95,engine_balanced,0.99,27,0,143,143,1,13.0,13.0,near_failure,near_failure,13,13,0.9907407407407408,0.9907407407407408
pca,pca_evr0p95,engine_balanced,0.99,27,0,146,148,3,10.0,8.0,near_failure,near_failure,10,8,1.0,0.9938271604938272
pca,pca_evr0p95,engine_balanced,0.99,27,0,152,155,4,4.0,1.0,near_failure,near_failure,4,1,1.0,1.0
pca,pca_evr0p95,engine_balanced,0.99,31,0,23,23,1,211.0,211.0,healthy,healthy,211,211,0.9976851851851852,0.9976851851851852
pca,pca_evr0p95,engine_balanced,0.99,31,0,26,26,1,208.0,208.0,healthy,healthy,208,208,0.9907407407407408,0.9907407407407408
pca,pca_evr0p95,engine_balanced,0.99,31,0,75,75,1,159.0,159.0,healthy,healthy,159,159,0.9907407407407408,0.9907407407407408
pca,pca_evr0p95,engine_balanced,0.99,31,0,121,122,2,113.0,112.0,middle,middle,113,112,1.0,0.9965277777777778
pca,pca_evr0p95,engine_balanced,0.99,31,0,187,187,1,47.0,47.0,middle,middle,47,47,0.9907407407407408,0.9907407407407408
pca,pca_evr0p95,engine_balanced,0.99,31,0,189,189,1,45.0,45.0,middle,middle,45,45,0.9907407407407408,0.9907407407407408
pca,pca_evr0p95,engine_balanced,0.99,31,0,217,218,2,17.0,16.0,near_failure,near_failure,17,16,0.9930555555555556,0.9930555555555556
pca,pca_evr0p95,engine_balanced,0.99,34,0,2,2,1,193.0,193.0,healthy,healthy,193,193,1.0,1.0
pca,pca_evr0p95,engine_balanced,0.99,34,0,71,71,1,124.0,124.0,middle,middle,124,124,0.9907407407407408,0.9907407407407408
pca,pca_evr0p95,engine_balanced,0.99,34,0,77,77,1,118.0,118.0,middle,middle,118,118,0.9976851851851852,0.9976851851851852
pca,pca_evr0p95,engine_balanced,0.99,34,0,157,157,1,38.0,38.0,middle,middle,38,38,0.9907407407407408,0.9907407407407408
pca,pca_evr0p95,engine_balanced,0.99,34,0,170,170,1,25.0,25.0,near_failure,near_failure,25,25,1.0,1.0
pca,pca_evr0p95,engine_balanced,0.99,34,0,175,177,3,20.0,18.0,near_failure,near_failure,20,18,1.0,0.9953703703703703
pca,pca_evr0p95,engine_balanced,0.99,34,0,179,195,17,16.0,0.0,near_failure,near_failure,16,0,1.0,0.9993191721132897
pca,pca_evr0p95,engine_balanced,0.99,40,0,30,30,1,158.0,158.0,healthy,healthy,158,158,0.9907407407407408,0.9907407407407408
pca,pca_evr0p95,engine_balanced,0.99,40,0,39,39,1,149.0,149.0,healthy,healthy,149,149,1.0,1.0
pca,pca_evr0p95,engine_balanced,0.99,40,0,119,119,1,69.0,69.0,middle,middle,69,69,0.9930555555555556,0.9930555555555556
pca,pca_evr0p95,engine_balanced,0.99,40,0,138,138,1,50.0,50.0,middle,middle,50,50,1.0,1.0
pca,pca_evr0p95,engine_balanced,0.99,40,0,156,156,1,32.0,32.0,middle,middle,32,32,0.9930555555555556,0.9930555555555556
pca,pca_evr0p95,engine_balanced,0.99,40,0,163,163,1,25.0,25.0,near_failure,near_failure,25,25,0.9930555555555556,0.9930555555555556
pca,pca_evr0p95,engine_balanced,0.99,40,0,167,168,2,21.0,20.0,near_failure,near_failure,21,20,1.0,1.0
pca,pca_evr0p95,engine_balanced,0.99,40,0,170,170,1,18.0,18.0,near_failure,near_failure,18,18,1.0,1.0
pca,pca_evr0p95,engine_balanced,0.99,40,0,172,173,2,16.0,15.0,near_failure,near_failure,16,15,1.0,0.9976851851851851
pca,pca_evr0p95,engine_balanced,0.99,40,0,179,179,1,9.0,9.0,near_failure,near_failure,9,9,1.0,1.0
pca,pca_evr0p95,engine_balanced,0.99,40,0,181,181,1,7.0,7.0,near_failure,near_failure,7,7,1.0,1.0
pca,pca_evr0p95,engine_balanced,0.99,40,0,184,188,5,4.0,0.0,near_failure,near_failure,4,0,1.0,0.999537037037037
pca,pca_evr0p95,engine_balanced,0.99,41,0,52,52,1,164.0,164.0,healthy,healthy,164,164,0.9907407407407408,0.9907407407407408
pca,pca_evr0p95,engine_balanced,0.99,41,0,165,165,1,51.0,51.0,middle,middle,51,51,0.9930555555555556,0.9930555555555556
pca,pca_evr0p95,engine_balanced,0.99,41,0,187,187,1,29.0,29.0,near_failure,near_failure,29,29,1.0,1.0
pca,pca_evr0p95,engine_balanced,0.99,41,0,190,190,1,26.0,26.0,near_failure,near_failure,26,26,1.0,1.0
pca,pca_evr0p95,engine_balanced,0.99,41,0,194,194,1,22.0,22.0,near_failure,near_failure,22,22,0.9907407407407408,0.9907407407407408
pca,pca_evr0p95,engine_balanced,0.99,41,0,196,196,1,20.0,20.0,near_failure,near_failure,20,20,0.9907407407407408,0.9907407407407408
pca,pca_evr0p95,engine_balanced,0.99,41,0,199,200,2,17.0,16.0,near_failure,near_failure,17,16,1.0,0.9988425925925926
pca,pca_evr0p95,engine_balanced,0.99,41,0,202,204,3,14.0,12.0,near_failure,near_failure,14,12,1.0,0.996141975308642
pca,pca_evr0p95,engine_balanced,0.99,41,0,206,211,6,10.0,5.0,near_failure,near_failure,10,5,1.0,0.9969135802469135
pca,pca_evr0p95,engine_balanced,0.99,41,0,214,216,3,2.0,0.0,near_failure,near_failure,2,0,1.0,0.9969135802469137
pca,pca_evr0p95,engine_balanced,0.99,45,0,153,153,1,5.0,5.0,near_failure,near_failure,5,5,0.9907407407407408,0.9907407407407408
pca,pca_evr0p95,engine_balanced,0.99,46,0,234,234,1,22.0,22.0,near_failure,near_failure,22,22,1.0,1.0
pca,pca_evr0p95,engine_balanced,0.99,54,0,41,41,1,216.0,216.0,healthy,healthy,216,216,1.0,1.0
pca,pca_evr0p95,engine_balanced,0.99,54,0,45,45,1,212.0,212.0,healthy,healthy,212,212,0.9930555555555556,0.9930555555555556
pca,pca_evr0p95,engine_balanced,0.99,54,0,54,54,1,203.0,203.0,healthy,healthy,203,203,0.9907407407407408,0.9907407407407408
pca,pca_evr0p95,engine_balanced,0.99,54,0,74,74,1,183.0,183.0,healthy,healthy,183,183,0.9907407407407408,0.9907407407407408
pca,pca_evr0p95,engine_balanced,0.99,54,0,87,87,1,170.0,170.0,healthy,healthy,170,170,0.9953703703703703,0.9953703703703703
pca,pca_evr0p95,engine_balanced,0.99,54,0,207,207,1,50.0,50.0,middle,middle,50,50,1.0,1.0
pca,pca_evr0p95,engine_balanced,0.99,54,0,221,221,1,36.0,36.0,middle,middle,36,36,0.9907407407407408,0.9907407407407408
pca,pca_evr0p95,engine_balanced,0.99,54,0,223,224,2,34.0,33.0,middle,middle,34,33,0.9907407407407408,0.9907407407407408
pca,pca_evr0p95,engine_balanced,0.99,54,0,228,229,2,29.0,28.0,near_failure,near_failure,29,28,1.0,1.0
pca,pca_evr0p95,engine_balanced,0.99,54,0,231,231,1,26.0,26.0,near_failure,near_failure,26,26,1.0,1.0
pca,pca_evr0p95,engine_balanced,0.99,54,0,234,235,2,23.0,22.0,near_failure,near_failure,23,22,1.0,0.9988425925925926
pca,pca_evr0p95,engine_balanced,0.99,54,0,237,242,6,20.0,15.0,near_failure,near_failure,20,15,1.0,0.9945987654320988
pca,pca_evr0p95,engine_balanced,0.99,54,0,245,245,1,12.0,12.0,near_failure,near_failure,12,12,1.0,1.0
pca,pca_evr0p95,engine_balanced,0.99,54,0,247,247,1,10.0,10.0,near_failure,near_failure,10,10,0.9907407407407408,0.9907407407407408
pca,pca_evr0p95,engine_balanced,0.99,54,0,249,251,3,8.0,6.0,near_failure,near_failure,8,6,1.0,0.9992283950617283
pca,pca_evr0p95,engine_balanced,0.99,54,0,253,257,5,4.0,0.0,near_failure,near_failure,4,0,1.0,1.0
pca,pca_evr0p95,engine_balanced,0.99,74,0,14,14,1,152.0,152.0,healthy,healthy,152,152,1.0,1.0
pca,pca_evr0p95,engine_balanced,0.99,74,0,86,86,1,80.0,80.0,middle,middle,80,80,0.9907407407407408,0.9907407407407408
pca,pca_evr0p95,engine_balanced,0.99,74,0,137,137,1,29.0,29.0,near_failure,near_failure,29,29,1.0,1.0
pca,pca_evr0p95,engine_balanced,0.99,77,0,91,91,1,63.0,63.0,middle,middle,63,63,0.9953703703703703,0.9953703703703703
pca,pca_evr0p95,engine_balanced,0.99,77,0,99,99,1,55.0,55.0,middle,middle,55,55,0.9976851851851852,0.9976851851851852
pca,pca_evr0p95,engine_balanced,0.99,77,0,104,104,1,50.0,50.0,middle,middle,50,50,0.9907407407407408,0.9907407407407408
pca,pca_evr0p95,engine_balanced,0.99,77,0,147,147,1,7.0,7.0,near_failure,near_failure,7,7,1.0,1.0
pca,pca_evr0p95,engine_balanced,0.99,78,0,45,45,1,186.0,186.0,healthy,healthy,186,186,1.0,1.0
pca,pca_evr0p95,engine_balanced,0.99,78,0,48,48,1,183.0,183.0,healthy,healthy,183,183,0.9907407407407408,0.9907407407407408
pca,pca_evr0p95,engine_balanced,0.99,78,0,80,80,1,151.0,151.0,healthy,healthy,151,151,1.0,1.0
pca,pca_evr0p95,engine_balanced,0.99,78,0,90,90,1,141.0,141.0,healthy,healthy,141,141,0.9907407407407408,0.9907407407407408
pca,pca_evr0p95,engine_balanced,0.99,78,0,219,219,1,12.0,12.0,near_failure,near_failure,12,12,1.0,1.0
pca,pca_evr0p95,engine_balanced,0.99,81,0,7,7,1,233.0,233.0,healthy,healthy,233,233,1.0,1.0
pca,pca_evr0p95,engine_balanced,0.99,81,0,112,112,1,128.0,128.0,healthy,healthy,128,128,1.0,1.0
pca,pca_evr0p95,engine_balanced,0.99,81,0,155,155,1,85.0,85.0,middle,middle,85,85,0.9953703703703703,0.9953703703703703
pca,pca_evr0p95,engine_balanced,0.99,81,0,164,164,1,76.0,76.0,middle,middle,76,76,0.9953703703703703,0.9953703703703703
pca,pca_evr0p95,engine_balanced,0.99,81,0,195,195,1,45.0,45.0,middle,middle,45,45,0.9930555555555556,0.9930555555555556
pca,pca_evr0p95,engine_balanced,0.99,81,0,204,204,1,36.0,36.0,middle,middle,36,36,0.9907407407407408,0.9907407407407408
pca,pca_evr0p95,engine_balanced,0.99,89,0,32,32,1,185.0,185.0,healthy,healthy,185,185,0.9907407407407408,0.9907407407407408
pca,pca_evr0p95,engine_balanced,0.99,89,0,119,119,1,98.0,98.0,middle,middle,98,98,0.9953703703703703,0.9953703703703703
pca,pca_evr0p95,engine_balanced,0.99,89,0,147,147,1,70.0,70.0,middle,middle,70,70,1.0,1.0
pca,pca_evr0p95,engine_balanced,0.99,91,0,30,30,1,105.0,105.0,middle,middle,105,105,0.9953703703703703,0.9953703703703703
pca,pca_evr0p95,engine_balanced,0.99,91,0,95,95,1,40.0,40.0,middle,middle,40,40,0.9907407407407408,0.9907407407407408
