family,candidate_id,RUL,n_engines,percentile_mean,percentile_median,percentile_p25,percentile_p75
iforest,iforest_n200_ms_0p5,0,20,1.0,1.0,1.0,1.0
iforest,iforest_n200_ms_0p5,1,20,1.0,1.0,1.0,1.0
iforest,iforest_n200_ms_0p5,2,20,1.0,1.0,1.0,1.0
iforest,iforest_n200_ms_0p5,3,20,1.0,1.0,1.0,1.0
iforest,iforest_n200_ms_0p5,4,20,1.0,1.0,1.0,1.0
iforest,iforest_n200_ms_0p5,5,20,1.0,1.0,1.0,1.0
iforest,iforest_n200_ms_0p5,6,20,1.0,1.0,1.0,1.0
iforest,iforest_n200_ms_0p5,7,20,1.0,1.0,1.0,1.0
iforest,iforest_n200_ms_0p5,8,20,1.0,1.0,1.0,1.0
iforest,iforest_n200_ms_0p5,9,20,1.0,1.0,1.0,1.0
iforest,iforest_n200_ms_0p5,10,20,1.0,1.0,1.0,1.0
iforest,iforest_n200_ms_0p5,11,20,1.0,1.0,1.0,1.0
iforest,iforest_n200_ms_0p5,12,20,1.0,1.0,1.0,1.0
iforest,iforest_n200_ms_0p5,13,20,1.0,1.0,1.0,1.0
iforest,iforest_n200_ms_0p5,14,20,1.0,1.0,1.0,1.0
iforest,iforest_n200_ms_0p5,15,20,1.0,1.0,1.0,1.0
iforest,iforest_n200_ms_0p5,16,20,1.0,1.0,1.0,1.0
iforest,iforest_n200_ms_0p5,17,20,1.0,1.0,1.0,1.0
iforest,iforest_n200_ms_0p5,18,20,1.0,1.0,1.0,1.0
iforest,iforest_n200_ms_0p5,19,20,1.0,1.0,1.0,1.0
iforest,iforest_n200_ms_0p5,20,20,1.0,1.0,1.0,1.0
iforest,iforest_n200_ms_0p5,21,20,0.999945054945055,1.0,1.0,1.0
iforest,iforest_n200_ms_0p5,22,20,0.9996978021978021,1.0,1.0,1.0
iforest,iforest_n200_ms_0p5,23,20,1.0,1.0,1.0,1.0
iforest,iforest_n200_ms_0p5,24,20,0.9998626373626374,1.0,1.0,1.0
iforest,iforest_n200_ms_0p5,25,20,0.9999725274725275,1.0,1.0,1.0
iforest,iforest_n200_ms_0p5,26,20,0.9999725274725275,1.0,1.0,1.0
iforest,iforest_n200_ms_0p5,27,20,0.9996703296703296,1.0,1.0,1.0
iforest,iforest_n200_ms_0p5,28,20,0.9995054945054944,1.0,1.0,1.0
iforest,iforest_n200_ms_0p5,29,20,0.9996428571428572,1.0,1.0,1.0
iforest,iforest_n200_ms_0p5,30,20,0.9996428571428572,1.0,1.0,1.0
iforest,iforest_n200_ms_0p5,31,20,0.9942582417582418,1.0,0.9993131868131868,1.0
iforest,iforest_n200_ms_0p5,32,20,0.9987637362637363,1.0,1.0,1.0
iforest,iforest_n200_ms_0p5,33,20,0.9959890109890109,1.0,0.9967032967032968,1.0
iforest,iforest_n200_ms_0p5,34,20,0.9969505494505494,0.9994505494505496,0.9979395604395604,1.0
iforest,iforest_n200_ms_0p5,35,20,0.9971978021978023,1.0,0.9991758241758243,1.0
iforest,iforest_n200_ms_0p5,36,20,0.9975274725274726,1.0,0.9989010989010988,1.0
iforest,iforest_n200_ms_0p5,37,20,0.9877197802197802,0.9997252747252747,0.9938186813186813,1.0
iforest,iforest_n200_ms_0p5,38,20,0.9958241758241758,0.9991758241758242,0.9957417582417583,1.0
iforest,iforest_n200_ms_0p5,39,20,0.9769505494505495,0.9989010989010988,0.9895604395604396,1.0
iforest,iforest_n200_ms_0p5,40,20,0.9691758241758242,0.9997252747252747,0.9961538461538462,1.0
iforest,iforest_n200_ms_0p5,41,20,0.9865384615384615,0.9980769230769232,0.9868131868131869,1.0
iforest,iforest_n200_ms_0p5,42,20,0.9710439560439561,0.996978021978022,0.9802197802197803,1.0
iforest,iforest_n200_ms_0p5,43,20,0.9574450549450549,0.9958791208791209,0.9730769230769231,0.9987637362637363
iforest,iforest_n200_ms_0p5,44,20,0.969368131868132,0.996978021978022,0.9675824175824175,1.0
iforest,iforest_n200_ms_0p5,45,20,0.9706043956043956,0.9928571428571429,0.9824175824175823,1.0
iforest,iforest_n200_ms_0p5,46,20,0.9248901098901099,0.9967032967032968,0.9379120879120879,1.0
iforest,iforest_n200_ms_0p5,47,20,0.9711813186813186,0.9958791208791209,0.9770604395604396,0.9994505494505496
iforest,iforest_n200_ms_0p5,48,20,0.9346153846153846,0.9791208791208792,0.9449175824175824,1.0
iforest,iforest_n200_ms_0p5,49,20,0.9357967032967032,0.9931318681318682,0.9520604395604395,0.998489010989011
iforest,iforest_n200_ms_0p5,50,20,0.9483791208791208,0.9917582417582418,0.9348901098901098,0.9990384615384615
iforest,iforest_n200_ms_0p5,51,20,0.9328846153846154,0.9804945054945056,0.9237637362637363,0.9989010989010988
iforest,iforest_n200_ms_0p5,52,20,0.9153846153846154,0.9848901098901097,0.8842032967032967,0.998489010989011
iforest,iforest_n200_ms_0p5,53,20,0.9362087912087912,0.9920329670329671,0.9164835164835164,0.9994505494505496
iforest,iforest_n200_ms_0p5,54,20,0.8548901098901098,0.9766483516483516,0.8906593406593406,0.9967032967032968
iforest,iforest_n200_ms_0p5,55,20,0.9375549450549452,0.9667582417582417,0.9189560439560439,0.9972527472527473
iforest,iforest_n200_ms_0p5,56,20,0.8854395604395604,0.9777472527472526,0.8486263736263736,0.9972527472527473
iforest,iforest_n200_ms_0p5,57,20,0.8626373626373626,0.9733516483516484,0.7806318681318681,0.9942307692307693
iforest,iforest_n200_ms_0p5,58,20,0.9180494505494506,0.9884615384615386,0.9418956043956043,0.9950549450549451
iforest,iforest_n200_ms_0p5,59,20,0.8609615384615384,0.9873626373626374,0.8958791208791208,0.9972527472527473
iforest,iforest_n200_ms_0p5,60,20,0.8977747252747253,0.9678571428571427,0.8078296703296703,0.9928571428571428
iforest,iforest_n200_ms_0p5,61,20,0.8235439560439561,0.9673076923076924,0.7300824175824175,0.9912087912087912
iforest,iforest_n200_ms_0p5,62,20,0.8323626373626374,0.9678571428571427,0.7781593406593407,0.9906593406593407
iforest,iforest_n200_ms_0p5,63,20,0.8510439560439561,0.962912087912088,0.7824175824175824,0.9872252747252748
iforest,iforest_n200_ms_0p5,64,20,0.8157967032967033,0.9368131868131868,0.7770604395604396,0.9916208791208792
iforest,iforest_n200_ms_0p5,65,20,0.8151098901098901,0.9667582417582419,0.7800824175824176,0.9929945054945054
iforest,iforest_n200_ms_0p5,66,20,0.8068131868131868,0.9093406593406592,0.7539835164835165,0.9571428571428572
iforest,iforest_n200_ms_0p5,67,20,0.8742032967032968,0.9634615384615385,0.8818681318681318,0.9835164835164836
iforest,iforest_n200_ms_0p5,68,20,0.777032967032967,0.9291208791208792,0.6005494505494505,0.9813186813186814
iforest,iforest_n200_ms_0p5,69,20,0.7832967032967033,0.8906593406593407,0.6857142857142857,0.9759615384615384
iforest,iforest_n200_ms_0p5,70,20,0.7736263736263737,0.8637362637362638,0.7600274725274725,0.973489010989011
iforest,iforest_n200_ms_0p5,71,20,0.7777747252747252,0.9442307692307692,0.673901098901099,0.9796703296703296
iforest,iforest_n200_ms_0p5,72,20,0.775521978021978,0.8549450549450549,0.6141483516483517,0.9773351648351648
iforest,iforest_n200_ms_0p5,73,20,0.7567857142857143,0.7519230769230769,0.6674450549450549,0.9381868131868133
iforest,iforest_n200_ms_0p5,74,20,0.6642307692307693,0.8596153846153847,0.2656593406593406,0.9737637362637364
iforest,iforest_n200_ms_0p5,75,20,0.7310989010989011,0.8626373626373627,0.5170329670329671,0.9467032967032967
iforest,iforest_n200_ms_0p5,76,20,0.7343131868131868,0.9071428571428573,0.44148351648351647,0.989423076923077
iforest,iforest_n200_ms_0p5,77,20,0.7073076923076923,0.7302197802197802,0.5449175824175825,0.9682692307692307
iforest,iforest_n200_ms_0p5,78,20,0.6360164835164835,0.7035714285714285,0.48049450549450545,0.8478021978021979
iforest,iforest_n200_ms_0p5,79,20,0.6898626373626373,0.7689560439560439,0.5906593406593407,0.9274725274725275
iforest,iforest_n200_ms_0p5,80,20,0.6378021978021977,0.8417582417582417,0.3407967032967033,0.9483516483516483
iforest,iforest_n200_ms_0p5,81,20,0.7136813186813187,0.8134615384615385,0.4273351648351648,0.9624999999999999
iforest,iforest_n200_ms_0p5,82,20,0.6732967032967033,0.8447802197802198,0.356043956043956,0.9193681318681319
iforest,iforest_n200_ms_0p5,83,20,0.7574725274725276,0.835989010989011,0.5659340659340659,0.9649725274725276
iforest,iforest_n200_ms_0p5,84,20,0.654423076923077,0.7321428571428572,0.44629120879120876,0.9394230769230769
iforest,iforest_n200_ms_0p5,85,20,0.6247252747252747,0.7151098901098901,0.37403846153846154,0.9413461538461538
iforest,iforest_n200_ms_0p5,86,20,0.6166758241758241,0.8159340659340659,0.20054945054945056,0.9120879120879122
iforest,iforest_n200_ms_0p5,87,20,0.5942857142857143,0.6148351648351649,0.3001373626373626,0.8956043956043956
iforest,iforest_n200_ms_0p5,88,20,0.6783516483516483,0.7835164835164835,0.4811813186813187,0.9259615384615386
iforest,iforest_n200_ms_0p5,89,20,0.5312362637362638,0.4876373626373626,0.30480769230769234,0.8467032967032967
iforest,iforest_n200_ms_0p5,90,20,0.6383516483516484,0.7593406593406593,0.44134615384615383,0.8803571428571428
iforest,iforest_n200_ms_0p5,91,20,0.5918406593406593,0.7005494505494505,0.3299450549450549,0.871978021978022
iforest,iforest_n200_ms_0p5,92,20,0.5574725274725274,0.6494505494505495,0.26826923076923076,0.8070054945054945
iforest,iforest_n200_ms_0p5,93,20,0.6840659340659341,0.8142857142857143,0.42925824175824173,0.9542582417582416
iforest,iforest_n200_ms_0p5,94,20,0.6291208791208791,0.7285714285714285,0.5523351648351649,0.8228021978021978
iforest,iforest_n200_ms_0p5,95,20,0.6041758241758242,0.5832417582417583,0.48956043956043954,0.8604395604395604
iforest,iforest_n200_ms_0p5,96,20,0.6577747252747252,0.7587912087912088,0.375,0.9189560439560438
iforest,iforest_n200_ms_0p5,97,20,0.6932967032967033,0.8348901098901099,0.4932692307692308,0.9440934065934066
iforest,iforest_n200_ms_0p5,98,20,0.5988186813186813,0.6884615384615385,0.20192307692307693,0.8793956043956044
iforest,iforest_n200_ms_0p5,99,20,0.5556868131868131,0.554945054945055,0.31717032967032965,0.9002747252747252
iforest,iforest_n200_ms_0p5,100,20,0.6023901098901099,0.7195054945054945,0.301510989010989,0.8732142857142857
iforest,iforest_n200_ms_0p5,101,20,0.5618681318681318,0.6054945054945056,0.36016483516483516,0.8365384615384616
iforest,iforest_n200_ms_0p5,102,20,0.5817857142857144,0.6615384615384616,0.36524725274725267,0.8478021978021978
iforest,iforest_n200_ms_0p5,103,20,0.5941208791208791,0.6774725274725275,0.3101648351648352,0.9135989010989011
iforest,iforest_n200_ms_0p5,104,20,0.7370879120879121,0.8156593406593406,0.5923076923076923,0.9637362637362638
iforest,iforest_n200_ms_0p5,105,20,0.5757967032967033,0.5005494505494505,0.32857142857142857,0.8820054945054945
iforest,iforest_n200_ms_0p5,106,20,0.6678846153846154,0.7870879120879122,0.43049450549450546,0.9082417582417582
iforest,iforest_n200_ms_0p5,107,20,0.4796153846153846,0.4291208791208791,0.2255494505494505,0.6675824175824175
iforest,iforest_n200_ms_0p5,108,20,0.5286813186813186,0.5538461538461539,0.27046703296703295,0.7517857142857143
iforest,iforest_n200_ms_0p5,109,20,0.513489010989011,0.4472527472527472,0.25673076923076915,0.8083791208791209
iforest,iforest_n200_ms_0p5,110,20,0.5599175824175824,0.5365384615384615,0.3174450549450549,0.8199175824175824
iforest,iforest_n200_ms_0p5,111,20,0.5567032967032967,0.5203296703296703,0.27032967032967026,0.8634615384615385
iforest,iforest_n200_ms_0p5,112,20,0.6237362637362638,0.6678571428571428,0.38118131868131866,0.8957417582417583
iforest,iforest_n200_ms_0p5,113,20,0.5500274725274725,0.49890109890109885,0.36140109890109884,0.728434065934066
iforest,iforest_n200_ms_0p5,114,20,0.5891208791208791,0.6252747252747253,0.3398351648351648,0.8527472527472527
iforest,iforest_n200_ms_0p5,115,20,0.6382417582417582,0.6145604395604396,0.4116758241758241,0.8473901098901099
iforest,iforest_n200_ms_0p5,116,20,0.5178296703296703,0.542032967032967,0.3622252747252747,0.7057692307692307
iforest,iforest_n200_ms_0p5,117,20,0.45200549450549443,0.35,0.18557692307692303,0.7667582417582417
iforest,iforest_n200_ms_0p5,118,20,0.540989010989011,0.5563186813186813,0.3267857142857143,0.7938186813186814
iforest,iforest_n200_ms_0p5,119,20,0.5797802197802198,0.721978021978022,0.30741758241758244,0.8299450549450549
iforest,iforest_n200_ms_0p5,120,20,0.6086538461538462,0.6329670329670329,0.44217032967032965,0.8208791208791208
iforest,iforest_n200_ms_0p5,121,20,0.45162087912087906,0.4027472527472527,0.1329670329670329,0.7085164835164836
iforest,iforest_n200_ms_0p5,122,20,0.544945054945055,0.6035714285714285,0.3146978021978022,0.739423076923077
iforest,iforest_n200_ms_0p5,123,20,0.5113461538461539,0.4829670329670329,0.2913461538461538,0.7357142857142858
iforest,iforest_n200_ms_0p5,124,20,0.5667582417582417,0.6255494505494505,0.30865384615384617,0.8351648351648352
iforest,iforest_n200_ms_0p5,125,20,0.550631868131868,0.5348901098901099,0.39931318681318684,0.7690934065934066
iforest,iforest_n200_ms_0p5,126,20,0.5139560439560439,0.4796703296703297,0.3127747252747252,0.7946428571428572
iforest,iforest_n200_ms_0p5,127,20,0.5107692307692308,0.48406593406593407,0.25961538461538464,0.8024725274725275
iforest,iforest_n200_ms_0p5,128,20,0.5031593406593406,0.4653846153846154,0.21634615384615383,0.7653846153846153
iforest,iforest_n200_ms_0p5,129,20,0.5953021978021977,0.6074175824175825,0.40686813186813187,0.8806318681318681
iforest,iforest_n200_ms_0p5,130,20,0.46521978021978017,0.3876373626373626,0.2710164835164835,0.707554945054945
iforest,iforest_n200_ms_0p5,131,20,0.5537912087912088,0.6151098901098901,0.37898351648351647,0.7695054945054944
iforest,iforest_n200_ms_0p5,132,20,0.5416208791208791,0.5208791208791208,0.32046703296703294,0.8548076923076923
iforest,iforest_n200_ms_0p5,133,20,0.6038186813186812,0.6502747252747253,0.3556318681318681,0.8699175824175824
iforest,iforest_n200_ms_0p5,134,20,0.40090659340659335,0.36923076923076925,0.2056318681318681,0.5597527472527473
iforest,iforest_n200_ms_0p5,135,19,0.4325910931174089,0.3648351648351648,0.1395604395604395,0.7219780219780221
iforest,iforest_n200_ms_0p5,136,19,0.46914401388085597,0.306043956043956,0.19010989010989005,0.7818681318681319
iforest,iforest_n200_ms_0p5,137,19,0.4818102949681897,0.4467032967032967,0.1244505494505494,0.7607142857142857
iforest,iforest_n200_ms_0p5,138,19,0.5916714864083285,0.5763736263736263,0.4324175824175824,0.8321428571428571
iforest,iforest_n200_ms_0p5,139,19,0.42582417582417575,0.3494505494505494,0.19313186813186806,0.6101648351648352
iforest,iforest_n200_ms_0p5,140,19,0.5944476576055524,0.5989010989010989,0.2835164835164835,0.8692307692307693
iforest,iforest_n200_ms_0p5,141,19,0.576951995373048,0.6115384615384616,0.39038461538461533,0.807967032967033
iforest,iforest_n200_ms_0p5,142,19,0.509572006940428,0.5620879120879121,0.210989010989011,0.8032967032967033
iforest,iforest_n200_ms_0p5,143,19,0.4713996529786003,0.4774725274725275,0.2461538461538461,0.6939560439560439
iforest,iforest_n200_ms_0p5,144,19,0.4345286292654713,0.4082417582417582,0.22032967032967027,0.6472527472527472
iforest,iforest_n200_ms_0p5,145,19,0.5320705610179295,0.4791208791208791,0.3118131868131868,0.8032967032967033
iforest,iforest_n200_ms_0p5,146,19,0.41477732793522265,0.345054945054945,0.12252747252747245,0.6469780219780219
iforest,iforest_n200_ms_0p5,147,19,0.568074031231926,0.5994505494505494,0.303021978021978,0.7892857142857143
iforest,iforest_n200_ms_0p5,148,19,0.5098033545401967,0.5049450549450549,0.33324175824175817,0.75
iforest,iforest_n200_ms_0p5,149,19,0.48155002891844995,0.5065934065934066,0.24642857142857139,0.7008241758241758
iforest,iforest_n200_ms_0p5,150,19,0.47478311162521686,0.432967032967033,0.2774725274725275,0.7093406593406593
iforest,iforest_n200_ms_0p5,151,19,0.5250144592249855,0.5203296703296704,0.2958791208791208,0.7728021978021978
iforest,iforest_n200_ms_0p5,152,19,0.49389820705610177,0.4258241758241758,0.24587912087912084,0.7230769230769231
iforest,iforest_n200_ms_0p5,153,19,0.5338924233661075,0.5395604395604395,0.32417582417582413,0.7346153846153847
iforest,iforest_n200_ms_0p5,154,18,0.5463980463980465,0.5478021978021979,0.30467032967032964,0.8078296703296703
iforest,iforest_n200_ms_0p5,155,18,0.5084554334554334,0.414010989010989,0.23887362637362636,0.8414835164835165
iforest,iforest_n200_ms_0p5,156,17,0.5103749191984486,0.3642857142857142,0.2516483516483516,0.8631868131868132
iforest,iforest_n200_ms_0p5,157,17,0.43455074337427274,0.4456043956043956,0.1620879120879121,0.695054945054945
iforest,iforest_n200_ms_0p5,158,16,0.5234546703296703,0.5357142857142857,0.24793956043956045,0.8225274725274725
iforest,iforest_n200_ms_0p5,159,16,0.6284340659340659,0.6277472527472527,0.38859890109890105,0.8381868131868132
iforest,iforest_n200_ms_0p5,160,16,0.5082074175824176,0.4802197802197802,0.30714285714285705,0.7173076923076923
iforest,iforest_n200_ms_0p5,161,16,0.5115041208791209,0.5384615384615384,0.3008241758241758,0.6964285714285714
iforest,iforest_n200_ms_0p5,162,16,0.5690934065934066,0.6590659340659341,0.2645604395604395,0.7760989010989011
iforest,iforest_n200_ms_0p5,163,15,0.507985347985348,0.5813186813186814,0.21840659340659335,0.7879120879120879
iforest,iforest_n200_ms_0p5,164,15,0.6187912087912087,0.660989010989011,0.42335164835164835,0.7667582417582417
iforest,iforest_n200_ms_0p5,165,15,0.4961904761904761,0.3714285714285714,0.35714285714285715,0.6568681318681319
iforest,iforest_n200_ms_0p5,166,14,0.5143249607535322,0.5467032967032968,0.30027472527472526,0.6412087912087913
iforest,iforest_n200_ms_0p5,167,14,0.46781789638932497,0.5189560439560439,0.3675824175824175,0.6276098901098901
iforest,iforest_n200_ms_0p5,168,14,0.5403453689167975,0.5390109890109891,0.31016483516483506,0.7678571428571429
iforest,iforest_n200_ms_0p5,169,14,0.6041993720565149,0.6651098901098901,0.35673076923076924,0.882554945054945
iforest,iforest_n200_ms_0p5,170,14,0.5572213500784929,0.5456043956043956,0.2751373626373626,0.8590659340659341
iforest,iforest_n200_ms_0p5,171,14,0.4578100470957614,0.5167582417582417,0.31909340659340657,0.6063186813186814
iforest,iforest_n200_ms_0p5,172,14,0.48233908948194654,0.4483516483516483,0.14423076923076922,0.7739010989010989
iforest,iforest_n200_ms_0p5,173,14,0.5852433281004709,0.6057692307692308,0.3721153846153846,0.7958791208791209
iforest,iforest_n200_ms_0p5,174,14,0.4703689167974882,0.3684065934065933,0.2690934065934065,0.6872252747252747
iforest,iforest_n200_ms_0p5,175,14,0.49952904238618523,0.5104395604395604,0.23131868131868127,0.6961538461538461
iforest,iforest_n200_ms_0p5,176,14,0.5835949764521192,0.642032967032967,0.43310439560439556,0.8065934065934066
iforest,iforest_n200_ms_0p5,177,14,0.48940345368916793,0.3846153846153846,0.2796703296703296,0.7303571428571428
iforest,iforest_n200_ms_0p5,178,14,0.6038854003139716,0.6085164835164836,0.4364010989010989,0.7688186813186813
iforest,iforest_n200_ms_0p5,179,14,0.6558084772370486,0.6876373626373626,0.476098901098901,0.8497252747252748
iforest,iforest_n200_ms_0p5,180,14,0.590541601255887,0.6692307692307693,0.46964285714285714,0.7179945054945055
iforest,iforest_n200_ms_0p5,181,14,0.5513343799058085,0.5530219780219781,0.32032967032967036,0.7822802197802198
iforest,iforest_n200_ms_0p5,182,14,0.5998822605965463,0.6714285714285715,0.3949175824175824,0.8318681318681319
iforest,iforest_n200_ms_0p5,183,14,0.6923076923076923,0.7277472527472527,0.5223901098901098,0.8559065934065935
iforest,iforest_n200_ms_0p5,184,14,0.5513343799058085,0.6782967032967033,0.28035714285714286,0.8138736263736264
iforest,iforest_n200_ms_0p5,185,14,0.4356750392464678,0.38269230769230766,0.19244505494505493,0.7236263736263737
iforest,iforest_n200_ms_0p5,186,14,0.5786891679748823,0.6093406593406594,0.4357142857142857,0.7736263736263737
iforest,iforest_n200_ms_0p5,187,14,0.6032967032967033,0.6914835164835165,0.3847527472527472,0.8383241758241758
iforest,iforest_n200_ms_0p5,188,13,0.6540152155536771,0.734065934065934,0.5714285714285714,0.8197802197802198
iforest,iforest_n200_ms_0p5,189,13,0.40955198647506336,0.4747252747252747,0.2368131868131868,0.5263736263736264
iforest,iforest_n200_ms_0p5,190,13,0.541927303465765,0.6554945054945055,0.2835164835164835,0.7087912087912088
iforest,iforest_n200_ms_0p5,191,13,0.577345731191885,0.5324175824175824,0.3582417582417582,0.7730769230769231
iforest,iforest_n200_ms_0p5,192,12,0.5441391941391941,0.5189560439560439,0.4134615384615384,0.6725274725274726
iforest,iforest_n200_ms_0p5,193,12,0.6267857142857143,0.737912087912088,0.32788461538461533,0.939010989010989
iforest,iforest_n200_ms_0p5,194,12,0.7284340659340659,0.7244505494505495,0.6557692307692308,0.9160714285714285
iforest,iforest_n200_ms_0p5,195,11,0.7398101898101899,0.8324175824175825,0.576098901098901,0.9392857142857143
iforest,iforest_n200_ms_0p5,196,11,0.6286713286713287,0.7521978021978022,0.43956043956043955,0.8247252747252747
iforest,iforest_n200_ms_0p5,197,11,0.7255744255744255,0.7653846153846153,0.6629120879120879,0.7953296703296704
iforest,iforest_n200_ms_0p5,198,11,0.6067432567432568,0.6648351648351648,0.3557692307692307,0.8467032967032967
iforest,iforest_n200_ms_0p5,199,11,0.6649850149850149,0.7,0.47747252747252744,0.9214285714285715
iforest,iforest_n200_ms_0p5,200,11,0.6375124875124875,0.743956043956044,0.46126373626373623,0.8653846153846154
iforest,iforest_n200_ms_0p5,201,11,0.6756243756243756,0.6813186813186813,0.4931318681318681,0.8527472527472528
iforest,iforest_n200_ms_0p5,202,11,0.6499500499500499,0.6532967032967033,0.4912087912087912,0.9434065934065934
iforest,iforest_n200_ms_0p5,203,11,0.5801698301698301,0.6115384615384616,0.38159340659340657,0.8126373626373626
iforest,iforest_n200_ms_0p5,204,11,0.4412587412587412,0.289010989010989,0.26291208791208787,0.5623626373626374
iforest,iforest_n200_ms_0p5,205,11,0.6608391608391608,0.7417582417582418,0.4013736263736264,0.9489010989010991
iforest,iforest_n200_ms_0p5,206,11,0.5432067932067932,0.5620879120879121,0.3052197802197802,0.7206043956043956
iforest,iforest_n200_ms_0p5,207,11,0.4740759240759241,0.4719780219780219,0.3071428571428571,0.6417582417582417
iforest,iforest_n200_ms_0p5,208,11,0.5491508491508491,0.6285714285714286,0.3821428571428571,0.7109890109890109
iforest,iforest_n200_ms_0p5,209,10,0.520989010989011,0.47005494505494505,0.3103021978021978,0.7531593406593406
iforest,iforest_n200_ms_0p5,210,10,0.7628021978021978,0.7758241758241758,0.6559065934065934,0.9230769230769231
iforest,iforest_n200_ms_0p5,211,10,0.4787912087912088,0.4233516483516483,0.3142857142857143,0.6009615384615384
iforest,iforest_n200_ms_0p5,212,10,0.6369230769230769,0.6532967032967033,0.5291208791208791,0.7600274725274725
iforest,iforest_n200_ms_0p5,213,10,0.5676373626373626,0.5906593406593407,0.36744505494505497,0.7193681318681319
iforest,iforest_n200_ms_0p5,214,10,0.6110439560439561,0.6357142857142857,0.5254120879120879,0.8103021978021978
iforest,iforest_n200_ms_0p5,215,10,0.647087912087912,0.7046703296703296,0.5174450549450549,0.8203296703296703
iforest,iforest_n200_ms_0p5,216,9,0.6399877899877899,0.782967032967033,0.3115384615384615,0.937912087912088
iforest,iforest_n200_ms_0p5,217,8,0.5676510989010989,0.4725274725274725,0.42032967032967034,0.8447802197802198
iforest,iforest_n200_ms_0p5,218,8,0.5287087912087912,0.43049450549450546,0.33228021978021977,0.8243131868131868
iforest,iforest_n200_ms_0p5,219,8,0.4834478021978022,0.4464285714285714,0.379532967032967,0.6535714285714286
iforest,iforest_n200_ms_0p5,220,8,0.6826236263736264,0.7752747252747253,0.5601648351648352,0.9457417582417582
iforest,iforest_n200_ms_0p5,221,8,0.48956043956043954,0.520054945054945,0.22596153846153844,0.7145604395604396
iforest,iforest_n200_ms_0p5,222,7,0.5672684458398745,0.4357142857142857,0.35247252747252744,0.9197802197802197
iforest,iforest_n200_ms_0p5,223,7,0.4959968602825745,0.3445054945054945,0.2483516483516483,0.7307692307692308
iforest,iforest_n200_ms_0p5,224,7,0.5842229199372058,0.6483516483516484,0.36043956043956044,0.8700549450549451
iforest,iforest_n200_ms_0p5,225,7,0.7006279434850864,0.660989010989011,0.6085164835164836,0.7755494505494506
iforest,iforest_n200_ms_0p5,226,7,0.6006279434850864,0.4873626373626373,0.31978021978021975,0.9225274725274726
iforest,iforest_n200_ms_0p5,227,7,0.6233124018838304,0.8373626373626374,0.2969780219780219,0.9252747252747253
iforest,iforest_n200_ms_0p5,228,7,0.6478021978021978,0.5978021978021978,0.45549450549450543,0.9447802197802198
iforest,iforest_n200_ms_0p5,229,7,0.5813186813186813,0.5565934065934066,0.3832417582417582,0.6975274725274725
iforest,iforest_n200_ms_0p5,230,7,0.7516483516483516,0.8010989010989011,0.5934065934065934,0.9041208791208791
iforest,iforest_n200_ms_0p5,231,6,0.5765567765567766,0.5887362637362638,0.2813186813186813,0.8500000000000001
iforest,iforest_n200_ms_0p5,232,6,0.4269230769230769,0.4131868131868132,0.1568681318681318,0.7329670329670329
iforest,iforest_n200_ms_0p5,233,6,0.5333333333333333,0.5717032967032967,0.20178571428571426,0.8278846153846153
iforest,iforest_n200_ms_0p5,234,5,0.5354945054945055,0.4664835164835165,0.378021978021978,0.7120879120879121
iforest,iforest_n200_ms_0p5,235,5,0.6313186813186813,0.6456043956043956,0.5016483516483516,0.7653846153846153
iforest,iforest_n200_ms_0p5,236,5,0.5282417582417582,0.4846153846153846,0.3681318681318681,0.5818681318681319
iforest,iforest_n200_ms_0p5,237,5,0.6654945054945054,0.7593406593406593,0.5912087912087912,0.8340659340659341
iforest,iforest_n200_ms_0p5,238,5,0.6171428571428572,0.7065934065934066,0.6225274725274725,0.7302197802197802
iforest,iforest_n200_ms_0p5,239,5,0.6438461538461538,0.6252747252747253,0.4879120879120879,0.6357142857142857
iforest,iforest_n200_ms_0p5,240,3,0.5578754578754578,0.4659340659340659,0.3453296703296703,0.7244505494505493
iforest,iforest_n200_ms_0p5,241,3,0.852930402930403,0.8532967032967033,0.8156593406593406,0.8903846153846154
iforest,iforest_n200_ms_0p5,242,3,0.9324175824175823,0.9324175824175824,0.9082417582417582,0.9565934065934066
iforest,iforest_n200_ms_0p5,243,3,0.7457875457875458,0.789010989010989,0.6967032967032967,0.8164835164835165
iforest,iforest_n200_ms_0p5,244,3,0.3558608058608059,0.145054945054945,0.1123626373626373,0.4939560439560439
iforest,iforest_n200_ms_0p5,245,3,0.6172161172161172,0.548901098901099,0.5153846153846154,0.6848901098901099
iforest,iforest_n200_ms_0p5,246,3,0.6232600732600733,0.7434065934065934,0.43626373626373627,0.8703296703296703
iforest,iforest_n200_ms_0p5,247,3,0.5426739926739926,0.4434065934065934,0.417032967032967,0.6186813186813187
iforest,iforest_n200_ms_0p5,248,3,0.557142857142857,0.5148351648351648,0.39615384615384613,0.6969780219780219
iforest,iforest_n200_ms_0p5,249,3,0.563919413919414,0.5494505494505495,0.4587912087912088,0.6618131868131869
iforest,iforest_n200_ms_0p5,250,3,0.623992673992674,0.8269230769230769,0.46126373626373623,0.8881868131868131
iforest,iforest_n200_ms_0p5,251,3,0.6974358974358973,0.7725274725274726,0.5620879120879121,0.8703296703296703
iforest,iforest_n200_ms_0p5,252,3,0.6144688644688644,0.660989010989011,0.4648351648351648,0.7873626373626372
iforest,iforest_n200_ms_0p5,253,3,0.4805860805860806,0.4423076923076923,0.25109890109890104,0.6909340659340659
iforest,iforest_n200_ms_0p5,254,3,0.6895604395604397,0.7368131868131869,0.5771978021978023,0.8255494505494506
iforest,iforest_n200_ms_0p5,255,3,0.7214285714285714,0.7115384615384616,0.5945054945054945,0.8434065934065934
iforest,iforest_n200_ms_0p5,256,2,0.8074175824175823,0.8074175824175823,0.7350274725274725,0.8798076923076922
iforest,iforest_n200_ms_0p5,257,1,0.9758241758241758,0.9758241758241758,0.9758241758241758,0.9758241758241758
iforest,iforest_n200_ms_0p5,258,1,0.4906593406593406,0.4906593406593406,0.4906593406593406,0.4906593406593406
iforest,iforest_n200_ms_0p5,259,1,0.9868131868131867,0.9868131868131867,0.9868131868131867,0.9868131868131867
iforest,iforest_n200_ms_0p5,260,1,0.4791208791208791,0.4791208791208791,0.4791208791208791,0.4791208791208791
iforest,iforest_n200_ms_0p5,261,1,0.6115384615384616,0.6115384615384616,0.6115384615384616,0.6115384615384616
iforest,iforest_n200_ms_0p5,262,1,0.9950549450549452,0.9950549450549452,0.9950549450549452,0.9950549450549452
iforest,iforest_n200_ms_0p5,263,1,0.5648351648351648,0.5648351648351648,0.5648351648351648,0.5648351648351648
iforest,iforest_n200_ms_0p5,264,1,0.9021978021978022,0.9021978021978022,0.9021978021978022,0.9021978021978022
iforest,iforest_n200_ms_0p5,265,1,0.9230769230769232,0.9230769230769232,0.9230769230769232,0.9230769230769232
iforest,iforest_n200_ms_0p5,266,1,0.8214285714285714,0.8214285714285714,0.8214285714285714,0.8214285714285714
iforest,iforest_n200_ms_0p5,267,1,0.8489010989010989,0.8489010989010989,0.8489010989010989,0.8489010989010989
iforest,iforest_n200_ms_0p5,268,1,0.5758241758241758,0.5758241758241758,0.5758241758241758,0.5758241758241758
lof,lof_k50,0,20,1.0,1.0,1.0,1.0
lof,lof_k50,1,20,1.0,1.0,1.0,1.0
lof,lof_k50,2,20,1.0,1.0,1.0,1.0
lof,lof_k50,3,20,1.0,1.0,1.0,1.0
lof,lof_k50,4,20,1.0,1.0,1.0,1.0
lof,lof_k50,5,20,1.0,1.0,1.0,1.0
lof,lof_k50,6,20,1.0,1.0,1.0,1.0
lof,lof_k50,7,20,1.0,1.0,1.0,1.0
lof,lof_k50,8,20,1.0,1.0,1.0,1.0
lof,lof_k50,9,20,1.0,1.0,1.0,1.0
lof,lof_k50,10,20,1.0,1.0,1.0,1.0
lof,lof_k50,11,20,1.0,1.0,1.0,1.0
lof,lof_k50,12,20,1.0,1.0,1.0,1.0
lof,lof_k50,13,20,1.0,1.0,1.0,1.0
lof,lof_k50,14,20,1.0,1.0,1.0,1.0
lof,lof_k50,15,20,1.0,1.0,1.0,1.0
lof,lof_k50,16,20,1.0,1.0,1.0,1.0
lof,lof_k50,17,20,1.0,1.0,1.0,1.0
lof,lof_k50,18,20,1.0,1.0,1.0,1.0
lof,lof_k50,19,20,0.9999725274725275,1.0,1.0,1.0
lof,lof_k50,20,20,0.9999725274725275,1.0,1.0,1.0
lof,lof_k50,21,20,0.9997802197802198,1.0,1.0,1.0
lof,lof_k50,22,20,0.9960164835164835,1.0,1.0,1.0
lof,lof_k50,23,20,0.9998076923076923,1.0,1.0,1.0
lof,lof_k50,24,20,0.9986538461538462,1.0,1.0,1.0
lof,lof_k50,25,20,0.9992582417582417,1.0,1.0,1.0
lof,lof_k50,26,20,0.9995054945054946,1.0,1.0,1.0
lof,lof_k50,27,20,0.9963461538461539,1.0,0.9998626373626374,1.0
lof,lof_k50,28,20,0.9957967032967033,1.0,1.0,1.0
lof,lof_k50,29,20,0.9994780219780219,1.0,1.0,1.0
lof,lof_k50,30,20,0.9959065934065935,1.0,0.9998626373626374,1.0
lof,lof_k50,31,20,0.9677472527472528,1.0,0.9993131868131868,1.0
lof,lof_k50,32,20,0.9971978021978021,1.0,0.9991758241758243,1.0
lof,lof_k50,33,20,0.987912087912088,1.0,0.9934065934065933,1.0
lof,lof_k50,34,20,0.9883791208791208,1.0,0.9958791208791209,1.0
lof,lof_k50,35,20,0.9880219780219781,1.0,0.9968406593406592,1.0
lof,lof_k50,36,20,0.996043956043956,1.0,0.9990384615384617,1.0
lof,lof_k50,37,20,0.9572252747252747,0.9997252747252747,0.9880494505494507,1.0
lof,lof_k50,38,20,0.976923076923077,1.0,0.9821428571428573,1.0
lof,lof_k50,39,20,0.9453021978021978,0.9997252747252747,0.9811813186813187,1.0
lof,lof_k50,40,20,0.9459615384615384,0.9997252747252747,0.9913461538461538,1.0
lof,lof_k50,41,20,0.9625274725274725,0.9997252747252747,0.9875,1.0
lof,lof_k50,42,20,0.9330769230769231,1.0,0.9576923076923076,1.0
lof,lof_k50,43,20,0.8876923076923078,1.0,0.9028846153846153,1.0
lof,lof_k50,44,20,0.9164285714285715,0.9975274725274725,0.9534340659340659,1.0
lof,lof_k50,45,20,0.9345879120879121,0.9972527472527473,0.8866758241758241,1.0
lof,lof_k50,46,20,0.8929120879120879,1.0,0.9505494505494505,1.0
lof,lof_k50,47,20,0.9350824175824176,0.9953296703296703,0.979945054945055,1.0
lof,lof_k50,48,20,0.9010989010989011,0.9914835164835165,0.9016483516483517,1.0
lof,lof_k50,49,20,0.897445054945055,0.996978021978022,0.9414835164835165,1.0
lof,lof_k50,50,20,0.8956318681318681,0.9950549450549452,0.8398351648351647,1.0
lof,lof_k50,51,20,0.9059615384615384,0.9945054945054944,0.8379120879120878,0.9995879120879122
lof,lof_k50,52,20,0.8633791208791208,0.9524725274725274,0.8581043956043957,1.0
lof,lof_k50,53,20,0.8975274725274727,0.9901098901098901,0.7627747252747252,1.0
lof,lof_k50,54,20,0.831043956043956,0.9728021978021978,0.7365384615384615,0.9995879120879122
lof,lof_k50,55,20,0.8873901098901099,0.9804945054945056,0.7928571428571429,1.0
lof,lof_k50,56,20,0.8643956043956044,0.9642857142857142,0.7745879120879121,1.0
lof,lof_k50,57,20,0.814010989010989,0.9486263736263736,0.6607142857142857,0.9986263736263736
lof,lof_k50,58,20,0.9011538461538462,0.9881868131868132,0.9267857142857143,0.9995879120879122
lof,lof_k50,59,20,0.8614835164835165,0.989010989010989,0.8846153846153846,1.0
lof,lof_k50,60,20,0.8888186813186814,0.9445054945054945,0.8520604395604396,0.9892857142857143
lof,lof_k50,61,20,0.803543956043956,0.9260989010989011,0.6836538461538462,0.9982142857142857
lof,lof_k50,62,20,0.7903571428571429,0.939010989010989,0.6853021978021978,0.9994505494505496
lof,lof_k50,63,20,0.8425824175824175,0.9565934065934065,0.6976648351648351,0.9916208791208792
lof,lof_k50,64,20,0.8057142857142857,0.9560439560439561,0.6421703296703296,0.9979395604395604
lof,lof_k50,65,20,0.8293681318681319,0.9469780219780219,0.8666208791208792,0.9884615384615385
lof,lof_k50,66,20,0.81739010989011,0.8565934065934067,0.7171703296703297,0.9931318681318683
lof,lof_k50,67,20,0.8528021978021979,0.9618131868131868,0.7987637362637362,0.9953296703296705
lof,lof_k50,68,20,0.7951648351648352,0.8678571428571429,0.6697802197802197,0.9961538461538462
lof,lof_k50,69,20,0.7642582417582418,0.8695054945054945,0.5505494505494506,0.9902472527472528
lof,lof_k50,70,20,0.7723901098901098,0.9156593406593405,0.6296703296703297,0.9892857142857143
lof,lof_k50,71,20,0.8099999999999999,0.9714285714285714,0.6195054945054945,0.9949175824175823
lof,lof_k50,72,20,0.7703296703296704,0.9131868131868132,0.6059065934065934,0.9953296703296705
lof,lof_k50,73,20,0.7313736263736264,0.8038461538461539,0.5618131868131868,0.9214285714285713
lof,lof_k50,74,20,0.6723626373626373,0.804945054945055,0.32239010989010985,0.9847527472527473
lof,lof_k50,75,20,0.7424725274725275,0.8417582417582418,0.5460164835164836,0.9506868131868131
lof,lof_k50,76,20,0.7501923076923077,0.7991758241758242,0.6486263736263737,0.9793956043956042
lof,lof_k50,77,20,0.7185164835164836,0.8063186813186813,0.6495879120879121,0.9059065934065934
lof,lof_k50,78,20,0.6014285714285714,0.5590659340659341,0.3712912087912088,0.8491758241758242
lof,lof_k50,79,20,0.6762912087912087,0.7159340659340658,0.5313186813186813,0.9336538461538462
lof,lof_k50,80,20,0.6840659340659341,0.7747252747252746,0.5178571428571429,0.9634615384615384
lof,lof_k50,81,20,0.7500824175824176,0.8519230769230769,0.5618131868131868,0.9653846153846154
lof,lof_k50,82,20,0.6754120879120878,0.7403846153846154,0.5173076923076922,0.9342032967032967
lof,lof_k50,83,20,0.7726923076923077,0.8269230769230769,0.6659340659340659,0.9715659340659341
lof,lof_k50,84,20,0.6640934065934065,0.7112637362637362,0.4196428571428571,0.9575549450549451
lof,lof_k50,85,20,0.654478021978022,0.7961538461538462,0.39862637362637365,0.9409340659340659
lof,lof_k50,86,20,0.681098901098901,0.8167582417582417,0.4256868131868131,0.9505494505494504
lof,lof_k50,87,20,0.6088186813186813,0.5324175824175824,0.3839285714285714,0.9291208791208792
lof,lof_k50,88,20,0.7034615384615385,0.8228021978021978,0.6167582417582418,0.9431318681318681
lof,lof_k50,89,20,0.5575,0.5379120879120879,0.32362637362637364,0.7568681318681318
lof,lof_k50,90,20,0.6303296703296704,0.5804945054945054,0.4535714285714285,0.8684065934065934
lof,lof_k50,91,20,0.6076098901098901,0.6631868131868132,0.39134615384615384,0.8502747252747253
lof,lof_k50,92,20,0.5645329670329671,0.6123626373626374,0.3597527472527472,0.8093406593406594
lof,lof_k50,93,20,0.7295879120879121,0.8653846153846154,0.5942307692307692,0.985989010989011
lof,lof_k50,94,20,0.6964010989010989,0.8271978021978021,0.5010989010989011,0.8784340659340659
lof,lof_k50,95,20,0.6057417582417582,0.6239010989010989,0.40508241758241753,0.8362637362637362
lof,lof_k50,96,20,0.6542857142857142,0.7192307692307692,0.4233516483516483,0.9021978021978022
lof,lof_k50,97,20,0.8067307692307691,0.8898351648351648,0.7186813186813187,0.9758241758241758
lof,lof_k50,98,20,0.6241758241758242,0.6708791208791209,0.5081043956043956,0.8633241758241758
lof,lof_k50,99,20,0.5629120879120879,0.5656593406593406,0.32390109890109886,0.8101648351648352
lof,lof_k50,100,20,0.6865384615384615,0.7527472527472527,0.5513736263736264,0.8443681318681319
lof,lof_k50,101,20,0.5873626373626373,0.567032967032967,0.3274725274725275,0.8907967032967032
lof,lof_k50,102,20,0.5469505494505494,0.5711538461538461,0.21978021978021972,0.8848901098901099
lof,lof_k50,103,20,0.6667307692307692,0.8010989010989011,0.4832417582417582,0.8929945054945054
lof,lof_k50,104,20,0.7432692307692308,0.8085164835164835,0.6027472527472528,0.9281593406593407
lof,lof_k50,105,20,0.5883241758241758,0.6535714285714285,0.36950549450549447,0.7875
lof,lof_k50,106,20,0.7348076923076923,0.8057692307692308,0.5498626373626374,0.9146978021978023
lof,lof_k50,107,20,0.5168406593406594,0.548901098901099,0.3237637362637363,0.7032967032967032
lof,lof_k50,108,20,0.5823901098901099,0.6032967032967034,0.4673076923076923,0.7921703296703296
lof,lof_k50,109,20,0.5714010989010989,0.5706043956043956,0.32431318681318677,0.8207417582417582
lof,lof_k50,110,20,0.6111813186813186,0.6708791208791209,0.4065934065934066,0.8362637362637362
lof,lof_k50,111,20,0.6038186813186812,0.6565934065934066,0.3704670329670329,0.8607142857142857
lof,lof_k50,112,20,0.7092857142857143,0.8118131868131868,0.5862637362637363,0.9372252747252747
lof,lof_k50,113,20,0.5681593406593406,0.5912087912087912,0.2885989010989011,0.843543956043956
lof,lof_k50,114,20,0.6236263736263736,0.710989010989011,0.3489010989010989,0.889010989010989
lof,lof_k50,115,20,0.6779945054945055,0.746978021978022,0.46112637362637365,0.8732142857142857
lof,lof_k50,116,20,0.5076648351648352,0.5478021978021979,0.30769230769230765,0.7472527472527473
lof,lof_k50,117,20,0.4935714285714286,0.5211538461538461,0.19354395604395602,0.7324175824175824
lof,lof_k50,118,20,0.5895604395604396,0.5813186813186813,0.3174450549450549,0.8759615384615385
lof,lof_k50,119,20,0.6457142857142857,0.5634615384615385,0.4934065934065934,0.8553571428571429
lof,lof_k50,120,20,0.6360164835164835,0.7076923076923077,0.43063186813186816,0.8217032967032967
lof,lof_k50,121,20,0.5117032967032966,0.5516483516483517,0.23626373626373628,0.7910714285714286
lof,lof_k50,122,20,0.5507692307692308,0.5953296703296703,0.24780219780219775,0.8625
lof,lof_k50,123,20,0.5423901098901098,0.4714285714285714,0.38530219780219777,0.7762362637362636
lof,lof_k50,124,20,0.5897527472527473,0.646978021978022,0.38708791208791204,0.7898351648351648
lof,lof_k50,125,20,0.5838736263736264,0.6741758241758242,0.4111263736263736,0.7148351648351648
lof,lof_k50,126,20,0.5844230769230769,0.643956043956044,0.2788461538461538,0.8598901098901099
lof,lof_k50,127,20,0.462032967032967,0.44368131868131866,0.27156593406593404,0.5993131868131868
lof,lof_k50,128,20,0.5353571428571429,0.5587912087912088,0.28200549450549445,0.7567307692307692
lof,lof_k50,129,20,0.5708516483516484,0.664010989010989,0.334065934065934,0.8118131868131868
lof,lof_k50,130,20,0.5184340659340659,0.5480769230769231,0.3142857142857142,0.7410714285714286
lof,lof_k50,131,20,0.5676373626373626,0.540934065934066,0.30041208791208784,0.8947802197802198
lof,lof_k50,132,20,0.559010989010989,0.5541208791208792,0.32060439560439563,0.7096153846153846
lof,lof_k50,133,20,0.6073626373626373,0.6475274725274724,0.3907967032967033,0.8668956043956044
lof,lof_k50,134,20,0.4626098901098901,0.49615384615384617,0.1931318681318681,0.7087912087912088
lof,lof_k50,135,19,0.5070271833429728,0.4615384615384615,0.27719780219780216,0.7615384615384615
lof,lof_k50,136,19,0.5670040485829959,0.6038461538461538,0.2387362637362637,0.8678571428571429
lof,lof_k50,137,19,0.47666281087333723,0.4686813186813187,0.2626373626373626,0.7203296703296703
lof,lof_k50,138,19,0.6657605552342394,0.7324175824175824,0.5585164835164835,0.8395604395604396
lof,lof_k50,139,19,0.41168305378831693,0.3010989010989011,0.18049450549450546,0.6552197802197802
lof,lof_k50,140,19,0.6355696934644303,0.6285714285714286,0.44999999999999996,0.8708791208791209
lof,lof_k50,141,19,0.5844418739155581,0.5967032967032967,0.36236263736263735,0.85
lof,lof_k50,142,19,0.5159919028340081,0.5543956043956044,0.3282967032967033,0.7063186813186813
lof,lof_k50,143,19,0.5328513591671487,0.5197802197802198,0.3519230769230769,0.75
lof,lof_k50,144,19,0.4550318102949682,0.4521978021978022,0.223076923076923,0.6538461538461539
lof,lof_k50,145,19,0.5832851359167148,0.6076923076923076,0.3876373626373626,0.8068681318681319
lof,lof_k50,146,19,0.46564488143435506,0.4725274725274725,0.13461538461538455,0.7472527472527473
lof,lof_k50,147,19,0.4989878542510121,0.5543956043956044,0.24780219780219775,0.6667582417582417
lof,lof_k50,148,19,0.5164835164835165,0.5686813186813187,0.2824175824175824,0.7343406593406594
lof,lof_k50,149,19,0.5180451127819549,0.5681318681318681,0.24505494505494502,0.7835164835164835
lof,lof_k50,150,19,0.5164545980335454,0.5032967032967033,0.2159340659340659,0.7458791208791209
lof,lof_k50,151,19,0.6562463851937537,0.6368131868131868,0.5076923076923077,0.8884615384615384
lof,lof_k50,152,19,0.5196645459803355,0.5170329670329671,0.35824175824175825,0.6934065934065934
lof,lof_k50,153,19,0.5372180451127819,0.6027472527472527,0.2008241758241758,0.8082417582417583
lof,lof_k50,154,18,0.5888278388278388,0.6167582417582418,0.317032967032967,0.8276098901098902
lof,lof_k50,155,18,0.48183760683760685,0.6447802197802197,0.17706043956043951,0.699587912087912
lof,lof_k50,156,17,0.5253716871363929,0.5554945054945055,0.2785714285714286,0.7324175824175824
lof,lof_k50,157,17,0.485585003232062,0.5016483516483516,0.1516483516483516,0.7324175824175824
lof,lof_k50,158,16,0.5704326923076923,0.5873626373626374,0.4438186813186813,0.7718406593406594
lof,lof_k50,159,16,0.6080357142857142,0.6521978021978021,0.3516483516483516,0.8495879120879121
lof,lof_k50,160,16,0.5049793956043955,0.5689560439560439,0.25879120879120876,0.7373626373626374
lof,lof_k50,161,16,0.45467032967032966,0.4799450549450549,0.2222527472527472,0.6414835164835164
lof,lof_k50,162,16,0.600103021978022,0.6362637362637362,0.3107142857142857,0.868956043956044
lof,lof_k50,163,15,0.40739926739926735,0.4153846153846154,0.20604395604395598,0.5791208791208791
lof,lof_k50,164,15,0.63003663003663,0.5686813186813187,0.5002747252747253,0.7774725274725275
lof,lof_k50,165,15,0.53,0.5813186813186814,0.2876373626373626,0.7376373626373627
lof,lof_k50,166,14,0.5755494505494505,0.6008241758241758,0.3475274725274725,0.8971153846153846
lof,lof_k50,167,14,0.46879905808477235,0.47225274725274724,0.17994505494505492,0.7885989010989012
lof,lof_k50,168,14,0.6033359497645211,0.6489010989010988,0.5119505494505494,0.7743131868131867
lof,lof_k50,169,14,0.6309262166405023,0.6870879120879121,0.5021978021978022,0.8016483516483517
lof,lof_k50,170,14,0.5023547880690737,0.5063186813186813,0.2932692307692307,0.5946428571428571
lof,lof_k50,171,14,0.3453296703296703,0.37170329670329666,0.1898351648351648,0.5053571428571428
lof,lof_k50,172,14,0.4509811616954474,0.5115384615384615,0.23475274725274722,0.615934065934066
lof,lof_k50,173,14,0.44709576138147566,0.3642857142857143,0.2708791208791208,0.7043956043956043
lof,lof_k50,174,14,0.4028257456828885,0.42527472527472526,0.17046703296703297,0.6208791208791209
lof,lof_k50,175,14,0.4327708006279435,0.39780219780219783,0.22788461538461538,0.6697802197802197
lof,lof_k50,176,14,0.4664442700156986,0.495054945054945,0.3935439560439561,0.6081043956043957
lof,lof_k50,177,14,0.4846153846153846,0.5711538461538461,0.29629120879120874,0.6515109890109889
lof,lof_k50,178,14,0.5262951334379905,0.5480769230769231,0.31043956043956045,0.7369505494505495
lof,lof_k50,179,14,0.6144427001569859,0.6837912087912088,0.5869505494505494,0.768956043956044
lof,lof_k50,180,14,0.528767660910518,0.5252747252747252,0.2791208791208791,0.720467032967033
lof,lof_k50,181,14,0.47868916797488226,0.45686813186813185,0.2739010989010989,0.6333791208791208
lof,lof_k50,182,14,0.6027080062794348,0.6626373626373626,0.26662087912087906,0.8372252747252747
lof,lof_k50,183,14,0.643210361067504,0.6895604395604396,0.4739010989010989,0.8024725274725275
lof,lof_k50,184,14,0.506043956043956,0.4189560439560439,0.2179945054945055,0.8131868131868132
lof,lof_k50,185,14,0.43159340659340656,0.38928571428571423,0.28516483516483515,0.5571428571428572
lof,lof_k50,186,14,0.5472135007849294,0.5829670329670329,0.38777472527472523,0.7462912087912088
lof,lof_k50,187,14,0.45262951334379903,0.4607142857142857,0.12788461538461535,0.7913461538461538
lof,lof_k50,188,13,0.6265849535080305,0.7247252747252747,0.4752747252747252,0.8082417582417583
lof,lof_k50,189,13,0.4194420963651732,0.4373626373626373,0.1802197802197802,0.5961538461538461
lof,lof_k50,190,13,0.5273034657650042,0.6395604395604395,0.160989010989011,0.7785714285714286
lof,lof_k50,191,13,0.61927303465765,0.6868131868131868,0.4714285714285714,0.7697802197802198
lof,lof_k50,192,12,0.5441391941391941,0.5189560439560439,0.34684065934065933,0.7464285714285714
lof,lof_k50,193,12,0.6203754578754579,0.5898351648351647,0.48145604395604397,0.9070054945054945
lof,lof_k50,194,12,0.6498168498168498,0.7659340659340659,0.31895604395604393,0.8918956043956044
lof,lof_k50,195,11,0.599000999000999,0.6791208791208792,0.4645604395604396,0.8189560439560439
lof,lof_k50,196,11,0.5031468531468531,0.5637362637362637,0.23186813186813185,0.7881868131868133
lof,lof_k50,197,11,0.576023976023976,0.5994505494505494,0.36593406593406586,0.7142857142857143
lof,lof_k50,198,11,0.5399600399600399,0.5021978021978022,0.4736263736263736,0.6835164835164835
lof,lof_k50,199,11,0.6250749250749251,0.6192307692307693,0.48571428571428577,0.7991758241758242
lof,lof_k50,200,11,0.5448551448551449,0.5263736263736264,0.4024725274725275,0.6815934065934066
lof,lof_k50,201,11,0.589010989010989,0.6659340659340659,0.420054945054945,0.7423076923076923
lof,lof_k50,202,11,0.6137862137862138,0.6664835164835164,0.3804945054945055,0.8956043956043956
lof,lof_k50,203,11,0.43976023976023976,0.2802197802197802,0.21730769230769226,0.7351648351648352
lof,lof_k50,204,11,0.4157342657342657,0.3961538461538461,0.17252747252747253,0.5598901098901099
lof,lof_k50,205,11,0.40804195804195803,0.4483516483516483,0.1634615384615384,0.5478021978021977
lof,lof_k50,206,11,0.34945054945054943,0.289010989010989,0.1967032967032967,0.5225274725274724
lof,lof_k50,207,11,0.41863136863136857,0.3725274725274725,0.2472527472527472,0.5351648351648352
lof,lof_k50,208,11,0.4838161838161838,0.539010989010989,0.3620879120879121,0.631043956043956
lof,lof_k50,209,10,0.5392307692307692,0.5362637362637362,0.3085164835164835,0.7565934065934066
lof,lof_k50,210,10,0.578076923076923,0.6395604395604395,0.2506868131868132,0.8803571428571428
lof,lof_k50,211,10,0.4375274725274725,0.32527472527472523,0.23296703296703292,0.6934065934065934
lof,lof_k50,212,10,0.5632967032967032,0.5398351648351649,0.3703296703296703,0.7918956043956045
lof,lof_k50,213,10,0.6095604395604395,0.6134615384615385,0.464010989010989,0.7482142857142857
lof,lof_k50,214,10,0.5161538461538461,0.5453296703296703,0.270467032967033,0.5967032967032967
lof,lof_k50,215,10,0.5263186813186813,0.5131868131868131,0.35137362637362635,0.7358516483516483
lof,lof_k50,216,9,0.5928571428571429,0.7912087912087912,0.371978021978022,0.8895604395604395
lof,lof_k50,217,8,0.3767857142857143,0.3843406593406593,0.1307692307692307,0.5446428571428571
lof,lof_k50,218,8,0.5190247252747253,0.46840659340659335,0.26428571428571423,0.8740384615384615
lof,lof_k50,219,8,0.38667582417582413,0.425,0.16799450549450548,0.5046703296703297
lof,lof_k50,220,8,0.3799450549450549,0.36428571428571427,0.2864010989010988,0.4212912087912088
lof,lof_k50,221,8,0.38269230769230766,0.2258241758241758,0.12692307692307686,0.5901098901098901
lof,lof_k50,222,7,0.3667974882260596,0.134065934065934,0.09368131868131865,0.6332417582417582
lof,lof_k50,223,7,0.45761381475667184,0.4516483516483516,0.19807692307692304,0.723901098901099
lof,lof_k50,224,7,0.5317896389324961,0.5813186813186814,0.29752747252747247,0.7321428571428572
lof,lof_k50,225,7,0.6092621664050235,0.6379120879120879,0.5527472527472528,0.7219780219780221
lof,lof_k50,226,7,0.5920722135007849,0.5406593406593406,0.40439560439560435,0.7744505494505495
lof,lof_k50,227,7,0.4715070643642072,0.306043956043956,0.2211538461538461,0.8189560439560439
lof,lof_k50,228,7,0.4375196232339089,0.2587912087912088,0.19148351648351647,0.6997252747252747
lof,lof_k50,229,7,0.4777080062794348,0.5324175824175824,0.39038461538461533,0.5879120879120878
lof,lof_k50,230,7,0.545447409733124,0.5703296703296703,0.25796703296703294,0.8686813186813187
lof,lof_k50,231,6,0.4269230769230769,0.3607142857142857,0.08489010989010982,0.7539835164835165
lof,lof_k50,232,6,0.412087912087912,0.36098901098901093,0.26359890109890105,0.45549450549450543
lof,lof_k50,233,6,0.41684981684981687,0.39230769230769225,0.1774725274725274,0.664010989010989
lof,lof_k50,234,5,0.4047252747252747,0.3620879120879121,0.1796703296703296,0.6104395604395605
lof,lof_k50,235,5,0.49714285714285705,0.6593406593406593,0.123076923076923,0.6604395604395604
lof,lof_k50,236,5,0.4348351648351648,0.4247252747252747,0.4005494505494505,0.4351648351648352
lof,lof_k50,237,5,0.7063736263736263,0.7346153846153847,0.615934065934066,0.8219780219780219
lof,lof_k50,238,5,0.339010989010989,0.2126373626373626,0.1983516483516483,0.2543956043956044
lof,lof_k50,239,5,0.44835164835164837,0.3840659340659341,0.1521978021978021,0.7362637362637363
lof,lof_k50,240,3,0.35274725274725266,0.1071428571428571,0.059340659340659296,0.5233516483516483
lof,lof_k50,241,3,0.8175824175824177,0.8686813186813187,0.7793956043956044,0.8813186813186813
lof,lof_k50,242,3,0.6324175824175824,0.8868131868131868,0.5035714285714286,0.8884615384615384
lof,lof_k50,243,3,0.6456043956043956,0.5703296703296703,0.5651098901098901,0.6884615384615385
lof,lof_k50,244,3,0.1782051282051282,0.0901098901098901,0.050824175824175796,0.26153846153846155
lof,lof_k50,245,3,0.3915750915750915,0.3763736263736263,0.32417582417582413,0.4513736263736263
lof,lof_k50,246,3,0.47179487179487173,0.5873626373626374,0.3260989010989011,0.6752747252747253
lof,lof_k50,247,3,0.23956043956043957,0.1939560439560439,0.1409340659340659,0.3153846153846154
lof,lof_k50,248,3,0.20531135531135525,0.1417582417582417,0.1192307692307692,0.2596153846153846
lof,lof_k50,249,3,0.4794871794871794,0.5197802197802198,0.37252747252747254,0.6065934065934067
lof,lof_k50,250,3,0.24780219780219773,0.0736263736263736,0.051648351648351604,0.3568681318681318
lof,lof_k50,251,3,0.24194139194139194,0.1082417582417582,0.10027472527472525,0.31675824175824174
lof,lof_k50,252,3,0.3419413919413919,0.0846153846153846,0.05879120879120875,0.49642857142857144
lof,lof_k50,253,3,0.39688644688644686,0.2505494505494505,0.131043956043956,0.5895604395604396
lof,lof_k50,254,3,0.6794871794871794,0.7747252747252747,0.5541208791208792,0.8524725274725276
lof,lof_k50,255,3,0.6225274725274725,0.5659340659340659,0.5425824175824177,0.6741758241758242
lof,lof_k50,256,2,0.743956043956044,0.743956043956044,0.714010989010989,0.7739010989010989
lof,lof_k50,257,1,0.139010989010989,0.139010989010989,0.139010989010989,0.139010989010989
lof,lof_k50,258,1,0.2071428571428571,0.2071428571428571,0.2071428571428571,0.2071428571428571
lof,lof_k50,259,1,0.212087912087912,0.212087912087912,0.212087912087912,0.212087912087912
lof,lof_k50,260,1,0.4346153846153846,0.4346153846153846,0.4346153846153846,0.4346153846153846
lof,lof_k50,261,1,0.2516483516483516,0.2516483516483516,0.2516483516483516,0.2516483516483516
lof,lof_k50,262,1,0.5214285714285715,0.5214285714285715,0.5214285714285715,0.5214285714285715
lof,lof_k50,263,1,0.2626373626373626,0.2626373626373626,0.2626373626373626,0.2626373626373626
lof,lof_k50,264,1,0.3423076923076923,0.3423076923076923,0.3423076923076923,0.3423076923076923
lof,lof_k50,265,1,0.6807692307692308,0.6807692307692308,0.6807692307692308,0.6807692307692308
lof,lof_k50,266,1,0.6120879120879121,0.6120879120879121,0.6120879120879121,0.6120879120879121
lof,lof_k50,267,1,0.7054945054945055,0.7054945054945055,0.7054945054945055,0.7054945054945055
lof,lof_k50,268,1,0.2862637362637362,0.2862637362637362,0.2862637362637362,0.2862637362637362
ocsvm,ocsvm_nu0p05_gamma_0p01,0,20,1.0,1.0,1.0,1.0
ocsvm,ocsvm_nu0p05_gamma_0p01,1,20,1.0,1.0,1.0,1.0
ocsvm,ocsvm_nu0p05_gamma_0p01,2,20,1.0,1.0,1.0,1.0
ocsvm,ocsvm_nu0p05_gamma_0p01,3,20,1.0,1.0,1.0,1.0
ocsvm,ocsvm_nu0p05_gamma_0p01,4,20,1.0,1.0,1.0,1.0
ocsvm,ocsvm_nu0p05_gamma_0p01,5,20,1.0,1.0,1.0,1.0
ocsvm,ocsvm_nu0p05_gamma_0p01,6,20,1.0,1.0,1.0,1.0
ocsvm,ocsvm_nu0p05_gamma_0p01,7,20,1.0,1.0,1.0,1.0
ocsvm,ocsvm_nu0p05_gamma_0p01,8,20,1.0,1.0,1.0,1.0
ocsvm,ocsvm_nu0p05_gamma_0p01,9,20,1.0,1.0,1.0,1.0
ocsvm,ocsvm_nu0p05_gamma_0p01,10,20,1.0,1.0,1.0,1.0
ocsvm,ocsvm_nu0p05_gamma_0p01,11,20,1.0,1.0,1.0,1.0
ocsvm,ocsvm_nu0p05_gamma_0p01,12,20,1.0,1.0,1.0,1.0
ocsvm,ocsvm_nu0p05_gamma_0p01,13,20,1.0,1.0,1.0,1.0
ocsvm,ocsvm_nu0p05_gamma_0p01,14,20,1.0,1.0,1.0,1.0
ocsvm,ocsvm_nu0p05_gamma_0p01,15,20,1.0,1.0,1.0,1.0
ocsvm,ocsvm_nu0p05_gamma_0p01,16,20,1.0,1.0,1.0,1.0
ocsvm,ocsvm_nu0p05_gamma_0p01,17,20,1.0,1.0,1.0,1.0
ocsvm,ocsvm_nu0p05_gamma_0p01,18,20,1.0,1.0,1.0,1.0
ocsvm,ocsvm_nu0p05_gamma_0p01,19,20,1.0,1.0,1.0,1.0
ocsvm,ocsvm_nu0p05_gamma_0p01,20,20,1.0,1.0,1.0,1.0
ocsvm,ocsvm_nu0p05_gamma_0p01,21,20,1.0,1.0,1.0,1.0
ocsvm,ocsvm_nu0p05_gamma_0p01,22,20,0.9998901098901098,1.0,1.0,1.0
ocsvm,ocsvm_nu0p05_gamma_0p01,23,20,1.0,1.0,1.0,1.0
ocsvm,ocsvm_nu0p05_gamma_0p01,24,20,1.0,1.0,1.0,1.0
ocsvm,ocsvm_nu0p05_gamma_0p01,25,20,1.0,1.0,1.0,1.0
ocsvm,ocsvm_nu0p05_gamma_0p01,26,20,1.0,1.0,1.0,1.0
ocsvm,ocsvm_nu0p05_gamma_0p01,27,20,0.9998076923076923,1.0,1.0,1.0
ocsvm,ocsvm_nu0p05_gamma_0p01,28,20,0.9997802197802198,1.0,1.0,1.0
ocsvm,ocsvm_nu0p05_gamma_0p01,29,20,0.9999175824175823,1.0,1.0,1.0
ocsvm,ocsvm_nu0p05_gamma_0p01,30,20,0.9998626373626374,1.0,1.0,1.0
ocsvm,ocsvm_nu0p05_gamma_0p01,31,20,0.9973076923076925,1.0,1.0,1.0
ocsvm,ocsvm_nu0p05_gamma_0p01,32,20,0.9998351648351648,1.0,1.0,1.0
ocsvm,ocsvm_nu0p05_gamma_0p01,33,20,0.9986263736263737,1.0,1.0,1.0
ocsvm,ocsvm_nu0p05_gamma_0p01,34,20,0.9993681318681318,1.0,1.0,1.0
ocsvm,ocsvm_nu0p05_gamma_0p01,35,20,0.9989285714285714,1.0,1.0,1.0
ocsvm,ocsvm_nu0p05_gamma_0p01,36,20,0.9991208791208791,1.0,1.0,1.0
ocsvm,ocsvm_nu0p05_gamma_0p01,37,20,0.9920604395604397,1.0,0.9976648351648352,1.0
ocsvm,ocsvm_nu0p05_gamma_0p01,38,20,0.9984065934065935,1.0,0.9995879120879121,1.0
ocsvm,ocsvm_nu0p05_gamma_0p01,39,20,0.9822252747252748,1.0,0.9982142857142857,1.0
ocsvm,ocsvm_nu0p05_gamma_0p01,40,20,0.9782142857142857,1.0,0.9995879120879121,1.0
ocsvm,ocsvm_nu0p05_gamma_0p01,41,20,0.9889835164835166,1.0,0.9956043956043956,1.0
ocsvm,ocsvm_nu0p05_gamma_0p01,42,20,0.9749175824175824,1.0,0.9898351648351649,1.0
ocsvm,ocsvm_nu0p05_gamma_0p01,43,20,0.9630219780219781,1.0,0.9798076923076924,1.0
ocsvm,ocsvm_nu0p05_gamma_0p01,44,20,0.9832967032967034,1.0,0.9942307692307693,1.0
ocsvm,ocsvm_nu0p05_gamma_0p01,45,20,0.9846428571428572,0.9983516483516484,0.987087912087912,1.0
ocsvm,ocsvm_nu0p05_gamma_0p01,46,20,0.9378571428571428,1.0,0.9646978021978021,1.0
ocsvm,ocsvm_nu0p05_gamma_0p01,47,20,0.9822252747252748,1.0,0.9923076923076923,1.0
ocsvm,ocsvm_nu0p05_gamma_0p01,48,20,0.9546978021978022,0.9923076923076923,0.9582417582417582,1.0
ocsvm,ocsvm_nu0p05_gamma_0p01,49,20,0.9525824175824177,0.9994505494505495,0.9714285714285714,1.0
ocsvm,ocsvm_nu0p05_gamma_0p01,50,20,0.952912087912088,0.9991758241758242,0.9645604395604396,1.0
ocsvm,ocsvm_nu0p05_gamma_0p01,51,20,0.9355494505494505,0.9991758241758242,0.9120879120879121,1.0
ocsvm,ocsvm_nu0p05_gamma_0p01,52,20,0.9194505494505496,0.9947802197802198,0.8736263736263736,1.0
ocsvm,ocsvm_nu0p05_gamma_0p01,53,20,0.9512637362637364,0.9991758241758242,0.9324175824175824,1.0
ocsvm,ocsvm_nu0p05_gamma_0p01,54,20,0.8634615384615385,0.9956043956043956,0.9131868131868132,1.0
ocsvm,ocsvm_nu0p05_gamma_0p01,55,20,0.9548351648351648,0.984065934065934,0.8978021978021978,1.0
ocsvm,ocsvm_nu0p05_gamma_0p01,56,20,0.9006593406593406,0.9931318681318682,0.8906593406593407,1.0
ocsvm,ocsvm_nu0p05_gamma_0p01,57,20,0.8724725274725275,0.9796703296703296,0.8179945054945055,1.0
ocsvm,ocsvm_nu0p05_gamma_0p01,58,20,0.9297802197802199,0.9934065934065934,0.9792582417582418,1.0
ocsvm,ocsvm_nu0p05_gamma_0p01,59,20,0.8823351648351648,0.9934065934065934,0.8688186813186813,1.0
ocsvm,ocsvm_nu0p05_gamma_0p01,60,20,0.8728296703296703,0.9876373626373626,0.7586538461538461,1.0
ocsvm,ocsvm_nu0p05_gamma_0p01,61,20,0.8469780219780219,0.985989010989011,0.7398351648351649,0.9983516483516484
ocsvm,ocsvm_nu0p05_gamma_0p01,62,20,0.8290384615384616,0.9936813186813187,0.7451923076923077,1.0
ocsvm,ocsvm_nu0p05_gamma_0p01,63,20,0.8585439560439561,0.9684065934065934,0.7964285714285715,0.9987637362637363
ocsvm,ocsvm_nu0p05_gamma_0p01,64,20,0.8363186813186813,0.9620879120879121,0.7201923076923077,0.9987637362637363
ocsvm,ocsvm_nu0p05_gamma_0p01,65,20,0.8221978021978021,0.9736263736263736,0.7673076923076922,0.9987637362637363
ocsvm,ocsvm_nu0p05_gamma_0p01,66,20,0.8127747252747254,0.9340659340659341,0.6934065934065934,0.9917582417582418
ocsvm,ocsvm_nu0p05_gamma_0p01,67,20,0.8827472527472529,0.971153846153846,0.9031593406593407,0.995879120879121
ocsvm,ocsvm_nu0p05_gamma_0p01,68,20,0.8017857142857142,0.9579670329670331,0.6447802197802198,0.993956043956044
ocsvm,ocsvm_nu0p05_gamma_0p01,69,20,0.7707692307692308,0.8733516483516482,0.6222527472527473,0.9796703296703297
ocsvm,ocsvm_nu0p05_gamma_0p01,70,20,0.7827197802197803,0.884065934065934,0.7225274725274726,0.9942307692307693
ocsvm,ocsvm_nu0p05_gamma_0p01,71,20,0.7836263736263736,0.9293956043956043,0.6298076923076923,0.9983516483516484
ocsvm,ocsvm_nu0p05_gamma_0p01,72,20,0.7740934065934065,0.8414835164835165,0.6126373626373627,0.9898351648351649
ocsvm,ocsvm_nu0p05_gamma_0p01,73,20,0.7445604395604396,0.7766483516483516,0.6211538461538462,0.957554945054945
ocsvm,ocsvm_nu0p05_gamma_0p01,74,20,0.6729945054945055,0.8700549450549451,0.39711538461538465,0.993543956043956
ocsvm,ocsvm_nu0p05_gamma_0p01,75,20,0.7198901098901099,0.8532967032967034,0.4304945054945054,0.9778846153846154
ocsvm,ocsvm_nu0p05_gamma_0p01,76,20,0.7406593406593407,0.9217032967032968,0.47376373626373625,0.9847527472527472
ocsvm,ocsvm_nu0p05_gamma_0p01,77,20,0.6936263736263737,0.7013736263736263,0.5722527472527472,0.9842032967032966
ocsvm,ocsvm_nu0p05_gamma_0p01,78,20,0.6195604395604396,0.675,0.39890109890109887,0.8917582417582417
ocsvm,ocsvm_nu0p05_gamma_0p01,79,20,0.6723351648351648,0.6953296703296703,0.46332417582417584,0.9587912087912088
ocsvm,ocsvm_nu0p05_gamma_0p01,80,20,0.638489010989011,0.7087912087912087,0.44065934065934065,0.9186813186813185
ocsvm,ocsvm_nu0p05_gamma_0p01,81,20,0.7129945054945055,0.7923076923076924,0.4686813186813187,0.9456043956043956
ocsvm,ocsvm_nu0p05_gamma_0p01,82,20,0.6635989010989011,0.7785714285714285,0.40521978021978017,0.9657967032967033
ocsvm,ocsvm_nu0p05_gamma_0p01,83,20,0.7490934065934065,0.8134615384615385,0.6038461538461539,0.9627747252747253
ocsvm,ocsvm_nu0p05_gamma_0p01,84,20,0.6442582417582418,0.7302197802197802,0.40398351648351644,0.9351648351648352
ocsvm,ocsvm_nu0p05_gamma_0p01,85,20,0.6209615384615385,0.7222527472527472,0.3222527472527472,0.9396978021978023
ocsvm,ocsvm_nu0p05_gamma_0p01,86,20,0.6094505494505494,0.7554945054945055,0.23612637362637362,0.9497252747252747
ocsvm,ocsvm_nu0p05_gamma_0p01,87,20,0.6011813186813186,0.6153846153846154,0.33090659340659334,0.8873626373626373
ocsvm,ocsvm_nu0p05_gamma_0p01,88,20,0.6725824175824175,0.7357142857142858,0.5167582417582417,0.9333791208791208
ocsvm,ocsvm_nu0p05_gamma_0p01,89,20,0.5259065934065934,0.47939560439560436,0.22060439560439557,0.8412087912087912
ocsvm,ocsvm_nu0p05_gamma_0p01,90,20,0.617032967032967,0.7093406593406593,0.2688186813186813,0.8767857142857143
ocsvm,ocsvm_nu0p05_gamma_0p01,91,20,0.6053296703296703,0.7340659340659341,0.3057692307692308,0.9188186813186813
ocsvm,ocsvm_nu0p05_gamma_0p01,92,20,0.5383516483516483,0.5612637362637363,0.276510989010989,0.8112637362637363
ocsvm,ocsvm_nu0p05_gamma_0p01,93,20,0.6599999999999999,0.7357142857142858,0.36277472527472526,0.9454670329670329
ocsvm,ocsvm_nu0p05_gamma_0p01,94,20,0.6407142857142858,0.7162087912087912,0.49848901098901094,0.8528846153846154
ocsvm,ocsvm_nu0p05_gamma_0p01,95,20,0.5914560439560439,0.6074175824175825,0.38159340659340657,0.876510989010989
ocsvm,ocsvm_nu0p05_gamma_0p01,96,20,0.626043956043956,0.6832417582417583,0.35851648351648346,0.925412087912088
ocsvm,ocsvm_nu0p05_gamma_0p01,97,20,0.6863186813186812,0.7771978021978022,0.5612637362637363,0.949587912087912
ocsvm,ocsvm_nu0p05_gamma_0p01,98,20,0.5787637362637362,0.6016483516483517,0.2554945054945055,0.8541208791208791
ocsvm,ocsvm_nu0p05_gamma_0p01,99,20,0.5546153846153846,0.49835164835164836,0.3342032967032967,0.889010989010989
ocsvm,ocsvm_nu0p05_gamma_0p01,100,20,0.5586813186813187,0.5870879120879121,0.25659340659340657,0.8310439560439561
ocsvm,ocsvm_nu0p05_gamma_0p01,101,20,0.5609340659340659,0.5848901098901098,0.3075549450549451,0.8208791208791208
ocsvm,ocsvm_nu0p05_gamma_0p01,102,20,0.5387087912087912,0.6104395604395605,0.24175824175824176,0.720054945054945
ocsvm,ocsvm_nu0p05_gamma_0p01,103,20,0.5724725274725275,0.6008241758241758,0.4148351648351648,0.8631868131868132
ocsvm,ocsvm_nu0p05_gamma_0p01,104,20,0.7051098901098901,0.7505494505494505,0.5502747252747253,0.9131868131868133
ocsvm,ocsvm_nu0p05_gamma_0p01,105,20,0.5394230769230769,0.4645604395604396,0.2879120879120879,0.8557692307692307
ocsvm,ocsvm_nu0p05_gamma_0p01,106,20,0.6483791208791209,0.6887362637362637,0.4791208791208791,0.9414835164835165
ocsvm,ocsvm_nu0p05_gamma_0p01,107,20,0.48293956043956043,0.510989010989011,0.22554945054945053,0.6563186813186813
ocsvm,ocsvm_nu0p05_gamma_0p01,108,20,0.4854120879120879,0.5282967032967033,0.25879120879120876,0.725
ocsvm,ocsvm_nu0p05_gamma_0p01,109,20,0.5038186813186813,0.4706043956043956,0.21991758241758236,0.7711538461538462
ocsvm,ocsvm_nu0p05_gamma_0p01,110,20,0.5345879120879121,0.5527472527472528,0.24972527472527467,0.7925824175824175
ocsvm,ocsvm_nu0p05_gamma_0p01,111,20,0.5416483516483516,0.4799450549450549,0.2302197802197802,0.8868131868131868
ocsvm,ocsvm_nu0p05_gamma_0p01,112,20,0.6028021978021978,0.6447802197802197,0.42774725274725267,0.7896978021978022
ocsvm,ocsvm_nu0p05_gamma_0p01,113,20,0.5492857142857143,0.5590659340659341,0.31950549450549454,0.7318681318681318
ocsvm,ocsvm_nu0p05_gamma_0p01,114,20,0.574010989010989,0.5909340659340658,0.3924450549450549,0.826923076923077
ocsvm,ocsvm_nu0p05_gamma_0p01,115,20,0.6053571428571428,0.49395604395604387,0.37623626373626373,0.8677197802197802
ocsvm,ocsvm_nu0p05_gamma_0p01,116,20,0.5037912087912088,0.4898351648351648,0.29299450549450545,0.7236263736263736
ocsvm,ocsvm_nu0p05_gamma_0p01,117,20,0.42499999999999993,0.31675824175824174,0.16043956043956042,0.681456043956044
ocsvm,ocsvm_nu0p05_gamma_0p01,118,20,0.5063736263736264,0.4725274725274725,0.31483516483516477,0.8008241758241758
ocsvm,ocsvm_nu0p05_gamma_0p01,119,20,0.5470879120879121,0.5137362637362637,0.26359890109890105,0.8440934065934066
ocsvm,ocsvm_nu0p05_gamma_0p01,120,20,0.5746703296703297,0.610989010989011,0.3535714285714286,0.7449175824175824
ocsvm,ocsvm_nu0p05_gamma_0p01,121,20,0.4533516483516483,0.43626373626373627,0.16950549450549443,0.635576923076923
ocsvm,ocsvm_nu0p05_gamma_0p01,122,20,0.5321153846153847,0.5065934065934066,0.25576923076923075,0.7571428571428571
ocsvm,ocsvm_nu0p05_gamma_0p01,123,20,0.5031318681318682,0.47225274725274724,0.29532967032967034,0.7572802197802198
ocsvm,ocsvm_nu0p05_gamma_0p01,124,20,0.5455769230769231,0.6409340659340659,0.23489010989010986,0.7994505494505494
ocsvm,ocsvm_nu0p05_gamma_0p01,125,20,0.5585714285714285,0.5447802197802197,0.3666208791208791,0.8333791208791209
ocsvm,ocsvm_nu0p05_gamma_0p01,126,20,0.5250274725274725,0.48901098901098905,0.26428571428571423,0.8104395604395604
ocsvm,ocsvm_nu0p05_gamma_0p01,127,20,0.4863186813186813,0.3379120879120878,0.2725274725274725,0.8361263736263735
ocsvm,ocsvm_nu0p05_gamma_0p01,128,20,0.5096428571428571,0.44890109890109886,0.22486263736263734,0.8074175824175824
ocsvm,ocsvm_nu0p05_gamma_0p01,129,20,0.5773076923076923,0.5497252747252748,0.38159340659340657,0.8284340659340659
ocsvm,ocsvm_nu0p05_gamma_0p01,130,20,0.4806043956043956,0.45412087912087906,0.24945054945054945,0.7186813186813187
ocsvm,ocsvm_nu0p05_gamma_0p01,131,20,0.509010989010989,0.4818681318681318,0.2375,0.739010989010989
ocsvm,ocsvm_nu0p05_gamma_0p01,132,20,0.5275,0.5024725274725275,0.26442307692307687,0.8635989010989011
ocsvm,ocsvm_nu0p05_gamma_0p01,133,20,0.5909065934065934,0.5887362637362636,0.4195054945054945,0.8546703296703296
ocsvm,ocsvm_nu0p05_gamma_0p01,134,20,0.41074175824175824,0.3708791208791209,0.29862637362637356,0.45178571428571423
ocsvm,ocsvm_nu0p05_gamma_0p01,135,19,0.44696356275303645,0.3483516483516483,0.1648351648351648,0.7104395604395604
ocsvm,ocsvm_nu0p05_gamma_0p01,136,19,0.47255639097744356,0.4505494505494505,0.2467032967032967,0.7291208791208791
ocsvm,ocsvm_nu0p05_gamma_0p01,137,19,0.468074031231926,0.5027472527472527,0.1472527472527472,0.7250000000000001
ocsvm,ocsvm_nu0p05_gamma_0p01,138,19,0.5672064777327934,0.5258241758241758,0.36291208791208784,0.8005494505494506
ocsvm,ocsvm_nu0p05_gamma_0p01,139,19,0.42593984962406006,0.4093406593406593,0.22747252747252744,0.5521978021978021
ocsvm,ocsvm_nu0p05_gamma_0p01,140,19,0.5527183342972816,0.5148351648351648,0.36758241758241755,0.8016483516483517
ocsvm,ocsvm_nu0p05_gamma_0p01,141,19,0.5573452862926548,0.5005494505494505,0.37967032967032965,0.8065934065934066
ocsvm,ocsvm_nu0p05_gamma_0p01,142,19,0.5289184499710815,0.5527472527472528,0.2615384615384615,0.7673076923076924
ocsvm,ocsvm_nu0p05_gamma_0p01,143,19,0.46362058993637933,0.4241758241758241,0.2510989010989011,0.7137362637362636
ocsvm,ocsvm_nu0p05_gamma_0p01,144,19,0.4445344129554656,0.4291208791208791,0.21428571428571425,0.6626373626373626
ocsvm,ocsvm_nu0p05_gamma_0p01,145,19,0.5310294968189705,0.4675824175824176,0.35989010989010983,0.7145604395604395
ocsvm,ocsvm_nu0p05_gamma_0p01,146,19,0.4100636205899364,0.3703296703296703,0.16346153846153844,0.5744505494505494
ocsvm,ocsvm_nu0p05_gamma_0p01,147,19,0.5470213996529786,0.6241758241758242,0.2815934065934066,0.7983516483516484
ocsvm,ocsvm_nu0p05_gamma_0p01,148,19,0.48568536726431466,0.4631868131868132,0.3282967032967033,0.6612637362637362
ocsvm,ocsvm_nu0p05_gamma_0p01,149,19,0.48582995951417,0.4818681318681319,0.2857142857142857,0.642032967032967
ocsvm,ocsvm_nu0p05_gamma_0p01,150,19,0.4934355118565645,0.5247252747252747,0.3195054945054945,0.7052197802197803
ocsvm,ocsvm_nu0p05_gamma_0p01,151,19,0.5189126662810873,0.4846153846153846,0.2785714285714286,0.832967032967033
ocsvm,ocsvm_nu0p05_gamma_0p01,152,19,0.5060728744939271,0.3928571428571428,0.2401098901098901,0.7414835164835165
ocsvm,ocsvm_nu0p05_gamma_0p01,153,19,0.5323886639676113,0.4664835164835165,0.36236263736263735,0.7541208791208791
ocsvm,ocsvm_nu0p05_gamma_0p01,154,18,0.5480463980463981,0.49148351648351646,0.2995879120879121,0.8392857142857143
ocsvm,ocsvm_nu0p05_gamma_0p01,155,18,0.4934676434676435,0.42664835164835163,0.2671703296703296,0.8097527472527473
ocsvm,ocsvm_nu0p05_gamma_0p01,156,17,0.5003555268261151,0.3543956043956044,0.1895604395604395,0.8912087912087913
ocsvm,ocsvm_nu0p05_gamma_0p01,157,17,0.44861021331609563,0.3763736263736263,0.2538461538461538,0.7082417582417583
ocsvm,ocsvm_nu0p05_gamma_0p01,158,16,0.46081730769230766,0.3857142857142857,0.22582417582417577,0.7851648351648352
ocsvm,ocsvm_nu0p05_gamma_0p01,159,16,0.628537087912088,0.5815934065934065,0.47637362637362635,0.8804945054945055
ocsvm,ocsvm_nu0p05_gamma_0p01,160,16,0.5104739010989011,0.5521978021978022,0.34697802197802197,0.6350274725274725
ocsvm,ocsvm_nu0p05_gamma_0p01,161,16,0.4974587912087912,0.4664835164835165,0.24148351648351649,0.7309065934065935
ocsvm,ocsvm_nu0p05_gamma_0p01,162,16,0.5656249999999999,0.5782967032967032,0.2842032967032967,0.8060439560439561
ocsvm,ocsvm_nu0p05_gamma_0p01,163,15,0.4835164835164835,0.4186813186813187,0.303021978021978,0.6752747252747253
ocsvm,ocsvm_nu0p05_gamma_0p01,164,15,0.5893772893772894,0.639010989010989,0.3873626373626373,0.7486263736263736
ocsvm,ocsvm_nu0p05_gamma_0p01,165,15,0.517948717948718,0.4620879120879121,0.3296703296703296,0.7079670329670329
ocsvm,ocsvm_nu0p05_gamma_0p01,166,14,0.5346153846153846,0.6074175824175825,0.21112637362637357,0.7120879120879121
ocsvm,ocsvm_nu0p05_gamma_0p01,167,14,0.4809654631083203,0.5079670329670329,0.26744505494505494,0.6982142857142857
ocsvm,ocsvm_nu0p05_gamma_0p01,168,14,0.5407378335949764,0.5942307692307692,0.22596153846153844,0.8059065934065934
ocsvm,ocsvm_nu0p05_gamma_0p01,169,14,0.6014521193092621,0.6184065934065934,0.3802197802197802,0.8651098901098901
ocsvm,ocsvm_nu0p05_gamma_0p01,170,14,0.5842229199372057,0.6461538461538461,0.28571428571428564,0.889010989010989
ocsvm,ocsvm_nu0p05_gamma_0p01,171,14,0.43704866562009415,0.464010989010989,0.20741758241758235,0.6475274725274726
ocsvm,ocsvm_nu0p05_gamma_0p01,172,14,0.48112244897959183,0.5516483516483517,0.13653846153846144,0.7479395604395604
ocsvm,ocsvm_nu0p05_gamma_0p01,173,14,0.5675039246467818,0.6192307692307693,0.3673076923076923,0.7248626373626373
ocsvm,ocsvm_nu0p05_gamma_0p01,174,14,0.48300627943485086,0.4980769230769231,0.25755494505494503,0.6600274725274725
ocsvm,ocsvm_nu0p05_gamma_0p01,175,14,0.45871271585557294,0.4576923076923076,0.24876373626373624,0.6240384615384615
ocsvm,ocsvm_nu0p05_gamma_0p01,176,14,0.5994897959183673,0.6315934065934066,0.41387362637362635,0.8598901098901099
ocsvm,ocsvm_nu0p05_gamma_0p01,177,14,0.5275117739403453,0.42252747252747247,0.3464285714285714,0.7550824175824176
ocsvm,ocsvm_nu0p05_gamma_0p01,178,14,0.5548665620094192,0.4956043956043956,0.43736263736263736,0.7229395604395605
ocsvm,ocsvm_nu0p05_gamma_0p01,179,14,0.6513343799058084,0.6445054945054944,0.43626373626373627,0.8557692307692308
ocsvm,ocsvm_nu0p05_gamma_0p01,180,14,0.5600470957613815,0.6008241758241758,0.36909340659340656,0.7365384615384616
ocsvm,ocsvm_nu0p05_gamma_0p01,181,14,0.5455651491365777,0.5607142857142857,0.31153846153846154,0.7707417582417583
ocsvm,ocsvm_nu0p05_gamma_0p01,182,14,0.593916797488226,0.6483516483516484,0.3369505494505495,0.7843406593406593
ocsvm,ocsvm_nu0p05_gamma_0p01,183,14,0.6737048665620095,0.7195054945054945,0.5041208791208791,0.8442307692307692
ocsvm,ocsvm_nu0p05_gamma_0p01,184,14,0.5188775510204081,0.5884615384615385,0.2423076923076923,0.7756868131868132
ocsvm,ocsvm_nu0p05_gamma_0p01,185,14,0.41954474097331235,0.3725274725274724,0.15837912087912082,0.6482142857142857
ocsvm,ocsvm_nu0p05_gamma_0p01,186,14,0.5573390894819467,0.578021978021978,0.39436813186813185,0.7335164835164836
ocsvm,ocsvm_nu0p05_gamma_0p01,187,14,0.5652276295133438,0.5585164835164835,0.304532967032967,0.8741758241758242
ocsvm,ocsvm_nu0p05_gamma_0p01,188,13,0.602240067624683,0.6494505494505495,0.5126373626373626,0.804945054945055
ocsvm,ocsvm_nu0p05_gamma_0p01,189,13,0.39699915469146235,0.3846153846153846,0.2038461538461538,0.5741758241758241
ocsvm,ocsvm_nu0p05_gamma_0p01,190,13,0.5252747252747253,0.5483516483516484,0.3686813186813187,0.6164835164835165
ocsvm,ocsvm_nu0p05_gamma_0p01,191,13,0.5637785291631445,0.6692307692307692,0.3126373626373626,0.7434065934065934
ocsvm,ocsvm_nu0p05_gamma_0p01,192,12,0.563003663003663,0.618956043956044,0.31497252747252746,0.7162087912087911
ocsvm,ocsvm_nu0p05_gamma_0p01,193,12,0.6207417582417581,0.6939560439560439,0.34711538461538455,0.8365384615384615
ocsvm,ocsvm_nu0p05_gamma_0p01,194,12,0.7260531135531135,0.7123626373626373,0.6313186813186813,0.9546703296703296
ocsvm,ocsvm_nu0p05_gamma_0p01,195,11,0.7188811188811189,0.8060439560439561,0.5546703296703297,0.8829670329670329
ocsvm,ocsvm_nu0p05_gamma_0p01,196,11,0.6067432567432568,0.7054945054945055,0.38159340659340657,0.7782967032967033
ocsvm,ocsvm_nu0p05_gamma_0p01,197,11,0.7202297702297702,0.7467032967032967,0.645054945054945,0.8228021978021978
ocsvm,ocsvm_nu0p05_gamma_0p01,198,11,0.5838661338661338,0.6774725274725275,0.32087912087912085,0.8598901098901099
ocsvm,ocsvm_nu0p05_gamma_0p01,199,11,0.6618881118881119,0.6401098901098901,0.40302197802197803,0.9214285714285715
ocsvm,ocsvm_nu0p05_gamma_0p01,200,11,0.6571428571428571,0.7686813186813187,0.5370879120879121,0.9035714285714287
ocsvm,ocsvm_nu0p05_gamma_0p01,201,11,0.6918081918081918,0.7510989010989011,0.46428571428571425,0.9057692307692308
ocsvm,ocsvm_nu0p05_gamma_0p01,202,11,0.6468031968031968,0.6384615384615384,0.4777472527472527,0.9365384615384615
ocsvm,ocsvm_nu0p05_gamma_0p01,203,11,0.5934565434565434,0.6895604395604396,0.4021978021978022,0.7972527472527473
ocsvm,ocsvm_nu0p05_gamma_0p01,204,11,0.4689810189810189,0.3835164835164835,0.21043956043956044,0.6612637362637362
ocsvm,ocsvm_nu0p05_gamma_0p01,205,11,0.6606393606393607,0.6994505494505494,0.4585164835164835,0.9335164835164834
ocsvm,ocsvm_nu0p05_gamma_0p01,206,11,0.5672327672327673,0.5340659340659341,0.35,0.767032967032967
ocsvm,ocsvm_nu0p05_gamma_0p01,207,11,0.5256243756243756,0.6494505494505495,0.2964285714285714,0.6958791208791208
ocsvm,ocsvm_nu0p05_gamma_0p01,208,11,0.5312187812187812,0.593956043956044,0.37967032967032965,0.712087912087912
ocsvm,ocsvm_nu0p05_gamma_0p01,209,10,0.5443956043956044,0.47225274725274724,0.40590659340659335,0.7285714285714285
ocsvm,ocsvm_nu0p05_gamma_0p01,210,10,0.720989010989011,0.7604395604395604,0.617445054945055,0.8368131868131867
ocsvm,ocsvm_nu0p05_gamma_0p01,211,10,0.5397802197802198,0.537912087912088,0.37280219780219775,0.615934065934066
ocsvm,ocsvm_nu0p05_gamma_0p01,212,10,0.611043956043956,0.692032967032967,0.5366758241758242,0.7509615384615385
ocsvm,ocsvm_nu0p05_gamma_0p01,213,10,0.6304395604395604,0.6659340659340659,0.4240384615384615,0.8561813186813187
ocsvm,ocsvm_nu0p05_gamma_0p01,214,10,0.6372527472527472,0.6365384615384615,0.5192307692307692,0.7585164835164835
ocsvm,ocsvm_nu0p05_gamma_0p01,215,10,0.6546153846153846,0.7513736263736264,0.46881868131868126,0.885989010989011
ocsvm,ocsvm_nu0p05_gamma_0p01,216,9,0.6537240537240536,0.8197802197802198,0.2681318681318681,0.946153846153846
ocsvm,ocsvm_nu0p05_gamma_0p01,217,8,0.5783653846153846,0.4549450549450549,0.39038461538461533,0.8957417582417582
ocsvm,ocsvm_nu0p05_gamma_0p01,218,8,0.5807005494505494,0.5574175824175824,0.4009615384615384,0.8127747252747253
ocsvm,ocsvm_nu0p05_gamma_0p01,219,8,0.5467032967032968,0.5895604395604396,0.41387362637362635,0.6461538461538461
ocsvm,ocsvm_nu0p05_gamma_0p01,220,8,0.6892857142857143,0.826098901098901,0.6269230769230769,0.8883241758241758
ocsvm,ocsvm_nu0p05_gamma_0p01,221,8,0.5582417582417583,0.5832417582417582,0.3048076923076922,0.8449175824175824
ocsvm,ocsvm_nu0p05_gamma_0p01,222,7,0.6271585557299842,0.5423076923076923,0.481043956043956,0.9387362637362637
ocsvm,ocsvm_nu0p05_gamma_0p01,223,7,0.5419152276295133,0.4379120879120879,0.40824175824175823,0.5826923076923076
ocsvm,ocsvm_nu0p05_gamma_0p01,224,7,0.5963108320251178,0.7412087912087912,0.37664835164835164,0.8442307692307693
ocsvm,ocsvm_nu0p05_gamma_0p01,225,7,0.6508634222919937,0.6401098901098901,0.5,0.8178571428571428
ocsvm,ocsvm_nu0p05_gamma_0p01,226,7,0.6646781789638933,0.610989010989011,0.3967032967032966,0.9593406593406593
ocsvm,ocsvm_nu0p05_gamma_0p01,227,7,0.6387755102040816,0.7802197802197802,0.392032967032967,0.9090659340659342
ocsvm,ocsvm_nu0p05_gamma_0p01,228,7,0.6563579277864992,0.6071428571428571,0.49148351648351646,0.9368131868131868
ocsvm,ocsvm_nu0p05_gamma_0p01,229,7,0.5731554160125588,0.6428571428571429,0.3563186813186813,0.6945054945054945
ocsvm,ocsvm_nu0p05_gamma_0p01,230,7,0.7343014128728415,0.7593406593406593,0.6398351648351648,0.8826923076923078
ocsvm,ocsvm_nu0p05_gamma_0p01,231,6,0.6329670329670329,0.5695054945054945,0.42596153846153845,0.832554945054945
ocsvm,ocsvm_nu0p05_gamma_0p01,232,6,0.4421245421245421,0.4423076923076923,0.23942307692307688,0.6559065934065934
ocsvm,ocsvm_nu0p05_gamma_0p01,233,6,0.5552197802197801,0.5406593406593406,0.22980769230769227,0.898489010989011
ocsvm,ocsvm_nu0p05_gamma_0p01,234,5,0.6237362637362638,0.7318681318681318,0.3763736263736263,0.8510989010989011
ocsvm,ocsvm_nu0p05_gamma_0p01,235,5,0.6305494505494506,0.6565934065934066,0.4472527472527473,0.704945054945055
ocsvm,ocsvm_nu0p05_gamma_0p01,236,5,0.6476923076923077,0.6752747252747253,0.6593406593406593,0.7478021978021978
ocsvm,ocsvm_nu0p05_gamma_0p01,237,5,0.6307692307692307,0.6571428571428571,0.5813186813186814,0.7846153846153846
ocsvm,ocsvm_nu0p05_gamma_0p01,238,5,0.6512087912087912,0.7835164835164835,0.6197802197802198,0.7994505494505495
ocsvm,ocsvm_nu0p05_gamma_0p01,239,5,0.6242857142857143,0.5258241758241758,0.4829670329670329,0.6428571428571429
ocsvm,ocsvm_nu0p05_gamma_0p01,240,3,0.7197802197802198,0.6653846153846154,0.5818681318681318,0.8304945054945054
ocsvm,ocsvm_nu0p05_gamma_0p01,241,3,0.8578754578754579,0.8236263736263736,0.8024725274725275,0.8961538461538462
ocsvm,ocsvm_nu0p05_gamma_0p01,242,3,0.913003663003663,0.9604395604395604,0.8824175824175824,0.9673076923076922
ocsvm,ocsvm_nu0p05_gamma_0p01,243,3,0.789010989010989,0.7593406593406593,0.7076923076923076,0.8554945054945055
ocsvm,ocsvm_nu0p05_gamma_0p01,244,3,0.47271062271062264,0.3318681318681318,0.27857142857142847,0.5964285714285714
ocsvm,ocsvm_nu0p05_gamma_0p01,245,3,0.5855311355311356,0.5285714285714286,0.478021978021978,0.6645604395604396
ocsvm,ocsvm_nu0p05_gamma_0p01,246,3,0.6551282051282051,0.6401098901098901,0.4832417582417582,0.8195054945054945
ocsvm,ocsvm_nu0p05_gamma_0p01,247,3,0.6668498168498168,0.5637362637362637,0.5502747252747253,0.7318681318681319
ocsvm,ocsvm_nu0p05_gamma_0p01,248,3,0.5728937728937729,0.5010989010989011,0.4571428571428571,0.6527472527472528
ocsvm,ocsvm_nu0p05_gamma_0p01,249,3,0.6904761904761904,0.6252747252747253,0.6228021978021978,0.7255494505494505
ocsvm,ocsvm_nu0p05_gamma_0p01,250,3,0.6336996336996337,0.860989010989011,0.514010989010989,0.8670329670329671
ocsvm,ocsvm_nu0p05_gamma_0p01,251,3,0.6902930402930402,0.7714285714285715,0.5997252747252747,0.8214285714285714
ocsvm,ocsvm_nu0p05_gamma_0p01,252,3,0.704945054945055,0.667032967032967,0.573076923076923,0.8178571428571428
ocsvm,ocsvm_nu0p05_gamma_0p01,253,3,0.5217948717948718,0.4104395604395604,0.2868131868131868,0.701098901098901
ocsvm,ocsvm_nu0p05_gamma_0p01,254,3,0.7891941391941392,0.8302197802197803,0.7217032967032968,0.8771978021978022
ocsvm,ocsvm_nu0p05_gamma_0p01,255,3,0.7721611721611722,0.7412087912087912,0.6623626373626375,0.8664835164835165
ocsvm,ocsvm_nu0p05_gamma_0p01,256,2,0.7695054945054945,0.7695054945054945,0.6809065934065934,0.8581043956043957
ocsvm,ocsvm_nu0p05_gamma_0p01,257,1,0.9324175824175824,0.9324175824175824,0.9324175824175824,0.9324175824175824
ocsvm,ocsvm_nu0p05_gamma_0p01,258,1,0.7208791208791209,0.7208791208791209,0.7208791208791209,0.7208791208791209
ocsvm,ocsvm_nu0p05_gamma_0p01,259,1,0.9752747252747253,0.9752747252747253,0.9752747252747253,0.9752747252747253
ocsvm,ocsvm_nu0p05_gamma_0p01,260,1,0.789010989010989,0.789010989010989,0.789010989010989,0.789010989010989
ocsvm,ocsvm_nu0p05_gamma_0p01,261,1,0.7774725274725275,0.7774725274725275,0.7774725274725275,0.7774725274725275
ocsvm,ocsvm_nu0p05_gamma_0p01,262,1,0.993956043956044,0.993956043956044,0.993956043956044,0.993956043956044
ocsvm,ocsvm_nu0p05_gamma_0p01,263,1,0.5796703296703297,0.5796703296703297,0.5796703296703297,0.5796703296703297
ocsvm,ocsvm_nu0p05_gamma_0p01,264,1,0.9126373626373626,0.9126373626373626,0.9126373626373626,0.9126373626373626
ocsvm,ocsvm_nu0p05_gamma_0p01,265,1,0.9516483516483516,0.9516483516483516,0.9516483516483516,0.9516483516483516
ocsvm,ocsvm_nu0p05_gamma_0p01,266,1,0.8126373626373626,0.8126373626373626,0.8126373626373626,0.8126373626373626
ocsvm,ocsvm_nu0p05_gamma_0p01,267,1,0.8879120879120879,0.8879120879120879,0.8879120879120879,0.8879120879120879
ocsvm,ocsvm_nu0p05_gamma_0p01,268,1,0.7351648351648352,0.7351648351648352,0.7351648351648352,0.7351648351648352
pca,pca_evr0p95,0,20,0.7386263736263736,0.9010989010989011,0.5376373626373626,0.9861263736263737
pca,pca_evr0p95,1,20,0.8223626373626374,0.9675824175824177,0.6410714285714286,0.9991758241758241
pca,pca_evr0p95,2,20,0.8157417582417583,0.9571428571428573,0.7414835164835165,0.9990384615384615
pca,pca_evr0p95,3,20,0.8073626373626374,0.9722527472527471,0.6258241758241758,0.9962912087912088
pca,pca_evr0p95,4,20,0.6601373626373627,0.7733516483516484,0.32321428571428573,0.9895604395604396
pca,pca_evr0p95,5,20,0.6995879120879122,0.8329670329670329,0.434478021978022,0.9862637362637364
pca,pca_evr0p95,6,20,0.7370054945054945,0.9008241758241757,0.5912087912087912,0.9961538461538462
pca,pca_evr0p95,7,20,0.7859340659340659,0.8857142857142857,0.6185439560439561,0.9991758241758241
pca,pca_evr0p95,8,20,0.6257692307692307,0.6395604395604395,0.3379120879120879,0.9771978021978023
pca,pca_evr0p95,9,20,0.6644230769230769,0.7263736263736263,0.33763736263736255,0.9887362637362639
pca,pca_evr0p95,10,20,0.6530494505494506,0.8703296703296703,0.2571428571428571,0.9865384615384616
pca,pca_evr0p95,11,20,0.735467032967033,0.8052197802197802,0.5723901098901099,0.9460164835164835
pca,pca_evr0p95,12,20,0.7281593406593407,0.8497252747252747,0.4964285714285714,0.998489010989011
pca,pca_evr0p95,13,20,0.7926373626373626,0.8307692307692308,0.6335164835164835,0.9690934065934066
pca,pca_evr0p95,14,20,0.6749175824175824,0.7758241758241758,0.46675824175824177,0.9826923076923076
pca,pca_evr0p95,15,20,0.6450549450549451,0.6667582417582417,0.4635989010989011,0.9745879120879122
pca,pca_evr0p95,16,20,0.7847252747252746,0.8895604395604395,0.7375,0.9928571428571428
pca,pca_evr0p95,17,20,0.7118131868131868,0.8326923076923077,0.514010989010989,0.982967032967033
pca,pca_evr0p95,18,20,0.6851373626373627,0.6857142857142857,0.4732142857142857,0.9851648351648352
pca,pca_evr0p95,19,20,0.6086263736263736,0.567032967032967,0.4046703296703296,0.8460164835164836
pca,pca_evr0p95,20,20,0.5825,0.6118131868131869,0.27019230769230773,0.8583791208791209
pca,pca_evr0p95,21,20,0.676510989010989,0.7706043956043955,0.44999999999999996,0.8902472527472527
pca,pca_evr0p95,22,20,0.6224999999999999,0.679945054945055,0.41291208791208783,0.8581043956043957
pca,pca_evr0p95,23,20,0.664120879120879,0.8409340659340658,0.3729395604395604,0.945054945054945
pca,pca_evr0p95,24,20,0.6625824175824176,0.7335164835164836,0.4660714285714285,0.8648351648351649
pca,pca_evr0p95,25,20,0.7288186813186813,0.8423076923076923,0.5600274725274724,0.9831043956043957
pca,pca_evr0p95,26,20,0.629478021978022,0.7813186813186813,0.30782967032967035,0.9620879120879121
pca,pca_evr0p95,27,20,0.6445604395604395,0.6925824175824176,0.5164835164835164,0.7892857142857143
pca,pca_evr0p95,28,20,0.674478021978022,0.804945054945055,0.4116758241758241,0.9307692307692307
pca,pca_evr0p95,29,20,0.7047802197802198,0.8057692307692308,0.4413461538461538,0.9648351648351648
pca,pca_evr0p95,30,20,0.5789835164835164,0.6027472527472527,0.3657967032967033,0.7741758241758242
pca,pca_evr0p95,31,20,0.5244505494505495,0.5826923076923076,0.24862637362637358,0.7711538461538461
pca,pca_evr0p95,32,20,0.5403021978021978,0.5747252747252747,0.42403846153846153,0.7061813186813186
pca,pca_evr0p95,33,20,0.4638736263736264,0.42747252747252745,0.21002747252747253,0.6918956043956044
pca,pca_evr0p95,34,20,0.6637912087912088,0.7552197802197802,0.4701923076923077,0.8821428571428571
pca,pca_evr0p95,35,20,0.605,0.6846153846153846,0.4370879120879121,0.8706043956043956
pca,pca_evr0p95,36,20,0.7632967032967033,0.7788461538461539,0.6688186813186813,0.9641483516483517
pca,pca_evr0p95,37,20,0.7447252747252747,0.7815934065934066,0.6653846153846155,0.906043956043956
pca,pca_evr0p95,38,20,0.6535989010989012,0.6706043956043956,0.5145604395604396,0.864423076923077
pca,pca_evr0p95,39,20,0.4773351648351648,0.4076923076923077,0.23447802197802198,0.7021978021978021
pca,pca_evr0p95,40,20,0.5464835164835165,0.6865384615384615,0.2273351648351648,0.7984890109890109
pca,pca_evr0p95,41,20,0.6166208791208792,0.7118131868131867,0.4331043956043955,0.8712912087912088
pca,pca_evr0p95,42,20,0.5393681318681318,0.5931318681318681,0.20549450549450549,0.8167582417582417
pca,pca_evr0p95,43,20,0.5342032967032967,0.6269230769230769,0.21607142857142853,0.7524725274725275
pca,pca_evr0p95,44,20,0.5456043956043957,0.5392857142857143,0.27513736263736266,0.796978021978022
pca,pca_evr0p95,45,20,0.660521978021978,0.7214285714285714,0.5065934065934066,0.8854395604395604
pca,pca_evr0p95,46,20,0.4596703296703296,0.4461538461538461,0.15728021978021975,0.7505494505494505
pca,pca_evr0p95,47,20,0.5601923076923077,0.7131868131868131,0.18901098901098895,0.8642857142857143
pca,pca_evr0p95,48,20,0.5699175824175824,0.5722527472527472,0.39670329670329674,0.6921703296703297
pca,pca_evr0p95,49,20,0.5435714285714286,0.5585164835164835,0.2942307692307692,0.8634615384615385
pca,pca_evr0p95,50,20,0.6710439560439561,0.6989010989010989,0.41991758241758237,0.9324175824175823
pca,pca_evr0p95,51,20,0.632554945054945,0.6870879120879121,0.5054945054945055,0.859065934065934
pca,pca_evr0p95,52,20,0.6246153846153846,0.7274725274725274,0.32156593406593403,0.885989010989011
pca,pca_evr0p95,53,20,0.4737912087912088,0.5085164835164835,0.23557692307692302,0.667032967032967
pca,pca_evr0p95,54,20,0.5846978021978022,0.5752747252747252,0.37706043956043955,0.8221153846153846
pca,pca_evr0p95,55,20,0.5425549450549451,0.4956043956043956,0.34615384615384615,0.8236263736263736
pca,pca_evr0p95,56,20,0.5712087912087912,0.6502747252747253,0.314010989010989,0.8012362637362638
pca,pca_evr0p95,57,20,0.5326373626373626,0.5464285714285714,0.3162087912087912,0.7688186813186814
pca,pca_evr0p95,58,20,0.5533791208791209,0.5505494505494506,0.351510989010989,0.8502747252747254
pca,pca_evr0p95,59,20,0.5555494505494505,0.621978021978022,0.3767857142857142,0.7811813186813187
pca,pca_evr0p95,60,20,0.4943956043956044,0.5164835164835164,0.2928571428571428,0.7523351648351648
pca,pca_evr0p95,61,20,0.5056318681318681,0.5186813186813186,0.2549450549450549,0.7864010989010989
pca,pca_evr0p95,62,20,0.4292582417582418,0.43076923076923074,0.23571428571428565,0.6445054945054944
pca,pca_evr0p95,63,20,0.5501648351648352,0.567032967032967,0.3054945054945055,0.8541208791208791
pca,pca_evr0p95,64,20,0.6282692307692308,0.6348901098901099,0.5383241758241758,0.7563186813186813
pca,pca_evr0p95,65,20,0.6376648351648352,0.7324175824175825,0.465521978021978,0.7843406593406593
pca,pca_evr0p95,66,20,0.4554945054945055,0.4695054945054945,0.25123626373626373,0.6471153846153845
pca,pca_evr0p95,67,20,0.5893681318681319,0.6826923076923077,0.2792582417582417,0.8663461538461539
pca,pca_evr0p95,68,20,0.5503571428571428,0.7156593406593407,0.37348901098901094,0.7759615384615385
pca,pca_evr0p95,69,20,0.5091208791208791,0.45027472527472523,0.23708791208791208,0.8585164835164835
pca,pca_evr0p95,70,20,0.5786538461538461,0.7057692307692307,0.2048076923076923,0.8173076923076923
pca,pca_evr0p95,71,20,0.4801923076923077,0.37087912087912084,0.1836538461538461,0.7414835164835165
pca,pca_evr0p95,72,20,0.5426923076923077,0.5436813186813187,0.3476648351648351,0.7081043956043956
pca,pca_evr0p95,73,20,0.5059065934065934,0.40686813186813187,0.2774725274725275,0.8684065934065934
pca,pca_evr0p95,74,20,0.5629670329670329,0.5824175824175825,0.3625,0.7734890109890109
pca,pca_evr0p95,75,20,0.6078571428571429,0.6673076923076923,0.39450549450549444,0.879532967032967
pca,pca_evr0p95,76,20,0.4787637362637362,0.39615384615384613,0.2633241758241758,0.6288461538461538
pca,pca_evr0p95,77,20,0.5058791208791209,0.5384615384615385,0.24670329670329666,0.7703296703296703
pca,pca_evr0p95,78,20,0.5086813186813186,0.5774725274725274,0.27568681318681315,0.6770604395604396
pca,pca_evr0p95,79,20,0.5706868131868131,0.6519230769230769,0.38695054945054946,0.7707417582417583
pca,pca_evr0p95,80,20,0.5015384615384615,0.5074175824175824,0.24958791208791203,0.7706043956043956
pca,pca_evr0p95,81,20,0.5409065934065934,0.6065934065934067,0.24450549450549447,0.8105769230769231
pca,pca_evr0p95,82,20,0.5191758241758242,0.5563186813186813,0.3064560439560439,0.7630494505494505
pca,pca_evr0p95,83,20,0.5072527472527473,0.5307692307692308,0.2906593406593406,0.7016483516483516
pca,pca_evr0p95,84,20,0.5176923076923077,0.6052197802197802,0.1668956043956043,0.7907967032967034
pca,pca_evr0p95,85,20,0.45239010989010986,0.45796703296703295,0.23021978021978018,0.6520604395604396
pca,pca_evr0p95,86,20,0.5150824175824176,0.4401098901098901,0.2699175824175824,0.7321428571428571
pca,pca_evr0p95,87,20,0.2924450549450549,0.13791208791208792,0.0979395604395604,0.514010989010989
pca,pca_evr0p95,88,20,0.5513461538461538,0.5065934065934066,0.3399725274725275,0.8335164835164834
pca,pca_evr0p95,89,20,0.41986263736263735,0.3832417582417582,0.2623626373626373,0.5446428571428571
pca,pca_evr0p95,90,20,0.45513736263736265,0.44285714285714284,0.19972527472527468,0.6673076923076923
pca,pca_evr0p95,91,20,0.5296153846153846,0.523076923076923,0.23859890109890108,0.7723901098901099
pca,pca_evr0p95,92,20,0.541565934065934,0.5516483516483517,0.3162087912087912,0.7788461538461539
pca,pca_evr0p95,93,20,0.5156868131868132,0.5145604395604395,0.2630494505494505,0.7498626373626374
pca,pca_evr0p95,94,20,0.4194505494505495,0.38516483516483513,0.2311813186813186,0.5605769230769231
pca,pca_evr0p95,95,20,0.5287362637362637,0.6112637362637363,0.3111263736263736,0.7660714285714285
pca,pca_evr0p95,96,20,0.4893406593406593,0.564010989010989,0.22802197802197796,0.6605769230769231
pca,pca_evr0p95,97,20,0.5156318681318681,0.5370879120879121,0.21868131868131863,0.7428571428571429
pca,pca_evr0p95,98,20,0.5908791208791209,0.6282967032967033,0.4237637362637362,0.8262362637362637
pca,pca_evr0p95,99,20,0.555989010989011,0.5703296703296703,0.2652472527472527,0.7619505494505495
pca,pca_evr0p95,100,20,0.6737637362637362,0.7351648351648352,0.5292582417582418,0.8732142857142857
pca,pca_evr0p95,101,20,0.5732967032967033,0.5035714285714286,0.428021978021978,0.845467032967033
pca,pca_evr0p95,102,20,0.5179395604395605,0.5214285714285715,0.2508241758241758,0.7487637362637363
pca,pca_evr0p95,103,20,0.4991483516483516,0.48296703296703297,0.20096153846153844,0.7699175824175823
pca,pca_evr0p95,104,20,0.5811538461538461,0.628021978021978,0.3791208791208791,0.7696428571428571
pca,pca_evr0p95,105,20,0.6373076923076924,0.6703296703296704,0.478021978021978,0.8769230769230769
pca,pca_evr0p95,106,20,0.6165659340659341,0.6538461538461539,0.5429945054945055,0.7910714285714285
pca,pca_evr0p95,107,20,0.46791208791208794,0.5505494505494506,0.1857142857142857,0.6362637362637362
pca,pca_evr0p95,108,20,0.42799450549450546,0.43626373626373627,0.14999999999999994,0.6973901098901099
pca,pca_evr0p95,109,20,0.4788461538461538,0.38379120879120876,0.15549450549450544,0.8060439560439561
pca,pca_evr0p95,110,20,0.48269230769230764,0.528021978021978,0.2983516483516483,0.6875
pca,pca_evr0p95,111,20,0.4702472527472527,0.5005494505494505,0.3589285714285714,0.5782967032967032
pca,pca_evr0p95,112,20,0.42104395604395606,0.3392857142857143,0.18887362637362634,0.5657967032967033
pca,pca_evr0p95,113,20,0.5079670329670329,0.43791208791208786,0.21401098901098897,0.8168956043956044
pca,pca_evr0p95,114,20,0.434478021978022,0.38296703296703294,0.1622252747252747,0.7184065934065934
pca,pca_evr0p95,115,20,0.564065934065934,0.6101648351648352,0.3909340659340659,0.7679945054945054
pca,pca_evr0p95,116,20,0.5753846153846154,0.6173076923076923,0.3914835164835165,0.8615384615384616
pca,pca_evr0p95,117,20,0.5129670329670329,0.4343406593406593,0.24532967032967032,0.8228021978021978
pca,pca_evr0p95,118,20,0.5712087912087912,0.5796703296703296,0.3072802197802197,0.801923076923077
pca,pca_evr0p95,119,20,0.5123351648351648,0.5417582417582418,0.22115384615384612,0.7820054945054945
pca,pca_evr0p95,120,20,0.5303846153846153,0.5184065934065933,0.34546703296703296,0.6711538461538462
pca,pca_evr0p95,121,20,0.4542307692307692,0.4403846153846154,0.303021978021978,0.6281593406593406
pca,pca_evr0p95,122,20,0.44302197802197807,0.39697802197802196,0.25082417582417577,0.6910714285714286
pca,pca_evr0p95,123,20,0.4564010989010988,0.4008241758241758,0.24931318681318682,0.6417582417582417
pca,pca_evr0p95,124,20,0.6133241758241759,0.6313186813186813,0.44546703296703294,0.8815934065934066
pca,pca_evr0p95,125,20,0.5043681318681319,0.5087912087912088,0.310989010989011,0.7304945054945056
pca,pca_evr0p95,126,20,0.5564010989010989,0.5942307692307692,0.4096153846153846,0.8281593406593407
pca,pca_evr0p95,127,20,0.5553846153846154,0.5706043956043956,0.3633241758241758,0.771978021978022
pca,pca_evr0p95,128,20,0.5310714285714286,0.595054945054945,0.2717032967032967,0.7927197802197802
pca,pca_evr0p95,129,20,0.47914835164835157,0.47197802197802197,0.34010989010989007,0.6210164835164835
pca,pca_evr0p95,130,20,0.5619230769230769,0.6071428571428572,0.5116758241758242,0.7096153846153845
pca,pca_evr0p95,131,20,0.5562087912087912,0.646978021978022,0.24629120879120875,0.7826923076923077
pca,pca_evr0p95,132,20,0.5343681318681319,0.5475274725274726,0.25192307692307686,0.7824175824175824
pca,pca_evr0p95,133,20,0.38999999999999996,0.37499999999999994,0.1872252747252747,0.5586538461538462
pca,pca_evr0p95,134,20,0.44656593406593403,0.46675824175824177,0.19299450549450545,0.6017857142857143
pca,pca_evr0p95,135,19,0.4360902255639097,0.4263736263736263,0.18461538461538463,0.6587912087912088
pca,pca_evr0p95,136,19,0.397165991902834,0.3104395604395604,0.24450549450549447,0.5118131868131868
pca,pca_evr0p95,137,19,0.5427125506072874,0.5692307692307692,0.33021978021978016,0.7250000000000001
pca,pca_evr0p95,138,19,0.5258241758241758,0.5543956043956044,0.275,0.7494505494505495
pca,pca_evr0p95,139,19,0.3800751879699248,0.367032967032967,0.17445054945054939,0.5428571428571429
pca,pca_evr0p95,140,19,0.6946211683053788,0.7214285714285714,0.6293956043956044,0.8675824175824176
pca,pca_evr0p95,141,19,0.40049161364950836,0.4686813186813187,0.06428571428571425,0.5898351648351648
pca,pca_evr0p95,142,19,0.569144013880856,0.6884615384615385,0.26291208791208787,0.8244505494505494
pca,pca_evr0p95,143,19,0.5268074031231925,0.545054945054945,0.23901098901098894,0.8695054945054945
pca,pca_evr0p95,144,19,0.43687102371312897,0.4829670329670329,0.14313186813186804,0.7337912087912088
pca,pca_evr0p95,145,19,0.5184499710815501,0.4873626373626373,0.24697802197802193,0.8164835164835165
pca,pca_evr0p95,146,19,0.4561307113938693,0.4516483516483516,0.17032967032967028,0.7255494505494506
pca,pca_evr0p95,147,19,0.4237420474262579,0.4241758241758241,0.19120879120879114,0.6217032967032967
pca,pca_evr0p95,148,19,0.49600925390399075,0.5615384615384615,0.1846153846153846,0.7637362637362637
pca,pca_evr0p95,149,19,0.4640832851359167,0.4230769230769231,0.1368131868131868,0.7706043956043956
pca,pca_evr0p95,150,19,0.5052342394447658,0.5554945054945055,0.3129120879120879,0.6546703296703297
pca,pca_evr0p95,151,19,0.5674956622325042,0.5714285714285714,0.33406593406593404,0.8068681318681319
pca,pca_evr0p95,152,19,0.5540196645459803,0.6626373626373626,0.2804945054945055,0.7942307692307692
pca,pca_evr0p95,153,19,0.43678426836321566,0.3923076923076923,0.15686813186813187,0.7233516483516483
pca,pca_evr0p95,154,18,0.41068376068376067,0.27252747252747256,0.14134615384615376,0.7223901098901099
pca,pca_evr0p95,155,18,0.454059829059829,0.4162087912087912,0.15041208791208788,0.7576923076923077
pca,pca_evr0p95,156,17,0.5416936005171299,0.4967032967032967,0.371978021978022,0.762087912087912
pca,pca_evr0p95,157,17,0.5341628959276018,0.6016483516483516,0.2148351648351648,0.7785714285714286
pca,pca_evr0p95,158,16,0.7250343406593407,0.7310439560439561,0.6270604395604396,0.9050824175824177
pca,pca_evr0p95,159,16,0.5345810439560439,0.5357142857142857,0.3960164835164835,0.7086538461538461
pca,pca_evr0p95,160,16,0.496668956043956,0.5112637362637362,0.31497252747252746,0.6818681318681319
pca,pca_evr0p95,161,16,0.4488667582417582,0.40247252747252743,0.2085164835164835,0.6620879120879121
pca,pca_evr0p95,162,16,0.6070741758241758,0.6412087912087913,0.48763736263736257,0.7899725274725276
pca,pca_evr0p95,163,15,0.4122344322344322,0.2615384615384615,0.1123626373626373,0.7673076923076924
pca,pca_evr0p95,164,15,0.6697069597069597,0.7670329670329671,0.49615384615384617,0.8337912087912087
pca,pca_evr0p95,165,15,0.5373626373626373,0.5879120879120879,0.267032967032967,0.8252747252747252
pca,pca_evr0p95,166,14,0.4220172684458398,0.39175824175824175,0.18090659340659337,0.6721153846153847
pca,pca_evr0p95,167,14,0.4091836734693877,0.2837912087912088,0.1248626373626373,0.6993131868131868
pca,pca_evr0p95,168,14,0.5279827315541602,0.5478021978021979,0.29999999999999993,0.7929945054945056
pca,pca_evr0p95,169,14,0.5468602825745682,0.5057692307692307,0.28406593406593406,0.856456043956044
pca,pca_evr0p95,170,14,0.6666012558869702,0.7458791208791209,0.4059065934065934,0.893956043956044
pca,pca_evr0p95,171,14,0.6088697017268446,0.7021978021978021,0.42623626373626367,0.8353021978021978
pca,pca_evr0p95,172,14,0.4555337519623234,0.4233516483516483,0.2752747252747252,0.7193681318681319
pca,pca_evr0p95,173,14,0.60074568288854,0.6123626373626374,0.3791208791208791,0.7355769230769231
pca,pca_evr0p95,174,14,0.4866562009419152,0.5351648351648352,0.1387362637362637,0.7427197802197802
pca,pca_evr0p95,175,14,0.41354003139717427,0.392032967032967,0.22747252747252739,0.5076923076923077
pca,pca_evr0p95,176,14,0.41036106750392465,0.34725274725274724,0.14409340659340658,0.6383241758241758
pca,pca_evr0p95,177,14,0.5182496075353218,0.5384615384615384,0.3940934065934065,0.8053571428571429
pca,pca_evr0p95,178,14,0.49152276295133435,0.4137362637362637,0.2754120879120879,0.7817307692307692
pca,pca_evr0p95,179,14,0.33214285714285713,0.2197802197802197,0.0586538461538461,0.593543956043956
pca,pca_evr0p95,180,14,0.5433281004709576,0.6467032967032967,0.3232142857142857,0.8388736263736263
pca,pca_evr0p95,181,14,0.596546310832025,0.6277472527472527,0.4814560439560439,0.8276098901098902
pca,pca_evr0p95,182,14,0.5372448979591836,0.6247252747252747,0.3230769230769231,0.7070054945054944
pca,pca_evr0p95,183,14,0.5454866562009419,0.5354395604395604,0.26826923076923076,0.8542582417582417
pca,pca_evr0p95,184,14,0.457927786499215,0.4087912087912088,0.25467032967032965,0.5608516483516484
pca,pca_evr0p95,185,14,0.4879513343799058,0.4483516483516483,0.24739010989010987,0.6734890109890109
pca,pca_evr0p95,186,14,0.4378335949764521,0.39835164835164827,0.26565934065934066,0.6309065934065934
pca,pca_evr0p95,187,14,0.40565149136577705,0.4104395604395604,0.11662087912087908,0.6366758241758241
pca,pca_evr0p95,188,13,0.6069737954353338,0.710989010989011,0.3285714285714285,0.8642857142857143
pca,pca_evr0p95,189,13,0.5261622992392223,0.667032967032967,0.2620879120879121,0.7307692307692307
pca,pca_evr0p95,190,13,0.6321217244294167,0.7510989010989011,0.4714285714285714,0.817032967032967
pca,pca_evr0p95,191,13,0.5468723584108199,0.5576923076923077,0.3725274725274725,0.8060439560439561
pca,pca_evr0p95,192,12,0.536492673992674,0.5395604395604396,0.38914835164835165,0.6535714285714286
pca,pca_evr0p95,193,12,0.6522893772893773,0.851923076923077,0.3843406593406593,0.939010989010989
pca,pca_evr0p95,194,12,0.6484432234432235,0.7673076923076922,0.459478021978022,0.8357142857142857
pca,pca_evr0p95,195,11,0.5851148851148851,0.6038461538461538,0.4005494505494505,0.8082417582417583
pca,pca_evr0p95,196,11,0.6058441558441557,0.5758241758241758,0.38159340659340657,0.8074175824175824
pca,pca_evr0p95,197,11,0.4704295704295704,0.3895604395604395,0.2508241758241758,0.701098901098901
pca,pca_evr0p95,198,11,0.41083916083916083,0.3714285714285714,0.2623626373626373,0.5659340659340659
pca,pca_evr0p95,199,11,0.5179820179820179,0.4675824175824176,0.28406593406593406,0.7623626373626373
pca,pca_evr0p95,200,11,0.6208791208791209,0.6752747252747253,0.36840659340659343,0.8620879120879121
pca,pca_evr0p95,201,11,0.384015984015984,0.3384615384615385,0.22857142857142854,0.47197802197802197
pca,pca_evr0p95,202,11,0.7573926073926074,0.7967032967032966,0.6802197802197802,0.8637362637362638
pca,pca_evr0p95,203,11,0.4297702297702298,0.2796703296703297,0.10879120879120874,0.7815934065934067
pca,pca_evr0p95,204,11,0.43836163836163833,0.3027472527472527,0.1266483516483516,0.8326923076923076
pca,pca_evr0p95,205,11,0.46118881118881117,0.3587912087912088,0.178021978021978,0.7291208791208791
pca,pca_evr0p95,206,11,0.48811188811188805,0.4241758241758241,0.34285714285714286,0.6156593406593407
pca,pca_evr0p95,207,11,0.3023476523476523,0.2741758241758242,0.12362637362637355,0.47197802197802197
pca,pca_evr0p95,208,11,0.6216783216783216,0.6412087912087913,0.3972527472527472,0.8434065934065934
pca,pca_evr0p95,209,10,0.5817032967032967,0.6156593406593407,0.3843406593406593,0.8451923076923077
pca,pca_evr0p95,210,10,0.5372527472527473,0.4508241758241758,0.3148351648351648,0.7836538461538461
pca,pca_evr0p95,211,10,0.47527472527472525,0.4486263736263736,0.246565934065934,0.6804945054945055
pca,pca_evr0p95,212,10,0.5952747252747252,0.6725274725274725,0.3760989010989011,0.8901098901098901
pca,pca_evr0p95,213,10,0.5176923076923077,0.481043956043956,0.38804945054945056,0.7336538461538462
pca,pca_evr0p95,214,10,0.3843406593406593,0.3771978021978022,0.23173076923076924,0.4980769230769231
pca,pca_evr0p95,215,10,0.5180769230769231,0.546978021978022,0.33887362637362634,0.7026098901098901
pca,pca_evr0p95,216,9,0.5940781440781441,0.5065934065934066,0.4263736263736263,0.8153846153846154
pca,pca_evr0p95,217,8,0.4407967032967033,0.335989010989011,0.15975274725274724,0.709478021978022
pca,pca_evr0p95,218,8,0.48585164835164835,0.517032967032967,0.2649725274725275,0.6490384615384616
pca,pca_evr0p95,219,8,0.605837912087912,0.6552197802197802,0.35975274725274725,0.8446428571428571
pca,pca_evr0p95,220,8,0.5543956043956044,0.6640109890109891,0.27815934065934067,0.845467032967033
pca,pca_evr0p95,221,8,0.4724587912087912,0.5747252747252747,0.12692307692307692,0.7034340659340659
pca,pca_evr0p95,222,7,0.3062009419152276,0.3868131868131868,0.13489010989010985,0.4318681318681319
pca,pca_evr0p95,223,7,0.5945054945054945,0.5543956043956044,0.4629120879120879,0.7791208791208791
pca,pca_evr0p95,224,7,0.30902668759811613,0.3384615384615385,0.1585164835164835,0.4442307692307692
pca,pca_evr0p95,225,7,0.5410518053375196,0.6456043956043956,0.28928571428571426,0.7818681318681319
pca,pca_evr0p95,226,7,0.5166405023547881,0.4835164835164835,0.19725274725274722,0.8818681318681318
pca,pca_evr0p95,227,7,0.5498430141287284,0.4774725274725275,0.4293956043956044,0.6928571428571428
pca,pca_evr0p95,228,7,0.5820251177394035,0.6906593406593406,0.3263736263736264,0.798901098901099
pca,pca_evr0p95,229,7,0.5816326530612245,0.5840659340659341,0.5557692307692308,0.695054945054945
pca,pca_evr0p95,230,7,0.5045525902668759,0.4967032967032967,0.367032967032967,0.6475274725274724
pca,pca_evr0p95,231,6,0.29047619047619044,0.15631868131868132,0.09766483516483515,0.35590659340659336
pca,pca_evr0p95,232,6,0.7486263736263736,0.8563186813186813,0.8248626373626373,0.8984890109890109
pca,pca_evr0p95,233,6,0.5891025641025641,0.5428571428571428,0.3343406593406593,0.8597527472527473
pca,pca_evr0p95,234,5,0.5565934065934066,0.5142857142857142,0.3807692307692307,0.6807692307692308
pca,pca_evr0p95,235,5,0.5278021978021978,0.5956043956043956,0.4774725274725275,0.6571428571428571
pca,pca_evr0p95,236,5,0.414065934065934,0.2445054945054945,0.1741758241758241,0.6780219780219781
pca,pca_evr0p95,237,5,0.8362637362637363,0.8741758241758242,0.7604395604395604,0.9054945054945056
pca,pca_evr0p95,238,5,0.2527472527472527,0.2016483516483516,0.1945054945054945,0.339010989010989
pca,pca_evr0p95,239,5,0.5731868131868132,0.6131868131868132,0.539010989010989,0.8192307692307692
pca,pca_evr0p95,240,3,0.37783882783882783,0.4428571428571428,0.3225274725274725,0.46565934065934056
pca,pca_evr0p95,241,3,0.6199633699633699,0.7510989010989011,0.48626373626373626,0.8192307692307692
pca,pca_evr0p95,242,3,0.7003663003663004,0.6373626373626373,0.5763736263736263,0.7928571428571429
pca,pca_evr0p95,243,3,0.37857142857142856,0.4159340659340659,0.3236263736263736,0.45219780219780215
pca,pca_evr0p95,244,3,0.4091575091575092,0.3428571428571428,0.32280219780219777,0.4623626373626374
pca,pca_evr0p95,245,3,0.6065934065934065,0.7137362637362638,0.5384615384615384,0.7282967032967034
pca,pca_evr0p95,246,3,0.4752747252747253,0.339010989010989,0.2634615384615384,0.618956043956044
pca,pca_evr0p95,247,3,0.34981684981684985,0.3747252747252747,0.23516483516483516,0.47692307692307695
pca,pca_evr0p95,248,3,0.5833333333333334,0.5917582417582418,0.4717032967032967,0.6991758241758241
pca,pca_evr0p95,249,3,0.6141025641025641,0.8137362637362637,0.46840659340659335,0.8596153846153847
pca,pca_evr0p95,250,3,0.6126373626373626,0.7296703296703296,0.49120879120879113,0.7925824175824175
pca,pca_evr0p95,251,3,0.5868131868131868,0.7598901098901099,0.3865384615384615,0.8736263736263736
pca,pca_evr0p95,252,3,0.6893772893772893,0.6906593406593406,0.6299450549450549,0.7494505494505495
pca,pca_evr0p95,253,3,0.49926739926739927,0.510989010989011,0.2961538461538461,0.7082417582417583
pca,pca_evr0p95,254,3,0.671062271062271,0.8598901098901099,0.5247252747252747,0.9118131868131869
pca,pca_evr0p95,255,3,0.7613553113553113,0.817032967032967,0.6642857142857143,0.8862637362637363
pca,pca_evr0p95,256,2,0.5442307692307692,0.5442307692307692,0.3438186813186813,0.7446428571428572
pca,pca_evr0p95,257,1,0.6170329670329671,0.6170329670329671,0.6170329670329671,0.6170329670329671
pca,pca_evr0p95,258,1,0.6681318681318681,0.6681318681318681,0.6681318681318681,0.6681318681318681
pca,pca_evr0p95,259,1,0.3857142857142857,0.3857142857142857,0.3857142857142857,0.3857142857142857
pca,pca_evr0p95,260,1,0.4873626373626373,0.4873626373626373,0.4873626373626373,0.4873626373626373
pca,pca_evr0p95,261,1,0.6329670329670329,0.6329670329670329,0.6329670329670329,0.6329670329670329
pca,pca_evr0p95,262,1,0.8032967032967033,0.8032967032967033,0.8032967032967033,0.8032967032967033
pca,pca_evr0p95,263,1,0.3225274725274725,0.3225274725274725,0.3225274725274725,0.3225274725274725
pca,pca_evr0p95,264,1,0.2291208791208791,0.2291208791208791,0.2291208791208791,0.2291208791208791
pca,pca_evr0p95,265,1,0.3368131868131868,0.3368131868131868,0.3368131868131868,0.3368131868131868
pca,pca_evr0p95,266,1,0.4593406593406593,0.4593406593406593,0.4593406593406593,0.4593406593406593
pca,pca_evr0p95,267,1,0.6983516483516483,0.6983516483516483,0.6983516483516483,0.6983516483516483
pca,pca_evr0p95,268,1,0.134065934065934,0.134065934065934,0.134065934065934,0.134065934065934
