engine_id,cycle,RUL_uncapped,RUL_target_capped,RUL_prediction,absolute_residual,interval_lower,interval_upper,covered
19,1,157.0,100.0,100.0,0.0,81.58660678295693,100.0,1
19,2,156.0,100.0,95.16315789413682,4.836842105863184,76.74976467709375,100.0,1
19,3,155.0,100.0,96.62702336787711,3.372976632122885,78.21363015083405,100.0,1
19,4,154.0,100.0,96.22742354655954,3.7725764534404647,77.81403032951647,100.0,1
19,5,153.0,100.0,95.0696710865335,4.9303289134664965,76.65627786949044,100.0,1
19,6,152.0,100.0,92.26397611116738,7.736023888832619,73.85058289412432,100.0,1
19,7,151.0,100.0,91.31903606859274,8.680963931407263,72.90564285154967,100.0,1
19,8,150.0,100.0,90.12456526113147,9.875434738868535,71.7111720440884,100.0,1
19,9,149.0,100.0,87.58296423471538,12.417035765284623,69.16957101767231,100.0,1
19,10,148.0,100.0,91.52422685548406,8.47577314451594,73.110833638441,100.0,1
19,11,147.0,100.0,92.52083419325459,7.479165806745414,74.10744097621152,100.0,1
19,12,146.0,100.0,89.09029661503752,10.909703384962484,70.67690339799445,100.0,1
19,13,145.0,100.0,87.49951841682774,12.50048158317226,69.08612519978468,100.0,1
19,14,144.0,100.0,87.52736261227697,12.472637387723026,69.11396939523391,100.0,1
19,15,143.0,100.0,91.24044772613894,8.759552273861061,72.82705450909587,100.0,1
19,16,142.0,100.0,93.02398111669471,6.9760188833052865,74.61058789965165,100.0,1
19,17,141.0,100.0,97.09548915874515,2.9045108412548473,78.68209594170209,100.0,1
19,18,140.0,100.0,97.5247677373959,2.475232262604095,79.11137452035284,100.0,1
19,19,139.0,100.0,93.70319764102324,6.2968023589767625,75.28980442398017,100.0,1
19,20,138.0,100.0,95.07396484533679,4.926035154663211,76.66057162829372,100.0,1
19,21,137.0,100.0,95.671741504172,4.3282584958279955,77.25834828712894,100.0,1
19,22,136.0,100.0,98.34078597997208,1.6592140200279175,79.92739276292902,100.0,1
19,23,135.0,100.0,97.45377152878416,2.5462284712158407,79.0403783117411,100.0,1
19,24,134.0,100.0,96.96991435022761,3.0300856497723885,78.55652113318455,100.0,1
19,25,133.0,100.0,98.34898052656644,1.6510194734335641,79.93558730952337,100.0,1
19,26,132.0,100.0,99.33409498791156,0.6659050120884444,80.92070177086849,100.0,1
19,27,131.0,100.0,97.73835776248657,2.2616422375134277,79.3249645454435,100.0,1
19,28,130.0,100.0,95.35783103152352,4.642168968476483,76.94443781448045,100.0,1
19,29,129.0,100.0,95.34939665934671,4.650603340653291,76.93600344230364,100.0,1
19,30,128.0,100.0,92.49350200921909,7.506497990780915,74.08010879217602,100.0,1
19,31,127.0,100.0,93.65816724056765,6.34183275943235,75.24477402352458,100.0,1
19,32,126.0,100.0,92.87729143943233,7.122708560567673,74.46389822238926,100.0,1
19,33,125.0,100.0,96.37817527098336,3.6218247290166374,77.9647820539403,100.0,1
19,34,124.0,100.0,93.4762063810647,6.523793618935301,75.06281316402163,100.0,1
19,35,123.0,100.0,92.510224956124,7.489775043875994,74.09683173908094,100.0,1
19,36,122.0,100.0,93.45071435119318,6.549285648806816,75.03732113415012,100.0,1
19,37,121.0,100.0,93.77490700510884,6.225092994891156,75.36151378806578,100.0,1
19,38,120.0,100.0,93.1118543416803,6.888145658319701,74.69846112463723,100.0,1
19,39,119.0,100.0,91.99598227691907,8.004017723080935,73.582589059876,100.0,1
19,40,118.0,100.0,98.3344219234678,1.6655780765321992,79.92102870642474,100.0,1
19,41,117.0,100.0,97.66487461645094,2.3351253835490553,79.25148139940788,100.0,1
19,42,116.0,100.0,97.82372623596568,2.1762737640343204,79.41033301892261,100.0,1
19,43,115.0,100.0,97.14676312099445,2.85323687900555,78.73336990395138,100.0,1
19,44,114.0,100.0,98.25617578698494,1.7438242130150599,79.84278256994187,100.0,1
19,45,113.0,100.0,98.30380902584123,1.6961909741587675,79.89041580879817,100.0,1
19,46,112.0,100.0,97.10648126299762,2.893518737002381,78.69308804595455,100.0,1
19,47,111.0,100.0,99.4804959420853,0.5195040579147019,81.06710272504223,100.0,1
19,48,110.0,100.0,93.95040925585919,6.049590744140815,75.53701603881612,100.0,1
19,49,109.0,100.0,90.73712946558273,9.262870534417274,72.32373624853966,100.0,1
19,50,108.0,100.0,92.65198204754942,7.348017952450576,74.23858883050636,100.0,1
19,51,107.0,100.0,92.90659547122617,7.093404528773831,74.4932022541831,100.0,1
19,52,106.0,100.0,95.22131138535214,4.778688614647862,76.80791816830907,100.0,1
19,53,105.0,100.0,94.65510058290727,5.3448994170927335,76.2417073658642,100.0,1
19,54,104.0,100.0,92.01951186181061,7.980488138189386,73.60611864476755,100.0,1
19,55,103.0,100.0,92.23821864737158,7.761781352628418,73.82482543032852,100.0,1
19,56,102.0,100.0,90.98572923622518,9.014270763774817,72.57233601918212,100.0,1
19,57,101.0,100.0,94.91630419541248,5.083695804587521,76.50291097836941,100.0,1
19,58,100.0,100.0,94.45611729416571,5.543882705834292,76.04272407712264,100.0,1
19,59,99.0,99.0,93.76080824533983,5.239191754660169,75.34741502829677,100.0,1
19,60,98.0,98.0,93.23309026858071,4.76690973141929,74.81969705153764,100.0,1
19,61,97.0,97.0,88.53580213646902,8.464197863530984,70.12240891942595,100.0,1
19,62,96.0,96.0,89.89806163050447,6.101938369495528,71.4846684134614,100.0,1
19,63,95.0,95.0,79.00886233613494,15.99113766386506,60.595469119091874,97.422255553178,1
19,64,94.0,94.0,85.27805525896252,8.721944741037476,66.86466204191946,100.0,1
19,65,93.0,93.0,88.59930507968106,4.400694920318941,70.185911862638,100.0,1
19,66,92.0,92.0,91.36022082790602,0.6397791720939807,72.94682761086295,100.0,1
19,67,91.0,91.0,82.42173125511022,8.578268744889783,64.00833803806715,100.0,1
19,68,90.0,90.0,80.8978121638678,9.102187836132202,62.48441894682473,99.31120538091086,1
19,69,89.0,89.0,82.28845643835129,6.7115435616487105,63.875063221308224,100.0,1
19,70,88.0,88.0,88.90122881046271,0.9012288104627117,70.48783559341965,100.0,1
19,71,87.0,87.0,85.99055281803972,1.009447181960283,67.57715960099665,100.0,1
19,72,86.0,86.0,86.4982085235757,0.49820852357569834,68.08481530653263,100.0,1
19,73,85.0,85.0,92.39122216234531,7.391222162345315,73.97782894530225,100.0,1
19,74,84.0,84.0,87.51683669847726,3.516836698477263,69.1034434814342,100.0,1
19,75,83.0,83.0,90.0201984555157,7.020198455515697,71.60680523847263,100.0,1
19,76,82.0,82.0,88.93174798660745,6.931747986607448,70.51835476956438,100.0,1
19,77,81.0,81.0,85.9932250703425,4.993225070342504,67.57983185329944,100.0,1
19,78,80.0,80.0,87.18748882927815,7.187488829278152,68.77409561223509,100.0,1
19,79,79.0,79.0,83.94503793627416,4.945037936274161,65.5316447192311,100.0,1
19,80,78.0,78.0,85.81060043131885,7.810600431318846,67.39720721427578,100.0,1
19,81,77.0,77.0,82.87744170674085,5.8774417067408535,64.46404848969779,100.0,1
19,82,76.0,76.0,77.46947977220273,1.4694797722027317,59.056086555159666,95.8828729892458,1
19,83,75.0,75.0,73.35704926671782,1.6429507332821771,54.94365604967476,91.77044248376089,1
19,84,74.0,74.0,77.71479533840832,3.7147953384083223,59.30140212136526,96.12818855545139,1
19,85,73.0,73.0,73.76710328800803,0.7671032880080304,55.353710070964965,92.1804965050511,1
19,86,72.0,72.0,75.20209576696338,3.2020957669633816,56.788702549920316,93.61548898400645,1
19,87,71.0,71.0,67.75168053376697,3.2483194662330277,49.33828731672391,86.16507375081004,1
19,88,70.0,70.0,70.13162727410815,0.13162727410815478,51.71823405706509,88.54502049115122,1
19,89,69.0,69.0,59.931487488369044,9.068512511630956,41.51809427132598,78.34488070541211,1
19,90,68.0,68.0,58.85747571641139,9.142524283588607,40.44408249936833,77.27086893345447,1
19,91,67.0,67.0,55.351553263579646,11.648446736420354,36.93816004653658,73.76494648062271,1
19,92,66.0,66.0,56.61737460324804,9.382625396751962,38.20398138620497,75.0307678202911,1
19,93,65.0,65.0,61.634179790749876,3.365820209250124,43.22078657370681,80.04757300779295,1
19,94,64.0,64.0,52.511191333875466,11.488808666124534,34.0977981168324,70.92458455091852,1
19,95,63.0,63.0,51.77003282333892,11.229967176661077,33.35663960629586,70.18342604038199,1
19,96,62.0,62.0,42.90934150824581,19.09065849175419,24.495948291202744,61.322734725288875,0
19,97,61.0,61.0,43.79935393189424,17.200646068105762,25.385960714851173,62.212747148937304,1
19,98,60.0,60.0,46.7420071566802,13.257992843319798,28.328613939637137,65.15540037372327,1
19,99,59.0,59.0,47.9630174965125,11.0369825034875,29.549624279469434,66.37641071355557,1
19,100,58.0,58.0,47.70026280743406,10.299737192565942,29.286869590390992,66.11365602447712,1
19,101,57.0,57.0,42.84102823022435,14.158971769775647,24.427635013181288,61.25442144726742,1
19,102,56.0,56.0,45.69324189209577,10.30675810790423,27.279848675052705,64.10663510913884,1
19,103,55.0,55.0,49.90387688204539,5.096123117954612,31.490483665002323,68.31727009908846,1
19,104,54.0,54.0,51.67330626864484,2.3266937313551566,33.25991305160178,70.08669948568792,1
19,105,53.0,53.0,48.57446474712997,4.425535252870027,30.161071530086907,66.98785796417303,1
19,106,52.0,52.0,45.34532650110841,6.65467349889159,26.931933284065344,63.758719718151475,1
19,107,51.0,51.0,48.07873386686144,2.921266133138559,29.665340649818376,66.4921270839045,1
19,108,50.0,50.0,52.001247326166,2.001247326166002,33.58785410912294,70.41464054320906,1
19,109,49.0,49.0,46.911514264903595,2.0884857350964054,28.49812104786053,65.32490748194667,1
19,110,48.0,48.0,46.03568225480818,1.9643177451918206,27.622289037765114,64.44907547185124,1
19,111,47.0,47.0,43.250881427572395,3.749118572427605,24.83748821052933,61.66427464461546,1
19,112,46.0,46.0,46.964041193157406,0.9640411931574064,28.55064797611434,65.37743441020046,1
19,113,45.0,45.0,45.804810262088395,0.8048102620883952,27.39141704504533,64.21820347913146,1
19,114,44.0,44.0,43.691338757660375,0.30866124233962466,25.27794554061731,62.10473197470344,1
19,115,43.0,43.0,42.019643547721536,0.980356452278464,23.60625033067847,60.4330367647646,1
19,116,42.0,42.0,46.84386901746868,4.843869017468677,28.43047580042561,65.25726223451174,1
19,117,41.0,41.0,48.9963713358199,7.996371335819902,30.582978118776836,67.40976455286297,1
19,118,40.0,40.0,47.06253966766139,7.06253966766139,28.649146450618325,65.47593288470446,1
19,119,39.0,39.0,39.97853606368356,0.9785360636835634,21.565142846640498,58.39192928072663,1
19,120,38.0,38.0,45.20061893900871,7.200618939008713,26.787225721965648,63.61401215605178,1
19,121,37.0,37.0,45.497650994367476,8.497650994367476,27.08425777732441,63.91104421141054,1
19,122,36.0,36.0,41.667091398235485,5.667091398235485,23.25369818119242,60.08048461527855,1
19,123,35.0,35.0,38.383979621151845,3.3839796211518447,19.97058640410878,56.79737283819491,1
19,124,34.0,34.0,34.31053205980778,0.31053205980777676,15.897138842764711,52.72392527685084,1
19,125,33.0,33.0,31.850565108128976,1.1494348918710244,13.43717189108591,50.26395832517204,1
19,126,32.0,32.0,31.23598815536824,0.7640118446317601,12.822594938325174,49.649381372411305,1
19,127,31.0,31.0,33.001071320025,2.001071320024998,14.587678102981933,51.41446453706806,1
19,128,30.0,30.0,25.772956416785554,4.227043583214446,7.359563199742489,44.18634963382862,1
19,129,29.0,29.0,33.416198387901325,4.416198387901325,15.00280517085826,51.82959160494439,1
19,130,28.0,28.0,28.713235821418955,0.7132358214189551,10.29984260437589,47.12662903846202,1
19,131,27.0,27.0,30.62677685777807,3.6267768577780686,12.213383640735003,49.040170074821134,1
19,132,26.0,26.0,25.453899504120404,0.5461004958795961,7.0405062870773385,43.867292721163466,1
19,133,25.0,25.0,26.551899837503974,1.5518998375039743,8.138506620460909,44.96529305454704,1
19,134,24.0,24.0,28.99268971938883,4.9926897193888315,10.579296502345766,47.4060829364319,1
19,135,23.0,23.0,22.157069346834554,0.8429306531654461,3.7436761297914884,40.57046256387762,1
19,136,22.0,22.0,21.73585790011657,0.2641420998834292,3.3224646830735054,40.149251117159636,1
19,137,21.0,21.0,22.456147195353296,1.4561471953532958,4.04275397831023,40.86954041239636,1
19,138,20.0,20.0,20.456431644401118,0.4564316444011176,2.043038427358052,38.86982486144419,1
19,139,19.0,19.0,19.257810073781354,0.25781007378135357,0.8444168567382881,37.67120329082442,1
19,140,18.0,18.0,14.663544543834192,3.336455456165808,0.0,33.07693776087726,1
19,141,17.0,17.0,13.879384236348558,3.1206157636514416,0.0,32.29277745339162,1
19,142,16.0,16.0,11.730822197781363,4.269177802218637,0.0,30.14421541482443,1
19,143,15.0,15.0,13.168879500731277,1.8311204992687227,0.0,31.582272717774345,1
19,144,14.0,14.0,10.670722256571706,3.3292777434282943,0.0,29.084115473614773,1
19,145,13.0,13.0,11.178451166789918,1.8215488332100822,0.0,29.591844383832985,1
19,146,12.0,12.0,8.361854228168246,3.638145771831754,0.0,26.775247445211313,1
19,147,11.0,11.0,11.52677728429983,0.5267772842998308,0.0,29.940170501342898,1
19,148,10.0,10.0,12.84252579474546,2.8425257947454607,0.0,31.255919011788528,1
19,149,9.0,9.0,9.671263306037483,0.6712633060374831,0.0,28.084656523080547,1
19,150,8.0,8.0,7.7125185032630075,0.2874814967369925,0.0,26.12591172030607,1
19,151,7.0,7.0,5.051186235758904,1.9488137642410956,0.0,23.46457945280197,1
19,152,6.0,6.0,4.330247505511029,1.6697524944889706,0.0,22.743640722554094,1
19,153,5.0,5.0,3.0091498210691237,1.9908501789308763,0.0,21.422543038112188,1
19,154,4.0,4.0,3.4795364585561597,0.5204635414438403,0.0,21.892929675599227,1
19,155,3.0,3.0,2.5025583920735834,0.49744160792641656,0.0,20.91595160911665,1
19,156,2.0,2.0,0.9518811952432117,1.0481188047567884,0.0,19.365274412286276,1
19,157,1.0,1.0,0.5194957558589156,0.4805042441410844,0.0,18.93288897290198,1
19,158,0.0,0.0,0.0,0.0,0.0,18.413393217043065,1
23,1,167.0,100.0,99.26134447860706,0.7386555213929427,80.84795126156399,100.0,1
23,2,166.0,100.0,97.4182290519177,2.581770948082294,79.00483583487464,100.0,1
23,3,165.0,100.0,91.25591996462497,8.744080035375035,72.8425267475819,100.0,1
23,4,164.0,100.0,97.96431776547729,2.03568223452271,79.55092454843422,100.0,1
23,5,163.0,100.0,99.19093167606893,0.8090683239310721,80.77753845902586,100.0,1
23,6,162.0,100.0,99.8798105740779,0.12018942592210635,81.46641735703483,100.0,1
23,7,161.0,100.0,95.37710056518993,4.622899434810066,76.96370734814687,100.0,1
23,8,160.0,100.0,100.0,0.0,81.58660678295693,100.0,1
23,9,159.0,100.0,100.0,0.0,81.58660678295693,100.0,1
23,10,158.0,100.0,99.79135835658388,0.20864164341611513,81.37796513954082,100.0,1
23,11,157.0,100.0,100.0,0.0,81.58660678295693,100.0,1
23,12,156.0,100.0,100.0,0.0,81.58660678295693,100.0,1
23,13,155.0,100.0,100.0,0.0,81.58660678295693,100.0,1
23,14,154.0,100.0,100.0,0.0,81.58660678295693,100.0,1
23,15,153.0,100.0,100.0,0.0,81.58660678295693,100.0,1
23,16,152.0,100.0,100.0,0.0,81.58660678295693,100.0,1
23,17,151.0,100.0,100.0,0.0,81.58660678295693,100.0,1
23,18,150.0,100.0,100.0,0.0,81.58660678295693,100.0,1
23,19,149.0,100.0,100.0,0.0,81.58660678295693,100.0,1
23,20,148.0,100.0,100.0,0.0,81.58660678295693,100.0,1
23,21,147.0,100.0,100.0,0.0,81.58660678295693,100.0,1
23,22,146.0,100.0,99.00098259843838,0.9990174015616162,80.58758938139532,100.0,1
23,23,145.0,100.0,100.0,0.0,81.58660678295693,100.0,1
23,24,144.0,100.0,100.0,0.0,81.58660678295693,100.0,1
23,25,143.0,100.0,100.0,0.0,81.58660678295693,100.0,1
23,26,142.0,100.0,99.82449563346198,0.17550436653802137,81.41110241641891,100.0,1
23,27,141.0,100.0,100.0,0.0,81.58660678295693,100.0,1
23,28,140.0,100.0,100.0,0.0,81.58660678295693,100.0,1
23,29,139.0,100.0,100.0,0.0,81.58660678295693,100.0,1
23,30,138.0,100.0,100.0,0.0,81.58660678295693,100.0,1
23,31,137.0,100.0,100.0,0.0,81.58660678295693,100.0,1
23,32,136.0,100.0,100.0,0.0,81.58660678295693,100.0,1
23,33,135.0,100.0,100.0,0.0,81.58660678295693,100.0,1
23,34,134.0,100.0,100.0,0.0,81.58660678295693,100.0,1
23,35,133.0,100.0,100.0,0.0,81.58660678295693,100.0,1
23,36,132.0,100.0,100.0,0.0,81.58660678295693,100.0,1
23,37,131.0,100.0,100.0,0.0,81.58660678295693,100.0,1
23,38,130.0,100.0,97.93241636451376,2.067583635486244,79.51902314747069,100.0,1
23,39,129.0,100.0,98.79124668808254,1.2087533119174623,80.37785347103947,100.0,1
23,40,128.0,100.0,100.0,0.0,81.58660678295693,100.0,1
23,41,127.0,100.0,100.0,0.0,81.58660678295693,100.0,1
23,42,126.0,100.0,100.0,0.0,81.58660678295693,100.0,1
23,43,125.0,100.0,100.0,0.0,81.58660678295693,100.0,1
23,44,124.0,100.0,99.94370295742014,0.05629704257985679,81.53030974037708,100.0,1
23,45,123.0,100.0,100.0,0.0,81.58660678295693,100.0,1
23,46,122.0,100.0,100.0,0.0,81.58660678295693,100.0,1
23,47,121.0,100.0,98.20549204001009,1.7945079599899145,79.79209882296702,100.0,1
23,48,120.0,100.0,96.55866652158852,3.4413334784114795,78.14527330454546,100.0,1
23,49,119.0,100.0,97.42370001195282,2.5762999880471824,79.01030679490975,100.0,1
23,50,118.0,100.0,98.37709417327653,1.6229058267234677,79.96370095623347,100.0,1
23,51,117.0,100.0,96.61883710567845,3.381162894321548,78.20544388863539,100.0,1
23,52,116.0,100.0,91.36588217658557,8.634117823414428,72.9524889595425,100.0,1
23,53,115.0,100.0,95.42841704546517,4.571582954534833,77.0150238284221,100.0,1
23,54,114.0,100.0,94.85738478104113,5.142615218958866,76.44399156399807,100.0,1
23,55,113.0,100.0,87.93384059129743,12.066159408702575,69.52044737425436,100.0,1
23,56,112.0,100.0,87.95164201768961,12.048357982310392,69.53824880064654,100.0,1
23,57,111.0,100.0,85.3148070978093,14.685192902190707,66.90141388076623,100.0,1
23,58,110.0,100.0,86.74408657082326,13.255913429176744,68.33069335378019,100.0,1
23,59,109.0,100.0,91.59801813624439,8.401981863755609,73.18462491920133,100.0,1
23,60,108.0,100.0,89.94263772671228,10.057362273287723,71.52924450966921,100.0,1
23,61,107.0,100.0,94.84574933571473,5.1542506642852715,76.43235611867166,100.0,1
23,62,106.0,100.0,97.34781633857114,2.6521836614288645,78.93442312152807,100.0,1
23,63,105.0,100.0,97.28782015971196,2.7121798402880444,78.87442694266889,100.0,1
23,64,104.0,100.0,96.61133441375159,3.3886655862484076,78.19794119670853,100.0,1
23,65,103.0,100.0,96.07850191053906,3.9214980894609397,77.665108693496,100.0,1
23,66,102.0,100.0,95.25581474161382,4.744185258386182,76.84242152457075,100.0,1
23,67,101.0,100.0,96.62389768974155,3.376102310258446,78.21050447269849,100.0,1
23,68,100.0,100.0,96.64758935804129,3.3524106419587127,78.23419614099822,100.0,1
23,69,99.0,99.0,89.52111210086596,9.478887899134037,71.1077188838229,100.0,1
23,70,98.0,98.0,84.91832747355234,13.081672526447662,66.50493425650927,100.0,1
23,71,97.0,97.0,85.17374567227027,11.826254327729728,66.7603524552272,100.0,1
23,72,96.0,96.0,85.98801529166731,10.01198470833269,67.57462207462424,100.0,1
23,73,95.0,95.0,82.73917212759551,12.26082787240449,64.32577891055244,100.0,1
23,74,94.0,94.0,81.78723062010761,12.212769379892393,63.37383740306454,100.0,1
23,75,93.0,93.0,83.97953540521176,9.020464594788237,65.5661421881687,100.0,1
23,76,92.0,92.0,89.20790165522271,2.792098344777287,70.79450843817965,100.0,1
23,77,91.0,91.0,86.22712516670359,4.772874833296413,67.81373194966052,100.0,1
23,78,90.0,90.0,88.24034364019514,1.7596563598048647,69.82695042315207,100.0,1
23,79,89.0,89.0,89.53150415869506,0.5315041586950571,71.11811094165199,100.0,1
23,80,88.0,88.0,94.21472603563772,6.2147260356377245,75.80133281859466,100.0,1
23,81,87.0,87.0,96.0129984523698,9.0129984523698,77.59960523532673,100.0,1
23,82,86.0,86.0,94.94725986196374,8.947259861963744,76.53386664492068,100.0,1
23,83,85.0,85.0,96.45614257183146,11.456142571831464,78.0427493547884,100.0,1
23,84,84.0,84.0,94.4480524227614,10.448052422761407,76.03465920571834,100.0,1
23,85,83.0,83.0,88.34185684395872,5.341856843958723,69.92846362691566,100.0,1
23,86,82.0,82.0,83.5369414128418,1.5369414128417986,65.12354819579873,100.0,1
23,87,81.0,81.0,87.82710666397864,6.82710666397864,69.41371344693557,100.0,1
23,88,80.0,80.0,88.19358612694057,8.193586126940573,69.78019290989751,100.0,1
23,89,79.0,79.0,90.40836939838287,11.408369398382874,71.99497618133981,100.0,1
23,90,78.0,78.0,91.8540431825755,13.854043182575495,73.44064996553243,100.0,1
23,91,77.0,77.0,95.93453311737501,18.93453311737501,77.52113990033195,100.0,0
23,92,76.0,76.0,92.81514699328737,16.81514699328737,74.4017537762443,100.0,1
23,93,75.0,75.0,96.81193139989799,21.811931399897986,78.39853818285492,100.0,0
23,94,74.0,74.0,97.71677622589836,23.716776225898357,79.30338300885529,100.0,0
23,95,73.0,73.0,98.72832013325885,25.728320133258848,80.31492691621578,100.0,0
23,96,72.0,72.0,98.3550938494226,26.3550938494226,79.94170063237954,100.0,0
23,97,71.0,71.0,98.63796769861304,27.63796769861304,80.22457448156997,100.0,0
23,98,70.0,70.0,98.23376918942184,28.233769189421835,79.82037597237877,100.0,0
23,99,69.0,69.0,97.95022428304178,28.950224283041777,79.53683106599871,100.0,0
23,100,68.0,68.0,99.69748292536623,31.69748292536623,81.28408970832317,100.0,0
23,101,67.0,67.0,97.333311158654,30.333311158654,78.91991794161093,100.0,0
23,102,66.0,66.0,93.30966572305717,27.309665723057165,74.8962725060141,100.0,0
23,103,65.0,65.0,91.1101138314434,26.1101138314434,72.69672061440033,100.0,0
23,104,64.0,64.0,86.05989306766723,22.059893067667232,67.64649985062417,100.0,0
23,105,63.0,63.0,89.86717739269845,26.86717739269845,71.45378417565539,100.0,0
23,106,62.0,62.0,86.30573071197922,24.305730711979223,67.89233749493616,100.0,0
23,107,61.0,61.0,84.74522808183166,23.745228081831655,66.33183486478859,100.0,0
23,108,60.0,60.0,79.65049422351908,19.650494223519075,61.23710100647601,98.06388744056214,0
23,109,59.0,59.0,88.91609147992732,29.916091479927317,70.50269826288425,100.0,0
23,110,58.0,58.0,85.10292585856091,27.10292585856091,66.68953264151784,100.0,0
23,111,57.0,57.0,83.23631378024669,26.23631378024669,64.82292056320362,100.0,0
23,112,56.0,56.0,86.70121161689529,30.701211616895293,68.28781839985223,100.0,0
23,113,55.0,55.0,87.67794633924983,32.67794633924983,69.26455312220676,100.0,0
23,114,54.0,54.0,72.62232547274773,18.622325472747733,54.20893225570467,91.0357186897908,0
23,115,53.0,53.0,66.24292364449606,13.24292364449606,47.829530427452994,84.65631686153912,1
23,116,52.0,52.0,64.66320231716406,12.663202317164064,46.249809100121,83.07659553420713,1
23,117,51.0,51.0,69.73088892200296,18.73088892200296,51.317495704959896,88.14428213904603,0
23,118,50.0,50.0,60.948015583514454,10.948015583514454,42.53462236647139,79.36140880055751,1
23,119,49.0,49.0,64.53809733262858,15.538097332628581,46.124704115585516,82.95149054967165,1
23,120,48.0,48.0,56.43263067057503,8.43263067057503,38.019237453531964,74.84602388761809,1
23,121,47.0,47.0,58.74522028972434,11.745220289724337,40.33182707268127,77.15861350676741,1
23,122,46.0,46.0,44.879929438509016,1.1200705614909836,26.46653622146595,63.29332265555208,1
23,123,45.0,45.0,49.931609599778085,4.931609599778085,31.51821638273502,68.34500281682115,1
23,124,44.0,44.0,46.935821201317154,2.935821201317154,28.52242798427409,65.34921441836022,1
23,125,43.0,43.0,55.03849203496908,12.038492034969082,36.625098817926016,73.45188525201215,1
23,126,42.0,42.0,47.72265365127286,5.722653651272857,29.30926043422979,66.13604686831593,1
23,127,41.0,41.0,58.50756079422358,17.50756079422358,40.094167577180514,76.92095401126664,1
23,128,40.0,40.0,49.297351400937906,9.297351400937906,30.88395818389484,67.71074461798096,1
23,129,39.0,39.0,44.84860143793245,5.848601437932452,26.435208220889386,63.26199465497552,1
23,130,38.0,38.0,39.132639261633614,1.1326392616336136,20.719246044590548,57.54603247867668,1
23,131,37.0,37.0,38.814557989188806,1.8145579891888062,20.40116477214574,57.22795120623187,1
23,132,36.0,36.0,33.3507960207872,2.6492039792127997,14.937402803744135,51.764189237830266,1
23,133,35.0,35.0,29.905473104212284,5.094526895787716,11.492079887169218,48.31886632125535,1
23,134,34.0,34.0,33.49208269195101,0.507917308048988,15.078689474907947,51.90547590899408,1
23,135,33.0,33.0,32.52637185824727,0.4736281417527266,14.112978641204208,50.93976507529034,1
23,136,32.0,32.0,30.95418108523738,1.04581891476262,12.540787868194315,49.367574302280445,1
23,137,31.0,31.0,29.469393616948725,1.5306063830512748,11.05600039990566,47.88278683399179,1
23,138,30.0,30.0,27.371407602455758,2.6285923975442422,8.958014385412692,45.78480081949883,1
23,139,29.0,29.0,29.509435781333057,0.5094357813330568,11.096042564289991,47.92282899837612,1
23,140,28.0,28.0,37.098682340913726,9.098682340913726,18.68528912387066,55.51207555795679,1
23,141,27.0,27.0,35.406490976915336,8.406490976915336,16.99309775987227,53.8198841939584,1
23,142,26.0,26.0,35.52301042509811,9.523010425098107,17.10961720805504,53.93640364214117,1
23,143,25.0,25.0,32.78734908424862,7.787349084248618,14.373955867205552,51.20074230129168,1
23,144,24.0,24.0,34.87599832958303,10.875998329583027,16.46260511253996,53.28939154662609,1
23,145,23.0,23.0,31.374074115195985,8.374074115195985,12.96068089815292,49.787467332239046,1
23,146,22.0,22.0,29.931127721830432,7.931127721830432,11.517734504787366,48.3445209388735,1
23,147,21.0,21.0,29.12199305292432,8.12199305292432,10.708599835881255,47.53538626996739,1
23,148,20.0,20.0,27.96954992176638,7.969549921766379,9.556156704723314,46.382943138809445,1
23,149,19.0,19.0,26.671349586415605,7.671349586415605,8.25795636937254,45.08474280345867,1
23,150,18.0,18.0,21.147579689236338,3.1475796892363377,2.7341864721932723,39.5609729062794,1
23,151,17.0,17.0,19.39997852416145,2.399978524161451,0.9865853071183857,37.81337174120452,1
23,152,16.0,16.0,18.080685782086494,2.080685782086494,0.0,36.494078999129556,1
23,153,15.0,15.0,16.08845191527355,1.0884519152735486,0.0,34.50184513231662,1
23,154,14.0,14.0,16.15857069631197,2.158570696311969,0.0,34.571963913355034,1
23,155,13.0,13.0,17.8220782916763,4.8220782916762985,0.0,36.235471508719364,1
23,156,12.0,12.0,18.823824558585443,6.823824558585443,0.4104313415423775,37.23721777562851,1
23,157,11.0,11.0,14.785777700961374,3.785777700961374,0.0,33.19917091800444,1
23,158,10.0,10.0,13.604411918707696,3.6044119187076955,0.0,32.01780513575076,1
23,159,9.0,9.0,10.867499078541636,1.8674990785416359,0.0,29.2808922955847,1
23,160,8.0,8.0,13.736637218642347,5.736637218642347,0.0,32.15003043568541,1
23,161,7.0,7.0,10.900059947416214,3.9000599474162136,0.0,29.31345316445928,1
23,162,6.0,6.0,6.383323176836979,0.3833231768369787,0.0,24.796716393880043,1
23,163,5.0,5.0,7.76478208312202,2.76478208312202,0.0,26.178175300165087,1
23,164,4.0,4.0,4.403243611237192,0.4032436112371922,0.0,22.81663682828026,1
23,165,3.0,3.0,4.1777274320979565,1.1777274320979565,0.0,22.591120649141022,1
23,166,2.0,2.0,3.89449891279362,1.8944989127936198,0.0,22.307892129836684,1
23,167,1.0,1.0,1.8502948282435299,0.8502948282435299,0.0,20.263688045286596,1
23,168,0.0,0.0,1.1399727544040819,1.1399727544040819,0.0,19.553365971447146,1
32,1,190.0,100.0,96.78453568924517,3.2154643107548253,78.37114247220211,100.0,1
32,2,189.0,100.0,85.15088402017221,14.849115979827786,66.73749080312915,100.0,1
32,3,188.0,100.0,93.36283537940119,6.63716462059881,74.94944216235812,100.0,1
32,4,187.0,100.0,96.04650064882283,3.9534993511771717,77.63310743177976,100.0,1
32,5,186.0,100.0,96.25325734110318,3.746742658896821,77.83986412406011,100.0,1
32,6,185.0,100.0,99.2927100321521,0.707289967847899,80.87931681510904,100.0,1
32,7,184.0,100.0,97.04369114684529,2.9563088531547095,78.63029792980223,100.0,1
32,8,183.0,100.0,96.76631888946282,3.2336811105371766,78.35292567241976,100.0,1
32,9,182.0,100.0,94.72728238299936,5.272717617000637,76.3138891659563,100.0,1
32,10,181.0,100.0,91.46325695000772,8.536743049992282,73.04986373296465,100.0,1
32,11,180.0,100.0,91.48968412657064,8.510315873429363,73.07629090952757,100.0,1
32,12,179.0,100.0,93.23918995273135,6.760810047268649,74.82579673568829,100.0,1
32,13,178.0,100.0,94.62339687543759,5.376603124562408,76.21000365839453,100.0,1
32,14,177.0,100.0,88.58510617349239,11.414893826507608,70.17171295644933,100.0,1
32,15,176.0,100.0,91.03383471660429,8.96616528339571,72.62044149956122,100.0,1
32,16,175.0,100.0,92.40651046709361,7.593489532906389,73.99311725005055,100.0,1
32,17,174.0,100.0,94.96493685852242,5.035063141477579,76.55154364147936,100.0,1
32,18,173.0,100.0,98.17937020272154,1.8206297972784569,79.76597698567848,100.0,1
32,19,172.0,100.0,95.76154383527944,4.23845616472056,77.34815061823637,100.0,1
32,20,171.0,100.0,92.93292592844155,7.0670740715584515,74.51953271139848,100.0,1
32,21,170.0,100.0,93.9921991295768,6.007800870423196,75.57880591253374,100.0,1
32,22,169.0,100.0,95.37983034467413,4.620169655325867,76.96643712763107,100.0,1
32,23,168.0,100.0,96.40442312668729,3.5955768733127087,77.99102990964423,100.0,1
32,24,167.0,100.0,96.85798362644954,3.1420163735504616,78.44459040940647,100.0,1
32,25,166.0,100.0,97.23245752004537,2.7675424799546278,78.8190643030023,100.0,1
32,26,165.0,100.0,100.0,0.0,81.58660678295693,100.0,1
32,27,164.0,100.0,98.8602836242175,1.1397163757824984,80.44689040717444,100.0,1
32,28,163.0,100.0,97.93558002269562,2.0644199773043823,79.52218680565255,100.0,1
32,29,162.0,100.0,100.0,0.0,81.58660678295693,100.0,1
32,30,161.0,100.0,97.02425119081157,2.975748809188431,78.6108579737685,100.0,1
32,31,160.0,100.0,90.10919684466543,9.890803155334567,71.69580362762237,100.0,1
32,32,159.0,100.0,87.44591304487561,12.55408695512439,69.03251982783254,100.0,1
32,33,158.0,100.0,84.4164117612845,15.583588238715507,66.00301854424143,100.0,1
32,34,157.0,100.0,87.93626249763143,12.063737502368568,69.52286928058837,100.0,1
32,35,156.0,100.0,90.1681027802137,9.831897219786299,71.75470956317064,100.0,1
32,36,155.0,100.0,93.88090793595703,6.119092064042974,75.46751471891396,100.0,1
32,37,154.0,100.0,90.99118837808626,9.008811621913736,72.5777951610432,100.0,1
32,38,153.0,100.0,92.0883576689567,7.911642331043296,73.67496445191364,100.0,1
32,39,152.0,100.0,86.89254887308323,13.107451126916771,68.47915565604016,100.0,1
32,40,151.0,100.0,89.53686769488036,10.463132305119643,71.12347447783729,100.0,1
32,41,150.0,100.0,84.06598645982817,15.934013540171833,65.6525932427851,100.0,1
32,42,149.0,100.0,81.94921367093929,18.050786329060713,63.53582045389622,100.0,1
32,43,148.0,100.0,80.96202717456262,19.03797282543738,62.548633957519556,99.37542039160569,0
32,44,147.0,100.0,86.03193692641769,13.968063073582314,67.61854370937462,100.0,1
32,45,146.0,100.0,88.61631319616907,11.383686803830926,70.20291997912601,100.0,1
32,46,145.0,100.0,92.97495547798364,7.025044522016358,74.56156226094058,100.0,1
32,47,144.0,100.0,89.22414559527326,10.775854404726743,70.81075237823019,100.0,1
32,48,143.0,100.0,90.02168047636245,9.978319523637552,71.60828725931938,100.0,1
32,49,142.0,100.0,90.00154528230588,9.998454717694116,71.58815206526282,100.0,1
32,50,141.0,100.0,92.45274589707181,7.547254102928193,74.03935268002874,100.0,1
32,51,140.0,100.0,93.63605444492782,6.363945555072178,75.22266122788476,100.0,1
32,52,139.0,100.0,93.07299383979135,6.927006160208649,74.65960062274829,100.0,1
32,53,138.0,100.0,90.15220346678166,9.847796533218343,71.73881024973859,100.0,1
32,54,137.0,100.0,89.84146179807128,10.158538201928721,71.42806858102821,100.0,1
32,55,136.0,100.0,89.58761748246569,10.412382517534311,71.17422426542262,100.0,1
32,56,135.0,100.0,98.93953744957473,1.060462550425271,80.52614423253166,100.0,1
32,57,134.0,100.0,96.77653756128079,3.22346243871921,78.36314434423772,100.0,1
32,58,133.0,100.0,98.11594967225555,1.884050327744447,79.70255645521249,100.0,1
32,59,132.0,100.0,99.20342044654465,0.796579553455345,80.79002722950159,100.0,1
32,60,131.0,100.0,98.42773515269879,1.5722648473012129,80.01434193565572,100.0,1
32,61,130.0,100.0,98.40142654882843,1.5985734511715748,79.98803333178536,100.0,1
32,62,129.0,100.0,97.5654451382695,2.434554861730504,79.15205192122643,100.0,1
32,63,128.0,100.0,97.57664690247394,2.4233530975260607,79.16325368543087,100.0,1
32,64,127.0,100.0,93.54653657659077,6.453463423409232,75.1331433595477,100.0,1
32,65,126.0,100.0,95.05762094662387,4.942379053376129,76.6442277295808,100.0,1
32,66,125.0,100.0,96.06316431561129,3.9368356843887113,77.64977109856822,100.0,1
32,67,124.0,100.0,94.48678552849623,5.5132144715037725,76.07339231145316,100.0,1
32,68,123.0,100.0,94.29096559017019,5.709034409829812,75.87757237312712,100.0,1
32,69,122.0,100.0,97.095415978081,2.904584021919007,78.68202276103793,100.0,1
32,70,121.0,100.0,100.0,0.0,81.58660678295693,100.0,1
32,71,120.0,100.0,100.0,0.0,81.58660678295693,100.0,1
32,72,119.0,100.0,98.94004026618734,1.0599597338126614,80.52664704914427,100.0,1
32,73,118.0,100.0,97.57761840204958,2.4223815979504195,79.16422518500652,100.0,1
32,74,117.0,100.0,100.0,0.0,81.58660678295693,100.0,1
32,75,116.0,100.0,96.79433859326171,3.2056614067382867,78.38094537621865,100.0,1
32,76,115.0,100.0,96.69820554162133,3.301794458378666,78.28481232457827,100.0,1
32,77,114.0,100.0,97.42688827546047,2.5731117245395296,79.0134950584174,100.0,1
32,78,113.0,100.0,98.38543072109262,1.614569278907382,79.97203750404955,100.0,1
32,79,112.0,100.0,97.36128357920734,2.6387164207926617,78.94789036216427,100.0,1
32,80,111.0,100.0,96.41100215189633,3.5889978481036735,77.99760893485326,100.0,1
32,81,110.0,100.0,96.24835433101288,3.7516456689871234,77.83496111396981,100.0,1
32,82,109.0,100.0,95.41550214978886,4.584497850211136,77.0021089327458,100.0,1
32,83,108.0,100.0,95.48879865868258,4.511201341317417,77.07540544163952,100.0,1
32,84,107.0,100.0,94.59400771313037,5.405992286869633,76.1806144960873,100.0,1
32,85,106.0,100.0,93.67214762023411,6.327852379765886,75.25875440319105,100.0,1
32,86,105.0,100.0,89.52773650286738,10.472263497132616,71.11434328582432,100.0,1
32,87,104.0,100.0,89.19874494640655,10.80125505359345,70.78535172936348,100.0,1
32,88,103.0,100.0,84.16384668977548,15.836153310224518,65.75045347273242,100.0,1
32,89,102.0,100.0,84.66564528579039,15.33435471420961,66.25225206874732,100.0,1
32,90,101.0,100.0,88.67703118745611,11.322968812543891,70.26363797041304,100.0,1
32,91,100.0,100.0,89.23882132155022,10.761178678449781,70.82542810450715,100.0,1
32,92,99.0,99.0,86.21218272274082,12.78781727725918,67.79878950569775,100.0,1
32,93,98.0,98.0,80.9272390008998,17.072760999100197,62.51384578385674,99.34063221794287,1
32,94,97.0,97.0,81.98996789039381,15.010032109606186,63.57657467335075,100.0,1
32,95,96.0,96.0,79.93637448725713,16.063625512742874,61.52298127021406,98.34976770430019,1
32,96,95.0,95.0,72.94946877611916,22.05053122388084,54.536075559076096,91.36286199316223,0
32,97,94.0,94.0,72.64316816175287,21.356831838247132,54.2297749447098,91.05656137879593,0
32,98,93.0,93.0,69.05026102245037,23.94973897754963,50.636867805407306,87.46365423949344,0
32,99,92.0,92.0,70.60884002311312,21.391159976886883,52.19544680607005,89.02223324015618,0
32,100,91.0,91.0,68.29416947580383,22.705830524196173,49.88077625876076,86.70756269284689,0
32,101,90.0,90.0,75.46432640039322,14.535673599606781,57.05093318335015,93.87771961743628,1
32,102,89.0,89.0,74.68758220515616,14.312417794843839,56.274188988113096,93.10097542219923,1
32,103,88.0,88.0,65.26607678015534,22.733923219844655,46.85268356311228,83.67946999719841,0
32,104,87.0,87.0,74.94259995343262,12.05740004656738,56.529206736389554,93.35599317047568,1
32,105,86.0,86.0,65.26956323978858,20.73043676021142,46.856170022745516,83.68295645683165,0
32,106,85.0,85.0,72.17818585744462,12.821814142555382,53.76479264040155,90.59157907448768,1
32,107,84.0,84.0,72.34864789224837,11.651352107751634,53.9352546752053,90.76204110929143,1
32,108,83.0,83.0,70.25719388839752,12.742806111602476,51.84380067135446,88.67058710544059,1
32,109,82.0,82.0,78.519299285678,3.4807007143219977,60.10590606863494,96.93269250272107,1
32,110,81.0,81.0,72.44234618795802,8.557653812041977,54.02895297091496,90.85573940500109,1
32,111,80.0,80.0,79.43339758012979,0.5666024198702075,61.02000436308673,97.84679079717286,1
32,112,79.0,79.0,82.90867822436049,3.908678224360486,64.49528500731742,100.0,1
32,113,78.0,78.0,81.74396074716965,3.743960747169652,63.33056753012659,100.0,1
32,114,77.0,77.0,82.98165499749881,5.981654997498808,64.56826178045574,100.0,1
32,115,76.0,76.0,79.09936400972875,3.0993640097287454,60.68597079268568,97.51275722677181,1
32,116,75.0,75.0,76.74506127249944,1.7450612724994414,58.331668055456376,95.1584544895425,1
32,117,74.0,74.0,74.99601802231675,0.996018022316747,56.58262480527368,93.40941123935981,1
32,118,73.0,73.0,62.65276072502782,10.347239274972182,44.23936750798475,81.06615394207088,1
32,119,72.0,72.0,64.87305483766261,7.1269451623373925,46.45966162061954,83.28644805470567,1
32,120,71.0,71.0,69.62172165877527,1.3782783412247284,51.208328441732206,88.03511487581834,1
32,121,70.0,70.0,67.90930766434882,2.090692335651184,49.49591444730575,86.32270088139188,1
32,122,69.0,69.0,67.43240916905653,1.5675908309434732,49.01901595201346,85.84580238609959,1
32,123,68.0,68.0,62.29158891779882,5.708411082201181,43.878195700755754,80.70498213484188,1
32,124,67.0,67.0,66.58036828625092,0.4196317137490837,48.16697506920785,84.99376150329398,1
32,125,66.0,66.0,66.0907657636296,0.09076576362960509,47.67737254658654,84.50415898067267,1
32,126,65.0,65.0,65.72257990462543,0.7225799046254338,47.30918668758237,84.1359731216685,1
32,127,64.0,64.0,67.13563978805105,3.1356397880510514,48.722246571007986,85.54903300509412,1
32,128,63.0,63.0,69.69267645994617,6.6926764599461706,51.279283242903105,88.10606967698924,1
32,129,62.0,62.0,65.02363684275235,3.023636842752353,46.61024362570929,83.43703005979542,1
32,130,61.0,61.0,62.80250231194992,1.8025023119499224,44.38910909490686,81.21589552899299,1
32,131,60.0,60.0,61.46847584944636,1.4684758494463566,43.05508263240329,79.88186906648943,1
32,132,59.0,59.0,59.546495585103024,0.546495585103024,41.13310236805996,77.95988880214608,1
32,133,58.0,58.0,60.54099664127577,2.5409966412757683,42.1276034242327,78.95438985831883,1
32,134,57.0,57.0,56.831581065595685,0.16841893440431477,38.41818784855262,75.24497428263875,1
32,135,56.0,56.0,53.94933099715659,2.0506690028434065,35.53593778011353,72.36272421419966,1
32,136,55.0,55.0,53.62292083815827,1.3770791618417277,35.20952762111521,72.03631405520133,1
32,137,54.0,54.0,52.49938088252641,1.5006191174735903,34.085987665483344,70.91277409956948,1
32,138,53.0,53.0,58.124298232428224,5.124298232428224,39.71090501538516,76.53769144947128,1
32,139,52.0,52.0,52.32149444961482,0.32149444961481777,33.90810123257175,70.73488766665788,1
32,140,51.0,51.0,50.52564065224352,0.4743593477564829,32.11224743520045,68.93903386928659,1
32,141,50.0,50.0,53.70409083210324,3.7040908321032404,35.290697615060175,72.1174840491463,1
32,142,49.0,49.0,45.13047362150931,3.86952637849069,26.717080404466245,63.543866838552375,1
32,143,48.0,48.0,45.430610711025246,2.5693892889747545,27.01721749398218,63.84400392806831,1
32,144,47.0,47.0,48.70559606448901,1.7055960644890078,30.292202847445942,67.11898928153207,1
32,145,46.0,46.0,43.31466293862606,2.685337061373943,24.90126972158299,61.72805615566912,1
32,146,45.0,45.0,46.85237234479191,1.8523723447919096,28.438979127748844,65.26576556183497,1
32,147,44.0,44.0,42.65705345899203,1.3429465410079686,24.243660241948966,61.0704466760351,1
32,148,43.0,43.0,41.45140260494781,1.548597395052191,23.038009387904744,59.864795821990874,1
32,149,42.0,42.0,43.07073170375876,1.07073170375876,24.657338486715695,61.484124920801825,1
32,150,41.0,41.0,42.08552416600708,1.0855241660070831,23.672130948964018,60.49891738305015,1
32,151,40.0,40.0,45.72274169440509,5.722741694405087,27.309348477362022,64.13613491144815,1
32,152,39.0,39.0,43.0288088321646,4.0288088321646,24.615415615121535,61.442202049207665,1
32,153,38.0,38.0,32.36338571674258,5.636614283257423,13.949992499699512,50.77677893378564,1
32,154,37.0,37.0,28.65874713722185,8.341252862778148,10.245353920178786,47.07214035426492,1
32,155,36.0,36.0,29.897498639184693,6.102501360815307,11.484105422141628,48.310891856227755,1
32,156,35.0,35.0,36.389529516862275,1.3895295168622752,17.97613629981921,54.80292273390534,1
32,157,34.0,34.0,37.02327595900461,3.023275959004607,18.609882741961542,55.43666917604767,1
32,158,33.0,33.0,33.08177068064328,0.08177068064328097,14.668377463600216,51.495163897686346,1
32,159,32.0,32.0,29.775517303175658,2.2244826968243423,11.362124086132592,48.18891052021873,1
32,160,31.0,31.0,29.60644837845698,1.3935516215430184,11.193055161413916,48.01984159550005,1
32,161,30.0,30.0,25.91969754893465,4.08030245106535,7.5063043318915845,44.333090765977715,1
32,162,29.0,29.0,25.207202906490622,3.792797093509378,6.793809689447556,43.62059612353369,1
32,163,28.0,28.0,27.94541672463121,0.054583275368788264,9.532023507588146,46.35880994167428,1
32,164,27.0,27.0,21.99587563517113,5.0041243648288685,3.582482418128066,40.4092688522142,1
32,165,26.0,26.0,20.784781141125595,5.215218858874405,2.37138792408253,39.19817435816866,1
32,166,25.0,25.0,19.026764657364275,5.973235342635725,0.6133714403212096,37.44015787440734,1
32,167,24.0,24.0,18.255186795838632,5.7448132041613675,0.0,36.6685800128817,1
32,168,23.0,23.0,16.14434613778159,6.855653862218411,0.0,34.557739354824655,1
32,169,22.0,22.0,17.32875431156225,4.67124568843775,0.0,35.742147528605315,1
32,170,21.0,21.0,14.244776190485103,6.755223809514897,0.0,32.65816940752817,1
32,171,20.0,20.0,12.293382503618979,7.706617496381021,0.0,30.706775720662044,1
32,172,19.0,19.0,10.713734942474384,8.286265057525616,0.0,29.127128159517447,1
32,173,18.0,18.0,11.218175163042137,6.781824836957863,0.0,29.631568380085202,1
32,174,17.0,17.0,9.233585829255894,7.766414170744106,0.0,27.64697904629896,1
32,175,16.0,16.0,14.471745676219841,1.5282543237801587,0.0,32.885138893262905,1
32,176,15.0,15.0,12.409057690983264,2.590942309016736,0.0,30.82245090802633,1
32,177,14.0,14.0,13.70567095933378,0.29432904066622,0.0,32.119064176376845,1
32,178,13.0,13.0,11.374503024267687,1.6254969757323128,0.0,29.787896241310754,1
32,179,12.0,12.0,8.017565054891014,3.982434945108986,0.0,26.43095827193408,1
32,180,11.0,11.0,10.181348352255595,0.8186516477444048,0.0,28.594741569298662,1
32,181,10.0,10.0,7.856548734257036,2.1434512657429643,0.0,26.2699419513001,1
32,182,9.0,9.0,10.228184762034816,1.2281847620348163,0.0,28.64157797907788,1
32,183,8.0,8.0,8.447303438230124,0.447303438230124,0.0,26.860696655273188,1
32,184,7.0,7.0,10.06774486952115,3.0677448695211496,0.0,28.481138086564215,1
32,185,6.0,6.0,9.904491096800129,3.904491096800129,0.0,28.317884313843194,1
32,186,5.0,5.0,10.76112406961864,5.76112406961864,0.0,29.174517286661704,1
32,187,4.0,4.0,12.091526561098128,8.091526561098128,0.0,30.504919778141193,1
32,188,3.0,3.0,10.791385102698316,7.791385102698316,0.0,29.20477831974138,1
32,189,2.0,2.0,11.981833720330497,9.981833720330497,0.0,30.395226937373565,1
32,190,1.0,1.0,7.655189263008132,6.655189263008132,0.0,26.068582480051198,1
32,191,0.0,0.0,6.741791919154546,6.741791919154546,0.0,25.155185136197613,1
43,1,206.0,100.0,100.0,0.0,81.58660678295693,100.0,1
43,2,205.0,100.0,100.0,0.0,81.58660678295693,100.0,1
43,3,204.0,100.0,100.0,0.0,81.58660678295693,100.0,1
43,4,203.0,100.0,100.0,0.0,81.58660678295693,100.0,1
43,5,202.0,100.0,97.37942713149593,2.6205728685040697,78.96603391445286,100.0,1
43,6,201.0,100.0,100.0,0.0,81.58660678295693,100.0,1
43,7,200.0,100.0,99.95157878797308,0.0484212120269234,81.53818557093001,100.0,1
43,8,199.0,100.0,98.41128438554841,1.588715614451587,79.99789116850535,100.0,1
43,9,198.0,100.0,98.32137181686176,1.678628183138244,79.90797859981869,100.0,1
43,10,197.0,100.0,99.26310132397768,0.7368986760223208,80.84970810693461,100.0,1
43,11,196.0,100.0,100.0,0.0,81.58660678295693,100.0,1
43,12,195.0,100.0,98.83734293358968,1.1626570664103184,80.42394971654662,100.0,1
43,13,194.0,100.0,99.13116365034905,0.8688363496509481,80.71777043330599,100.0,1
43,14,193.0,100.0,99.69072515445626,0.3092748455437402,81.2773319374132,100.0,1
43,15,192.0,100.0,99.89157323401942,0.10842676598058176,81.47818001697635,100.0,1
43,16,191.0,100.0,100.0,0.0,81.58660678295693,100.0,1
43,17,190.0,100.0,100.0,0.0,81.58660678295693,100.0,1
43,18,189.0,100.0,100.0,0.0,81.58660678295693,100.0,1
43,19,188.0,100.0,99.99528648532608,0.004713514673923669,81.58189326828301,100.0,1
43,20,187.0,100.0,100.0,0.0,81.58660678295693,100.0,1
43,21,186.0,100.0,100.0,0.0,81.58660678295693,100.0,1
43,22,185.0,100.0,100.0,0.0,81.58660678295693,100.0,1
43,23,184.0,100.0,100.0,0.0,81.58660678295693,100.0,1
43,24,183.0,100.0,100.0,0.0,81.58660678295693,100.0,1
43,25,182.0,100.0,100.0,0.0,81.58660678295693,100.0,1
43,26,181.0,100.0,100.0,0.0,81.58660678295693,100.0,1
43,27,180.0,100.0,100.0,0.0,81.58660678295693,100.0,1
43,28,179.0,100.0,100.0,0.0,81.58660678295693,100.0,1
43,29,178.0,100.0,100.0,0.0,81.58660678295693,100.0,1
43,30,177.0,100.0,100.0,0.0,81.58660678295693,100.0,1
43,31,176.0,100.0,100.0,0.0,81.58660678295693,100.0,1
43,32,175.0,100.0,100.0,0.0,81.58660678295693,100.0,1
43,33,174.0,100.0,100.0,0.0,81.58660678295693,100.0,1
43,34,173.0,100.0,100.0,0.0,81.58660678295693,100.0,1
43,35,172.0,100.0,100.0,0.0,81.58660678295693,100.0,1
43,36,171.0,100.0,100.0,0.0,81.58660678295693,100.0,1
43,37,170.0,100.0,100.0,0.0,81.58660678295693,100.0,1
43,38,169.0,100.0,100.0,0.0,81.58660678295693,100.0,1
43,39,168.0,100.0,100.0,0.0,81.58660678295693,100.0,1
43,40,167.0,100.0,100.0,0.0,81.58660678295693,100.0,1
43,41,166.0,100.0,100.0,0.0,81.58660678295693,100.0,1
43,42,165.0,100.0,100.0,0.0,81.58660678295693,100.0,1
43,43,164.0,100.0,98.67435825226059,1.325641747739411,80.26096503521752,100.0,1
43,44,163.0,100.0,100.0,0.0,81.58660678295693,100.0,1
43,45,162.0,100.0,100.0,0.0,81.58660678295693,100.0,1
43,46,161.0,100.0,100.0,0.0,81.58660678295693,100.0,1
43,47,160.0,100.0,100.0,0.0,81.58660678295693,100.0,1
43,48,159.0,100.0,100.0,0.0,81.58660678295693,100.0,1
43,49,158.0,100.0,100.0,0.0,81.58660678295693,100.0,1
43,50,157.0,100.0,100.0,0.0,81.58660678295693,100.0,1
43,51,156.0,100.0,100.0,0.0,81.58660678295693,100.0,1
43,52,155.0,100.0,99.93667480809884,0.06332519190115704,81.52328159105578,100.0,1
43,53,154.0,100.0,100.0,0.0,81.58660678295693,100.0,1
43,54,153.0,100.0,100.0,0.0,81.58660678295693,100.0,1
43,55,152.0,100.0,100.0,0.0,81.58660678295693,100.0,1
43,56,151.0,100.0,98.81964098940875,1.1803590105912463,80.40624777236569,100.0,1
43,57,150.0,100.0,99.74943126656565,0.25056873343434916,81.33603804952259,100.0,1
43,58,149.0,100.0,99.93375866924998,0.06624133075001737,81.52036545220692,100.0,1
43,59,148.0,100.0,99.82934167575539,0.1706583242446129,81.41594845871232,100.0,1
43,60,147.0,100.0,100.0,0.0,81.58660678295693,100.0,1
43,61,146.0,100.0,100.0,0.0,81.58660678295693,100.0,1
43,62,145.0,100.0,100.0,0.0,81.58660678295693,100.0,1
43,63,144.0,100.0,100.0,0.0,81.58660678295693,100.0,1
43,64,143.0,100.0,100.0,0.0,81.58660678295693,100.0,1
43,65,142.0,100.0,100.0,0.0,81.58660678295693,100.0,1
43,66,141.0,100.0,99.89225265522495,0.10774734477504921,81.47885943818189,100.0,1
43,67,140.0,100.0,98.33745579797686,1.6625442020231418,79.92406258093379,100.0,1
43,68,139.0,100.0,97.96458134878621,2.0354186512137886,79.55118813174315,100.0,1
43,69,138.0,100.0,98.31895847891535,1.6810415210846514,79.90556526187228,100.0,1
43,70,137.0,100.0,96.62307568442532,3.3769243155746835,78.20968246738225,100.0,1
43,71,136.0,100.0,96.75586670078397,3.244133299216031,78.3424734837409,100.0,1
43,72,135.0,100.0,95.26909089977876,4.73090910022124,76.8556976827357,100.0,1
43,73,134.0,100.0,93.1898715128723,6.810128487127699,74.77647829582924,100.0,1
43,74,133.0,100.0,93.69445029559903,6.305549704400974,75.28105707855596,100.0,1
43,75,132.0,100.0,93.85409890862927,6.145901091370732,75.4407056915862,100.0,1
43,76,131.0,100.0,92.31172593284731,7.68827406715269,73.89833271580424,100.0,1
43,77,130.0,100.0,94.92970443196687,5.070295568033131,76.5163112149238,100.0,1
43,78,129.0,100.0,97.52991849330999,2.4700815066900077,79.11652527626693,100.0,1
43,79,128.0,100.0,96.05662845589305,3.9433715441069523,77.64323523884998,100.0,1
43,80,127.0,100.0,97.19029795001389,2.8097020499861145,78.77690473297082,100.0,1
43,81,126.0,100.0,95.28545543965208,4.7145445603479175,76.87206222260902,100.0,1
43,82,125.0,100.0,95.00144903447834,4.998550965521659,76.58805581743528,100.0,1
43,83,124.0,100.0,93.9878103678366,6.012189632163398,75.57441715079354,100.0,1
43,84,123.0,100.0,95.84200718747358,4.157992812526416,77.42861397043052,100.0,1
43,85,122.0,100.0,96.16518984767463,3.8348101523253746,77.75179663063156,100.0,1
43,86,121.0,100.0,87.12261035840358,12.877389641596423,68.70921714136051,100.0,1
43,87,120.0,100.0,91.30744574948113,8.692554250518867,72.89405253243807,100.0,1
43,88,119.0,100.0,94.38135779973499,5.618642200265015,75.96796458269192,100.0,1
43,89,118.0,100.0,93.00455764038735,6.995442359612653,74.59116442334428,100.0,1
43,90,117.0,100.0,98.075847895809,1.9241521041909948,79.66245467876594,100.0,1
43,91,116.0,100.0,99.13937918521522,0.8606208147847809,80.72598596817215,100.0,1
43,92,115.0,100.0,96.92282839627548,3.0771716037245227,78.50943517923241,100.0,1
43,93,114.0,100.0,96.86377572408779,3.1362242759122125,78.45038250704472,100.0,1
43,94,113.0,100.0,97.9321743365457,2.0678256634543004,79.51878111950263,100.0,1
43,95,112.0,100.0,99.5675286256282,0.4324713743718007,81.15413540858513,100.0,1
43,96,111.0,100.0,97.72963811968752,2.2703618803124783,79.31624490264446,100.0,1
43,97,110.0,100.0,100.0,0.0,81.58660678295693,100.0,1
43,98,109.0,100.0,100.0,0.0,81.58660678295693,100.0,1
43,99,108.0,100.0,100.0,0.0,81.58660678295693,100.0,1
43,100,107.0,100.0,100.0,0.0,81.58660678295693,100.0,1
43,101,106.0,100.0,100.0,0.0,81.58660678295693,100.0,1
43,102,105.0,100.0,100.0,0.0,81.58660678295693,100.0,1
43,103,104.0,100.0,100.0,0.0,81.58660678295693,100.0,1
43,104,103.0,100.0,100.0,0.0,81.58660678295693,100.0,1
43,105,102.0,100.0,99.62831293205878,0.37168706794122386,81.21491971501571,100.0,1
43,106,101.0,100.0,100.0,0.0,81.58660678295693,100.0,1
43,107,100.0,100.0,99.65635113472987,0.3436488652701257,81.24295791768681,100.0,1
43,108,99.0,99.0,99.40414744974946,0.40414744974945904,80.9907542327064,100.0,1
43,109,98.0,98.0,96.96441373872004,1.0355862612799598,78.55102052167697,100.0,1
43,110,97.0,97.0,96.72350978359704,0.2764902164029621,78.31011656655397,100.0,1
43,111,96.0,96.0,97.92961974063884,1.9296197406388416,79.51622652359578,100.0,1
43,112,95.0,95.0,95.28781900861834,0.2878190086183423,76.87442579157528,100.0,1
43,113,94.0,94.0,91.58879858061033,2.41120141938967,73.17540536356726,100.0,1
43,114,93.0,93.0,91.6800674768753,1.3199325231247059,73.26667425983223,100.0,1
43,115,92.0,92.0,86.58754589657694,5.412454103423059,68.17415267953388,100.0,1
43,116,91.0,91.0,79.05343040534204,11.946569594657959,60.640037188298976,97.4668236223851,1
43,117,90.0,90.0,77.45039115800377,12.549608841996232,59.0369979409607,95.86378437504683,1
43,118,89.0,89.0,86.10073416620345,2.899265833796548,67.68734094916039,100.0,1
43,119,88.0,88.0,85.84160934258281,2.1583906574171863,67.42821612553975,100.0,1
43,120,87.0,87.0,85.8010528645933,1.1989471354066978,67.38765964755024,100.0,1
43,121,86.0,86.0,86.00361654542988,0.003616545429878215,67.59022332838681,100.0,1
43,122,85.0,85.0,77.25928940068398,7.740710599316017,58.84589618364092,95.67268261772705,1
43,123,84.0,84.0,81.79997687135278,2.200023128647217,63.38658365430972,100.0,1
43,124,83.0,83.0,75.85458598667918,7.145414013320817,57.44119276963612,94.26797920372225,1
43,125,82.0,82.0,79.63921525724444,2.3607847427555555,61.22582204020138,98.05260847428751,1
43,126,81.0,81.0,76.50489005674167,4.495109943258328,58.09149683969861,94.91828327378474,1
43,127,80.0,80.0,75.0807115616841,4.919288438315903,56.66731834464103,93.49410477872716,1
43,128,79.0,79.0,80.77200973482671,1.7720097348267103,62.358616517783645,99.18540295186978,1
43,129,78.0,78.0,76.59765616006456,1.4023438399354404,58.184262943021494,95.01104937710762,1
43,130,77.0,77.0,78.34296389620114,1.342963896201141,59.929570679158076,96.7563571132442,1
43,131,76.0,76.0,80.70013374154496,4.70013374154496,62.286740524501894,99.11352695858803,1
43,132,75.0,75.0,83.45389935003593,8.453899350035925,65.04050613299286,100.0,1
43,133,74.0,74.0,82.10563487407256,8.105634874072564,63.6922416570295,100.0,1
43,134,73.0,73.0,86.23105412103308,13.231054121033083,67.81766090399002,100.0,1
43,135,72.0,72.0,78.71305608220749,6.713056082207487,60.29966286516442,97.12644929925055,1
43,136,71.0,71.0,76.91948871271686,5.919488712716856,58.50609549567379,95.33288192975992,1
43,137,70.0,70.0,78.67418867603386,8.674188676033864,60.2607954589908,97.08758189307693,1
43,138,69.0,69.0,72.56363663461111,3.5636366346111146,54.15024341756805,90.97702985165418,1
43,139,68.0,68.0,73.19735608223944,5.197356082239438,54.78396286519637,91.6107492992825,1
43,140,67.0,67.0,72.33563768414183,5.33563768414183,53.922244467098764,90.7490309011849,1
43,141,66.0,66.0,77.73892362072908,11.738923620729082,59.32553040368602,96.15231683777215,1
43,142,65.0,65.0,81.42192989506117,16.42192989506117,63.0085366780181,99.83532311210423,1
43,143,64.0,64.0,72.07507894520515,8.07507894520515,53.661685728162084,90.48847216224821,1
43,144,63.0,63.0,68.94075711116504,5.940757111165041,50.527363894121976,87.3541503282081,1
43,145,62.0,62.0,66.1934293521848,4.193429352184793,47.78003613514173,84.60682256922786,1
43,146,61.0,61.0,70.01080152039809,9.01080152039809,51.597408303355024,88.42419473744116,1
43,147,60.0,60.0,65.13765346594265,5.137653465942648,46.72426024889958,83.55104668298571,1
43,148,59.0,59.0,66.07965426773673,7.0796542677367285,47.66626105069366,84.4930474847798,1
43,149,58.0,58.0,72.24658365303823,14.246583653038229,53.833190435995164,90.6599768700813,1
43,150,57.0,57.0,82.49388614546488,25.493886145464884,64.08049292842182,100.0,0
43,151,56.0,56.0,73.61391597135645,17.613915971356448,55.20052275431338,92.02730918839951,1
43,152,55.0,55.0,74.75613921991318,19.75613921991318,56.342746002870115,93.16953243695625,0
43,153,54.0,54.0,70.2418089750238,16.2418089750238,51.828415757980736,88.65520219206687,1
43,154,53.0,53.0,70.75286124866196,17.752861248661958,52.33946803161889,89.16625446570502,1
43,155,52.0,52.0,67.2233402395055,15.223340239505504,48.80994702246244,85.63673345654857,1
43,156,51.0,51.0,70.3481955276726,19.3481955276726,51.934802310629536,88.76158874471567,0
43,157,50.0,50.0,69.40436730120886,19.404367301208865,50.9909740841658,87.81776051825193,0
43,158,49.0,49.0,68.62770419443204,19.62770419443204,50.214310977388976,87.0410974114751,0
43,159,48.0,48.0,67.61377023609762,19.613770236097622,49.20037701905456,86.02716345314069,0
43,160,47.0,47.0,68.47319387304893,21.473193873048928,50.05980065600586,86.886587090092,0
43,161,46.0,46.0,69.3743650939807,23.3743650939807,50.960971876937634,87.78775831102377,0
43,162,45.0,45.0,71.1361564693336,26.1361564693336,52.722763252290534,89.54954968637666,0
43,163,44.0,44.0,59.63840151367492,15.638401513674921,41.225008296631856,78.05179473071799,1
43,164,43.0,43.0,62.49947683527213,19.499476835272127,44.08608361822906,80.91287005231518,0
43,165,42.0,42.0,64.36042496690432,22.36042496690432,45.94703174986125,82.77381818394738,0
43,166,41.0,41.0,57.340203375664345,16.340203375664345,38.92681015862128,75.75359659270741,1
43,167,40.0,40.0,58.06741932115241,18.067419321152407,39.65402610410934,76.48081253819547,1
43,168,39.0,39.0,45.976942113196095,6.976942113196095,27.56354889615303,64.39033533023917,1
43,169,38.0,38.0,40.327471331549745,2.327471331549745,21.91407811450668,58.74086454859281,1
43,170,37.0,37.0,39.41995704913984,2.419957049139839,21.006563832096774,57.833350266182904,1
43,171,36.0,36.0,37.1578131341449,1.1578131341449023,18.744419917101837,55.57120635118797,1
43,172,35.0,35.0,31.779737678072067,3.220262321927933,13.366344461029001,50.19313089511513,1
43,173,34.0,34.0,31.693280230781273,2.306719769218727,13.279887013738207,50.106673447824335,1
43,174,33.0,33.0,27.90224490846238,5.097755091537621,9.488851691419313,46.315638125505444,1
43,175,32.0,32.0,27.813149485048168,4.186850514951832,9.399756268005103,46.22654270209124,1
43,176,31.0,31.0,23.922935314326708,7.077064685673292,5.509542097283642,42.33632853136977,1
43,177,30.0,30.0,22.28092961011442,7.71907038988558,3.8675363930713544,40.694322827157485,1
43,178,29.0,29.0,18.325063739243888,10.674936260756112,0.0,36.73845695628695,1
43,179,28.0,28.0,23.78924124682522,4.21075875317478,5.375848029782155,42.202634463868286,1
43,180,27.0,27.0,23.752038837971924,3.2479611620280764,5.338645620928858,42.16543205501499,1
43,181,26.0,26.0,21.939037485566715,4.060962514433285,3.5256442685236493,40.35243070260978,1
43,182,25.0,25.0,26.202863860736176,1.2028638607361763,7.789470643693111,44.61625707777924,1
43,183,24.0,24.0,22.739840511678963,1.2601594883210367,4.326447294635898,41.15323372872203,1
43,184,23.0,23.0,23.401446008204346,0.4014460082043456,4.98805279116128,41.81483922524741,1
43,185,22.0,22.0,22.033328354570983,0.033328354570983265,3.619935137527918,40.44672157161405,1
43,186,21.0,21.0,18.28494292177501,2.7150570782249908,0.0,36.69833613881808,1
43,187,20.0,20.0,18.591061538881096,1.408938461118904,0.1776683218380306,37.00445475592416,1
43,188,19.0,19.0,18.033553216054916,0.9664467839450843,0.0,36.44694643309798,1
43,189,18.0,18.0,17.17526972603676,0.8247302739632403,0.0,35.588662943079825,1
43,190,17.0,17.0,17.058592825894806,0.058592825894805856,0.0,35.47198604293787,1
43,191,16.0,16.0,15.529291653248041,0.47070834675195883,0.0,33.9426848702911,1
43,192,15.0,15.0,15.080684939334631,0.08068493933463117,0.0,33.4940781563777,1
43,193,14.0,14.0,15.089242997619863,1.0892429976198628,0.0,33.50263621466293,1
43,194,13.0,13.0,13.384228847454418,0.384228847454418,0.0,31.79762206449748,1
43,195,12.0,12.0,10.71000314246794,1.28999685753206,0.0,29.123396359511005,1
43,196,11.0,11.0,7.4317729798428855,3.5682270201571145,0.0,25.845166196885952,1
43,197,10.0,10.0,6.827116347793095,3.172883652206905,0.0,25.24050956483616,1
43,198,9.0,9.0,6.201451852704878,2.798548147295122,0.0,24.614845069747943,1
43,199,8.0,8.0,4.944339256052407,3.055660743947593,0.0,23.357732473095474,1
43,200,7.0,7.0,5.104532438339904,1.8954675616600962,0.0,23.517925655382967,1
43,201,6.0,6.0,4.058819640764854,1.9411803592351458,0.0,22.472212857807918,1
43,202,5.0,5.0,3.866362701374769,1.133637298625231,0.0,22.279755918417834,1
43,203,4.0,4.0,2.9150671792664236,1.0849328207335764,0.0,21.328460396309488,1
43,204,3.0,3.0,2.7484662170881897,0.2515337829118103,0.0,21.161859434131255,1
43,205,2.0,2.0,2.702432573552108,0.702432573552108,0.0,21.115825790595174,1
43,206,1.0,1.0,2.0090592173732507,1.0090592173732507,0.0,20.422452434416314,1
43,207,0.0,0.0,1.4759041634452066,1.4759041634452066,0.0,19.889297380488273,1
56,1,274.0,100.0,99.44987615480328,0.5501238451967225,81.03648293776021,100.0,1
56,2,273.0,100.0,100.0,0.0,81.58660678295693,100.0,1
56,3,272.0,100.0,100.0,0.0,81.58660678295693,100.0,1
56,4,271.0,100.0,100.0,0.0,81.58660678295693,100.0,1
56,5,270.0,100.0,99.63190005556731,0.3680999444326858,81.21850683852425,100.0,1
56,6,269.0,100.0,97.13161065420918,2.868389345790817,78.71821743716612,100.0,1
56,7,268.0,100.0,93.850433199075,6.149566800925001,75.43703998203193,100.0,1
56,8,267.0,100.0,91.27393508361837,8.726064916381631,72.8605418665753,100.0,1
56,9,266.0,100.0,95.77077988690657,4.229220113093433,77.3573866698635,100.0,1
56,10,265.0,100.0,94.55360063513729,5.446399364862714,76.14020741809422,100.0,1
56,11,264.0,100.0,96.3644640429325,3.6355359570675034,77.95107082588943,100.0,1
56,12,263.0,100.0,96.24090474947077,3.759095250529228,77.8275115324277,100.0,1
56,13,262.0,100.0,98.21401750860444,1.7859824913955578,79.80062429156138,100.0,1
56,14,261.0,100.0,98.76290841713455,1.237091582865446,80.34951520009149,100.0,1
56,15,260.0,100.0,100.0,0.0,81.58660678295693,100.0,1
56,16,259.0,100.0,98.36444615096252,1.6355538490374784,79.95105293391946,100.0,1
56,17,258.0,100.0,100.0,0.0,81.58660678295693,100.0,1
56,18,257.0,100.0,96.05974800271375,3.9402519972862535,77.64635478567068,100.0,1
56,19,256.0,100.0,97.86879607581382,2.131203924186181,79.45540285877075,100.0,1
56,20,255.0,100.0,97.42772141183866,2.572278588161339,79.0143281947956,100.0,1
56,21,254.0,100.0,95.62128076569682,4.378719234303176,77.20788754865376,100.0,1
56,22,253.0,100.0,94.21686122663326,5.783138773366744,75.80346800959019,100.0,1
56,23,252.0,100.0,92.71333968242008,7.286660317579916,74.29994646537702,100.0,1
56,24,251.0,100.0,92.22540991246836,7.774590087531635,73.8120166954253,100.0,1
56,25,250.0,100.0,95.05239132141973,4.947608678580266,76.63899810437667,100.0,1
56,26,249.0,100.0,93.71860087906427,6.281399120935731,75.3052076620212,100.0,1
56,27,248.0,100.0,91.15980543654508,8.840194563454915,72.74641221950202,100.0,1
56,28,247.0,100.0,90.05180468760632,9.948195312393679,71.63841147056326,100.0,1
56,29,246.0,100.0,90.2071733534119,9.792826646588097,71.79378013636884,100.0,1
56,30,245.0,100.0,89.44234455105122,10.557655448948779,71.02895133400816,100.0,1
56,31,244.0,100.0,90.78244983272602,9.217550167273984,72.36905661568295,100.0,1
56,32,243.0,100.0,90.03493758321365,9.965062416786353,71.62154436617058,100.0,1
56,33,242.0,100.0,88.92041125463751,11.079588745362486,70.50701803759445,100.0,1
56,34,241.0,100.0,89.10297067315642,10.89702932684358,70.68957745611335,100.0,1
56,35,240.0,100.0,92.06906698914354,7.930933010856464,73.65567377210047,100.0,1
56,36,239.0,100.0,94.94343707912937,5.056562920870633,76.5300438620863,100.0,1
56,37,238.0,100.0,94.47955714141047,5.520442858589533,76.0661639243674,100.0,1
56,38,237.0,100.0,95.49158342573074,4.508416574269262,77.07819020868767,100.0,1
56,39,236.0,100.0,93.26931552168014,6.7306844783198585,74.85592230463708,100.0,1
56,40,235.0,100.0,94.251543552275,5.748456447725005,75.83815033523193,100.0,1
56,41,234.0,100.0,99.43900535610393,0.5609946438960662,81.02561213906087,100.0,1
56,42,233.0,100.0,99.43017080460324,0.569829195396764,81.01677758756017,100.0,1
56,43,232.0,100.0,99.16647595820176,0.8335240417982419,80.75308274115869,100.0,1
56,44,231.0,100.0,98.18591725285984,1.8140827471401622,79.77252403581677,100.0,1
56,45,230.0,100.0,100.0,0.0,81.58660678295693,100.0,1
56,46,229.0,100.0,99.0071466067655,0.9928533932344976,80.59375338972244,100.0,1
56,47,228.0,100.0,99.10967260892657,0.8903273910734271,80.69627939188351,100.0,1
56,48,227.0,100.0,100.0,0.0,81.58660678295693,100.0,1
56,49,226.0,100.0,98.29018255310088,1.7098174468991232,79.87678933605781,100.0,1
56,50,225.0,100.0,96.74424096343816,3.255759036561841,78.3308477463951,100.0,1
56,51,224.0,100.0,96.00733504293615,3.9926649570638517,77.59394182589308,100.0,1
56,52,223.0,100.0,97.85637782470154,2.1436221752984608,79.44298460765847,100.0,1
56,53,222.0,100.0,97.21800362301852,2.781996376981482,78.80461040597545,100.0,1
56,54,221.0,100.0,100.0,0.0,81.58660678295693,100.0,1
56,55,220.0,100.0,100.0,0.0,81.58660678295693,100.0,1
56,56,219.0,100.0,100.0,0.0,81.58660678295693,100.0,1
56,57,218.0,100.0,100.0,0.0,81.58660678295693,100.0,1
56,58,217.0,100.0,100.0,0.0,81.58660678295693,100.0,1
56,59,216.0,100.0,100.0,0.0,81.58660678295693,100.0,1
56,60,215.0,100.0,100.0,0.0,81.58660678295693,100.0,1
56,61,214.0,100.0,100.0,0.0,81.58660678295693,100.0,1
56,62,213.0,100.0,100.0,0.0,81.58660678295693,100.0,1
56,63,212.0,100.0,96.22518465360683,3.7748153463931686,77.81179143656377,100.0,1
56,64,211.0,100.0,96.60001721727042,3.3999827827295803,78.18662400022735,100.0,1
56,65,210.0,100.0,97.83686087126911,2.16313912873089,79.42346765422604,100.0,1
56,66,209.0,100.0,94.36555010152235,5.634449898477655,75.95215688447928,100.0,1
56,67,208.0,100.0,93.54715942779464,6.452840572205361,75.13376621075157,100.0,1
56,68,207.0,100.0,94.39931142904769,5.600688570952315,75.98591821200462,100.0,1
56,69,206.0,100.0,95.54906626012553,4.450933739874472,77.13567304308246,100.0,1
56,70,205.0,100.0,97.73382874368237,2.2661712563176337,79.3204355266393,100.0,1
56,71,204.0,100.0,98.28577078242073,1.7142292175792733,79.87237756537766,100.0,1
56,72,203.0,100.0,98.7986444658292,1.2013555341708013,80.38525124878613,100.0,1
56,73,202.0,100.0,100.0,0.0,81.58660678295693,100.0,1
56,74,201.0,100.0,100.0,0.0,81.58660678295693,100.0,1
56,75,200.0,100.0,100.0,0.0,81.58660678295693,100.0,1
56,76,199.0,100.0,99.71044504769408,0.2895549523059202,81.29705183065101,100.0,1
56,77,198.0,100.0,99.93782437051098,0.062175629489019,81.52443115346792,100.0,1
56,78,197.0,100.0,98.06563304498724,1.934366955012763,79.65223982794417,100.0,1
56,79,196.0,100.0,98.22864347991003,1.7713565200899666,79.81525026286697,100.0,1
56,80,195.0,100.0,99.31416544363957,0.6858345563604331,80.9007722265965,100.0,1
56,81,194.0,100.0,98.13142157039394,1.8685784296060604,79.71802835335087,100.0,1
56,82,193.0,100.0,96.63638631134062,3.3636136886593846,78.22299309429755,100.0,1
56,83,192.0,100.0,95.95516643873422,4.044833561265776,77.54177322169116,100.0,1
56,84,191.0,100.0,100.0,0.0,81.58660678295693,100.0,1
56,85,190.0,100.0,100.0,0.0,81.58660678295693,100.0,1
56,86,189.0,100.0,100.0,0.0,81.58660678295693,100.0,1
56,87,188.0,100.0,98.92704787093795,1.0729521290620454,80.51365465389489,100.0,1
56,88,187.0,100.0,98.02265365707673,1.9773463429232692,79.60926044003367,100.0,1
56,89,186.0,100.0,99.38342232527988,0.6165776747201193,80.97002910823682,100.0,1
56,90,185.0,100.0,98.28845344456589,1.7115465554341114,79.87506022752282,100.0,1
56,91,184.0,100.0,100.0,0.0,81.58660678295693,100.0,1
56,92,183.0,100.0,100.0,0.0,81.58660678295693,100.0,1
56,93,182.0,100.0,100.0,0.0,81.58660678295693,100.0,1
56,94,181.0,100.0,100.0,0.0,81.58660678295693,100.0,1
56,95,180.0,100.0,100.0,0.0,81.58660678295693,100.0,1
56,96,179.0,100.0,97.78842388244504,2.211576117554955,79.37503066540198,100.0,1
56,97,178.0,100.0,93.25968932603597,6.740310673964032,74.8462961089929,100.0,1
56,98,177.0,100.0,98.370359480702,1.6296405192979933,79.95696626365894,100.0,1
56,99,176.0,100.0,99.01616664788556,0.9838333521144449,80.60277343084249,100.0,1
56,100,175.0,100.0,98.54172436658665,1.4582756334133506,80.12833114954358,100.0,1
56,101,174.0,100.0,100.0,0.0,81.58660678295693,100.0,1
56,102,173.0,100.0,100.0,0.0,81.58660678295693,100.0,1
56,103,172.0,100.0,98.81838376894258,1.1816162310574185,80.40499055189952,100.0,1
56,104,171.0,100.0,96.01383774039836,3.9861622596016417,77.60044452335529,100.0,1
56,105,170.0,100.0,96.32765835204968,3.6723416479503186,77.91426513500662,100.0,1
56,106,169.0,100.0,100.0,0.0,81.58660678295693,100.0,1
56,107,168.0,100.0,97.265494690731,2.7345053092689966,78.85210147368794,100.0,1
56,108,167.0,100.0,98.68501027986856,1.314989720131436,80.2716170628255,100.0,1
56,109,166.0,100.0,94.70763389582496,5.292366104175045,76.29424067878189,100.0,1
56,110,165.0,100.0,94.91789844851904,5.08210155148096,76.50450523147597,100.0,1
56,111,164.0,100.0,95.61318636120681,4.3868136387931855,77.19979314416375,100.0,1
56,112,163.0,100.0,99.3501321375475,0.6498678624524956,80.93673892050444,100.0,1
56,113,162.0,100.0,100.0,0.0,81.58660678295693,100.0,1
56,114,161.0,100.0,97.94047209190761,2.0595279080923916,79.52707887486454,100.0,1
56,115,160.0,100.0,97.20103351514506,2.798966484854944,78.78764029810199,100.0,1
56,116,159.0,100.0,93.55581389023568,6.444186109764317,75.14242067319262,100.0,1
56,117,158.0,100.0,93.34946792647568,6.650532073524317,74.93607470943262,100.0,1
56,118,157.0,100.0,93.96087970022727,6.039120299772733,75.5474864831842,100.0,1
56,119,156.0,100.0,93.00665519020217,6.993344809797833,74.5932619731591,100.0,1
56,120,155.0,100.0,90.13346135371476,9.866538646285235,71.7200681366717,100.0,1
56,121,154.0,100.0,87.38179651654885,12.618203483451154,68.96840329950578,100.0,1
56,122,153.0,100.0,89.12900665036288,10.870993349637118,70.71561343331982,100.0,1
56,123,152.0,100.0,88.17444618061728,11.82555381938272,69.76105296357422,100.0,1
56,124,151.0,100.0,87.6139199060577,12.386080093942297,69.20052668901464,100.0,1
56,125,150.0,100.0,87.83884683899143,12.16115316100857,69.42545362194836,100.0,1
56,126,149.0,100.0,89.75263386689404,10.247366133105956,71.33924064985098,100.0,1
56,127,148.0,100.0,91.34271253842745,8.657287461572551,72.92931932138438,100.0,1
56,128,147.0,100.0,94.08092754729863,5.919072452701371,75.66753433025556,100.0,1
56,129,146.0,100.0,94.63734020220474,5.36265979779526,76.22394698516167,100.0,1
56,130,145.0,100.0,92.92722323622503,7.072776763774968,74.51383001918197,100.0,1
56,131,144.0,100.0,96.45921372046391,3.5407862795360927,78.04582050342084,100.0,1
56,132,143.0,100.0,96.69572675113821,3.30427324886179,78.28233353409514,100.0,1
56,133,142.0,100.0,96.0917307726785,3.9082692273214974,77.67833755563544,100.0,1
56,134,141.0,100.0,92.68902213220234,7.310977867797661,74.27562891515927,100.0,1
56,135,140.0,100.0,93.72141840682391,6.278581593176085,75.30802518978085,100.0,1
56,136,139.0,100.0,94.0499547460235,5.950045253976498,75.63656152898044,100.0,1
56,137,138.0,100.0,91.53314684686892,8.466853153131083,73.11975362982585,100.0,1
56,138,137.0,100.0,90.30751702718918,9.692482972810822,71.89412381014611,100.0,1
56,139,136.0,100.0,93.49473668532166,6.505263314678345,75.08134346827859,100.0,1
56,140,135.0,100.0,93.59707205746471,6.402927942535285,75.18367884042165,100.0,1
56,141,134.0,100.0,93.69972927638963,6.300270723610367,75.28633605934657,100.0,1
56,142,133.0,100.0,91.76617953202783,8.233820467972166,73.35278631498477,100.0,1
56,143,132.0,100.0,87.44152847222908,12.55847152777092,69.02813525518602,100.0,1
56,144,131.0,100.0,92.35710798224792,7.642892017752075,73.94371476520486,100.0,1
56,145,130.0,100.0,90.14749288077098,9.852507119229017,71.73409966372792,100.0,1
56,146,129.0,100.0,89.15854105780154,10.841458942198457,70.74514784075848,100.0,1
56,147,128.0,100.0,90.64344070235138,9.356559297648616,72.23004748530832,100.0,1
56,148,127.0,100.0,90.34448575915806,9.655514240841939,71.931092542115,100.0,1
56,149,126.0,100.0,89.59627575848471,10.403724241515292,71.18288254144164,100.0,1
56,150,125.0,100.0,88.32529587601417,11.674704123985833,69.9119026589711,100.0,1
56,151,124.0,100.0,89.02676649018797,10.973233509812033,70.6133732731449,100.0,1
56,152,123.0,100.0,91.99756491991398,8.002435080086016,73.58417170287092,100.0,1
56,153,122.0,100.0,86.47440328649765,13.525596713502352,68.06101006945458,100.0,1
56,154,121.0,100.0,88.74917562995311,11.250824370046885,70.33578241291005,100.0,1
56,155,120.0,100.0,83.9939720595282,16.006027940471796,65.58057884248514,100.0,1
56,156,119.0,100.0,69.19661952054845,30.803380479451548,50.78322630350539,87.61001273759152,0
56,157,118.0,100.0,71.58387239100135,28.41612760899865,53.170479173958284,89.99726560804442,0
56,158,117.0,100.0,73.79236299960424,26.207637000395763,55.37896978256117,92.2057562166473,0
56,159,116.0,100.0,67.3966286658067,32.6033713341933,48.98323544876364,85.81002188284977,0
56,160,115.0,100.0,82.49514828157903,17.504851718420966,64.08175506453597,100.0,1
56,161,114.0,100.0,71.9453806689526,28.054619331047405,53.53198745190953,90.35877388599566,0
56,162,113.0,100.0,77.18881610416243,22.811183895837573,58.77542288711936,95.60220932120549,0
56,163,112.0,100.0,80.61710304071899,19.382896959281013,62.20370982367592,99.03049625776205,0
56,164,111.0,100.0,90.16545151054326,9.834548489456736,71.7520582935002,100.0,1
56,165,110.0,100.0,92.7835514276851,7.216448572314903,74.37015821064203,100.0,1
56,166,109.0,100.0,87.4933283014341,12.506671698565896,69.07993508439104,100.0,1
56,167,108.0,100.0,86.71811165855048,13.281888341449516,68.30471844150742,100.0,1
56,168,107.0,100.0,72.28385240699684,27.716147593003157,53.87045918995378,90.69724562403991,0
56,169,106.0,100.0,77.22541261047829,22.774587389521713,58.81201939343522,95.63880582752135,0
56,170,105.0,100.0,73.41358549434707,26.586414505652925,55.00019227730401,91.82697871139014,0
56,171,104.0,100.0,79.71295868250694,20.287041317493063,61.29956546546387,98.12635189955,0
56,172,103.0,100.0,72.83937253886258,27.160627461137423,54.42597932181951,91.25276575590564,0
56,173,102.0,100.0,76.39656205218462,23.60343794781538,57.983168835141555,94.80995526922769,0
56,174,101.0,100.0,69.29941484269891,30.70058515730109,50.88602162565584,87.71280805974197,0
56,175,100.0,100.0,73.06691706127869,26.933082938721313,54.65352384423562,91.48031027832175,0
56,176,99.0,99.0,72.43940265318597,26.560597346814035,54.0260094361429,90.85279587022903,0
56,177,98.0,98.0,72.48780229485418,25.512197705145823,54.07440907781111,90.90119551189724,0
56,178,97.0,97.0,73.7246823551918,23.275317644808197,55.31128913814874,92.13807557223487,0
56,179,96.0,96.0,73.84249724615547,22.157502753844526,55.42910402911241,92.25589046319854,0
56,180,95.0,95.0,74.56741236216467,20.432587637835326,56.15401914512161,92.98080557920774,0
56,181,94.0,94.0,76.99756160353355,17.002438396466445,58.58416838649049,95.41095482057662,1
56,182,93.0,93.0,76.2585448805888,16.7414551194112,57.845151663545735,94.67193809763187,1
56,183,92.0,92.0,73.376731460469,18.623268539530997,54.96333824342594,91.79012467751207,0
56,184,91.0,91.0,70.82057781997604,20.179422180023963,52.40718460293297,89.2339710370191,0
56,185,90.0,90.0,72.01518485449961,17.98481514550039,53.60179163745654,90.42857807154267,1
56,186,89.0,89.0,66.31437983024928,22.68562016975072,47.900986613206214,84.72777304729235,0
56,187,88.0,88.0,65.98270249706034,22.017297502939655,47.56930928001728,84.39609571410341,0
56,188,87.0,87.0,65.14504268366608,21.854957316333923,46.73164946662301,83.55843590070914,0
56,189,86.0,86.0,62.95392894737007,23.046071052629927,44.54053573032701,81.36732216441314,0
56,190,85.0,85.0,61.13569456124424,23.864305438755757,42.72230134420118,79.54908777828732,0
56,191,84.0,84.0,62.76303970617561,21.23696029382439,44.349646489132546,81.17643292321867,0
56,192,83.0,83.0,61.91564993223965,21.084350067760347,43.50225671519659,80.32904314928271,0
56,193,82.0,82.0,65.03916930849358,16.960830691506416,46.62577609145052,83.45256252553665,1
56,194,81.0,81.0,63.42860408280589,17.57139591719411,45.015210865762825,81.84199729984896,1
56,195,80.0,80.0,63.88263527350185,16.117364726498153,45.46924205645878,82.29602849054491,1
56,196,79.0,79.0,66.36356427250497,12.636435727495027,47.95017105546191,84.77695748954804,1
56,197,78.0,78.0,67.23068484089184,10.76931515910816,48.817291623848774,85.6440780579349,1
56,198,77.0,77.0,64.1048760878708,12.895123912129193,45.69148287082774,82.51826930491387,1
56,199,76.0,76.0,60.94168438444792,15.058315615552083,42.52829116740485,79.35507760149099,1
56,200,75.0,75.0,56.351315991858996,18.648684008141004,37.93792277481593,74.76470920890206,0
56,201,74.0,74.0,59.379517795781645,14.620482204218355,40.96612457873858,77.7929110128247,1
56,202,73.0,73.0,59.936499143710826,13.063500856289174,41.52310592666776,78.3498923607539,1
56,203,72.0,72.0,63.15527894006478,8.844721059935218,44.74188572302172,81.56867215710784,1
56,204,71.0,71.0,57.82520209553569,13.174797904464313,39.41180887849262,76.23859531257875,1
56,205,70.0,70.0,48.239285097276564,21.760714902723436,29.8258918802335,66.65267831431963,0
56,206,69.0,69.0,45.97142738100128,23.028572618998723,27.55803416395821,64.38482059804434,0
56,207,68.0,68.0,44.524182368995724,23.475817631004276,26.11078915195266,62.93757558603879,0
56,208,67.0,67.0,45.44904846527767,21.55095153472233,27.035655248234605,63.862441682320735,0
56,209,66.0,66.0,47.90507281844397,18.09492718155603,29.491679601400904,66.31846603548703,1
56,210,65.0,65.0,49.535515824926776,15.464484175073224,31.12212260788371,67.94890904196984,1
56,211,64.0,64.0,52.019553918634244,11.980446081365756,33.60616070159118,70.43294713567731,1
56,212,63.0,63.0,49.55685782562126,13.443142174378742,31.143464608578192,67.97025104266433,1
56,213,62.0,62.0,50.913451925877744,11.086548074122256,32.50005870883468,69.3268451429208,1
56,214,61.0,61.0,44.60811184100099,16.39188815899901,26.194718623957925,63.021505058044056,1
56,215,60.0,60.0,47.19026217383873,12.809737826161268,28.776868956795667,65.6036553908818,1
56,216,59.0,59.0,45.56701108114607,13.43298891885393,27.153617864103005,63.980404298189136,1
56,217,58.0,58.0,46.081317086926184,11.918682913073816,27.66792386988312,64.49471030396924,1
56,218,57.0,57.0,48.56663014458743,8.433369855412572,30.153236927544363,66.98002336163049,1
56,219,56.0,56.0,42.06174210754198,13.938257892458019,23.648348890498916,60.47513532458505,1
56,220,55.0,55.0,43.49176872192546,11.50823127807454,25.078375504882395,61.905161938968526,1
56,221,54.0,54.0,44.45041016291356,9.549589837086437,26.037016945870498,62.86380337995663,1
56,222,53.0,53.0,35.03913686375986,17.960863136240143,16.625743646716792,53.45253008080292,1
56,223,52.0,52.0,37.7118634810531,14.2881365189469,19.298470264010035,56.125256698096166,1
56,224,51.0,51.0,38.60463311693001,12.39536688306999,20.191239899886945,57.018026333973076,1
56,225,50.0,50.0,31.798542082665147,18.201457917334853,13.385148865622082,50.211935299708216,1
56,226,49.0,49.0,36.40282913850205,12.59717086149795,17.989435921458984,54.816222355545115,1
56,227,48.0,48.0,34.20470038293079,13.795299617069212,15.791307165887723,52.618093599973854,1
56,228,47.0,47.0,31.816894805289177,15.183105194710823,13.403501588246112,50.230288022332246,1
56,229,46.0,46.0,29.793737372858065,16.206262627141935,11.380344155815,48.207130589901126,1
56,230,45.0,45.0,29.17344532633837,15.82655467366163,10.760052109295305,47.58683854338143,1
56,231,44.0,44.0,30.133906655397492,13.866093344602508,11.720513438354427,48.54729987244056,1
56,232,43.0,43.0,25.303206143372346,17.696793856627654,6.889812926329281,43.716599360415415,1
56,233,42.0,42.0,25.492887083220207,16.507112916779793,7.079493866177142,43.906280300263276,1
56,234,41.0,41.0,21.72001335373682,19.27998664626318,3.3066201366937555,40.13340657077988,0
56,235,40.0,40.0,23.42168387784773,16.57831612215227,5.008290660804665,41.83507709489079,1
56,236,39.0,39.0,22.32243400831414,16.67756599168586,3.9090407912710745,40.735827225357205,1
56,237,38.0,38.0,21.305173289381152,16.694826710618848,2.8917800723380864,39.71856650642422,1
56,238,37.0,37.0,24.27226962540008,12.727730374599918,5.858876408357016,42.68566284244315,1
56,239,36.0,36.0,23.880925211613295,12.119074788386705,5.46753199457023,42.29431842865636,1
56,240,35.0,35.0,25.132495162370475,9.867504837629525,6.7191019453274095,43.54588837941354,1
56,241,34.0,34.0,21.36623727416204,12.633762725837961,2.9528440571189734,39.779630491205104,1
56,242,33.0,33.0,20.966961483010255,12.033038516989745,2.55356826596719,39.38035470005332,1
56,243,32.0,32.0,20.600187870346883,11.399812129653117,2.186794653303817,39.01358108738995,1
56,244,31.0,31.0,20.81534154679666,10.18465845320334,2.401948329753594,39.228734763839725,1
56,245,30.0,30.0,22.474074766535328,7.5259252334646725,4.060681549492262,40.88746798357839,1
56,246,29.0,29.0,23.18567980645377,5.81432019354623,4.7722865894107045,41.599073023496835,1
56,247,28.0,28.0,23.890236462776304,4.109763537223696,5.476843245733239,42.303629679819366,1
56,248,27.0,27.0,22.66982648305919,4.33017351694081,4.256433266016124,41.083219700102255,1
56,249,26.0,26.0,21.02402038736294,4.975979612637062,2.610627170319873,39.437413604406004,1
56,250,25.0,25.0,18.056574437636296,6.943425562363704,0.0,36.469967654679365,1
56,251,24.0,24.0,18.732596715626542,5.267403284373458,0.31920349858347663,37.14598993266961,1
56,252,23.0,23.0,14.321166444567902,8.678833555432098,0.0,32.734559661610966,1
56,253,22.0,22.0,11.72929263403129,10.27070736596871,0.0,30.142685851074354,1
56,254,21.0,21.0,11.948502934102587,9.051497065897413,0.0,30.36189615114565,1
56,255,20.0,20.0,12.265558173515876,7.734441826484124,0.0,30.678951390558943,1
56,256,19.0,19.0,15.521563099994953,3.478436900005047,0.0,33.934956317038015,1
56,257,18.0,18.0,12.148912036057919,5.851087963942081,0.0,30.562305253100984,1
56,258,17.0,17.0,9.99155693510093,7.008443064899071,0.0,28.404950152143996,1
56,259,16.0,16.0,14.186674943263743,1.8133250567362573,0.0,32.600068160306805,1
56,260,15.0,15.0,9.46473291603557,5.535267083964429,0.0,27.878126133078638,1
56,261,14.0,14.0,9.822827086690355,4.177172913309645,0.0,28.23622030373342,1
56,262,13.0,13.0,6.304568340984105,6.695431659015895,0.0,24.71796155802717,1
56,263,12.0,12.0,11.239926344397357,0.7600736556026426,0.0,29.653319561440423,1
56,264,11.0,11.0,9.939259309129687,1.060740690870313,0.0,28.352652526172754,1
56,265,10.0,10.0,7.011093124649318,2.988906875350682,0.0,25.424486341692383,1
56,266,9.0,9.0,7.153059579173452,1.8469404208265479,0.0,25.566452796216517,1
56,267,8.0,8.0,6.530520642456049,1.4694793575439506,0.0,24.943913859499116,1
56,268,7.0,7.0,3.2827071550971745,3.7172928449028255,0.0,21.69610037214024,1
56,269,6.0,6.0,6.345937709257195,0.34593770925719536,0.0,24.75933092630026,1
56,270,5.0,5.0,5.124182718665444,0.12418271866544384,0.0,23.53757593570851,1
56,271,4.0,4.0,7.432131207444626,3.432131207444626,0.0,25.845524424487692,1
56,272,3.0,3.0,7.790540149847744,4.790540149847744,0.0,26.20393336689081,1
56,273,2.0,2.0,7.980542318016122,5.980542318016122,0.0,26.393935535059185,1
56,274,1.0,1.0,3.4281405898424704,2.4281405898424704,0.0,21.841533806885536,1
56,275,0.0,0.0,7.897378199753806,7.897378199753806,0.0,26.31077141679687,1
70,1,136.0,100.0,100.0,0.0,81.58660678295693,100.0,1
70,2,135.0,100.0,100.0,0.0,81.58660678295693,100.0,1
70,3,134.0,100.0,100.0,0.0,81.58660678295693,100.0,1
70,4,133.0,100.0,100.0,0.0,81.58660678295693,100.0,1
70,5,132.0,100.0,100.0,0.0,81.58660678295693,100.0,1
70,6,131.0,100.0,100.0,0.0,81.58660678295693,100.0,1
70,7,130.0,100.0,97.65896819558816,2.341031804411841,79.2455749785451,100.0,1
70,8,129.0,100.0,98.68548966171159,1.3145103382884145,80.27209644466852,100.0,1
70,9,128.0,100.0,97.02105854560672,2.9789414543932793,78.60766532856366,100.0,1
70,10,127.0,100.0,95.88806754678072,4.111932453219282,77.47467432973765,100.0,1
70,11,126.0,100.0,97.96986929336602,2.030130706633983,79.55647607632295,100.0,1
70,12,125.0,100.0,93.55457000974978,6.445429990250219,75.14117679270672,100.0,1
70,13,124.0,100.0,94.49722411895893,5.5027758810410745,76.08383090191586,100.0,1
70,14,123.0,100.0,95.92506888790895,4.0749311120910505,77.51167567086588,100.0,1
70,15,122.0,100.0,99.91754281740728,0.08245718259271939,81.50414960036422,100.0,1
70,16,121.0,100.0,99.84532419506868,0.1546758049313155,81.43193097802562,100.0,1
70,17,120.0,100.0,97.14743786043432,2.852562139565677,78.73404464339126,100.0,1
70,18,119.0,100.0,93.71362898619836,6.2863710138016415,75.3002357691553,100.0,1
70,19,118.0,100.0,95.85081776559383,4.149182234406169,77.43742454855077,100.0,1
70,20,117.0,100.0,99.29838944410236,0.7016105558976449,80.88499622705929,100.0,1
70,21,116.0,100.0,99.30258416103979,0.697415838960211,80.88919094399672,100.0,1
70,22,115.0,100.0,94.97820762660484,5.021792373395158,76.56481440956178,100.0,1
70,23,114.0,100.0,95.49709038421268,4.502909615787317,77.08369716716962,100.0,1
70,24,113.0,100.0,95.96396366398595,4.03603633601405,77.55057044694288,100.0,1
70,25,112.0,100.0,96.50948793059024,3.4905120694097604,78.09609471354717,100.0,1
70,26,111.0,100.0,94.78955750365668,5.210442496343319,76.37616428661362,100.0,1
70,27,110.0,100.0,95.35569099625708,4.644309003742919,76.94229777921402,100.0,1
70,28,109.0,100.0,92.83424569183431,7.165754308165688,74.42085247479125,100.0,1
70,29,108.0,100.0,97.57945333111643,2.420546668883574,79.16606011407336,100.0,1
70,30,107.0,100.0,95.65644070510756,4.343559294892444,77.24304748806449,100.0,1
70,31,106.0,100.0,98.09135809726247,1.9086419027375285,79.6779648802194,100.0,1
70,32,105.0,100.0,97.9162092621561,2.0837907378438985,79.50281604511304,100.0,1
70,33,104.0,100.0,94.93244949201335,5.0675505079866525,76.51905627497028,100.0,1
70,34,103.0,100.0,95.81417322799568,4.185826772004319,77.40078001095262,100.0,1
70,35,102.0,100.0,95.92584238829824,4.074157611701764,77.51244917125517,100.0,1
70,36,101.0,100.0,97.75647860155767,2.2435213984423257,79.34308538451461,100.0,1
70,37,100.0,100.0,97.95329694584295,2.0467030541570495,79.53990372879989,100.0,1
70,38,99.0,99.0,96.64135520665063,2.35864479334937,78.22796198960756,100.0,1
70,39,98.0,98.0,91.32862154190052,6.671378458099483,72.91522832485745,100.0,1
70,40,97.0,97.0,95.4736117773467,1.5263882226532957,77.06021856030364,100.0,1
70,41,96.0,96.0,95.77515202830772,0.22484797169228443,77.36175881126465,100.0,1
70,42,95.0,95.0,98.36913846226177,3.3691384622617733,79.95574524521871,100.0,1
70,43,94.0,94.0,96.3660663859634,2.366066385963407,77.95267316892034,100.0,1
70,44,93.0,93.0,97.59105490145794,4.591054901457937,79.17766168441487,100.0,1
70,45,92.0,92.0,97.27253707778249,5.272537077782488,78.85914386073942,100.0,1
70,46,91.0,91.0,96.54841202830896,5.5484120283089595,78.1350188112659,100.0,1
70,47,90.0,90.0,88.88246549885781,1.1175345011421882,70.46907228181475,100.0,1
70,48,89.0,89.0,94.67005697344383,5.670056973443835,76.25666375640077,100.0,1
70,49,88.0,88.0,89.61793273184924,1.617932731849237,71.20453951480617,100.0,1
70,50,87.0,87.0,91.90795459164966,4.907954591649656,73.49456137460659,100.0,1
70,51,86.0,86.0,93.6992495791887,7.699249579188702,75.28585636214564,100.0,1
70,52,85.0,85.0,91.12243136234304,6.122431362343036,72.70903814529997,100.0,1
70,53,84.0,84.0,93.05230507139525,9.052305071395253,74.63891185435219,100.0,1
70,54,83.0,83.0,94.56895412740258,11.568954127402577,76.15556091035951,100.0,1
70,55,82.0,82.0,94.55718771786049,12.557187717860486,76.14379450081742,100.0,1
70,56,81.0,81.0,88.82727748741267,7.8272774874126725,70.4138842703696,100.0,1
70,57,80.0,80.0,86.65133206183457,6.651332061834566,68.2379388447915,100.0,1
70,58,79.0,79.0,79.44081118760927,0.4408111876092704,61.027417970566205,97.85420440465234,1
70,59,78.0,78.0,84.00011469429768,6.000114694297679,65.58672147725461,100.0,1
70,60,77.0,77.0,82.80121506695713,5.801215066957127,64.38782184991406,100.0,1
70,61,76.0,76.0,85.86090294356106,9.860902943561058,67.44750972651799,100.0,1
70,62,75.0,75.0,90.32915640132175,15.329156401321754,71.91576318427869,100.0,1
70,63,74.0,74.0,93.1799945338295,19.1799945338295,74.76660131678643,100.0,0
70,64,73.0,73.0,88.92507573395629,15.925075733956291,70.51168251691323,100.0,1
70,65,72.0,72.0,91.81837317173853,19.81837317173853,73.40497995469546,100.0,0
70,66,71.0,71.0,86.02200517112475,15.022005171124746,67.60861195408168,100.0,1
70,67,70.0,70.0,89.99621413047777,19.996214130477767,71.5828209134347,100.0,0
70,68,69.0,69.0,91.61047066730902,22.610470667309016,73.19707745026595,100.0,0
70,69,68.0,68.0,91.59797307432198,23.597973074321985,73.18457985727892,100.0,0
70,70,67.0,67.0,89.08920279196224,22.089202791962236,70.67580957491917,100.0,0
70,71,66.0,66.0,89.54576327468507,23.545763274685072,71.132370057642,100.0,0
70,72,65.0,65.0,87.46558884556956,22.465588845569556,69.05219562852649,100.0,0
70,73,64.0,64.0,85.71047277533717,21.710472775337166,67.2970795582941,100.0,0
70,74,63.0,63.0,90.30870356845757,27.308703568457574,71.89531035141451,100.0,0
70,75,62.0,62.0,93.10300991747917,31.10300991747917,74.6896167004361,100.0,0
70,76,61.0,61.0,91.91502328640837,30.91502328640837,73.5016300693653,100.0,0
70,77,60.0,60.0,90.47126396188688,30.471263961886876,72.05787074484381,100.0,0
70,78,59.0,59.0,93.42013178395747,34.42013178395747,75.00673856691441,100.0,0
70,79,58.0,58.0,91.47022695246125,33.470226952461246,73.05683373541818,100.0,0
70,80,57.0,57.0,92.15073939780972,35.150739397809716,73.73734618076665,100.0,0
70,81,56.0,56.0,93.00551552484939,37.005515524849386,74.59212230780632,100.0,0
70,82,55.0,55.0,89.50404162721871,34.50404162721871,71.09064841017565,100.0,0
70,83,54.0,54.0,91.48311232715203,37.48311232715203,73.06971911010896,100.0,0
70,84,53.0,53.0,89.8592234029346,36.8592234029346,71.44583018589154,100.0,0
70,85,52.0,52.0,93.03021753001752,41.030217530017524,74.61682431297446,100.0,0
70,86,51.0,51.0,93.32893231873172,42.32893231873172,74.91553910168865,100.0,0
70,87,50.0,50.0,91.3420356462798,41.3420356462798,72.92864242923673,100.0,0
70,88,49.0,49.0,83.5528929601588,34.5528929601588,65.13949974311573,100.0,0
70,89,48.0,48.0,91.51579772885148,43.51579772885148,73.10240451180842,100.0,0
70,90,47.0,47.0,89.51761279303291,42.51761279303291,71.10421957598984,100.0,0
70,91,46.0,46.0,87.13703713497117,41.137037134971166,68.7236439179281,100.0,0
70,92,45.0,45.0,78.57953991488256,33.57953991488256,60.166146697839494,96.99293313192562,0
70,93,44.0,44.0,74.61194164785427,30.611941647854266,56.1985484308112,93.02533486489733,0
70,94,43.0,43.0,73.25082831211229,30.25082831211229,54.837435095069225,91.66422152915536,0
70,95,42.0,42.0,74.02394560830551,32.02394560830551,55.610552391262445,92.43733882534858,0
70,96,41.0,41.0,70.94885046731102,29.94885046731102,52.53545725026795,89.36224368435408,0
70,97,40.0,40.0,62.29930955713139,22.299309557131387,43.88591634008832,80.71270277417446,0
70,98,39.0,39.0,53.28295985865006,14.28295985865006,34.869566641606994,71.69635307569312,1
70,99,38.0,38.0,50.65190766463809,12.651907664638088,32.23851444759502,69.06530088168115,1
70,100,37.0,37.0,50.28738194721472,13.287381947214719,31.873988730171654,68.70077516425778,1
70,101,36.0,36.0,49.39471651243861,13.394716512438613,30.981323295395548,67.80810972948169,1
70,102,35.0,35.0,44.48196589956219,9.48196589956219,26.068572682519125,62.895359116605256,1
70,103,34.0,34.0,44.190513457221606,10.190513457221606,25.77712024017854,62.60390667426467,1
70,104,33.0,33.0,28.60981145936045,4.390188540639549,10.196418242317385,47.023204676403516,1
70,105,32.0,32.0,30.019169958213595,1.9808300417864046,11.60577674117053,48.43256317525666,1
70,106,31.0,31.0,29.649406121718524,1.350593878281476,11.236012904675459,48.06279933876159,1
70,107,30.0,30.0,32.73056702911046,2.7305670291104605,14.317173812067395,51.143960246153526,1
70,108,29.0,29.0,36.221337961836184,7.221337961836184,17.80794474479312,54.63473117887925,1
70,109,28.0,28.0,36.38496974804032,8.38496974804032,17.971576530997254,54.798362965083385,1
70,110,27.0,27.0,28.996127769290908,1.9961277692909078,10.582734552247842,47.40952098633397,1
70,111,26.0,26.0,27.48651121318279,1.4865112131827907,9.073117996139725,45.89990443022586,1
70,112,25.0,25.0,27.827218176551533,2.8272181765515327,9.413824959508467,46.2406113935946,1
70,113,24.0,24.0,23.014497206947947,0.9855027930520528,4.601103989904882,41.427890423991016,1
70,114,23.0,23.0,23.749627914775562,0.7496279147755622,5.336234697732497,42.163021131818624,1
70,115,22.0,22.0,22.43249143377387,0.432491433773869,4.019098216730804,40.845884650816934,1
70,116,21.0,21.0,22.834079893106985,1.8340798931069848,4.420686676063919,41.247473110150054,1
70,117,20.0,20.0,23.860541628661885,3.8605416286618848,5.447148411618819,42.27393484570495,1
70,118,19.0,19.0,23.146604735470223,4.146604735470223,4.733211518427158,41.559997952513285,1
70,119,18.0,18.0,25.642501809172934,7.642501809172934,7.229108592129869,44.055895026216,1
70,120,17.0,17.0,24.604449921309474,7.604449921309474,6.191056704266408,43.01784313835254,1
70,121,16.0,16.0,25.27328684563749,9.27328684563749,6.859893628594424,43.68668006268055,1
70,122,15.0,15.0,24.038697874362544,9.038697874362544,5.625304657319479,42.452091091405606,1
70,123,14.0,14.0,24.2161109319515,10.216110931951501,5.802717714908436,42.62950414899457,1
70,124,13.0,13.0,18.756891367155493,5.756891367155493,0.3434981501124277,37.170284584198555,1
70,125,12.0,12.0,15.976601060213083,3.976601060213083,0.0,34.38999427725615,1
70,126,11.0,11.0,14.92408145571002,3.92408145571002,0.0,33.33747467275309,1
70,127,10.0,10.0,13.700523933517431,3.700523933517431,0.0,32.113917150560496,1
70,128,9.0,9.0,13.849385230961598,4.849385230961598,0.0,32.26277844800467,1
70,129,8.0,8.0,13.669804834470641,5.669804834470641,0.0,32.083198051513705,1
70,130,7.0,7.0,10.051823670116567,3.0518236701165673,0.0,28.465216887159634,1
70,131,6.0,6.0,9.501993465934815,3.501993465934815,0.0,27.915386682977882,1
70,132,5.0,5.0,4.984496256281581,0.015503743718419116,0.0,23.397889473324646,1
70,133,4.0,4.0,4.10517062573733,0.10517062573732971,0.0,22.518563842780395,1
70,134,3.0,3.0,3.1163359081901207,0.11633590819012074,0.0,21.529729125233185,1
70,135,2.0,2.0,2.1693823107678027,0.16938231076780275,0.0,20.582775527810867,1
70,136,1.0,1.0,1.2402119174561097,0.2402119174561097,0.0,19.653605134499173,1
70,137,0.0,0.0,1.304431653660588,1.304431653660588,0.0,19.71782487070365,1
71,1,207.0,100.0,100.0,0.0,81.58660678295693,100.0,1
71,2,206.0,100.0,99.28072277938242,0.7192772206175846,80.86732956233935,100.0,1
71,3,205.0,100.0,100.0,0.0,81.58660678295693,100.0,1
71,4,204.0,100.0,99.55015506905029,0.449844930949709,81.13676185200723,100.0,1
71,5,203.0,100.0,98.03150083301908,1.9684991669809193,79.61810761597602,100.0,1
71,6,202.0,100.0,100.0,0.0,81.58660678295693,100.0,1
71,7,201.0,100.0,100.0,0.0,81.58660678295693,100.0,1
71,8,200.0,100.0,100.0,0.0,81.58660678295693,100.0,1
71,9,199.0,100.0,100.0,0.0,81.58660678295693,100.0,1
71,10,198.0,100.0,100.0,0.0,81.58660678295693,100.0,1
71,11,197.0,100.0,100.0,0.0,81.58660678295693,100.0,1
71,12,196.0,100.0,100.0,0.0,81.58660678295693,100.0,1
71,13,195.0,100.0,99.82870822976277,0.1712917702372323,81.4153150127197,100.0,1
71,14,194.0,100.0,100.0,0.0,81.58660678295693,100.0,1
71,15,193.0,100.0,100.0,0.0,81.58660678295693,100.0,1
71,16,192.0,100.0,100.0,0.0,81.58660678295693,100.0,1
71,17,191.0,100.0,100.0,0.0,81.58660678295693,100.0,1
71,18,190.0,100.0,100.0,0.0,81.58660678295693,100.0,1
71,19,189.0,100.0,100.0,0.0,81.58660678295693,100.0,1
71,20,188.0,100.0,100.0,0.0,81.58660678295693,100.0,1
71,21,187.0,100.0,100.0,0.0,81.58660678295693,100.0,1
71,22,186.0,100.0,100.0,0.0,81.58660678295693,100.0,1
71,23,185.0,100.0,100.0,0.0,81.58660678295693,100.0,1
71,24,184.0,100.0,100.0,0.0,81.58660678295693,100.0,1
71,25,183.0,100.0,100.0,0.0,81.58660678295693,100.0,1
71,26,182.0,100.0,100.0,0.0,81.58660678295693,100.0,1
71,27,181.0,100.0,100.0,0.0,81.58660678295693,100.0,1
71,28,180.0,100.0,100.0,0.0,81.58660678295693,100.0,1
71,29,179.0,100.0,100.0,0.0,81.58660678295693,100.0,1
71,30,178.0,100.0,100.0,0.0,81.58660678295693,100.0,1
71,31,177.0,100.0,100.0,0.0,81.58660678295693,100.0,1
71,32,176.0,100.0,100.0,0.0,81.58660678295693,100.0,1
71,33,175.0,100.0,100.0,0.0,81.58660678295693,100.0,1
71,34,174.0,100.0,99.85974496894934,0.14025503105065695,81.44635175190628,100.0,1
71,35,173.0,100.0,100.0,0.0,81.58660678295693,100.0,1
71,36,172.0,100.0,100.0,0.0,81.58660678295693,100.0,1
71,37,171.0,100.0,97.11977212080548,2.8802278791945213,78.70637890376241,100.0,1
71,38,170.0,100.0,97.18806926109694,2.811930738903058,78.77467604405388,100.0,1
71,39,169.0,100.0,100.0,0.0,81.58660678295693,100.0,1
71,40,168.0,100.0,99.00680422772675,0.9931957722732534,80.59341101068368,100.0,1
71,41,167.0,100.0,95.79253853365672,4.2074614663432754,77.37914531661366,100.0,1
71,42,166.0,100.0,95.91803049482813,4.08196950517187,77.50463727778506,100.0,1
71,43,165.0,100.0,94.73019738521886,5.269802614781142,76.31680416817579,100.0,1
71,44,164.0,100.0,98.31521459444102,1.6847854055589835,79.90182137739795,100.0,1
71,45,163.0,100.0,96.3774140260962,3.6225859739037958,77.96402080905314,100.0,1
71,46,162.0,100.0,98.56629879246148,1.433701207538519,80.15290557541842,100.0,1
71,47,161.0,100.0,97.77683662415299,2.223163375847008,79.36344340710993,100.0,1
71,48,160.0,100.0,98.31219942647192,1.6878005735280794,79.89880620942886,100.0,1
71,49,159.0,100.0,98.29777701893312,1.7022229810668819,79.88438380189005,100.0,1
71,50,158.0,100.0,99.57664066831127,0.4233593316887294,81.1632474512682,100.0,1
71,51,157.0,100.0,98.79716113517212,1.202838864827882,80.38376791812905,100.0,1
71,52,156.0,100.0,99.173659789194,0.826340210805995,80.76026657215094,100.0,1
71,53,155.0,100.0,99.26797926711168,0.7320207328883157,80.85458605006862,100.0,1
71,54,154.0,100.0,99.37691800760567,0.6230819923943329,80.9635247905626,100.0,1
71,55,153.0,100.0,99.8936624232894,0.10633757671060096,81.48026920624633,100.0,1
71,56,152.0,100.0,99.57549102413996,0.4245089758600358,81.1620978070969,100.0,1
71,57,151.0,100.0,97.65586236481397,2.34413763518603,79.2424691477709,100.0,1
71,58,150.0,100.0,96.83963821494548,3.160361785054519,78.42624499790242,100.0,1
71,59,149.0,100.0,96.11212957779784,3.8878704222021554,77.69873636075478,100.0,1
71,60,148.0,100.0,97.20263208754523,2.7973679124547743,78.78923887050216,100.0,1
71,61,147.0,100.0,96.03096578720744,3.9690342127925646,77.61757257016437,100.0,1
71,62,146.0,100.0,100.0,0.0,81.58660678295693,100.0,1
71,63,145.0,100.0,100.0,0.0,81.58660678295693,100.0,1
71,64,144.0,100.0,97.83890868731196,2.1610913126880433,79.42551547026889,100.0,1
71,65,143.0,100.0,97.03958967051925,2.9604103294807516,78.62619645347618,100.0,1
71,66,142.0,100.0,97.75421868426074,2.245781315739265,79.34082546721767,100.0,1
71,67,141.0,100.0,98.06602091129764,1.9339790887023582,79.65262769425458,100.0,1
71,68,140.0,100.0,97.02420366340962,2.9757963365903777,78.61081044636656,100.0,1
71,69,139.0,100.0,97.85048380380567,2.1495161961943268,79.43709058676261,100.0,1
71,70,138.0,100.0,98.3482780588813,1.6517219411186943,79.93488484183824,100.0,1
71,71,137.0,100.0,97.42526420744687,2.5747357925531276,79.0118709904038,100.0,1
71,72,136.0,100.0,95.23015306961258,4.769846930387416,76.81675985256952,100.0,1
71,73,135.0,100.0,97.30683614180408,2.6931638581959163,78.89344292476102,100.0,1
71,74,134.0,100.0,98.18041051282461,1.8195894871753922,79.76701729578154,100.0,1
71,75,133.0,100.0,95.58466649103732,4.415333508962675,77.17127327399426,100.0,1
71,76,132.0,100.0,94.70095498364536,5.29904501635464,76.2875617666023,100.0,1
71,77,131.0,100.0,96.60296055203801,3.397039447961987,78.18956733499495,100.0,1
71,78,130.0,100.0,95.00392199349184,4.9960780065081565,76.59052877644878,100.0,1
71,79,129.0,100.0,95.87548520863278,4.124514791367218,77.46209199158972,100.0,1
71,80,128.0,100.0,94.1580488830136,5.841951116986394,75.74465566597054,100.0,1
71,81,127.0,100.0,93.07145441841878,6.9285455815812185,74.65806120137572,100.0,1
71,82,126.0,100.0,91.20243884499097,8.797561155009035,72.7890456279479,100.0,1
71,83,125.0,100.0,89.77836454981345,10.221635450186554,71.36497133277038,100.0,1
71,84,124.0,100.0,88.3953442343012,11.604655765698794,69.98195101725814,100.0,1
71,85,123.0,100.0,81.86937549658438,18.130624503415618,63.45598227954132,100.0,1
71,86,122.0,100.0,83.53865275526968,16.46134724473032,65.12525953822662,100.0,1
71,87,121.0,100.0,87.52887667196586,12.471123328034139,69.1154834549228,100.0,1
71,88,120.0,100.0,88.44369074454093,11.55630925545907,70.03029752749786,100.0,1
71,89,119.0,100.0,88.52360160648534,11.476398393514657,70.11020838944228,100.0,1
71,90,118.0,100.0,89.00186368000361,10.99813631999639,70.58847046296054,100.0,1
71,91,117.0,100.0,90.77674424823536,9.22325575176464,72.3633510311923,100.0,1
71,92,116.0,100.0,91.40690379610696,8.59309620389304,72.9935105790639,100.0,1
71,93,115.0,100.0,86.71158774564475,13.28841225435525,68.29819452860168,100.0,1
71,94,114.0,100.0,96.00451739506444,3.9954826049355603,77.59112417802137,100.0,1
71,95,113.0,100.0,96.86922678179144,3.13077321820856,78.45583356474837,100.0,1
71,96,112.0,100.0,96.59492201851423,3.405077981485775,78.18152880147116,100.0,1
71,97,111.0,100.0,100.0,0.0,81.58660678295693,100.0,1
71,98,110.0,100.0,100.0,0.0,81.58660678295693,100.0,1
71,99,109.0,100.0,100.0,0.0,81.58660678295693,100.0,1
71,100,108.0,100.0,100.0,0.0,81.58660678295693,100.0,1
71,101,107.0,100.0,100.0,0.0,81.58660678295693,100.0,1
71,102,106.0,100.0,100.0,0.0,81.58660678295693,100.0,1
71,103,105.0,100.0,100.0,0.0,81.58660678295693,100.0,1
71,104,104.0,100.0,100.0,0.0,81.58660678295693,100.0,1
71,105,103.0,100.0,100.0,0.0,81.58660678295693,100.0,1
71,106,102.0,100.0,100.0,0.0,81.58660678295693,100.0,1
71,107,101.0,100.0,97.3355068639624,2.6644931360376063,78.92211364691933,100.0,1
71,108,100.0,100.0,100.0,0.0,81.58660678295693,100.0,1
71,109,99.0,99.0,100.0,1.0,81.58660678295693,100.0,1
71,110,98.0,98.0,100.0,2.0,81.58660678295693,100.0,1
71,111,97.0,97.0,97.85911828082804,0.8591182808280422,79.44572506378498,100.0,1
71,112,96.0,96.0,98.27641513260258,2.2764151326025797,79.86302191555951,100.0,1
71,113,95.0,95.0,100.0,5.0,81.58660678295693,100.0,1
71,114,94.0,94.0,100.0,6.0,81.58660678295693,100.0,1
71,115,93.0,93.0,99.52721755806229,6.52721755806229,81.11382434101922,100.0,1
71,116,92.0,92.0,99.50986094029301,7.509860940293009,81.09646772324994,100.0,1
71,117,91.0,91.0,96.68965852909768,5.689658529097684,78.27626531205462,100.0,1
71,118,90.0,90.0,93.43248712227512,3.43248712227512,75.01909390523205,100.0,1
71,119,89.0,89.0,94.15565597394509,5.155655973945088,75.74226275690202,100.0,1
71,120,88.0,88.0,97.26501513515899,9.26501513515899,78.85162191811592,100.0,1
71,121,87.0,87.0,96.4631614454871,9.463161445487103,78.04976822844404,100.0,1
71,122,86.0,86.0,95.71738613592602,9.71738613592602,77.30399291888295,100.0,1
71,123,85.0,85.0,87.99116801881307,2.9911680188130703,69.57777480177,100.0,1
71,124,84.0,84.0,85.09100233983284,1.0910023398328406,66.67760912278978,100.0,1
71,125,83.0,83.0,88.10667591159894,5.106675911598941,69.69328269455588,100.0,1
71,126,82.0,82.0,88.70126864949202,6.701268649492022,70.28787543244896,100.0,1
71,127,81.0,81.0,74.06012461688537,6.939875383114625,55.64673139984231,92.47351783392844,1
71,128,80.0,80.0,80.18080223320092,0.1808022332009216,61.767409016157856,98.59419545024399,1
71,129,79.0,79.0,79.96925846177794,0.9692584617779403,61.555865244734875,98.382651678821,1
71,130,78.0,78.0,77.75815133378842,0.24184866621158108,59.34475811674535,96.17154455083148,1
71,131,77.0,77.0,81.58974692160594,4.589746921605936,63.17635370456287,100.0,1
71,132,76.0,76.0,84.58547329899767,8.58547329899767,66.1720800819546,100.0,1
71,133,75.0,75.0,78.79668310235004,3.7966831023500447,60.38328988530698,97.21007631939311,1
71,134,74.0,74.0,83.66567840727039,9.665678407270391,65.25228519022733,100.0,1
71,135,73.0,73.0,77.34911423022092,4.34911423022092,58.935721013177854,95.76250744726399,1
71,136,72.0,72.0,79.63762224938374,7.637622249383739,61.22422903234067,98.0510154664268,1
71,137,71.0,71.0,71.22120513932596,0.22120513932595998,52.807811922282895,89.63459835636903,1
71,138,70.0,70.0,76.6057583225013,6.605758322501302,58.19236510545824,95.01915153954437,1
71,139,69.0,69.0,79.19478772056759,10.19478772056759,60.781394503524524,97.60818093761065,1
71,140,68.0,68.0,79.16839328009742,11.168393280097419,60.755000063054354,97.58178649714048,1
71,141,67.0,67.0,78.80066168154366,11.800661681543659,60.38726846450059,97.21405489858672,1
71,142,66.0,66.0,77.6406998042619,11.6406998042619,59.227306587218834,96.05409302130496,1
71,143,65.0,65.0,76.9160341016708,11.916034101670803,58.50264088462774,95.32942731871387,1
71,144,64.0,64.0,74.43259512591138,10.432595125911376,56.01920190886831,92.84598834295444,1
71,145,63.0,63.0,75.3494174759486,12.349417475948599,56.93602425890553,93.76281069299166,1
71,146,62.0,62.0,73.08972758301768,11.089727583017677,54.67633436597461,91.50312080006074,1
71,147,61.0,61.0,71.98256482528079,10.98256482528079,53.569171608237724,90.39595804232385,1
71,148,60.0,60.0,75.6153496970341,15.615349697034105,57.20195647999104,94.02874291407717,1
71,149,59.0,59.0,74.5799806058083,15.579980605808302,56.16658738876524,92.99337382285137,1
71,150,58.0,58.0,71.03646395527842,13.036463955278421,52.623070738235356,89.44985717232149,1
71,151,57.0,57.0,71.8852311589191,14.885231158919098,53.47183794187603,90.29862437596216,1
71,152,56.0,56.0,69.75277745198836,13.752777451988365,51.3393842349453,88.16617066903143,1
71,153,55.0,55.0,68.1628669851136,13.162866985113595,49.74947376807053,86.57626020215666,1
71,154,54.0,54.0,70.21834994883842,16.218349948838423,51.80495673179536,88.63174316588149,1
71,155,53.0,53.0,59.21208880042144,6.212088800421441,40.798695583378375,77.6254820174645,1
71,156,52.0,52.0,63.948835550155636,11.948835550155636,45.53544233311257,82.3622287671987,1
71,157,51.0,51.0,59.069099848476014,8.069099848476014,40.65570663143295,77.48249306551908,1
71,158,50.0,50.0,56.73724499834996,6.737244998349958,38.32385178130689,75.15063821539303,1
71,159,49.0,49.0,55.81231156295986,6.812311562959863,37.3989183459168,74.22570478000293,1
71,160,48.0,48.0,52.373806740479424,4.373806740479424,33.96041352343636,70.78719995752249,1
71,161,47.0,47.0,48.896578355012394,1.8965783550123945,30.48318513796933,67.30997157205546,1
71,162,46.0,46.0,55.40529300774052,9.405293007740518,36.99189979069745,73.81868622478359,1
71,163,45.0,45.0,46.18835824704361,1.1883582470436096,27.774965030000544,64.60175146408668,1
71,164,44.0,44.0,51.989724228099426,7.989724228099426,33.57633101105636,70.4031174451425,1
71,165,43.0,43.0,46.7825328356423,3.7825328356423,28.369139618599235,65.19592605268537,1
71,166,42.0,42.0,42.419318781616816,0.41931878161681624,24.00592556457375,60.83271199865988,1
71,167,41.0,41.0,41.99534424664408,0.9953442466440805,23.581951029601015,60.408737463687146,1
71,168,40.0,40.0,36.57747016460816,3.422529835391842,18.164076947565093,54.990863381651224,1
71,169,39.0,39.0,41.02463136938134,2.024631369381339,22.611238152338274,59.438024586424405,1
71,170,38.0,38.0,47.11921560062759,9.11921560062759,28.705822383584525,65.53260881767065,1
71,171,37.0,37.0,45.53655746174055,8.53655746174055,27.123164244697485,63.949950678783615,1
71,172,36.0,36.0,46.64444478017771,10.644444780177707,28.231051563134642,65.05783799722077,1
71,173,35.0,35.0,42.03227142711504,7.032271427115042,23.618878210071976,60.44566464415811,1
71,174,34.0,34.0,41.00413861326288,7.004138613262882,22.590745396219816,59.41753183030595,1
71,175,33.0,33.0,32.34502538825439,0.6549746117456081,13.931632171211326,50.75841860529746,1
71,176,32.0,32.0,30.822559257212816,1.1774407427871836,12.409166040169751,49.23595247425588,1
71,177,31.0,31.0,31.10432786827398,0.10432786827398033,12.690934651230915,49.51772108531705,1
71,178,30.0,30.0,29.632680357233404,0.3673196427665957,11.219287140190339,48.04607357427647,1
71,179,29.0,29.0,29.24783418900414,0.24783418900414134,10.834440971961076,47.6612274060472,1
71,180,28.0,28.0,30.709052289798148,2.709052289798148,12.295659072755083,49.12244550684122,1
71,181,27.0,27.0,29.034479010971662,2.034479010971662,10.621085793928597,47.44787222801473,1
71,182,26.0,26.0,24.731795605364056,1.2682043946359443,6.31840238832099,43.14518882240712,1
71,183,25.0,25.0,19.763780651194562,5.236219348805438,1.3503874341514965,38.17717386823763,1
71,184,24.0,24.0,20.66970850719013,3.33029149280987,2.2563152901470644,39.083101724233195,1
71,185,23.0,23.0,19.28590899536468,3.7140910046353213,0.8725157783216133,37.699302212407744,1
71,186,22.0,22.0,18.609185371860463,3.3908146281395375,0.1957921548173971,37.02257858890353,1
71,187,21.0,21.0,22.103159786417606,1.1031597864176064,3.689766569374541,40.51655300346067,1
71,188,20.0,20.0,21.647134189459297,1.6471341894592975,3.233740972416232,40.06052740650236,1
71,189,19.0,19.0,20.2288507759962,1.2288507759962002,1.8154575589531348,38.642243993039266,1
71,190,18.0,18.0,17.765202086090518,0.2347979139094818,0.0,36.178595303133584,1
71,191,17.0,17.0,16.839132295068527,0.16086770493147284,0.0,35.25252551211159,1
71,192,16.0,16.0,18.848871415414017,2.848871415414017,0.4354781983709515,37.26226463245708,1
71,193,15.0,15.0,18.832169759738342,3.832169759738342,0.41877654269527653,37.24556297678141,1
71,194,14.0,14.0,18.818218474863734,4.818218474863734,0.4048252578206686,37.2316116919068,1
71,195,13.0,13.0,20.527802892545417,7.527802892545417,2.114409675502351,38.94119610958848,1
71,196,12.0,12.0,14.582935251234622,2.5829352512346215,0.0,32.99632846827769,1
71,197,11.0,11.0,15.935279045784727,4.935279045784727,0.0,34.34867226282779,1
71,198,10.0,10.0,17.53206234121719,7.532062341217191,0.0,35.94545555826026,1
71,199,9.0,9.0,18.483574699692685,9.483574699692685,0.07018148264961965,36.89696791673575,1
71,200,8.0,8.0,17.36058698595689,9.360586985956889,0.0,35.77398020299995,1
71,201,7.0,7.0,14.636471520717237,7.636471520717237,0.0,33.0498647377603,1
71,202,6.0,6.0,15.347175985370317,9.347175985370317,0.0,33.76056920241338,1
71,203,5.0,5.0,13.655093547628116,8.655093547628116,0.0,32.06848676467118,1
71,204,4.0,4.0,10.666967590978354,6.666967590978354,0.0,29.080360808021418,1
71,205,3.0,3.0,9.8649196027387,6.8649196027387,0.0,28.278312819781767,1
71,206,2.0,2.0,6.64000283405156,4.64000283405156,0.0,25.053396051094627,1
71,207,1.0,1.0,3.8011964660792676,2.8011964660792676,0.0,22.214589683122334,1
71,208,0.0,0.0,1.550880866225663,1.550880866225663,0.0,19.964274083268727,1
73,1,212.0,100.0,94.45861415254548,5.541385847454521,76.04522093550241,100.0,1
73,2,211.0,100.0,84.32107584592038,15.678924154079624,65.90768262887731,100.0,1
73,3,210.0,100.0,93.66647672422928,6.333523275770716,75.25308350718622,100.0,1
73,4,209.0,100.0,95.95394883799604,4.0460511620039625,77.54055562095297,100.0,1
73,5,208.0,100.0,85.04236806953493,14.95763193046507,66.62897485249187,100.0,1
73,6,207.0,100.0,84.56212622126802,15.437873778731984,66.14873300422495,100.0,1
73,7,206.0,100.0,95.1932726365863,4.8067273634136995,76.77987941954324,100.0,1
73,8,205.0,100.0,94.85382561341895,5.146174386581052,76.44043239637588,100.0,1
73,9,204.0,100.0,100.0,0.0,81.58660678295693,100.0,1
73,10,203.0,100.0,100.0,0.0,81.58660678295693,100.0,1
73,11,202.0,100.0,98.8715129492064,1.128487050793595,80.45811973216334,100.0,1
73,12,201.0,100.0,100.0,0.0,81.58660678295693,100.0,1
73,13,200.0,100.0,100.0,0.0,81.58660678295693,100.0,1
73,14,199.0,100.0,100.0,0.0,81.58660678295693,100.0,1
73,15,198.0,100.0,100.0,0.0,81.58660678295693,100.0,1
73,16,197.0,100.0,100.0,0.0,81.58660678295693,100.0,1
73,17,196.0,100.0,100.0,0.0,81.58660678295693,100.0,1
73,18,195.0,100.0,100.0,0.0,81.58660678295693,100.0,1
73,19,194.0,100.0,100.0,0.0,81.58660678295693,100.0,1
73,20,193.0,100.0,100.0,0.0,81.58660678295693,100.0,1
73,21,192.0,100.0,100.0,0.0,81.58660678295693,100.0,1
73,22,191.0,100.0,100.0,0.0,81.58660678295693,100.0,1
73,23,190.0,100.0,100.0,0.0,81.58660678295693,100.0,1
73,24,189.0,100.0,100.0,0.0,81.58660678295693,100.0,1
73,25,188.0,100.0,100.0,0.0,81.58660678295693,100.0,1
73,26,187.0,100.0,100.0,0.0,81.58660678295693,100.0,1
73,27,186.0,100.0,100.0,0.0,81.58660678295693,100.0,1
73,28,185.0,100.0,100.0,0.0,81.58660678295693,100.0,1
73,29,184.0,100.0,100.0,0.0,81.58660678295693,100.0,1
73,30,183.0,100.0,100.0,0.0,81.58660678295693,100.0,1
73,31,182.0,100.0,100.0,0.0,81.58660678295693,100.0,1
73,32,181.0,100.0,100.0,0.0,81.58660678295693,100.0,1
73,33,180.0,100.0,100.0,0.0,81.58660678295693,100.0,1
73,34,179.0,100.0,100.0,0.0,81.58660678295693,100.0,1
73,35,178.0,100.0,100.0,0.0,81.58660678295693,100.0,1
73,36,177.0,100.0,100.0,0.0,81.58660678295693,100.0,1
73,37,176.0,100.0,100.0,0.0,81.58660678295693,100.0,1
73,38,175.0,100.0,99.30617576370479,0.6938242362952138,80.89278254666172,100.0,1
73,39,174.0,100.0,100.0,0.0,81.58660678295693,100.0,1
73,40,173.0,100.0,100.0,0.0,81.58660678295693,100.0,1
73,41,172.0,100.0,100.0,0.0,81.58660678295693,100.0,1
73,42,171.0,100.0,100.0,0.0,81.58660678295693,100.0,1
73,43,170.0,100.0,97.1280076143675,2.8719923856324954,78.71461439732444,100.0,1
73,44,169.0,100.0,95.210572608132,4.789427391868003,76.79717939108893,100.0,1
73,45,168.0,100.0,87.00623688620085,12.993763113799147,68.59284366915779,100.0,1
73,46,167.0,100.0,91.7856695232983,8.214330476701704,73.37227630625523,100.0,1
73,47,166.0,100.0,87.3342340513293,12.665765948670696,68.92084083428624,100.0,1
73,48,165.0,100.0,94.42192473669101,5.578075263308989,76.00853151964795,100.0,1
73,49,164.0,100.0,96.08622524066377,3.913774759336235,77.6728320236207,100.0,1
73,50,163.0,100.0,98.28654228735289,1.7134577126471129,79.87314907030982,100.0,1
73,51,162.0,100.0,99.24992827542971,0.7500717245702901,80.83653505838664,100.0,1
73,52,161.0,100.0,100.0,0.0,81.58660678295693,100.0,1
73,53,160.0,100.0,97.75263289261714,2.247367107382857,79.33923967557408,100.0,1
73,54,159.0,100.0,97.27422239724561,2.725777602754391,78.86082918020254,100.0,1
73,55,158.0,100.0,98.03277759220431,1.9672224077956884,79.61938437516125,100.0,1
73,56,157.0,100.0,97.20062381635911,2.799376183640888,78.78723059931605,100.0,1
73,57,156.0,100.0,93.17842785177622,6.82157214822378,74.76503463473315,100.0,1
73,58,155.0,100.0,90.56776523115678,9.432234768843216,72.15437201411372,100.0,1
73,59,154.0,100.0,93.36312076339395,6.636879236606049,74.94972754635089,100.0,1
73,60,153.0,100.0,86.36845161904436,13.631548380955635,67.9550584020013,100.0,1
73,61,152.0,100.0,87.32103318408434,12.678966815915658,68.90763996704128,100.0,1
73,62,151.0,100.0,83.97600842978508,16.023991570214918,65.56261521274202,100.0,1
73,63,150.0,100.0,85.66309495088096,14.33690504911904,67.2497017338379,100.0,1
73,64,149.0,100.0,88.33243226452518,11.667567735474819,69.91903904748212,100.0,1
73,65,148.0,100.0,79.0327277298528,20.967272270147205,60.61933451280973,97.44612094689586,0
73,66,147.0,100.0,76.35478563711001,23.645214362889988,57.94139242006695,94.76817885415308,0
73,67,146.0,100.0,73.10198377981237,26.89801622018763,54.688590562769306,91.51537699685544,0
73,68,145.0,100.0,78.19114646469362,21.808853535306383,59.77775324765055,96.60453968173668,0
73,69,144.0,100.0,76.28017560241517,23.71982439758483,57.866782385372105,94.69356881945824,0
73,70,143.0,100.0,80.78193627452887,19.218063725471126,62.36854305748581,99.19532949157194,0
73,71,142.0,100.0,79.14733192311327,20.85266807688673,60.733938706070205,97.56072514015634,0
73,72,141.0,100.0,82.73639781176662,17.263602188233378,64.32300459472356,100.0,1
73,73,140.0,100.0,81.3005726581882,18.6994273418118,62.887179441145136,99.71396587523127,0
73,74,139.0,100.0,78.79248116360345,21.207518836396545,60.37908794656039,97.20587438064652,0
73,75,138.0,100.0,77.51194852474826,22.488051475251737,59.0985553077052,95.92534174179133,0
73,76,137.0,100.0,77.04541700909982,22.954582990900178,58.632023792056756,95.45881022614289,0
73,77,136.0,100.0,73.81715023055988,26.182849769440125,55.40375701351681,92.23054344760294,0
73,78,135.0,100.0,84.4022893924602,15.597710607539796,65.98889617541714,100.0,1
73,79,134.0,100.0,84.69287640641743,15.307123593582574,66.27948318937436,100.0,1
73,80,133.0,100.0,87.61832553149071,12.381674468509289,69.20493231444765,100.0,1
73,81,132.0,100.0,89.55152963830481,10.448470361695186,71.13813642126175,100.0,1
73,82,131.0,100.0,90.05209546538886,9.94790453461114,71.6387022483458,100.0,1
73,83,130.0,100.0,91.3114057946818,8.688594205318196,72.89801257763874,100.0,1
73,84,129.0,100.0,90.22604775653686,9.773952243463143,71.81265453949379,100.0,1
73,85,128.0,100.0,88.93297174338599,11.067028256614009,70.51957852634293,100.0,1
73,86,127.0,100.0,93.29838959415315,6.70161040584685,74.88499637711008,100.0,1
73,87,126.0,100.0,91.94339275911676,8.056607240883238,73.5299995420737,100.0,1
73,88,125.0,100.0,89.23030299683676,10.769697003163245,70.81690977979369,100.0,1
73,89,124.0,100.0,90.51052478858135,9.48947521141865,72.09713157153828,100.0,1
73,90,123.0,100.0,92.39368390727633,7.606316092723674,73.98029069023326,100.0,1
73,91,122.0,100.0,90.01336386082593,9.986636139174067,71.59997064378287,100.0,1
73,92,121.0,100.0,89.76565148429574,10.234348515704255,71.35225826725268,100.0,1
73,93,120.0,100.0,87.09188571405635,12.908114285943654,68.67849249701328,100.0,1
73,94,119.0,100.0,88.60369037193038,11.396309628069616,70.19029715488732,100.0,1
73,95,118.0,100.0,89.7519607610926,10.248039238907396,71.33856754404954,100.0,1
73,96,117.0,100.0,93.04395210211794,6.956047897882058,74.63055888507488,100.0,1
73,97,116.0,100.0,87.53736809373054,12.462631906269465,69.12397487668747,100.0,1
73,98,115.0,100.0,88.66567376789516,11.334326232104843,70.25228055085209,100.0,1
73,99,114.0,100.0,91.1985937139422,8.801406286057798,72.78520049689914,100.0,1
73,100,113.0,100.0,89.54122526907491,10.458774730925086,71.12783205203185,100.0,1
73,101,112.0,100.0,86.99475455697434,13.005245443025657,68.58136133993128,100.0,1
73,102,111.0,100.0,95.78008208637132,4.219917913628677,77.36668886932826,100.0,1
73,103,110.0,100.0,87.37917315549237,12.620826844507633,68.9657799384493,100.0,1
73,104,109.0,100.0,85.9605557251846,14.039444274815395,67.54716250814154,100.0,1
73,105,108.0,100.0,84.96933367835466,15.030666321645342,66.5559404613116,100.0,1
73,106,107.0,100.0,86.83172461602041,13.16827538397959,68.41833139897734,100.0,1
73,107,106.0,100.0,81.28979605094956,18.710203949050438,62.876402833906496,99.70318926799263,0
73,108,105.0,100.0,85.69237324433051,14.307626755669489,67.27898002728745,100.0,1
73,109,104.0,100.0,78.25058118358214,21.749418816417858,59.83718796653908,96.66397440062521,0
73,110,103.0,100.0,79.38028622435523,20.61971377564477,60.966893007312166,97.7936794413983,0
73,111,102.0,100.0,89.19592231421429,10.804077685785714,70.78252909717122,100.0,1
73,112,101.0,100.0,88.86320947950843,11.136790520491573,70.44981626246536,100.0,1
73,113,100.0,100.0,82.84220638793256,17.157793612067437,64.4288131708895,100.0,1
73,114,99.0,99.0,74.75062218593345,24.24937781406655,56.337228968890386,93.16401540297652,0
73,115,98.0,98.0,72.65744889712511,25.342551102874893,54.24405568008204,91.07084211416817,0
73,116,97.0,97.0,71.78900598698658,25.21099401301342,53.375612769943515,90.20239920402965,0
73,117,96.0,96.0,74.92631745512189,21.07368254487811,56.512924238078824,93.33971067216495,0
73,118,95.0,95.0,77.84095709647572,17.15904290352428,59.427563879432654,96.25435031351878,1
73,119,94.0,94.0,80.2947838678714,13.705216132128598,61.88139065082834,98.70817708491447,1
73,120,93.0,93.0,75.92791110599241,17.072088894007592,57.51451788894934,94.34130432303547,1
73,121,92.0,92.0,74.10176754099139,17.89823245900861,55.688374323948324,92.51516075803445,1
73,122,91.0,91.0,73.94066320536236,17.059336794637645,55.52726998831929,92.35405642240542,1
73,123,90.0,90.0,76.4406369971112,13.559363002888801,58.02724378006813,94.85403021415426,1
73,124,89.0,89.0,76.8114704986479,12.188529501352093,58.39807728160484,95.22486371569097,1
73,125,88.0,88.0,70.166877582221,17.833122417778995,51.75348436517794,88.58027079926407,1
73,126,87.0,87.0,71.89372644350895,15.106273556491047,53.48033322646589,90.30711966055202,1
73,127,86.0,86.0,75.57363417936068,10.426365820639319,57.160240962317616,93.98702739640375,1
73,128,85.0,85.0,72.8977251861692,12.102274813830803,54.48433196912613,91.31111840321226,1
73,129,84.0,84.0,72.65636831643157,11.343631683568432,54.2429750993885,91.06976153347463,1
73,130,83.0,83.0,71.61996056552856,11.380039434471442,53.20656734848549,90.03335378257162,1
73,131,82.0,82.0,72.23324518674104,9.766754813258956,53.81985196969798,90.64663840378411,1
73,132,81.0,81.0,59.12508671859836,21.87491328140164,40.711693501555295,77.53847993564142,0
73,133,80.0,80.0,54.97754556354951,25.022454436450488,36.56415234650645,73.39093878059258,0
73,134,79.0,79.0,54.74634498710734,24.253655012892658,36.33295177006428,73.15973820415041,0
73,135,78.0,78.0,53.27599364236165,24.724006357638352,34.86260042531858,71.68938685940472,0
73,136,77.0,77.0,50.27116804451537,26.72883195548463,31.857774827472305,68.68456126155843,0
73,137,76.0,76.0,53.958387557773605,22.041612442226395,35.54499434073054,72.37178077481667,0
73,138,75.0,75.0,57.3307617811612,17.6692382188388,38.917368564118135,75.74415499820427,1
73,139,74.0,74.0,64.40740410999929,9.592595890000709,45.994010892956226,82.82079732704236,1
73,140,73.0,73.0,62.36858721322964,10.631412786770362,43.95519399618657,80.78198043027271,1
73,141,72.0,72.0,56.52547111295896,15.47452888704104,38.112077895915895,74.93886433000202,1
73,142,71.0,71.0,57.208378782587815,13.791621217412185,38.79498556554475,75.62177199963088,1
73,143,70.0,70.0,57.65017482415193,12.349825175848068,39.23678160710887,76.063568041195,1
73,144,69.0,69.0,58.65058941309522,10.349410586904781,40.23719619605215,77.06398263013828,1
73,145,68.0,68.0,51.70049684931339,16.29950315068661,33.28710363227032,70.11389006635645,1
73,146,67.0,67.0,53.426697277078176,13.573302722921824,35.01330406003511,71.84009049412124,1
73,147,66.0,66.0,53.73478630015838,12.265213699841617,35.32139308311532,72.14817951720144,1
73,148,65.0,65.0,54.43632311816576,10.56367688183424,36.022929901122694,72.84971633520883,1
73,149,64.0,64.0,47.63696175576691,16.36303824423309,29.223568538723846,66.05035497280997,1
73,150,63.0,63.0,51.11571691457281,11.884283085427192,32.70232369752974,69.52911013161588,1
73,151,62.0,62.0,46.88763439911658,15.112365600883422,28.474241182073513,65.30102761615964,1
73,152,61.0,61.0,45.83330015948612,15.166699840513878,27.419906942443056,64.24669337652918,1
73,153,60.0,60.0,44.795499814056704,15.204500185943296,26.38210659701364,63.20889303109977,1
73,154,59.0,59.0,46.84163685300472,12.158363146995278,28.428243635961657,65.25503007004778,1
73,155,58.0,58.0,45.04086071881332,12.95913928118668,26.627467501770255,63.454253935856386,1
73,156,57.0,57.0,47.66450383384859,9.335496166151408,29.251110616805526,66.07789705089166,1
73,157,56.0,56.0,42.49613843700326,13.50386156299674,24.082745219960195,60.909531654046326,1
73,158,55.0,55.0,43.31124067583671,11.688759324163293,24.897847458793642,61.72463389287977,1
73,159,54.0,54.0,38.55498564999695,15.44501435000305,20.141592432953885,56.968378867040016,1
73,160,53.0,53.0,35.4343043670585,17.565695632941498,17.020911150015436,53.84769758410157,1
73,161,52.0,52.0,29.899741253642123,22.100258746357877,11.486348036599058,48.313134470685185,0
73,162,51.0,51.0,38.73330308039139,12.266696919608613,20.31990986334832,57.14669629743445,1
73,163,50.0,50.0,37.555399361753445,12.444600638246555,19.14200614471038,55.96879257879651,1
73,164,49.0,49.0,38.34730934271121,10.652690657288787,19.933916125668148,56.76070255975428,1
73,165,48.0,48.0,44.94094782326793,3.0590521767320666,26.527554606224868,63.354341040311,1
73,166,47.0,47.0,38.444006642540096,8.555993357459904,20.03061342549703,56.85739985958316,1
73,167,46.0,46.0,38.60088009692249,7.399119903077512,20.187486879879422,57.01427331396555,1
73,168,45.0,45.0,40.53228830846884,4.467711691531157,22.118895091425777,58.94568152551191,1
73,169,44.0,44.0,38.09948541530985,5.90051458469015,19.686092198266785,56.512878632352916,1
73,170,43.0,43.0,32.8583417733873,10.141658226612698,14.444948556344237,51.27173499043037,1
73,171,42.0,42.0,32.12637280583804,9.873627194161962,13.712979588794973,50.5397660228811,1
73,172,41.0,41.0,30.657519597527582,10.342480402472418,12.244126380484516,49.07091281457065,1
73,173,40.0,40.0,33.7918788210923,6.208121178907703,15.378485604049231,52.20527203813536,1
73,174,39.0,39.0,31.187051818427122,7.812948181572878,12.773658601384057,49.60044503547019,1
73,175,38.0,38.0,22.424710561178532,15.575289438821468,4.011317344135467,40.838103778221594,1
73,176,37.0,37.0,29.14247734886423,7.8575226511357705,10.729084131821164,47.5558705659073,1
73,177,36.0,36.0,27.28199072277153,8.718009277228472,8.868597505728463,45.69538393981459,1
73,178,35.0,35.0,27.875689881349413,7.1243101186505875,9.462296664306347,46.28908309839248,1
73,179,34.0,34.0,27.854208981338346,6.1457910186616544,9.44081576429528,46.26760219838141,1
73,180,33.0,33.0,26.476580815388083,6.523419184611917,8.063187598345017,44.88997403243115,1
73,181,32.0,32.0,28.100466842757463,3.899533157242537,9.687073625714397,46.51386005980053,1
73,182,31.0,31.0,27.826701065984405,3.1732989340155946,9.41330784894134,46.240094283027474,1
73,183,30.0,30.0,27.818510973743635,2.181489026256365,9.40511775670057,46.2319041907867,1
73,184,29.0,29.0,27.856852680651397,1.1431473193486035,9.443459463608331,46.270245897694465,1
73,185,28.0,28.0,28.797934586136627,0.7979345861366269,10.384541369093562,47.21132780317969,1
73,186,27.0,27.0,28.318179290357502,1.3181792903575023,9.904786073314437,46.73157250740057,1
73,187,26.0,26.0,27.43181947625198,1.431819476251981,9.018426259208915,45.845212693295046,1
73,188,25.0,25.0,28.742260615823696,3.742260615823696,10.32886739878063,47.15565383286676,1
73,189,24.0,24.0,26.771714996096424,2.7717149960964242,8.358321779053359,45.185108213139486,1
73,190,23.0,23.0,27.999275941415934,4.9992759414159345,9.585882724372869,46.412669158458996,1
73,191,22.0,22.0,26.65698730961162,4.656987309611619,8.243594092568554,45.07038052665469,1
73,192,21.0,21.0,25.798482615006915,4.798482615006915,7.385089397963849,44.211875832049984,1
73,193,20.0,20.0,22.3751255845954,2.3751255845953985,3.961732367552333,40.78851880163846,1
73,194,19.0,19.0,21.89337788464523,2.893377884645229,3.4799846676021637,40.3067711016883,1
73,195,18.0,18.0,24.04993634434686,6.049936344346861,5.636543127303796,42.463329561389926,1
73,196,17.0,17.0,19.77591443474775,2.775914434747751,1.3625212177046855,38.18930765179081,1
73,197,16.0,16.0,17.196524727474173,1.1965247274741735,0.0,35.609917944517235,1
73,198,15.0,15.0,15.355829378504792,0.3558293785047919,0.0,33.76922259554786,1
73,199,14.0,14.0,23.092178432776173,9.092178432776173,4.678785215733107,41.50557164981924,1
73,200,13.0,13.0,20.90314388539951,7.903143885399508,2.489750668356443,39.316537102442574,1
73,201,12.0,12.0,18.902796445924505,6.902796445924505,0.4894032288814394,37.316189662967574,1
73,202,11.0,11.0,9.68703477457546,1.3129652254245396,0.0,28.100427991618524,1
73,203,10.0,10.0,18.466857180064025,8.466857180064025,0.05346396302095968,36.88025039710709,1
73,204,9.0,9.0,13.0551626089318,4.0551626089318,0.0,31.468555825974867,1
73,205,8.0,8.0,10.456723880616387,2.456723880616387,0.0,28.870117097659453,1
73,206,7.0,7.0,10.621863631114717,3.621863631114717,0.0,29.035256848157783,1
73,207,6.0,6.0,8.67823745154461,2.678237451544611,0.0,27.091630668587676,1
73,208,5.0,5.0,6.114437953004494,1.1144379530044937,0.0,24.52783117004756,1
73,209,4.0,4.0,4.834945034872489,0.8349450348724892,0.0,23.248338251915555,1
73,210,3.0,3.0,3.7089655797014216,0.7089655797014216,0.0,22.122358796744486,1
73,211,2.0,2.0,0.4892371973820747,1.5107628026179252,0.0,18.90263041442514,1
73,212,1.0,1.0,3.535887947470563,2.535887947470563,0.0,21.94928116451363,1
73,213,0.0,0.0,5.773416269388393,5.773416269388393,0.0,24.186809486431457,1
84,1,266.0,100.0,89.91336968096317,10.086630319036828,71.4999764639201,100.0,1
84,2,265.0,100.0,85.12033336175011,14.879666638249887,66.70694014470705,100.0,1
84,3,264.0,100.0,92.50822897731642,7.491771022683579,74.09483576027336,100.0,1
84,4,263.0,100.0,92.21880734402978,7.781192655970216,73.80541412698672,100.0,1
84,5,262.0,100.0,96.1704135330648,3.829586466935197,77.75702031602174,100.0,1
84,6,261.0,100.0,95.13829131956214,4.861708680437857,76.72489810251908,100.0,1
84,7,260.0,100.0,95.54637852774827,4.453621472251726,77.13298531070521,100.0,1
84,8,259.0,100.0,97.99887488950516,2.00112511049484,79.5854816724621,100.0,1
84,9,258.0,100.0,97.52030094398579,2.479699056014212,79.10690772694272,100.0,1
84,10,257.0,100.0,96.06026099213683,3.9397390078631673,77.64686777509377,100.0,1
84,11,256.0,100.0,95.51346169104322,4.486538308956781,77.10006847400015,100.0,1
84,12,255.0,100.0,96.29212599649557,3.707874003504429,77.8787327794525,100.0,1
84,13,254.0,100.0,97.22445623816493,2.775543761835067,78.81106302112187,100.0,1
84,14,253.0,100.0,99.42568189774401,0.5743181022559867,81.01228868070095,100.0,1
84,15,252.0,100.0,100.0,0.0,81.58660678295693,100.0,1
84,16,251.0,100.0,100.0,0.0,81.58660678295693,100.0,1
84,17,250.0,100.0,100.0,0.0,81.58660678295693,100.0,1
84,18,249.0,100.0,100.0,0.0,81.58660678295693,100.0,1
84,19,248.0,100.0,100.0,0.0,81.58660678295693,100.0,1
84,20,247.0,100.0,100.0,0.0,81.58660678295693,100.0,1
84,21,246.0,100.0,100.0,0.0,81.58660678295693,100.0,1
84,22,245.0,100.0,100.0,0.0,81.58660678295693,100.0,1
84,23,244.0,100.0,100.0,0.0,81.58660678295693,100.0,1
84,24,243.0,100.0,99.23968359525374,0.7603164047462627,80.82629037821067,100.0,1
84,25,242.0,100.0,100.0,0.0,81.58660678295693,100.0,1
84,26,241.0,100.0,100.0,0.0,81.58660678295693,100.0,1
84,27,240.0,100.0,100.0,0.0,81.58660678295693,100.0,1
84,28,239.0,100.0,98.91788021677789,1.0821197832221117,80.50448699973482,100.0,1
84,29,238.0,100.0,100.0,0.0,81.58660678295693,100.0,1
84,30,237.0,100.0,100.0,0.0,81.58660678295693,100.0,1
84,31,236.0,100.0,98.74167672385813,1.2583232761418657,80.32828350681507,100.0,1
84,32,235.0,100.0,98.21357426925164,1.7864257307483626,79.80018105220857,100.0,1
84,33,234.0,100.0,95.068882426801,4.931117573199003,76.65548920975793,100.0,1
84,34,233.0,100.0,100.0,0.0,81.58660678295693,100.0,1
84,35,232.0,100.0,99.68845856790182,0.3115414320981813,81.27506535085875,100.0,1
84,36,231.0,100.0,100.0,0.0,81.58660678295693,100.0,1
84,37,230.0,100.0,100.0,0.0,81.58660678295693,100.0,1
84,38,229.0,100.0,100.0,0.0,81.58660678295693,100.0,1
84,39,228.0,100.0,99.77411787851354,0.22588212148646392,81.36072466147047,100.0,1
84,40,227.0,100.0,99.46747305492549,0.5325269450745083,81.05407983788243,100.0,1
84,41,226.0,100.0,99.52893931275679,0.4710606872432095,81.11554609571373,100.0,1
84,42,225.0,100.0,100.0,0.0,81.58660678295693,100.0,1
84,43,224.0,100.0,98.78734405020208,1.2126559497979201,80.37395083315901,100.0,1
84,44,223.0,100.0,96.81422388288728,3.1857761171127237,78.40083066584421,100.0,1
84,45,222.0,100.0,99.16056596437765,0.8394340356223466,80.74717274733459,100.0,1
84,46,221.0,100.0,93.04263664518908,6.957363354810923,74.62924342814601,100.0,1
84,47,220.0,100.0,95.08444437985682,4.915555620143181,76.67105116281375,100.0,1
84,48,219.0,100.0,93.40646822741623,6.593531772583773,74.99307501037316,100.0,1
84,49,218.0,100.0,89.96762702108497,10.032372978915035,71.5542338040419,100.0,1
84,50,217.0,100.0,95.64677719238584,4.353222807614159,77.23338397534278,100.0,1
84,51,216.0,100.0,92.7274379832283,7.272562016771701,74.31404476618523,100.0,1
84,52,215.0,100.0,89.15250977058751,10.847490229412486,70.73911655354445,100.0,1
84,53,214.0,100.0,93.07748151865633,6.922518481343673,74.66408830161326,100.0,1
84,54,213.0,100.0,94.48418001205492,5.515819987945079,76.07078679501186,100.0,1
84,55,212.0,100.0,95.94599097570044,4.05400902429956,77.53259775865737,100.0,1
84,56,211.0,100.0,96.43877014913267,3.561229850867335,78.0253769320896,100.0,1
84,57,210.0,100.0,96.57931562678816,3.4206843732118415,78.1659224097451,100.0,1
84,58,209.0,100.0,97.91849008975458,2.0815099102454155,79.50509687271152,100.0,1
84,59,208.0,100.0,98.51433930505596,1.4856606949440447,80.10094608801289,100.0,1
84,60,207.0,100.0,97.87697859403218,2.123021405967819,79.46358537698912,100.0,1
84,61,206.0,100.0,95.7686541087605,4.231345891239499,77.35526089171744,100.0,1
84,62,205.0,100.0,94.14152609806891,5.858473901931092,75.72813288102584,100.0,1
84,63,204.0,100.0,94.8905694456335,5.109430554366497,76.47717622859044,100.0,1
84,64,203.0,100.0,95.23502319783427,4.764976802165734,76.8216299807912,100.0,1
84,65,202.0,100.0,96.43803636945599,3.561963630544014,78.02464315241292,100.0,1
84,66,201.0,100.0,96.51584003033501,3.4841599696649865,78.10244681329195,100.0,1
84,67,200.0,100.0,93.95078412061802,6.0492158793819755,75.53739090357496,100.0,1
84,68,199.0,100.0,92.4281184406529,7.571881559347105,74.01472522360983,100.0,1
84,69,198.0,100.0,97.72361515036525,2.276384849634752,79.31022193332218,100.0,1
84,70,197.0,100.0,97.78013439643746,2.219865603562539,79.3667411793944,100.0,1
84,71,196.0,100.0,97.17989333715987,2.820106662840132,78.7665001201168,100.0,1
84,72,195.0,100.0,95.09030447727805,4.909695522721947,76.67691126023499,100.0,1
84,73,194.0,100.0,95.1443928836389,4.855607116361099,76.73099966659584,100.0,1
84,74,193.0,100.0,93.24825867345085,6.751741326549151,74.83486545640778,100.0,1
84,75,192.0,100.0,96.66916048635169,3.330839513648314,78.25576726930862,100.0,1
84,76,191.0,100.0,97.56299423548144,2.4370057645185597,79.14960101843837,100.0,1
84,77,190.0,100.0,98.73852572998372,1.2614742700162793,80.32513251294066,100.0,1
84,78,189.0,100.0,96.91357202127884,3.0864279787211615,78.50017880423577,100.0,1
84,79,188.0,100.0,94.2941612362347,5.7058387637653,75.88076801919163,100.0,1
84,80,187.0,100.0,95.04700250221488,4.95299749778512,76.63360928517181,100.0,1
84,81,186.0,100.0,95.2673173984577,4.732682601542294,76.85392418141464,100.0,1
84,82,185.0,100.0,96.44786346667216,3.5521365333278396,78.0344702496291,100.0,1
84,83,184.0,100.0,91.99953783432224,8.00046216567776,73.58614461727917,100.0,1
84,84,183.0,100.0,93.1523739153907,6.847626084609303,74.73898069834763,100.0,1
84,85,182.0,100.0,95.09115598695462,4.908844013045382,76.67776276991155,100.0,1
84,86,181.0,100.0,93.87812350634208,6.121876493657922,75.46473028929901,100.0,1
84,87,180.0,100.0,94.28946684277633,5.710533157223665,75.87607362573327,100.0,1
84,88,179.0,100.0,94.64776589963667,5.352234100363333,76.2343726825936,100.0,1
84,89,178.0,100.0,91.56095897194237,8.43904102805763,73.1475657548993,100.0,1
84,90,177.0,100.0,90.67778237998351,9.322217620016488,72.26438916294045,100.0,1
84,91,176.0,100.0,89.73098073747174,10.26901926252826,71.31758752042867,100.0,1
84,92,175.0,100.0,87.64910384212611,12.35089615787389,69.23571062508304,100.0,1
84,93,174.0,100.0,85.89471996539642,14.105280034603581,67.48132674835335,100.0,1
84,94,173.0,100.0,94.86981117760698,5.130188822393023,76.45641796056391,100.0,1
84,95,172.0,100.0,91.79941635648214,8.20058364351786,73.38602313943908,100.0,1
84,96,171.0,100.0,90.17080164800161,9.829198351998386,71.75740843095855,100.0,1
84,97,170.0,100.0,91.62871828997015,8.371281710029848,73.21532507292709,100.0,1
84,98,169.0,100.0,91.32885827224538,8.671141727754616,72.91546505520232,100.0,1
84,99,168.0,100.0,95.66232352419168,4.337676475808323,77.24893030714861,100.0,1
84,100,167.0,100.0,88.38580856070672,11.614191439293279,69.97241534366366,100.0,1
84,101,166.0,100.0,90.78886737526516,9.211132624734844,72.37547415822209,100.0,1
84,102,165.0,100.0,92.50045140275044,7.499548597249557,74.08705818570738,100.0,1
84,103,164.0,100.0,95.30691751828347,4.69308248171653,76.8935243012404,100.0,1
84,104,163.0,100.0,96.42678995044763,3.5732100495523724,78.01339673340456,100.0,1
84,105,162.0,100.0,93.00374236828556,6.9962576317144425,74.59034915124249,100.0,1
84,106,161.0,100.0,93.729911353295,6.270088646705005,75.31651813625193,100.0,1
84,107,160.0,100.0,89.86083999751457,10.139160002485426,71.44744678047151,100.0,1
84,108,159.0,100.0,93.64329862998846,6.356701370011535,75.2299054129454,100.0,1
84,109,158.0,100.0,94.45004642965152,5.549953570348478,76.03665321260846,100.0,1
84,110,157.0,100.0,95.0803398439991,4.9196601560009015,76.66694662695603,100.0,1
84,111,156.0,100.0,82.03807466274247,17.961925337257526,63.62468144569941,100.0,1
84,112,155.0,100.0,78.44326335865178,21.556736641348223,60.02987014160871,96.85665657569484,0
84,113,154.0,100.0,81.58660678295693,18.413393217043065,63.17321356591387,100.0,1
84,114,153.0,100.0,78.8838400812569,21.116159918743094,60.47044686421384,97.29723329829997,0
84,115,152.0,100.0,78.05480020332284,21.94519979667716,59.641406986279776,96.4681934203659,0
84,116,151.0,100.0,76.50749344101176,23.49250655898824,58.094100223968695,94.92088665805483,0
84,117,150.0,100.0,77.21395489939685,22.786045100603147,58.80056168235379,95.62734811643992,0
84,118,149.0,100.0,76.6568532875491,23.343146712450903,58.24346007050603,95.07024650459216,0
84,119,148.0,100.0,75.76316104229457,24.23683895770543,57.349767825251504,94.17655425933764,0
84,120,147.0,100.0,77.32307402433295,22.676925975667046,58.90968080728989,95.73646724137602,0
84,121,146.0,100.0,77.86450279357052,22.135497206429477,59.45110957652746,96.27789601061359,0
84,122,145.0,100.0,81.95421585478097,18.04578414521903,63.540822637737904,100.0,1
84,123,144.0,100.0,83.24164797596528,16.75835202403472,64.82825475892221,100.0,1
84,124,143.0,100.0,83.27448267222438,16.72551732777562,64.86108945518131,100.0,1
84,125,142.0,100.0,83.50484103546195,16.49515896453805,65.09144781841889,100.0,1
84,126,141.0,100.0,83.79208910472651,16.207910895273486,65.37869588768345,100.0,1
84,127,140.0,100.0,80.49756519888041,19.50243480111959,62.08417198183734,98.91095841592347,0
84,128,139.0,100.0,78.91521936138021,21.08478063861979,60.501826144337144,97.32861257842328,0
84,129,138.0,100.0,80.78424817347232,19.21575182652768,62.370854956429255,99.19764139051539,0
84,130,137.0,100.0,83.9356021596126,16.0643978403874,65.52220894256953,100.0,1
84,131,136.0,100.0,87.21510350636756,12.784896493632445,68.80171028932449,100.0,1
84,132,135.0,100.0,84.41857474805855,15.581425251941454,66.00518153101548,100.0,1
84,133,134.0,100.0,82.16113709857608,17.838862901423923,63.74774388153301,100.0,1
84,134,133.0,100.0,78.25500366404226,21.744996335957737,59.8416104469992,96.66839688108533,0
84,135,132.0,100.0,82.02913136067826,17.970868639321736,63.6157381436352,100.0,1
84,136,131.0,100.0,78.79360714929953,21.206392850700468,60.38021393225647,97.2070003663426,0
84,137,130.0,100.0,82.05752057698221,17.942479423017787,63.64412735993915,100.0,1
84,138,129.0,100.0,83.26139006894162,16.738609931058377,64.84799685189856,100.0,1
84,139,128.0,100.0,81.7149217278038,18.285078272196202,63.30152851076073,100.0,1
84,140,127.0,100.0,80.95892495425169,19.041075045748315,62.54553173720862,99.37231817129475,0
84,141,126.0,100.0,89.10110277379815,10.898897226201854,70.68770955675508,100.0,1
84,142,125.0,100.0,92.51325249463957,7.486747505360427,74.09985927759651,100.0,1
84,143,124.0,100.0,91.17905534790208,8.820944652097921,72.76566213085901,100.0,1
84,144,123.0,100.0,88.81615592418926,11.18384407581074,70.4027627071462,100.0,1
84,145,122.0,100.0,83.09893877686012,16.901061223139877,64.68554555981706,100.0,1
84,146,121.0,100.0,87.33084975435372,12.669150245646279,68.91745653731066,100.0,1
84,147,120.0,100.0,84.34364043406967,15.65635956593033,65.9302472170266,100.0,1
84,148,119.0,100.0,89.563311469398,10.436688530601998,71.14991825235494,100.0,1
84,149,118.0,100.0,89.72968202120892,10.270317978791084,71.31628880416585,100.0,1
84,150,117.0,100.0,86.26205894610831,13.737941053891689,67.84866572906525,100.0,1
84,151,116.0,100.0,84.2757361007481,15.724263899251895,65.86234288370504,100.0,1
84,152,115.0,100.0,88.08906107001778,11.910938929982223,69.67566785297471,100.0,1
84,153,114.0,100.0,87.97955178115456,12.020448218845445,69.56615856411149,100.0,1
84,154,113.0,100.0,89.65916581522109,10.340834184778913,71.24577259817802,100.0,1
84,155,112.0,100.0,81.62717585172308,18.37282414827692,63.213782634680015,100.0,1
84,156,111.0,100.0,80.75659024726151,19.243409752738486,62.34319703021845,99.16998346430458,0
84,157,110.0,100.0,79.7423010987577,20.257698901242307,61.32890788171463,98.15569431580076,0
84,158,109.0,100.0,73.10142757977835,26.898572420221655,54.68803436273528,91.51482079682141,0
84,159,108.0,100.0,72.14244182305372,27.857558176946284,53.72904860601065,90.55583504009678,0
84,160,107.0,100.0,70.69316422941026,29.306835770589743,52.27977101236719,89.10655744645332,0
84,161,106.0,100.0,76.37874372936702,23.621256270632983,57.96535051232395,94.79213694641008,0
84,162,105.0,100.0,71.54738795018416,28.45261204981584,53.133994733141094,89.96078116722722,0
84,163,104.0,100.0,78.79899940268524,21.20100059731476,60.385606185642175,97.2123926197283,0
84,164,103.0,100.0,76.90026958155515,23.09973041844485,58.486876364512085,95.31366279859822,0
84,165,102.0,100.0,76.72301651119312,23.276983488806877,58.30962329415006,95.13640972823619,0
84,166,101.0,100.0,79.18565320205208,20.81434679794792,60.772259985009015,97.59904641909515,0
84,167,100.0,100.0,78.45554290958486,21.544457090415136,60.0421496925418,96.86893612662793,0
84,168,99.0,99.0,66.35260837401688,32.64739162598312,47.939215156973816,84.76600159105995,0
84,169,98.0,98.0,67.35408435529,30.64591564471,48.94069113824693,85.76747757233306,0
84,170,97.0,97.0,63.01340248889631,33.98659751110369,44.600009271853246,81.42679570593938,0
84,171,96.0,96.0,62.93544301405662,33.06455698594338,44.52204979701355,81.34883623109968,0
84,172,95.0,95.0,60.30550141867059,34.69449858132941,41.89210820162752,78.71889463571365,0
84,173,94.0,94.0,68.18566212688509,25.81433787311491,49.772268909842026,86.59905534392816,0
84,174,93.0,93.0,68.43243727663257,24.56756272336743,50.019044059589504,86.84583049367563,0
84,175,92.0,92.0,69.61121755098861,22.388782449011387,51.19782433394555,88.02461076803168,0
84,176,91.0,91.0,66.87389489746903,24.12610510253097,48.46050168042596,85.2872881145121,0
84,177,90.0,90.0,61.83296352487486,28.167036475125137,43.4195703078318,80.24635674191794,0
84,178,89.0,89.0,62.28304722512649,26.716952774873512,43.86965400808342,80.69644044216955,0
84,179,88.0,88.0,61.95069930460272,26.049300695397278,43.53730608755966,80.36409252164579,0
84,180,87.0,87.0,71.01445625582804,15.985543744171963,52.60106303878497,89.4278494728711,1
84,181,86.0,86.0,64.41847802084543,21.581521979154573,46.00508480380236,82.83187123788849,0
84,182,85.0,85.0,62.64285903222835,22.35714096777165,44.229465815185286,81.05625224927141,0
84,183,84.0,84.0,65.48932726250833,18.510672737491674,47.07593404546526,83.90272047955139,0
84,184,83.0,83.0,68.44104279237112,14.558957207628879,50.027649575328056,86.85443600941419,1
84,185,82.0,82.0,62.94085275248567,19.059147247514332,44.5274595354426,81.35424596952873,0
84,186,81.0,81.0,61.92929467422377,19.07070532577623,43.5159014571807,80.34268789126683,0
84,187,80.0,80.0,59.63075569149023,20.36924430850977,41.217362474447164,78.04414890853329,0
84,188,79.0,79.0,58.04910550654904,20.95089449345096,39.635712289505975,76.4624987235921,0
84,189,78.0,78.0,62.67570159550611,15.324298404493888,44.26230837846305,81.08909481254918,1
84,190,77.0,77.0,58.2115292857938,18.7884707142062,39.798136068750736,76.62492250283687,0
84,191,76.0,76.0,60.09234655168878,15.907653448311223,41.67895333464571,78.50573976873184,1
84,192,75.0,75.0,69.8366878332599,5.1633121667400985,51.423294616216836,88.25008105030297,1
84,193,74.0,74.0,65.10441213343316,8.895587866566842,46.69101891639009,83.51780535047622,1
84,194,73.0,73.0,62.88533227178418,10.11466772821582,44.471939054741114,81.29872548882724,1
84,195,72.0,72.0,63.98500329282266,8.014996707177339,45.571610075779596,82.39839650986573,1
84,196,71.0,71.0,62.02953254884679,8.970467451153212,43.61613933180372,80.44292576588985,1
84,197,70.0,70.0,57.64997720753089,12.350022792469112,39.23658399048782,76.06337042457395,1
84,198,69.0,69.0,55.977329337058485,13.022670662941515,37.56393612001542,74.39072255410156,1
84,199,68.0,68.0,57.37272989336505,10.627270106634953,38.95933667632198,75.78612311040811,1
84,200,67.0,67.0,56.24269168108327,10.757308318916728,37.82929846404021,74.65608489812634,1
84,201,66.0,66.0,51.848234080569746,14.151765919430254,33.43484086352668,70.26162729761282,1
84,202,65.0,65.0,51.41010239346739,13.58989760653261,32.996709176424325,69.82349561051046,1
84,203,64.0,64.0,44.00045780136605,19.999542198633947,25.587064584322988,62.41385101840912,0
84,204,63.0,63.0,45.31933893547484,17.68066106452516,26.905945718431774,63.732732152517904,1
84,205,62.0,62.0,42.903080197972436,19.096919802027564,24.48968698092937,61.3164734150155,0
84,206,61.0,61.0,39.95499595325892,21.045004046741077,21.541602736215857,58.36838917030199,0
84,207,60.0,60.0,36.025711986376514,23.974288013623486,17.61231876933345,54.43910520341958,0
84,208,59.0,59.0,33.135871466299314,25.864128533700686,14.722478249256248,51.54926468334238,0
84,209,58.0,58.0,29.845389062887083,28.154610937112917,11.431995845844018,48.258782279930145,0
84,210,57.0,57.0,33.904845817913824,23.095154182086176,15.491452600870758,52.31823903495689,0
84,211,56.0,56.0,28.20884635673736,27.79115364326264,9.795453139694295,46.622239573780426,0
84,212,55.0,55.0,26.790829946811,28.209170053189,8.377436729767936,45.20422316385407,0
84,213,54.0,54.0,31.25602727522859,22.74397272477141,12.842634058185524,49.669420492271655,0
84,214,53.0,53.0,27.99068759043124,25.00931240956876,9.577294373388174,46.4040808074743,0
84,215,52.0,52.0,30.331081169607376,21.668918830392624,11.917687952564311,48.74447438665044,0
84,216,51.0,51.0,30.27518945369676,20.72481054630324,11.861796236653696,48.68858267073983,0
84,217,50.0,50.0,29.155350173625685,20.844649826374315,10.74195695658262,47.56874339066875,0
84,218,49.0,49.0,40.05979699780106,8.940203002198942,21.646403780757993,58.473190214844124,1
84,219,48.0,48.0,37.166512933497444,10.833487066502556,18.75311971645438,55.57990615054051,1
84,220,47.0,47.0,41.663165566229615,5.336834433770385,23.24977234918655,60.07655878327268,1
84,221,46.0,46.0,39.168294594081004,6.831705405918996,20.75490137703794,57.58168781112407,1
84,222,45.0,45.0,33.5086338125286,11.4913661874714,15.095240595485535,51.922027029571666,1
84,223,44.0,44.0,33.56564992304615,10.434350076953848,15.152256706003087,51.97904314008922,1
84,224,43.0,43.0,41.80838314043603,1.1916168595639718,23.394989923392963,60.221776357479094,1
84,225,42.0,42.0,37.916876225792,4.083123774207998,19.503483008748937,56.33026944283507,1
84,226,41.0,41.0,35.04570789224966,5.954292107750341,16.632314675206594,53.459101109292725,1
84,227,40.0,40.0,31.501441155787766,8.498558844212234,13.088047938744701,49.91483437283083,1
84,228,39.0,39.0,36.28839740703147,2.711602592968532,17.875004189988402,54.70179062407453,1
84,229,38.0,38.0,39.157925603548115,1.1579256035481151,20.74453238650505,57.57131882059118,1
84,230,37.0,37.0,33.2548973657071,3.7451026342928984,14.841504148664036,51.66829058275017,1
84,231,36.0,36.0,36.023729744242395,0.023729744242395157,17.61033652719933,54.43712296128546,1
84,232,35.0,35.0,35.43504299318559,0.4350429931855899,17.021649776142525,53.848436210228655,1
84,233,34.0,34.0,39.35744591528567,5.357445915285673,20.944052698242608,57.77083913232874,1
84,234,33.0,33.0,41.66345884621393,8.663458846213928,23.250065629170862,60.07685206325699,1
84,235,32.0,32.0,35.697702991004604,3.697702991004604,17.28430977396154,54.11109620804767,1
84,236,31.0,31.0,37.78438944134851,6.784389441348509,19.370996224305443,56.197782658391574,1
84,237,30.0,30.0,30.47194002550945,0.4719400255094506,12.058546808466385,48.88533324255252,1
84,238,29.0,29.0,32.01412142029675,3.0141214202967532,13.600728203253688,50.42751463733982,1
84,239,28.0,28.0,32.58985874585168,4.589858745851679,14.176465528808613,51.003251962894744,1
84,240,27.0,27.0,32.94928703162486,5.949287031624863,14.535893814581797,51.36268024866793,1
84,241,26.0,26.0,31.9929813647732,5.9929813647732,13.579588147730135,50.406374581816266,1
84,242,25.0,25.0,30.92298382708227,5.92298382708227,12.509590610039204,49.336377044125335,1
84,243,24.0,24.0,27.619819610390774,3.619819610390774,9.206426393347709,46.03321282743384,1
84,244,23.0,23.0,27.808083825087508,4.8080838250875075,9.394690608044442,46.22147704213057,1
84,245,22.0,22.0,26.42319156445577,4.42319156445577,8.009798347412705,44.836584781498836,1
84,246,21.0,21.0,26.583352788672613,5.583352788672613,8.169959571629548,44.99674600571568,1
84,247,20.0,20.0,29.566785458202098,9.566785458202098,11.153392241159032,47.98017867524516,1
84,248,19.0,19.0,29.745089662658316,10.745089662658316,11.33169644561525,48.15848287970138,1
84,249,18.0,18.0,29.761975162324834,11.761975162324834,11.348581945281769,48.175368379367896,1
84,250,17.0,17.0,24.097127337594998,7.097127337594998,5.683734120551932,42.51052055463806,1
84,251,16.0,16.0,25.00251193156675,9.002511931566751,6.589118714523686,43.415905148609816,1
84,252,15.0,15.0,22.966155268355255,7.966155268355255,4.55276205131219,41.37954848539832,1
84,253,14.0,14.0,22.604765799336928,8.604765799336928,4.191372582293862,41.01815901638,1
84,254,13.0,13.0,23.55678172806269,10.556781728062688,5.143388511019623,41.970174945105754,1
84,255,12.0,12.0,24.184398635219278,12.184398635219278,5.7710054181762125,42.59779185226235,1
84,256,11.0,11.0,23.225235659882074,12.225235659882074,4.8118424428390085,41.63862887692514,1
84,257,10.0,10.0,20.21888940208032,10.218889402080318,1.8054961850372528,38.63228261912339,1
84,258,9.0,9.0,19.799629528157013,10.799629528157013,1.3862363111139473,38.21302274520008,1
84,259,8.0,8.0,16.144693922459634,8.144693922459634,0.0,34.5580871395027,1
84,260,7.0,7.0,12.913087431425497,5.913087431425497,0.0,31.32648064846856,1
84,261,6.0,6.0,13.74689016532669,7.74689016532669,0.0,32.160283382369755,1
84,262,5.0,5.0,8.743390483138597,3.7433904831385973,0.0,27.156783700181663,1
84,263,4.0,4.0,13.940045468238353,9.940045468238353,0.0,32.35343868528142,1
84,264,3.0,3.0,9.554286366995717,6.554286366995717,0.0,27.967679584038784,1
84,265,2.0,2.0,11.140584958701691,9.140584958701691,0.0,29.553978175744756,1
84,266,1.0,1.0,7.836716446454926,6.836716446454926,0.0,26.25010966349799,1
84,267,0.0,0.0,4.448247561931899,4.448247561931899,0.0,22.861640778974966,1
97,1,201.0,100.0,100.0,0.0,81.58660678295693,100.0,1
97,2,200.0,100.0,100.0,0.0,81.58660678295693,100.0,1
97,3,199.0,100.0,99.15773478690666,0.8422652130933415,80.7443415698636,100.0,1
97,4,198.0,100.0,97.91014893048353,2.0898510695164703,79.49675571344046,100.0,1
97,5,197.0,100.0,97.56201518592985,2.4379848140701483,79.14862196888679,100.0,1
97,6,196.0,100.0,98.08119490932675,1.9188050906732457,79.66780169228369,100.0,1
97,7,195.0,100.0,93.33473906713587,6.665260932864129,74.9213458500928,100.0,1
97,8,194.0,100.0,94.55545576899884,5.44454423100116,76.14206255195577,100.0,1
97,9,193.0,100.0,98.49484478021999,1.5051552197800078,80.08145156317693,100.0,1
97,10,192.0,100.0,95.2586956262557,4.741304373744299,76.84530240921264,100.0,1
97,11,191.0,100.0,93.00872131402164,6.991278685978358,74.59532809697858,100.0,1
97,12,190.0,100.0,97.0175989222469,2.982401077753096,78.60420570520384,100.0,1
97,13,189.0,100.0,97.24042492767761,2.7595750723223915,78.82703171063454,100.0,1
97,14,188.0,100.0,94.58457102553606,5.415428974463936,76.171177808493,100.0,1
97,15,187.0,100.0,100.0,0.0,81.58660678295693,100.0,1
97,16,186.0,100.0,97.0202202169654,2.9797797830346013,78.60682699992233,100.0,1
97,17,185.0,100.0,95.30084016470047,4.699159835299525,76.88744694765741,100.0,1
97,18,184.0,100.0,98.8403187009566,1.159681299043399,80.42692548391354,100.0,1
97,19,183.0,100.0,100.0,0.0,81.58660678295693,100.0,1
97,20,182.0,100.0,100.0,0.0,81.58660678295693,100.0,1
97,21,181.0,100.0,100.0,0.0,81.58660678295693,100.0,1
97,22,180.0,100.0,100.0,0.0,81.58660678295693,100.0,1
97,23,179.0,100.0,100.0,0.0,81.58660678295693,100.0,1
97,24,178.0,100.0,100.0,0.0,81.58660678295693,100.0,1
97,25,177.0,100.0,100.0,0.0,81.58660678295693,100.0,1
97,26,176.0,100.0,100.0,0.0,81.58660678295693,100.0,1
97,27,175.0,100.0,100.0,0.0,81.58660678295693,100.0,1
97,28,174.0,100.0,100.0,0.0,81.58660678295693,100.0,1
97,29,173.0,100.0,100.0,0.0,81.58660678295693,100.0,1
97,30,172.0,100.0,100.0,0.0,81.58660678295693,100.0,1
97,31,171.0,100.0,100.0,0.0,81.58660678295693,100.0,1
97,32,170.0,100.0,100.0,0.0,81.58660678295693,100.0,1
97,33,169.0,100.0,100.0,0.0,81.58660678295693,100.0,1
97,34,168.0,100.0,100.0,0.0,81.58660678295693,100.0,1
97,35,167.0,100.0,100.0,0.0,81.58660678295693,100.0,1
97,36,166.0,100.0,100.0,0.0,81.58660678295693,100.0,1
97,37,165.0,100.0,100.0,0.0,81.58660678295693,100.0,1
97,38,164.0,100.0,100.0,0.0,81.58660678295693,100.0,1
97,39,163.0,100.0,100.0,0.0,81.58660678295693,100.0,1
97,40,162.0,100.0,100.0,0.0,81.58660678295693,100.0,1
97,41,161.0,100.0,99.61819282563495,0.38180717436505063,81.20479960859188,100.0,1
97,42,160.0,100.0,100.0,0.0,81.58660678295693,100.0,1
97,43,159.0,100.0,99.51058459257003,0.48941540742997347,81.09719137552696,100.0,1
97,44,158.0,100.0,98.80437543492971,1.1956245650702897,80.39098221788664,100.0,1
97,45,157.0,100.0,99.35834955610048,0.6416504438995219,80.94495633905741,100.0,1
97,46,156.0,100.0,96.96347525603353,3.036524743966467,78.55008203899047,100.0,1
97,47,155.0,100.0,96.7550859484135,3.2449140515865054,78.34169273137043,100.0,1
97,48,154.0,100.0,98.38459983244324,1.615400167556757,79.97120661540018,100.0,1
97,49,153.0,100.0,100.0,0.0,81.58660678295693,100.0,1
97,50,152.0,100.0,99.32276820956413,0.6772317904358687,80.90937499252107,100.0,1
97,51,151.0,100.0,99.04867598831291,0.9513240116870918,80.63528277126984,100.0,1
97,52,150.0,100.0,99.49142456080617,0.5085754391938337,81.0780313437631,100.0,1
97,53,149.0,100.0,98.73318045461973,1.2668195453802724,80.31978723757666,100.0,1
97,54,148.0,100.0,100.0,0.0,81.58660678295693,100.0,1
97,55,147.0,100.0,99.8787416183527,0.1212583816472943,81.46534840130964,100.0,1
97,56,146.0,100.0,99.17549127948392,0.8245087205160786,80.76209806244086,100.0,1
97,57,145.0,100.0,99.41659539952339,0.5834046004766122,81.00320218248032,100.0,1
97,58,144.0,100.0,100.0,0.0,81.58660678295693,100.0,1
97,59,143.0,100.0,100.0,0.0,81.58660678295693,100.0,1
97,60,142.0,100.0,100.0,0.0,81.58660678295693,100.0,1
97,61,141.0,100.0,100.0,0.0,81.58660678295693,100.0,1
97,62,140.0,100.0,100.0,0.0,81.58660678295693,100.0,1
97,63,139.0,100.0,100.0,0.0,81.58660678295693,100.0,1
97,64,138.0,100.0,100.0,0.0,81.58660678295693,100.0,1
97,65,137.0,100.0,100.0,0.0,81.58660678295693,100.0,1
97,66,136.0,100.0,100.0,0.0,81.58660678295693,100.0,1
97,67,135.0,100.0,100.0,0.0,81.58660678295693,100.0,1
97,68,134.0,100.0,100.0,0.0,81.58660678295693,100.0,1
97,69,133.0,100.0,98.02576494017168,1.9742350598283167,79.61237172312862,100.0,1
97,70,132.0,100.0,95.69252285021372,4.30747714978628,77.27912963317065,100.0,1
97,71,131.0,100.0,95.81031171523199,4.18968828476801,77.39691849818892,100.0,1
97,72,130.0,100.0,95.68055444250831,4.31944555749169,77.26716122546524,100.0,1
97,73,129.0,100.0,93.74788260006655,6.252117399933454,75.33448938302348,100.0,1
97,74,128.0,100.0,95.79990858882789,4.20009141117211,77.38651537178482,100.0,1
97,75,127.0,100.0,100.0,0.0,81.58660678295693,100.0,1
97,76,126.0,100.0,100.0,0.0,81.58660678295693,100.0,1
97,77,125.0,100.0,100.0,0.0,81.58660678295693,100.0,1
97,78,124.0,100.0,100.0,0.0,81.58660678295693,100.0,1
97,79,123.0,100.0,98.66304187293011,1.3369581270698916,80.24964865588704,100.0,1
97,80,122.0,100.0,99.69514423199173,0.30485576800826664,81.28175101494867,100.0,1
97,81,121.0,100.0,100.0,0.0,81.58660678295693,100.0,1
97,82,120.0,100.0,98.3963202091268,1.6036797908732012,79.98292699208373,100.0,1
97,83,119.0,100.0,96.52069338413784,3.479306615862157,78.10730016709478,100.0,1
97,84,118.0,100.0,99.23356921897195,0.7664307810280491,80.82017600192889,100.0,1
97,85,117.0,100.0,99.31613134752098,0.6838686524790205,80.90273813047791,100.0,1
97,86,116.0,100.0,96.70207228132637,3.297927718673634,78.2886790642833,100.0,1
97,87,115.0,100.0,95.93637993944537,4.063620060554626,77.52298672240231,100.0,1
97,88,114.0,100.0,97.01188420592602,2.988115794073977,78.59849098888296,100.0,1
97,89,113.0,100.0,98.53294155576873,1.4670584442312702,80.11954833872566,100.0,1
97,90,112.0,100.0,99.357147623763,0.642852376237002,80.94375440671993,100.0,1
97,91,111.0,100.0,98.61676836924282,1.3832316307571801,80.20337515219975,100.0,1
97,92,110.0,100.0,99.72617996316396,0.2738200368360424,81.31278674612089,100.0,1
97,93,109.0,100.0,100.0,0.0,81.58660678295693,100.0,1
97,94,108.0,100.0,98.16432684211392,1.8356731578860774,79.75093362507086,100.0,1
97,95,107.0,100.0,98.63233605898093,1.3676639410190745,80.21894284193786,100.0,1
97,96,106.0,100.0,98.63584606610864,1.3641539338913589,80.22245284906558,100.0,1
97,97,105.0,100.0,100.0,0.0,81.58660678295693,100.0,1
97,98,104.0,100.0,100.0,0.0,81.58660678295693,100.0,1
97,99,103.0,100.0,99.75025722775217,0.24974277224782782,81.3368640107091,100.0,1
97,100,102.0,100.0,99.45134408552259,0.5486559144774077,81.03795086847953,100.0,1
97,101,101.0,100.0,98.6307249172258,1.3692750827741946,80.21733170018274,100.0,1
97,102,100.0,100.0,97.38480845882209,2.615191541177907,78.97141524177903,100.0,1
97,103,99.0,99.0,98.66440527586731,0.3355947241326902,80.25101205882424,100.0,1
97,104,98.0,98.0,98.04693651027962,0.04693651027962176,79.63354329323656,100.0,1
97,105,97.0,97.0,98.74686254332792,1.7468625433279215,80.33346932628486,100.0,1
97,106,96.0,96.0,99.70339502734139,3.7033950273413865,81.29000181029832,100.0,1
97,107,95.0,95.0,97.34590634843582,2.3459063484358182,78.93251313139275,100.0,1
97,108,94.0,94.0,95.43640729590493,1.436407295904928,77.02301407886186,100.0,1
97,109,93.0,93.0,97.7302660730484,4.730266073048398,79.31687285600533,100.0,1
97,110,92.0,92.0,92.86777750237458,0.8677775023745795,74.45438428533151,100.0,1
97,111,91.0,91.0,89.99856248007741,1.0014375199225896,71.58516926303435,100.0,1
97,112,90.0,90.0,90.69310282770694,0.6931028277069373,72.27970961066387,100.0,1
97,113,89.0,89.0,90.39766459381228,1.39766459381228,71.98427137676921,100.0,1
97,114,88.0,88.0,90.93710747356118,2.937107473561184,72.52371425651812,100.0,1
97,115,87.0,87.0,89.95090722131512,2.95090722131512,71.53751400427205,100.0,1
97,116,86.0,86.0,89.35859281311002,3.358592813110022,70.94519959606696,100.0,1
97,117,85.0,85.0,90.16690449898692,5.1669044989869235,71.75351128194386,100.0,1
97,118,84.0,84.0,81.25958147434194,2.7404185256580575,62.84618825729888,99.67297469138501,1
97,119,83.0,83.0,87.84385769118401,4.843857691184013,69.43046447414095,100.0,1
97,120,82.0,82.0,89.46613248226436,7.466132482264356,71.05273926522129,100.0,1
97,121,81.0,81.0,88.14002211702629,7.140022117026291,69.72662889998323,100.0,1
97,122,80.0,80.0,86.71872332878418,6.718723328784179,68.30533011174111,100.0,1
97,123,79.0,79.0,86.5918227686403,7.591822768640299,68.17842955159723,100.0,1
97,124,78.0,78.0,83.04059840159412,5.040598401594124,64.62720518455106,100.0,1
97,125,77.0,77.0,84.09640746249195,7.096407462491953,65.68301424544889,100.0,1
97,126,76.0,76.0,84.8866739259051,8.8866739259051,66.47328070886203,100.0,1
97,127,75.0,75.0,84.16128934724753,9.161289347247532,65.74789613020447,100.0,1
97,128,74.0,74.0,81.42522191794102,7.425221917941016,63.01182870089795,99.83861513498408,1
97,129,73.0,73.0,84.724779856257,11.724779856257001,66.31138663921394,100.0,1
97,130,72.0,72.0,83.34262630078533,11.342626300785327,64.92923308374226,100.0,1
97,131,71.0,71.0,82.98398652839931,11.983986528399313,64.57059331135625,100.0,1
97,132,70.0,70.0,83.78498392188247,13.784983921882471,65.3715907048394,100.0,1
97,133,69.0,69.0,83.17531460384639,14.175314603846388,64.76192138680332,100.0,1
97,134,68.0,68.0,82.94975653772212,14.949756537722124,64.53636332067906,100.0,1
97,135,67.0,67.0,83.0649874697238,16.064987469723803,64.65159425268074,100.0,1
97,136,66.0,66.0,82.28520733109411,16.285207331094114,63.87181411405105,100.0,1
97,137,65.0,65.0,82.19302165180208,17.193021651802084,63.77962843475902,100.0,1
97,138,64.0,64.0,84.05936832815911,20.05936832815911,65.64597511111604,100.0,0
97,139,63.0,63.0,86.57875900595315,23.578759005953145,68.16536578891008,100.0,0
97,140,62.0,62.0,63.12114725542743,1.1211472554274309,44.707754038384365,81.5345404724705,1
97,141,61.0,61.0,66.18940542309079,5.18940542309079,47.776012206047724,84.60279864013386,1
97,142,60.0,60.0,64.15367012429074,4.153670124290741,45.740276907247676,82.5670633413338,1
97,143,59.0,59.0,74.91629283902714,15.916292839027136,56.50289962198407,93.3296860560702,1
97,144,58.0,58.0,65.9128694645313,7.912869464531298,47.49947624748823,84.32626268157436,1
97,145,57.0,57.0,62.45225811097609,5.452258110976089,44.038864893933024,80.86565132801915,1
97,146,56.0,56.0,64.99062733978933,8.990627339789327,46.57723412274626,83.40402055683239,1
97,147,55.0,55.0,70.06644980771499,15.066449807714989,51.65305659067192,88.47984302475805,1
97,148,54.0,54.0,61.099174306853236,7.099174306853236,42.68578108981017,79.51256752389631,1
97,149,53.0,53.0,59.182218377012646,6.182218377012646,40.76882515996958,77.59561159405571,1
97,150,52.0,52.0,59.07334933166972,7.073349331669718,40.65995611462665,77.48674254871278,1
97,151,51.0,51.0,58.1223987529462,7.1223987529461965,39.70900553590313,76.53579196998926,1
97,152,50.0,50.0,59.82675649997981,9.826756499979808,41.41336328293674,78.24014971702287,1
97,153,49.0,49.0,54.59372358014188,5.5937235801418765,36.18033036309881,73.00711679718495,1
97,154,48.0,48.0,51.58858517694443,3.5885851769444272,33.17519195990136,70.00197839398749,1
97,155,47.0,47.0,51.49175793929154,4.4917579392915385,33.07836472224847,69.9051511563346,1
97,156,46.0,46.0,47.42377593705467,1.4237759370546712,29.010382720011606,65.83716915409774,1
97,157,45.0,45.0,46.44098972744724,1.4409897274472385,28.027596510404173,64.85438294449031,1
97,158,44.0,44.0,43.030088840658195,0.9699111593418053,24.61669562361513,61.44348205770126,1
97,159,43.0,43.0,43.860642654166135,0.860642654166135,25.44724943712307,62.2740358712092,1
97,160,42.0,42.0,40.05554957203427,1.9444504279657266,21.642156354991208,58.46894278907734,1
97,161,41.0,41.0,39.694245194215924,1.3057548057840762,21.28085197717286,58.10763841125899,1
97,162,40.0,40.0,38.10119832620222,1.8988016737977773,19.687805109159157,56.51459154324529,1
97,163,39.0,39.0,37.497411128478596,1.5025888715214037,19.08401791143553,55.91080434552166,1
97,164,38.0,38.0,37.379421636964494,0.6205783630355057,18.96602841992143,55.79281485400756,1
97,165,37.0,37.0,39.43519423024496,2.43519423024496,21.021801013201895,57.848587447288025,1
97,166,36.0,36.0,38.444931031142545,2.444931031142545,20.03153781409948,56.85832424818561,1
97,167,35.0,35.0,37.92398759136266,2.9239875913626605,19.510594374319595,56.337380808405726,1
97,168,34.0,34.0,38.83704439919374,4.8370443991937435,20.423651182150678,57.25043761623681,1
97,169,33.0,33.0,37.736517754055264,4.736517754055264,19.3231245370122,56.14991097109833,1
97,170,32.0,32.0,36.212900041217324,4.212900041217324,17.79950682417426,54.62629325826039,1
97,171,31.0,31.0,32.29057732646063,1.2905773264606282,13.877184109417563,50.703970543503694,1
97,172,30.0,30.0,33.3155895452701,3.3155895452701003,14.902196328227035,51.728982762313166,1
97,173,29.0,29.0,27.002113202639148,1.9978867973608523,8.588719985596082,45.41550641968222,1
97,174,28.0,28.0,28.36469509682261,0.3646950968226115,9.951301879779546,46.77808831386568,1
97,175,27.0,27.0,28.379889318342357,1.3798893183423573,9.966496101299292,46.79328253538542,1
97,176,26.0,26.0,31.237285604018975,5.237285604018975,12.82389238697591,49.650678821062044,1
97,177,25.0,25.0,23.550482328682435,1.4495176713175653,5.137089111639369,41.9638755457255,1
97,178,24.0,24.0,25.850183635402058,1.8501836354020575,7.436790418358992,44.26357685244513,1
97,179,23.0,23.0,27.680416612408703,4.6804166124087025,9.267023395365637,46.09380982945177,1
97,180,22.0,22.0,22.943270610124856,0.9432706101248556,4.52987739308179,41.35666382716792,1
97,181,21.0,21.0,24.5332705672064,3.533270567206401,6.1198773501633354,42.946663784249466,1
97,182,20.0,20.0,24.061010976221755,4.061010976221755,5.64761775917869,42.47440419326482,1
97,183,19.0,19.0,21.855499989559583,2.8554999895595827,3.4421067725165173,40.26889320660265,1
97,184,18.0,18.0,23.51676140618339,5.516761406183392,5.103368189140326,41.93015462322646,1
97,185,17.0,17.0,21.57327091821457,4.573270918214568,3.159877701171503,39.986664135257634,1
97,186,16.0,16.0,23.134394608946703,7.134394608946703,4.721001391903638,41.54778782598977,1
97,187,15.0,15.0,22.648725373152313,7.648725373152313,4.235332156109248,41.06211859019538,1
97,188,14.0,14.0,20.12434418406167,6.12434418406167,1.7109509670186043,38.537737401104735,1
97,189,13.0,13.0,17.82557135839326,4.825571358393258,0.0,36.23896457543633,1
97,190,12.0,12.0,16.32980202538525,4.3298020253852485,0.0,34.743195242428314,1
97,191,11.0,11.0,15.473313607512832,4.473313607512832,0.0,33.8867068245559,1
97,192,10.0,10.0,14.079538505789532,4.079538505789532,0.0,32.492931722832594,1
97,193,9.0,9.0,14.58592181571898,5.585921815718979,0.0,32.99931503276204,1
97,194,8.0,8.0,12.585674924134082,4.585674924134082,0.0,30.999068141177148,1
97,195,7.0,7.0,11.084608798541792,4.084608798541792,0.0,29.49800201558486,1
97,196,6.0,6.0,10.641418060552484,4.641418060552484,0.0,29.054811277595547,1
97,197,5.0,5.0,10.347108198618363,5.347108198618363,0.0,28.76050141566143,1
97,198,4.0,4.0,7.203065487913533,3.203065487913533,0.0,25.6164587049566,1
97,199,3.0,3.0,7.457178830983639,4.457178830983639,0.0,25.870572048026705,1
97,200,2.0,2.0,7.091669723401169,5.091669723401169,0.0,25.505062940444233,1
97,201,1.0,1.0,4.913519801380532,3.9135198013805317,0.0,23.326913018423596,1
97,202,0.0,0.0,3.9101046943327296,3.9101046943327296,0.0,22.323497911375796,1
