horizon,draw,metric,value
10,1,PR_AUC,0.9572160921357322
10,1,Brier,0.009170711378460737
10,1,precision,0.6707317073170732
10,1,recall,1.0
10,1,f1,0.8029197080291971
10,2,PR_AUC,0.9475456523216021
10,2,Brier,0.011231812468934888
10,2,precision,0.7105263157894737
10,2,recall,0.9818181818181818
10,2,f1,0.8244274809160306
10,3,PR_AUC,0.9745041374792891
10,3,Brier,0.006894522737373268
10,3,precision,0.7218543046357616
10,3,recall,0.990909090909091
10,3,f1,0.8352490421455939
10,4,PR_AUC,0.9461106553667927
10,4,Brier,0.009077899704689644
10,4,precision,0.650887573964497
10,4,recall,1.0
10,4,f1,0.7885304659498208
10,5,PR_AUC,0.9695914427395512
10,5,Brier,0.007058246609232874
10,5,precision,0.7333333333333333
10,5,recall,1.0
10,5,f1,0.8461538461538461
10,6,PR_AUC,0.9754481171508677
10,6,Brier,0.008645279678781434
10,6,precision,0.782608695652174
10,6,recall,0.9818181818181818
10,6,f1,0.8709677419354839
10,7,PR_AUC,0.9830095530519591
10,7,Brier,0.0067037584142778
10,7,precision,0.7956204379562044
10,7,recall,0.990909090909091
10,7,f1,0.8825910931174089
10,8,PR_AUC,0.9651243256239315
10,8,Brier,0.007900326053558497
10,8,precision,0.6470588235294118
10,8,recall,1.0
10,8,f1,0.7857142857142857
10,9,PR_AUC,0.9781957720229241
10,9,Brier,0.007613161050609863
10,9,precision,0.6432748538011696
10,9,recall,1.0
10,9,f1,0.7829181494661922
10,10,PR_AUC,0.9736320664751316
10,10,Brier,0.006528871884891247
10,10,precision,0.6918238993710691
10,10,recall,1.0
10,10,f1,0.8178438661710037
10,11,PR_AUC,0.9521337094734108
10,11,Brier,0.010309070217426978
10,11,precision,0.6942675159235668
10,11,recall,0.990909090909091
10,11,f1,0.8164794007490637
10,12,PR_AUC,0.9596490163567881
10,12,Brier,0.008573575995108306
10,12,precision,0.6626506024096386
10,12,recall,1.0
10,12,f1,0.7971014492753623
10,13,PR_AUC,0.9742401732968128
10,13,Brier,0.006798538980146159
10,13,precision,0.7333333333333333
10,13,recall,1.0
10,13,f1,0.8461538461538461
10,14,PR_AUC,0.9631740508647965
10,14,Brier,0.008661565724509449
10,14,precision,0.7397260273972602
10,14,recall,0.9818181818181818
10,14,f1,0.84375
10,15,PR_AUC,0.9928751729851255
10,15,Brier,0.004167849462296799
10,15,precision,0.7051282051282052
10,15,recall,1.0
10,15,f1,0.8270676691729323
10,16,PR_AUC,0.9632305381535616
10,16,Brier,0.008585749200228466
10,16,precision,0.6687116564417178
10,16,recall,0.990909090909091
10,16,f1,0.7985347985347986
10,17,PR_AUC,0.9827629797735418
10,17,Brier,0.006361519278887354
10,17,precision,0.7569444444444444
10,17,recall,0.990909090909091
10,17,f1,0.8582677165354331
10,18,PR_AUC,0.9625051842019018
10,18,Brier,0.00992830591463866
10,18,precision,0.7266666666666667
10,18,recall,0.990909090909091
10,18,f1,0.8384615384615385
10,19,PR_AUC,0.9548030479929385
10,19,Brier,0.009997390895930464
10,19,precision,0.7266666666666667
10,19,recall,0.990909090909091
10,19,f1,0.8384615384615385
10,20,PR_AUC,0.9594527565772145
10,20,Brier,0.009717401531382166
10,20,precision,0.7297297297297297
10,20,recall,0.9818181818181818
10,20,f1,0.8372093023255814
10,21,PR_AUC,0.980169013297363
10,21,Brier,0.007412585296368433
10,21,precision,0.7012987012987013
10,21,recall,0.9818181818181818
10,21,f1,0.8181818181818182
10,22,PR_AUC,0.9760892170838618
10,22,Brier,0.007092717420819327
10,22,precision,0.7006369426751592
10,22,recall,1.0
10,22,f1,0.8239700374531835
10,23,PR_AUC,0.98859445572593
10,23,Brier,0.005231923360329748
10,23,precision,0.738255033557047
10,23,recall,1.0
10,23,f1,0.8494208494208494
10,24,PR_AUC,0.9581199119863711
10,24,Brier,0.008485950886701484
10,24,precision,0.6586826347305389
10,24,recall,1.0
10,24,f1,0.7942238267148014
10,25,PR_AUC,0.9760050458978365
10,25,Brier,0.0080003338630321
10,25,precision,0.6646341463414634
10,25,recall,0.990909090909091
10,25,f1,0.7956204379562044
10,26,PR_AUC,0.9724290762439683
10,26,Brier,0.007600371990431781
10,26,precision,0.6687116564417178
10,26,recall,0.990909090909091
10,26,f1,0.7985347985347986
10,27,PR_AUC,0.9631109928581889
10,27,Brier,0.008793073757764103
10,27,precision,0.7171052631578947
10,27,recall,0.990909090909091
10,27,f1,0.8320610687022901
10,28,PR_AUC,0.9739028097268829
10,28,Brier,0.008159059056633302
10,28,precision,0.6987179487179487
10,28,recall,0.990909090909091
10,28,f1,0.8195488721804511
10,29,PR_AUC,0.9539889770856624
10,29,Brier,0.01196790082109119
10,29,precision,0.762589928057554
10,29,recall,0.9636363636363636
10,29,f1,0.8514056224899599
10,30,PR_AUC,0.9520680214232455
10,30,Brier,0.009744571846609932
10,30,precision,0.630057803468208
10,30,recall,0.990909090909091
10,30,f1,0.7703180212014135
10,31,PR_AUC,0.9614440280491374
10,31,Brier,0.010125861676809905
10,31,precision,0.632183908045977
10,31,recall,1.0
10,31,f1,0.7746478873239436
10,32,PR_AUC,0.9718697030345714
10,32,Brier,0.008084360803065549
10,32,precision,0.7364864864864865
10,32,recall,0.990909090909091
10,32,f1,0.8449612403100775
10,33,PR_AUC,0.9828671661131039
10,33,Brier,0.006873098919346018
10,33,precision,0.8074074074074075
10,33,recall,0.990909090909091
10,33,f1,0.889795918367347
10,34,PR_AUC,0.9825404975020624
10,34,Brier,0.006535178781815402
10,34,precision,0.7898550724637681
10,34,recall,0.990909090909091
10,34,f1,0.8790322580645161
10,35,PR_AUC,0.9769597355642347
10,35,Brier,0.007412182042161395
10,35,precision,0.7333333333333333
10,35,recall,1.0
10,35,f1,0.8461538461538461
10,36,PR_AUC,0.9858435403268421
10,36,Brier,0.006774513992987628
10,36,precision,0.816793893129771
10,36,recall,0.9727272727272728
10,36,f1,0.8879668049792531
10,37,PR_AUC,0.9548838214420677
10,37,Brier,0.010816360135610308
10,37,precision,0.6878980891719745
10,37,recall,0.9818181818181818
10,37,f1,0.8089887640449438
10,38,PR_AUC,0.9760898898123941
10,38,Brier,0.007659704815987521
10,38,precision,0.7266666666666667
10,38,recall,0.990909090909091
10,38,f1,0.8384615384615385
10,39,PR_AUC,0.9670025686376005
10,39,Brier,0.008048620080000627
10,39,precision,0.7051282051282052
10,39,recall,1.0
10,39,f1,0.8270676691729323
10,40,PR_AUC,0.9728400097247344
10,40,Brier,0.007009649505787766
10,40,precision,0.7266666666666667
10,40,recall,0.990909090909091
10,40,f1,0.8384615384615385
10,41,PR_AUC,0.9445749510249986
10,41,Brier,0.010912670518480256
10,41,precision,0.6646341463414634
10,41,recall,0.990909090909091
10,41,f1,0.7956204379562044
10,42,PR_AUC,0.9619831588596637
10,42,Brier,0.008926092118177064
10,42,precision,0.6855345911949685
10,42,recall,0.990909090909091
10,42,f1,0.8104089219330854
10,43,PR_AUC,0.963324568552636
10,43,Brier,0.008655041645023268
10,43,precision,0.7414965986394558
10,43,recall,0.990909090909091
10,43,f1,0.8482490272373541
10,44,PR_AUC,0.9791531773022653
10,44,Brier,0.006531441350744985
10,44,precision,0.6918238993710691
10,44,recall,1.0
10,44,f1,0.8178438661710037
10,45,PR_AUC,0.97639521184543
10,45,Brier,0.008216190836024357
10,45,precision,0.7236842105263158
10,45,recall,1.0
10,45,f1,0.8396946564885496
10,46,PR_AUC,0.9578562804840538
10,46,Brier,0.009583808603025273
10,46,precision,0.6875
10,46,recall,1.0
10,46,f1,0.8148148148148148
10,47,PR_AUC,0.9882531520252471
10,47,Brier,0.005171164114394249
10,47,precision,0.7746478873239436
10,47,recall,1.0
10,47,f1,0.873015873015873
10,48,PR_AUC,0.9619246914229544
10,48,Brier,0.007895178304174293
10,48,precision,0.6707317073170732
10,48,recall,1.0
10,48,f1,0.8029197080291971
10,49,PR_AUC,0.9670091545871528
10,49,Brier,0.007743078269069117
10,49,precision,0.6666666666666666
10,49,recall,1.0
10,49,f1,0.8
10,50,PR_AUC,0.9664855624358858
10,50,Brier,0.00795545435274248
10,50,precision,0.6962025316455697
10,50,recall,1.0
10,50,f1,0.8208955223880597
10,51,PR_AUC,0.9884990572851117
10,51,Brier,0.005342055428151019
10,51,precision,0.68125
10,51,recall,0.990909090909091
10,51,f1,0.8074074074074075
10,52,PR_AUC,0.9532109351198839
10,52,Brier,0.0083701043460066
10,52,precision,0.625
10,52,recall,1.0
10,52,f1,0.7692307692307693
10,53,PR_AUC,0.9629346767647514
10,53,Brier,0.00827253472233152
10,53,precision,0.6748466257668712
10,53,recall,1.0
10,53,f1,0.8058608058608059
10,54,PR_AUC,0.9735348961830812
10,54,Brier,0.006754853001109862
10,54,precision,0.7534246575342466
10,54,recall,1.0
10,54,f1,0.859375
10,55,PR_AUC,0.9545926603029439
10,55,Brier,0.00947707203434002
10,55,precision,0.7414965986394558
10,55,recall,0.990909090909091
10,55,f1,0.8482490272373541
10,56,PR_AUC,0.9776265338462701
10,56,Brier,0.007373200527612574
10,56,precision,0.72
10,56,recall,0.9818181818181818
10,56,f1,0.8307692307692308
10,57,PR_AUC,0.9792153894472402
10,57,Brier,0.00792095158568614
10,57,precision,0.7552447552447552
10,57,recall,0.9818181818181818
10,57,f1,0.8537549407114624
10,58,PR_AUC,0.9844266771454527
10,58,Brier,0.005902600586908681
10,58,precision,0.7096774193548387
10,58,recall,1.0
10,58,f1,0.8301886792452831
10,59,PR_AUC,0.9517937469545947
10,59,Brier,0.011148157708666454
10,59,precision,0.6858974358974359
10,59,recall,0.9727272727272728
10,59,f1,0.8045112781954887
10,60,PR_AUC,0.9688214171344105
10,60,Brier,0.007427474590069414
10,60,precision,0.6547619047619048
10,60,recall,1.0
10,60,f1,0.7913669064748201
10,61,PR_AUC,0.9573826909159058
10,61,Brier,0.009705133164906624
10,61,precision,0.7181208053691275
10,61,recall,0.9727272727272728
10,61,f1,0.8262548262548263
10,62,PR_AUC,0.9684101695133184
10,62,Brier,0.007755095903992801
10,62,precision,0.6918238993710691
10,62,recall,1.0
10,62,f1,0.8178438661710037
10,63,PR_AUC,0.963359334827152
10,63,Brier,0.008906905578521395
10,63,precision,0.7152317880794702
10,63,recall,0.9818181818181818
10,63,f1,0.8275862068965517
10,64,PR_AUC,0.9480149535672932
10,64,Brier,0.009850977538771101
10,64,precision,0.6790123456790124
10,64,recall,1.0
10,64,f1,0.8088235294117647
10,65,PR_AUC,0.971575417811849
10,65,Brier,0.008215439297542896
10,65,precision,0.7605633802816901
10,65,recall,0.9818181818181818
10,65,f1,0.8571428571428571
10,66,PR_AUC,0.9548864427849784
10,66,Brier,0.009808926099924089
10,66,precision,0.689873417721519
10,66,recall,0.990909090909091
10,66,f1,0.8134328358208955
10,67,PR_AUC,0.9492455901428218
10,67,Brier,0.011993488937456434
10,67,precision,0.6374269005847953
10,67,recall,0.990909090909091
10,67,f1,0.7758007117437722
10,68,PR_AUC,0.9762255909293147
10,68,Brier,0.007544446869490957
10,68,precision,0.6432748538011696
10,68,recall,1.0
10,68,f1,0.7829181494661922
10,69,PR_AUC,0.9774973608896212
10,69,Brier,0.009438255164890927
10,69,precision,0.8503937007874016
10,69,recall,0.9818181818181818
10,69,f1,0.9113924050632911
10,70,PR_AUC,0.9447936768104763
10,70,Brier,0.010950123916675282
10,70,precision,0.6646341463414634
10,70,recall,0.990909090909091
10,70,f1,0.7956204379562044
10,71,PR_AUC,0.9818222187072818
10,71,Brier,0.01149782765945715
10,71,precision,0.8780487804878049
10,71,recall,0.9818181818181818
10,71,f1,0.927038626609442
10,72,PR_AUC,0.9701571891387964
10,72,Brier,0.007647188849112612
10,72,precision,0.6942675159235668
10,72,recall,0.990909090909091
10,72,f1,0.8164794007490637
10,73,PR_AUC,0.9712500734882074
10,73,Brier,0.007979477183271142
10,73,precision,0.7364864864864865
10,73,recall,0.990909090909091
10,73,f1,0.8449612403100775
10,74,PR_AUC,0.9556964632291004
10,74,Brier,0.009232456336568263
10,74,precision,0.6942675159235668
10,74,recall,0.990909090909091
10,74,f1,0.8164794007490637
10,75,PR_AUC,0.9564121387367641
10,75,Brier,0.008790636749169802
10,75,precision,0.6395348837209303
10,75,recall,1.0
10,75,f1,0.7801418439716312
10,76,PR_AUC,0.9533670287998585
10,76,Brier,0.010308252118207052
10,76,precision,0.7152317880794702
10,76,recall,0.9818181818181818
10,76,f1,0.8275862068965517
10,77,PR_AUC,0.9857980936094756
10,77,Brier,0.005351489331679885
10,77,precision,0.7414965986394558
10,77,recall,0.990909090909091
10,77,f1,0.8482490272373541
10,78,PR_AUC,0.9838904450478319
10,78,Brier,0.006259464010827656
10,78,precision,0.7218543046357616
10,78,recall,0.990909090909091
10,78,f1,0.8352490421455939
10,79,PR_AUC,0.968601791899012
10,79,Brier,0.008665528958416885
10,79,precision,0.7482993197278912
10,79,recall,1.0
10,79,f1,0.8560311284046692
10,80,PR_AUC,0.9662724012467822
10,80,Brier,0.007362872173446607
10,80,precision,0.7032258064516129
10,80,recall,0.990909090909091
10,80,f1,0.8226415094339623
10,81,PR_AUC,0.9910907650810022
10,81,Brier,0.004623648561147541
10,81,precision,0.7517241379310344
10,81,recall,0.990909090909091
10,81,f1,0.8549019607843137
10,82,PR_AUC,0.967928766701746
10,82,Brier,0.00880316397380422
10,82,precision,0.7032258064516129
10,82,recall,0.990909090909091
10,82,f1,0.8226415094339623
10,83,PR_AUC,0.957686468020681
10,83,Brier,0.009296877511878366
10,83,precision,0.7248322147651006
10,83,recall,0.9818181818181818
10,83,f1,0.833976833976834
10,84,PR_AUC,0.9527615028264519
10,84,Brier,0.01042319583467556
10,84,precision,0.7039473684210527
10,84,recall,0.9727272727272728
10,84,f1,0.816793893129771
10,85,PR_AUC,0.9567464343895846
10,85,Brier,0.009028582823215236
10,85,precision,0.6606060606060606
10,85,recall,0.990909090909091
10,85,f1,0.7927272727272727
10,86,PR_AUC,0.972406101753347
10,86,Brier,0.00876404678256905
10,86,precision,0.7482517482517482
10,86,recall,0.9727272727272728
10,86,f1,0.8458498023715415
10,87,PR_AUC,0.9589005059754379
10,87,Brier,0.009455687823766924
10,87,precision,0.7297297297297297
10,87,recall,0.9818181818181818
10,87,f1,0.8372093023255814
10,88,PR_AUC,0.9758829739794292
10,88,Brier,0.007207554639563585
10,88,precision,0.7032258064516129
10,88,recall,0.990909090909091
10,88,f1,0.8226415094339623
10,89,PR_AUC,0.9643409386902965
10,89,Brier,0.009008898663173599
10,89,precision,0.7730496453900709
10,89,recall,0.990909090909091
10,89,f1,0.8685258964143426
10,90,PR_AUC,0.9666913830021394
10,90,Brier,0.007872025353436587
10,90,precision,0.7032258064516129
10,90,recall,0.990909090909091
10,90,f1,0.8226415094339623
10,91,PR_AUC,0.9383230121908396
10,91,Brier,0.010718605845298374
10,91,precision,0.6395348837209303
10,91,recall,1.0
10,91,f1,0.7801418439716312
10,92,PR_AUC,0.9516399537376062
10,92,Brier,0.0117254037372502
10,92,precision,0.5989010989010989
10,92,recall,0.990909090909091
10,92,f1,0.7465753424657534
10,93,PR_AUC,0.9817003608271551
10,93,Brier,0.005957930893855873
10,93,precision,0.7096774193548387
10,93,recall,1.0
10,93,f1,0.8301886792452831
10,94,PR_AUC,0.9814664330421654
10,94,Brier,0.006964997248432184
10,94,precision,0.7218543046357616
10,94,recall,0.990909090909091
10,94,f1,0.8352490421455939
10,95,PR_AUC,0.9429209360076374
10,95,Brier,0.011482809663983495
10,95,precision,0.6835443037974683
10,95,recall,0.9818181818181818
10,95,f1,0.8059701492537313
10,96,PR_AUC,0.9812694064883285
10,96,Brier,0.006640157020026492
10,96,precision,0.7364864864864865
10,96,recall,0.990909090909091
10,96,f1,0.8449612403100775
10,97,PR_AUC,0.9614713585996781
10,97,Brier,0.008780768533842891
10,97,precision,0.7171052631578947
10,97,recall,0.990909090909091
10,97,f1,0.8320610687022901
10,98,PR_AUC,0.967153989537123
10,98,Brier,0.008731410691119088
10,98,precision,0.7012987012987013
10,98,recall,0.9818181818181818
10,98,f1,0.8181818181818182
10,99,PR_AUC,0.9705632653881922
10,99,Brier,0.007157168484669716
10,99,precision,0.6962025316455697
10,99,recall,1.0
10,99,f1,0.8208955223880597
10,100,PR_AUC,0.9739011976219993
10,100,Brier,0.007738995757692091
10,100,precision,0.7714285714285715
10,100,recall,0.9818181818181818
10,100,f1,0.864
10,101,PR_AUC,0.9746500989919167
10,101,Brier,0.008424406269460437
10,101,precision,0.6470588235294118
10,101,recall,1.0
10,101,f1,0.7857142857142857
10,102,PR_AUC,0.9642300881440926
10,102,Brier,0.00816479793902934
10,102,precision,0.7012987012987013
10,102,recall,0.9818181818181818
10,102,f1,0.8181818181818182
10,103,PR_AUC,0.966198201698288
10,103,Brier,0.00827701102121857
10,103,precision,0.7346938775510204
10,103,recall,0.9818181818181818
10,103,f1,0.8404669260700389
10,104,PR_AUC,0.9685422498260113
10,104,Brier,0.007705312940212004
10,104,precision,0.6285714285714286
10,104,recall,1.0
10,104,f1,0.7719298245614035
10,105,PR_AUC,0.9820088797341949
10,105,Brier,0.007680289521641505
10,105,precision,0.7841726618705036
10,105,recall,0.990909090909091
10,105,f1,0.8755020080321285
10,106,PR_AUC,0.9598667769728223
10,106,Brier,0.009182604916125875
10,106,precision,0.6835443037974683
10,106,recall,0.9818181818181818
10,106,f1,0.8059701492537313
10,107,PR_AUC,0.9743719387668911
10,107,Brier,0.007854476130541353
10,107,precision,0.7622377622377622
10,107,recall,0.990909090909091
10,107,f1,0.8616600790513834
10,108,PR_AUC,0.9793939402859809
10,108,Brier,0.007162801328935093
10,108,precision,0.7552447552447552
10,108,recall,0.9818181818181818
10,108,f1,0.8537549407114624
10,109,PR_AUC,0.9673305115217354
10,109,Brier,0.00957471287979124
10,109,precision,0.6707317073170732
10,109,recall,1.0
10,109,f1,0.8029197080291971
10,110,PR_AUC,0.9727557581838773
10,110,Brier,0.009470439187169026
10,110,precision,0.782608695652174
10,110,recall,0.9818181818181818
10,110,f1,0.8709677419354839
10,111,PR_AUC,0.9828400960052939
10,111,Brier,0.007526230711048473
10,111,precision,0.7971014492753623
10,111,recall,1.0
10,111,f1,0.8870967741935484
10,112,PR_AUC,0.9712663849961096
10,112,Brier,0.007943947630727295
10,112,precision,0.7032258064516129
10,112,recall,0.990909090909091
10,112,f1,0.8226415094339623
10,113,PR_AUC,0.9570520640589965
10,113,Brier,0.009494633087571076
10,113,precision,0.625
10,113,recall,1.0
10,113,f1,0.7692307692307693
10,114,PR_AUC,0.9568851288572761
10,114,Brier,0.009392410927043226
10,114,precision,0.7465753424657534
10,114,recall,0.990909090909091
10,114,f1,0.8515625
10,115,PR_AUC,0.9464813216570818
10,115,Brier,0.010465853658847557
10,115,precision,0.6832298136645962
10,115,recall,1.0
10,115,f1,0.8118081180811808
10,116,PR_AUC,0.9517939586488076
10,116,Brier,0.009688774210061707
10,116,precision,0.7171052631578947
10,116,recall,0.990909090909091
10,116,f1,0.8320610687022901
10,117,PR_AUC,0.9682002356286161
10,117,Brier,0.007745272655983775
10,117,precision,0.7171052631578947
10,117,recall,0.990909090909091
10,117,f1,0.8320610687022901
10,118,PR_AUC,0.9746618460467602
10,118,Brier,0.007421925206021566
10,118,precision,0.7051282051282052
10,118,recall,1.0
10,118,f1,0.8270676691729323
10,119,PR_AUC,0.9705082555153203
10,119,Brier,0.008077472929462199
10,119,precision,0.7941176470588235
10,119,recall,0.9818181818181818
10,119,f1,0.8780487804878049
10,120,PR_AUC,0.9534681505383179
10,120,Brier,0.010094702096987701
10,120,precision,0.7448275862068966
10,120,recall,0.9818181818181818
10,120,f1,0.8470588235294118
10,121,PR_AUC,0.9587488163582181
10,121,Brier,0.008972657914325142
10,121,precision,0.7379310344827587
10,121,recall,0.9727272727272728
10,121,f1,0.8392156862745098
10,122,PR_AUC,0.9678641779155199
10,122,Brier,0.007706117500023551
10,122,precision,0.7189542483660131
10,122,recall,1.0
10,122,f1,0.8365019011406845
10,123,PR_AUC,0.949940021766582
10,123,Brier,0.010300478039525962
10,123,precision,0.6728395061728395
10,123,recall,0.990909090909091
10,123,f1,0.8014705882352942
10,124,PR_AUC,0.9688335817052582
10,124,Brier,0.009239049994940657
10,124,precision,0.7552447552447552
10,124,recall,0.9818181818181818
10,124,f1,0.8537549407114624
10,125,PR_AUC,0.9677335372505517
10,125,Brier,0.00809384060317517
10,125,precision,0.6728395061728395
10,125,recall,0.990909090909091
10,125,f1,0.8014705882352942
10,126,PR_AUC,0.9706672140054786
10,126,Brier,0.006985794235381826
10,126,precision,0.7006369426751592
10,126,recall,1.0
10,126,f1,0.8239700374531835
10,127,PR_AUC,0.9640866371989288
10,127,Brier,0.007790796487461481
10,127,precision,0.6707317073170732
10,127,recall,1.0
10,127,f1,0.8029197080291971
10,128,PR_AUC,0.9636345079660372
10,128,Brier,0.008600480869177857
10,128,precision,0.7124183006535948
10,128,recall,0.990909090909091
10,128,f1,0.8288973384030418
10,129,PR_AUC,0.952818623531125
10,129,Brier,0.01103722739721009
10,129,precision,0.675
10,129,recall,0.9818181818181818
10,129,f1,0.8
10,130,PR_AUC,0.9896640860540421
10,130,Brier,0.004572025716316881
10,130,precision,0.7482993197278912
10,130,recall,1.0
10,130,f1,0.8560311284046692
10,131,PR_AUC,0.9574582514668704
10,131,Brier,0.00864995089887847
10,131,precision,0.7171052631578947
10,131,recall,0.990909090909091
10,131,f1,0.8320610687022901
10,132,PR_AUC,0.9764296053694518
10,132,Brier,0.008402990180283714
10,132,precision,0.8029197080291971
10,132,recall,1.0
10,132,f1,0.8906882591093117
10,133,PR_AUC,0.9596014462559688
10,133,Brier,0.009063027709680113
10,133,precision,0.6918238993710691
10,133,recall,1.0
10,133,f1,0.8178438661710037
10,134,PR_AUC,0.9807008835547577
10,134,Brier,0.007180699349460816
10,134,precision,0.7841726618705036
10,134,recall,0.990909090909091
10,134,f1,0.8755020080321285
10,135,PR_AUC,0.9805768830748403
10,135,Brier,0.007828414447160571
10,135,precision,0.7746478873239436
10,135,recall,1.0
10,135,f1,0.873015873015873
10,136,PR_AUC,0.9697192016500382
10,136,Brier,0.007078896235178054
10,136,precision,0.6470588235294118
10,136,recall,1.0
10,136,f1,0.7857142857142857
10,137,PR_AUC,0.9528185415957654
10,137,Brier,0.009687308438810329
10,137,precision,0.6666666666666666
10,137,recall,1.0
10,137,f1,0.8
10,138,PR_AUC,0.9641422960937971
10,138,Brier,0.008079270282038909
10,138,precision,0.6728395061728395
10,138,recall,0.990909090909091
10,138,f1,0.8014705882352942
10,139,PR_AUC,0.9727286090467717
10,139,Brier,0.0074295552957774885
10,139,precision,0.7077922077922078
10,139,recall,0.990909090909091
10,139,f1,0.8257575757575758
10,140,PR_AUC,0.973175224863174
10,140,Brier,0.006519884182081132
10,140,precision,0.7006369426751592
10,140,recall,1.0
10,140,f1,0.8239700374531835
10,141,PR_AUC,0.951452751440662
10,141,Brier,0.01007264287309033
10,141,precision,0.6708074534161491
10,141,recall,0.9818181818181818
10,141,f1,0.7970479704797048
10,142,PR_AUC,0.9786277824192132
10,142,Brier,0.007790368536163666
10,142,precision,0.7284768211920529
10,142,recall,1.0
10,142,f1,0.842911877394636
10,143,PR_AUC,0.9604037022871992
10,143,Brier,0.008129488702135996
10,143,precision,0.6526946107784432
10,143,recall,0.990909090909091
10,143,f1,0.7870036101083032
10,144,PR_AUC,0.9644219426186446
10,144,Brier,0.0071508151243390395
10,144,precision,0.6707317073170732
10,144,recall,1.0
10,144,f1,0.8029197080291971
10,145,PR_AUC,0.9502821226083582
10,145,Brier,0.0118005147892789
10,145,precision,0.6878980891719745
10,145,recall,0.9818181818181818
10,145,f1,0.8089887640449438
10,146,PR_AUC,0.9686522166262257
10,146,Brier,0.008803458341788445
10,146,precision,0.6918238993710691
10,146,recall,1.0
10,146,f1,0.8178438661710037
10,147,PR_AUC,0.9699613384493992
10,147,Brier,0.007461671347217991
10,147,precision,0.6606060606060606
10,147,recall,0.990909090909091
10,147,f1,0.7927272727272727
10,148,PR_AUC,0.9617288903201824
10,148,Brier,0.00810289227966369
10,148,precision,0.7218543046357616
10,148,recall,0.990909090909091
10,148,f1,0.8352490421455939
10,149,PR_AUC,0.9786880256949715
10,149,Brier,0.007714981993896435
10,149,precision,0.7801418439716312
10,149,recall,1.0
10,149,f1,0.8764940239043825
10,150,PR_AUC,0.9527617026152394
10,150,Brier,0.009617805950800964
10,150,precision,0.7171052631578947
10,150,recall,0.990909090909091
10,150,f1,0.8320610687022901
10,151,PR_AUC,0.9855360598860077
10,151,Brier,0.0066744428511061465
10,151,precision,0.7883211678832117
10,151,recall,0.9818181818181818
10,151,f1,0.8744939271255061
10,152,PR_AUC,0.9754481171508677
10,152,Brier,0.008645279678781434
10,152,precision,0.782608695652174
10,152,recall,0.9818181818181818
10,152,f1,0.8709677419354839
10,153,PR_AUC,0.9854858135070856
10,153,Brier,0.007500896915026286
10,153,precision,0.8257575757575758
10,153,recall,0.990909090909091
10,153,f1,0.9008264462809917
10,154,PR_AUC,0.978637820365718
10,154,Brier,0.007637435903383459
10,154,precision,0.7266666666666667
10,154,recall,0.990909090909091
10,154,f1,0.8384615384615385
10,155,PR_AUC,0.9470890503357569
10,155,Brier,0.010705296212888652
10,155,precision,0.6123595505617978
10,155,recall,0.990909090909091
10,155,f1,0.7569444444444444
10,156,PR_AUC,0.9741368244724217
10,156,Brier,0.007988098994677416
10,156,precision,0.7414965986394558
10,156,recall,0.990909090909091
10,156,f1,0.8482490272373541
10,157,PR_AUC,0.9543885454983787
10,157,Brier,0.009482086051405214
10,157,precision,0.6470588235294118
10,157,recall,1.0
10,157,f1,0.7857142857142857
10,158,PR_AUC,0.9876365385855923
10,158,Brier,0.005446207518506738
10,158,precision,0.7124183006535948
10,158,recall,0.990909090909091
10,158,f1,0.8288973384030418
10,159,PR_AUC,0.9512145191469435
10,159,Brier,0.010886481372915823
10,159,precision,0.675
10,159,recall,0.9818181818181818
10,159,f1,0.8
10,160,PR_AUC,0.9561498722046311
10,160,Brier,0.010132913085104164
10,160,precision,0.7535211267605634
10,160,recall,0.9727272727272728
10,160,f1,0.8492063492063492
10,161,PR_AUC,0.9811101095196906
10,161,Brier,0.006503835722559212
10,161,precision,0.7152317880794702
10,161,recall,0.9818181818181818
10,161,f1,0.8275862068965517
10,162,PR_AUC,0.9856973788003385
10,162,Brier,0.006106809702639652
10,162,precision,0.7534246575342466
10,162,recall,1.0
10,162,f1,0.859375
10,163,PR_AUC,0.9959110938199608
10,163,Brier,0.008268246232268904
10,163,precision,0.9391304347826087
10,163,recall,0.9818181818181818
10,163,f1,0.96
10,164,PR_AUC,0.9760205596224741
10,164,Brier,0.00710130039302714
10,164,precision,0.7105263157894737
10,164,recall,0.9818181818181818
10,164,f1,0.8244274809160306
10,165,PR_AUC,0.9753025685094406
10,165,Brier,0.007724551087512424
10,165,precision,0.7730496453900709
10,165,recall,0.990909090909091
10,165,f1,0.8685258964143426
10,166,PR_AUC,0.9805151529469618
10,166,Brier,0.007280178644791881
10,166,precision,0.7605633802816901
10,166,recall,0.9818181818181818
10,166,f1,0.8571428571428571
10,167,PR_AUC,0.9585582468930056
10,167,Brier,0.008780365855460461
10,167,precision,0.7096774193548387
10,167,recall,1.0
10,167,f1,0.8301886792452831
10,168,PR_AUC,0.9505726685974946
10,168,Brier,0.01005497173885526
10,168,precision,0.6878980891719745
10,168,recall,0.9818181818181818
10,168,f1,0.8089887640449438
10,169,PR_AUC,0.9613424437387378
10,169,Brier,0.009315117841335622
10,169,precision,0.68125
10,169,recall,0.990909090909091
10,169,f1,0.8074074074074075
10,170,PR_AUC,0.9710909393035956
10,170,Brier,0.007168883998856117
10,170,precision,0.6790123456790124
10,170,recall,1.0
10,170,f1,0.8088235294117647
10,171,PR_AUC,0.977811756819399
10,171,Brier,0.008882471032234652
10,171,precision,0.7898550724637681
10,171,recall,0.990909090909091
10,171,f1,0.8790322580645161
10,172,PR_AUC,0.9620800311847052
10,172,Brier,0.009103407333399142
10,172,precision,0.7032258064516129
10,172,recall,0.990909090909091
10,172,f1,0.8226415094339623
10,173,PR_AUC,0.9544237530668886
10,173,Brier,0.009715418758314975
10,173,precision,0.7448275862068966
10,173,recall,0.9818181818181818
10,173,f1,0.8470588235294118
10,174,PR_AUC,0.9801393197459395
10,174,Brier,0.00645507506240078
10,174,precision,0.7266666666666667
10,174,recall,0.990909090909091
10,174,f1,0.8384615384615385
10,175,PR_AUC,0.9572600231668061
10,175,Brier,0.00950590915719369
10,175,precision,0.6707317073170732
10,175,recall,1.0
10,175,f1,0.8029197080291971
10,176,PR_AUC,0.9745385617244287
10,176,Brier,0.007054406460984741
10,176,precision,0.6987179487179487
10,176,recall,0.990909090909091
10,176,f1,0.8195488721804511
10,177,PR_AUC,0.9611053591008155
10,177,Brier,0.009434653870735873
10,177,precision,0.630057803468208
10,177,recall,0.990909090909091
10,177,f1,0.7703180212014135
10,178,PR_AUC,0.9658337416915369
10,178,Brier,0.008230657986170968
10,178,precision,0.7364864864864865
10,178,recall,0.990909090909091
10,178,f1,0.8449612403100775
10,179,PR_AUC,0.9497068608305234
10,179,Brier,0.01079360688621098
10,179,precision,0.6566265060240963
10,179,recall,0.990909090909091
10,179,f1,0.7898550724637681
10,180,PR_AUC,0.9570298015913302
10,180,Brier,0.008760627561140101
10,180,precision,0.7096774193548387
10,180,recall,1.0
10,180,f1,0.8301886792452831
10,181,PR_AUC,0.9808655525667312
10,181,Brier,0.007879242226475344
10,181,precision,0.8195488721804511
10,181,recall,0.990909090909091
10,181,f1,0.897119341563786
10,182,PR_AUC,0.9484331784911012
10,182,Brier,0.011715412803685921
10,182,precision,0.7448275862068966
10,182,recall,0.9818181818181818
10,182,f1,0.8470588235294118
10,183,PR_AUC,0.9819010504636796
10,183,Brier,0.006638466274042796
10,183,precision,0.8148148148148148
10,183,recall,1.0
10,183,f1,0.8979591836734694
10,184,PR_AUC,0.969385942924509
10,184,Brier,0.00799363870323977
10,184,precision,0.625
10,184,recall,1.0
10,184,f1,0.7692307692307693
10,185,PR_AUC,0.9685679083949076
10,185,Brier,0.007055960186458242
10,185,precision,0.7171052631578947
10,185,recall,0.990909090909091
10,185,f1,0.8320610687022901
10,186,PR_AUC,0.9777331971165095
10,186,Brier,0.00993416152881324
10,186,precision,0.8106060606060606
10,186,recall,0.9727272727272728
10,186,f1,0.8842975206611571
10,187,PR_AUC,0.9655623932043201
10,187,Brier,0.007975829676934266
10,187,precision,0.68125
10,187,recall,0.990909090909091
10,187,f1,0.8074074074074075
10,188,PR_AUC,0.9701024089192806
10,188,Brier,0.007890923558218414
10,188,precision,0.6942675159235668
10,188,recall,0.990909090909091
10,188,f1,0.8164794007490637
10,189,PR_AUC,0.967974888452905
10,189,Brier,0.0075408634899602435
10,189,precision,0.6875
10,189,recall,1.0
10,189,f1,0.8148148148148148
10,190,PR_AUC,0.9449088861064814
10,190,Brier,0.010572148147674005
10,190,precision,0.7077922077922078
10,190,recall,0.990909090909091
10,190,f1,0.8257575757575758
10,191,PR_AUC,0.9483442154724194
10,191,Brier,0.00965904883277456
10,191,precision,0.689873417721519
10,191,recall,0.990909090909091
10,191,f1,0.8134328358208955
10,192,PR_AUC,0.9481349660079391
10,192,Brier,0.010138085006295653
10,192,precision,0.6687116564417178
10,192,recall,0.990909090909091
10,192,f1,0.7985347985347986
10,193,PR_AUC,0.9902422392223305
10,193,Brier,0.005764682151954881
10,193,precision,0.8029197080291971
10,193,recall,1.0
10,193,f1,0.8906882591093117
10,194,PR_AUC,0.9832605820536584
10,194,Brier,0.005901185032432395
10,194,precision,0.7465753424657534
10,194,recall,0.990909090909091
10,194,f1,0.8515625
10,195,PR_AUC,0.9640103463769688
10,195,Brier,0.010431361681146573
10,195,precision,0.803030303030303
10,195,recall,0.9636363636363636
10,195,f1,0.8760330578512396
10,196,PR_AUC,0.9918706447975718
10,196,Brier,0.004199529433692903
10,196,precision,0.7051282051282052
10,196,recall,1.0
10,196,f1,0.8270676691729323
10,197,PR_AUC,0.9706433076706562
10,197,Brier,0.007422756752788959
10,197,precision,0.7189542483660131
10,197,recall,1.0
10,197,f1,0.8365019011406845
10,198,PR_AUC,0.9678248038520286
10,198,Brier,0.007887426585114701
10,198,precision,0.7284768211920529
10,198,recall,1.0
10,198,f1,0.842911877394636
10,199,PR_AUC,0.9458064661569638
10,199,Brier,0.01091334770113087
10,199,precision,0.6942675159235668
10,199,recall,0.990909090909091
10,199,f1,0.8164794007490637
10,200,PR_AUC,0.9601930923355304
10,200,Brier,0.007763726166254761
10,200,precision,0.6875
10,200,recall,1.0
10,200,f1,0.8148148148148148
10,201,PR_AUC,0.9833579108876912
10,201,Brier,0.006124281652459868
10,201,precision,0.7465753424657534
10,201,recall,0.990909090909091
10,201,f1,0.8515625
10,202,PR_AUC,0.9690675547873574
10,202,Brier,0.007547676579706529
10,202,precision,0.689873417721519
10,202,recall,0.990909090909091
10,202,f1,0.8134328358208955
10,203,PR_AUC,0.9571289699178143
10,203,Brier,0.00950517617058314
10,203,precision,0.689873417721519
10,203,recall,0.990909090909091
10,203,f1,0.8134328358208955
10,204,PR_AUC,0.9643032090509522
10,204,Brier,0.010932876580329386
10,204,precision,0.7737226277372263
10,204,recall,0.9636363636363636
10,204,f1,0.8582995951417004
10,205,PR_AUC,0.9725315592411454
10,205,Brier,0.009514648025344692
10,205,precision,0.7956204379562044
10,205,recall,0.990909090909091
10,205,f1,0.8825910931174089
10,206,PR_AUC,0.9756577265448506
10,206,Brier,0.006329485933222948
10,206,precision,0.7364864864864865
10,206,recall,0.990909090909091
10,206,f1,0.8449612403100775
10,207,PR_AUC,0.9579068345977889
10,207,Brier,0.009466948769243632
10,207,precision,0.6488095238095238
10,207,recall,0.990909090909091
10,207,f1,0.7841726618705036
10,208,PR_AUC,0.9592481881364437
10,208,Brier,0.00939895717558362
10,208,precision,0.72
10,208,recall,0.9818181818181818
10,208,f1,0.8307692307692308
10,209,PR_AUC,0.9642885925993849
10,209,Brier,0.009661555720371718
10,209,precision,0.7841726618705036
10,209,recall,0.990909090909091
10,209,f1,0.8755020080321285
10,210,PR_AUC,0.971318572598966
10,210,Brier,0.006591000429016502
10,210,precision,0.6832298136645962
10,210,recall,1.0
10,210,f1,0.8118081180811808
10,211,PR_AUC,0.961533387400315
10,211,Brier,0.009954007299217159
10,211,precision,0.7753623188405797
10,211,recall,0.9727272727272728
10,211,f1,0.8629032258064516
10,212,PR_AUC,0.9760840367355108
10,212,Brier,0.00843846672378119
10,212,precision,0.7769784172661871
10,212,recall,0.9818181818181818
10,212,f1,0.8674698795180723
10,213,PR_AUC,0.9506928960082234
10,213,Brier,0.009847506170428523
10,213,precision,0.7189542483660131
10,213,recall,1.0
10,213,f1,0.8365019011406845
10,214,PR_AUC,0.9854642755293032
10,214,Brier,0.006203900254951058
10,214,precision,0.7659574468085106
10,214,recall,0.9818181818181818
10,214,f1,0.8605577689243028
10,215,PR_AUC,0.9366789922028165
10,215,Brier,0.010576113270768508
10,215,precision,0.6566265060240963
10,215,recall,0.990909090909091
10,215,f1,0.7898550724637681
10,216,PR_AUC,0.9770108270001013
10,216,Brier,0.00803440208889806
10,216,precision,0.7315436241610739
10,216,recall,0.990909090909091
10,216,f1,0.8416988416988417
10,217,PR_AUC,0.9573521847326361
10,217,Brier,0.008630101024498956
10,217,precision,0.7236842105263158
10,217,recall,1.0
10,217,f1,0.8396946564885496
10,218,PR_AUC,0.9668252997252514
10,218,Brier,0.0074423048316108265
10,218,precision,0.632183908045977
10,218,recall,1.0
10,218,f1,0.7746478873239436
10,219,PR_AUC,0.9672300079001154
10,219,Brier,0.008094470916981558
10,219,precision,0.7218543046357616
10,219,recall,0.990909090909091
10,219,f1,0.8352490421455939
10,220,PR_AUC,0.9350262414142024
10,220,Brier,0.012194880409882291
10,220,precision,0.6967741935483871
10,220,recall,0.9818181818181818
10,220,f1,0.8150943396226416
10,221,PR_AUC,0.9557364657114169
10,221,Brier,0.010202261026066736
10,221,precision,0.7659574468085106
10,221,recall,0.9818181818181818
10,221,f1,0.8605577689243028
10,222,PR_AUC,0.9449664436594726
10,222,Brier,0.012498363169856863
10,222,precision,0.6586826347305389
10,222,recall,1.0
10,222,f1,0.7942238267148014
10,223,PR_AUC,0.9676988886198428
10,223,Brier,0.00796644879885154
10,223,precision,0.6707317073170732
10,223,recall,1.0
10,223,f1,0.8029197080291971
10,224,PR_AUC,0.9601247653964645
10,224,Brier,0.008710586953016394
10,224,precision,0.7171052631578947
10,224,recall,0.990909090909091
10,224,f1,0.8320610687022901
10,225,PR_AUC,0.9895228096551076
10,225,Brier,0.004933833891490932
10,225,precision,0.7096774193548387
10,225,recall,1.0
10,225,f1,0.8301886792452831
10,226,PR_AUC,0.9608982457584228
10,226,Brier,0.00933528421414548
10,226,precision,0.7569444444444444
10,226,recall,0.990909090909091
10,226,f1,0.8582677165354331
10,227,PR_AUC,0.9631695455761422
10,227,Brier,0.009557380096800941
10,227,precision,0.6547619047619048
10,227,recall,1.0
10,227,f1,0.7913669064748201
10,228,PR_AUC,0.9675830888428105
10,228,Brier,0.008541720712643638
10,228,precision,0.632183908045977
10,228,recall,1.0
10,228,f1,0.7746478873239436
10,229,PR_AUC,0.9650111679850807
10,229,Brier,0.007992619222919637
10,229,precision,0.650887573964497
10,229,recall,1.0
10,229,f1,0.7885304659498208
10,230,PR_AUC,0.9641282974953121
10,230,Brier,0.009829709923737827
10,230,precision,0.6967741935483871
10,230,recall,0.9818181818181818
10,230,f1,0.8150943396226416
10,231,PR_AUC,0.9863918892889476
10,231,Brier,0.005730292384242693
10,231,precision,0.6875
10,231,recall,1.0
10,231,f1,0.8148148148148148
10,232,PR_AUC,0.9664256788955473
10,232,Brier,0.0081364790558097
10,232,precision,0.7676056338028169
10,232,recall,0.990909090909091
10,232,f1,0.8650793650793651
10,233,PR_AUC,0.9652791296934641
10,233,Brier,0.007849367967458927
10,233,precision,0.7096774193548387
10,233,recall,1.0
10,233,f1,0.8301886792452831
10,234,PR_AUC,0.9659946598762094
10,234,Brier,0.008029605269570599
10,234,precision,0.6987179487179487
10,234,recall,0.990909090909091
10,234,f1,0.8195488721804511
10,235,PR_AUC,0.9483650928645355
10,235,Brier,0.009907102989523787
10,235,precision,0.6707317073170732
10,235,recall,1.0
10,235,f1,0.8029197080291971
10,236,PR_AUC,0.9695548470742009
10,236,Brier,0.010010563390635177
10,236,precision,0.8106060606060606
10,236,recall,0.9727272727272728
10,236,f1,0.8842975206611571
10,237,PR_AUC,0.9490392488063304
10,237,Brier,0.01071545570696764
10,237,precision,0.6728395061728395
10,237,recall,0.990909090909091
10,237,f1,0.8014705882352942
10,238,PR_AUC,0.9638074039498932
10,238,Brier,0.008043264192843019
10,238,precision,0.7032258064516129
10,238,recall,0.990909090909091
10,238,f1,0.8226415094339623
10,239,PR_AUC,0.9666142348703693
10,239,Brier,0.008580863408583864
10,239,precision,0.6707317073170732
10,239,recall,1.0
10,239,f1,0.8029197080291971
10,240,PR_AUC,0.971163649218603
10,240,Brier,0.00675620014280961
10,240,precision,0.7124183006535948
10,240,recall,0.990909090909091
10,240,f1,0.8288973384030418
10,241,PR_AUC,0.9768324022343432
10,241,Brier,0.006198924376140472
10,241,precision,0.7517241379310344
10,241,recall,0.990909090909091
10,241,f1,0.8549019607843137
10,242,PR_AUC,0.9638887711160952
10,242,Brier,0.00828393050237176
10,242,precision,0.68125
10,242,recall,0.990909090909091
10,242,f1,0.8074074074074075
10,243,PR_AUC,0.9530918585329036
10,243,Brier,0.010805173422974617
10,243,precision,0.7086092715231788
10,243,recall,0.9727272727272728
10,243,f1,0.8199233716475096
10,244,PR_AUC,0.9726843872262656
10,244,Brier,0.007113115706593829
10,244,precision,0.7414965986394558
10,244,recall,0.990909090909091
10,244,f1,0.8482490272373541
10,245,PR_AUC,0.9701125041396833
10,245,Brier,0.007734032480306364
10,245,precision,0.6586826347305389
10,245,recall,1.0
10,245,f1,0.7942238267148014
10,246,PR_AUC,0.9681555677178677
10,246,Brier,0.010031808401619281
10,246,precision,0.75
10,246,recall,0.9818181818181818
10,246,f1,0.8503937007874016
10,247,PR_AUC,0.9683580019908626
10,247,Brier,0.007941399326156002
10,247,precision,0.7096774193548387
10,247,recall,1.0
10,247,f1,0.8301886792452831
10,248,PR_AUC,0.9819127060623464
10,248,Brier,0.0072705148816870945
10,248,precision,0.7753623188405797
10,248,recall,0.9727272727272728
10,248,f1,0.8629032258064516
10,249,PR_AUC,0.9708167318526518
10,249,Brier,0.007048363053923459
10,249,precision,0.7171052631578947
10,249,recall,0.990909090909091
10,249,f1,0.8320610687022901
10,250,PR_AUC,0.9502823673806174
10,250,Brier,0.009957312817041009
10,250,precision,0.6526946107784432
10,250,recall,0.990909090909091
10,250,f1,0.7870036101083032
10,251,PR_AUC,0.96516091448416
10,251,Brier,0.008912127949149523
10,251,precision,0.68125
10,251,recall,0.990909090909091
10,251,f1,0.8074074074074075
10,252,PR_AUC,0.9766155771963011
10,252,Brier,0.007254514051629621
10,252,precision,0.7218543046357616
10,252,recall,0.990909090909091
10,252,f1,0.8352490421455939
10,253,PR_AUC,0.9677429120783239
10,253,Brier,0.007635138981808492
10,253,precision,0.6878980891719745
10,253,recall,0.9818181818181818
10,253,f1,0.8089887640449438
10,254,PR_AUC,0.9801184602874178
10,254,Brier,0.006676978532601762
10,254,precision,0.7552447552447552
10,254,recall,0.9818181818181818
10,254,f1,0.8537549407114624
10,255,PR_AUC,0.9700024943157767
10,255,Brier,0.007353590055519971
10,255,precision,0.7142857142857143
10,255,recall,1.0
10,255,f1,0.8333333333333334
10,256,PR_AUC,0.9660659280118356
10,256,Brier,0.008366217355979312
10,256,precision,0.7569444444444444
10,256,recall,0.990909090909091
10,256,f1,0.8582677165354331
10,257,PR_AUC,0.9515672054755352
10,257,Brier,0.009654515275617361
10,257,precision,0.6626506024096386
10,257,recall,1.0
10,257,f1,0.7971014492753623
10,258,PR_AUC,0.9625272322918874
10,258,Brier,0.008195419293870713
10,258,precision,0.6043956043956044
10,258,recall,1.0
10,258,f1,0.7534246575342466
10,259,PR_AUC,0.9711198460674345
10,259,Brier,0.007685473057896838
10,259,precision,0.7569444444444444
10,259,recall,0.990909090909091
10,259,f1,0.8582677165354331
10,260,PR_AUC,0.9787457412640279
10,260,Brier,0.008140934838303963
10,260,precision,0.8120300751879699
10,260,recall,0.9818181818181818
10,260,f1,0.8888888888888888
10,261,PR_AUC,0.9494733185003013
10,261,Brier,0.010959442630495357
10,261,precision,0.7714285714285715
10,261,recall,0.9818181818181818
10,261,f1,0.864
10,262,PR_AUC,0.970902687062819
10,262,Brier,0.008805716172255612
10,262,precision,0.7605633802816901
10,262,recall,0.9818181818181818
10,262,f1,0.8571428571428571
10,263,PR_AUC,0.9690553663736848
10,263,Brier,0.007797697357984822
10,263,precision,0.6987179487179487
10,263,recall,0.990909090909091
10,263,f1,0.8195488721804511
10,264,PR_AUC,0.9701351510944122
10,264,Brier,0.007612692334417475
10,264,precision,0.7218543046357616
10,264,recall,0.990909090909091
10,264,f1,0.8352490421455939
10,265,PR_AUC,0.9773706864216046
10,265,Brier,0.007174172058924414
10,265,precision,0.689873417721519
10,265,recall,0.990909090909091
10,265,f1,0.8134328358208955
10,266,PR_AUC,0.9606916943354382
10,266,Brier,0.008369400323981497
10,266,precision,0.6666666666666666
10,266,recall,1.0
10,266,f1,0.8
10,267,PR_AUC,0.9579837776693996
10,267,Brier,0.008952295097665638
10,267,precision,0.6395348837209303
10,267,recall,1.0
10,267,f1,0.7801418439716312
10,268,PR_AUC,0.9708247418433924
10,268,Brier,0.009510923739941684
10,268,precision,0.7769784172661871
10,268,recall,0.9818181818181818
10,268,f1,0.8674698795180723
10,269,PR_AUC,0.953643835838058
10,269,Brier,0.010571432930032383
10,269,precision,0.6835443037974683
10,269,recall,0.9818181818181818
10,269,f1,0.8059701492537313
10,270,PR_AUC,0.9585911450008094
10,270,Brier,0.008948491487776038
10,270,precision,0.7266666666666667
10,270,recall,0.990909090909091
10,270,f1,0.8384615384615385
10,271,PR_AUC,0.971447110077457
10,271,Brier,0.006797461401763746
10,271,precision,0.6918238993710691
10,271,recall,1.0
10,271,f1,0.8178438661710037
10,272,PR_AUC,0.9515674177017407
10,272,Brier,0.009777681773406202
10,272,precision,0.7058823529411765
10,272,recall,0.9818181818181818
10,272,f1,0.8212927756653993
10,273,PR_AUC,0.9552714519100542
10,273,Brier,0.00941764798569354
10,273,precision,0.68125
10,273,recall,0.990909090909091
10,273,f1,0.8074074074074075
10,274,PR_AUC,0.9638752479088897
10,274,Brier,0.007816422297693248
10,274,precision,0.6875
10,274,recall,1.0
10,274,f1,0.8148148148148148
10,275,PR_AUC,0.9569310083158079
10,275,Brier,0.010087987873146952
10,275,precision,0.7266666666666667
10,275,recall,0.990909090909091
10,275,f1,0.8384615384615385
10,276,PR_AUC,0.9741010670897935
10,276,Brier,0.007350369429013338
10,276,precision,0.7171052631578947
10,276,recall,0.990909090909091
10,276,f1,0.8320610687022901
10,277,PR_AUC,0.9471723312509226
10,277,Brier,0.00960274032805116
10,277,precision,0.6228571428571429
10,277,recall,0.990909090909091
10,277,f1,0.7649122807017544
10,278,PR_AUC,0.9802873799799294
10,278,Brier,0.0074206158983347046
10,278,precision,0.7171052631578947
10,278,recall,0.990909090909091
10,278,f1,0.8320610687022901
10,279,PR_AUC,0.952889885596766
10,279,Brier,0.009837183759421005
10,279,precision,0.6770186335403726
10,279,recall,0.990909090909091
10,279,f1,0.8044280442804428
10,280,PR_AUC,0.975674097438998
10,280,Brier,0.007209603494682886
10,280,precision,0.7152317880794702
10,280,recall,0.9818181818181818
10,280,f1,0.8275862068965517
10,281,PR_AUC,0.9847245888501295
10,281,Brier,0.005834830647484543
10,281,precision,0.6666666666666666
10,281,recall,1.0
10,281,f1,0.8
10,282,PR_AUC,0.9689530970533651
10,282,Brier,0.008088386734328821
10,282,precision,0.6566265060240963
10,282,recall,0.990909090909091
10,282,f1,0.7898550724637681
10,283,PR_AUC,0.9736007345213296
10,283,Brier,0.006649744828741586
10,283,precision,0.6179775280898876
10,283,recall,1.0
10,283,f1,0.7638888888888888
10,284,PR_AUC,0.9561922829257192
10,284,Brier,0.009135365350717115
10,284,precision,0.7077922077922078
10,284,recall,0.990909090909091
10,284,f1,0.8257575757575758
10,285,PR_AUC,0.9557732196955225
10,285,Brier,0.009793573594944493
10,285,precision,0.5913978494623656
10,285,recall,1.0
10,285,f1,0.7432432432432432
10,286,PR_AUC,0.9710889093724712
10,286,Brier,0.008253843049123208
10,286,precision,0.7032258064516129
10,286,recall,0.990909090909091
10,286,f1,0.8226415094339623
10,287,PR_AUC,0.9613809694483871
10,287,Brier,0.008610006000989885
10,287,precision,0.6792452830188679
10,287,recall,0.9818181818181818
10,287,f1,0.8029739776951673
10,288,PR_AUC,0.9697253793174736
10,288,Brier,0.009249814904220943
10,288,precision,0.7448275862068966
10,288,recall,0.9818181818181818
10,288,f1,0.8470588235294118
10,289,PR_AUC,0.9754238836662763
10,289,Brier,0.00846650846487422
10,289,precision,0.7867647058823529
10,289,recall,0.9727272727272728
10,289,f1,0.8699186991869918
10,290,PR_AUC,0.983986462991243
10,290,Brier,0.006428466669436156
10,290,precision,0.7517241379310344
10,290,recall,0.990909090909091
10,290,f1,0.8549019607843137
10,291,PR_AUC,0.9773417546132408
10,291,Brier,0.008121485000609927
10,291,precision,0.6687116564417178
10,291,recall,0.990909090909091
10,291,f1,0.7985347985347986
10,292,PR_AUC,0.9690841275972286
10,292,Brier,0.007722884188620853
10,292,precision,0.7124183006535948
10,292,recall,0.990909090909091
10,292,f1,0.8288973384030418
10,293,PR_AUC,0.9639803770077768
10,293,Brier,0.00858832014275634
10,293,precision,0.625
10,293,recall,1.0
10,293,f1,0.7692307692307693
10,294,PR_AUC,0.9626349558890822
10,294,Brier,0.0087125252091758
10,294,precision,0.6395348837209303
10,294,recall,1.0
10,294,f1,0.7801418439716312
10,295,PR_AUC,0.9764005392171193
10,295,Brier,0.0065401610442242415
10,295,precision,0.7333333333333333
10,295,recall,1.0
10,295,f1,0.8461538461538461
10,296,PR_AUC,0.958338309210303
10,296,Brier,0.00969934862136298
10,296,precision,0.7482993197278912
10,296,recall,1.0
10,296,f1,0.8560311284046692
10,297,PR_AUC,0.9844266771454527
10,297,Brier,0.005902600586908681
10,297,precision,0.7096774193548387
10,297,recall,1.0
10,297,f1,0.8301886792452831
10,298,PR_AUC,0.9809937021155448
10,298,Brier,0.007195246176006022
10,298,precision,0.7622377622377622
10,298,recall,0.990909090909091
10,298,f1,0.8616600790513834
10,299,PR_AUC,0.9494449446076534
10,299,Brier,0.01113276013042399
10,299,precision,0.72
10,299,recall,0.9818181818181818
10,299,f1,0.8307692307692308
10,300,PR_AUC,0.964332603153464
10,300,Brier,0.007768202258084792
10,300,precision,0.6666666666666666
10,300,recall,1.0
10,300,f1,0.8
10,301,PR_AUC,0.9561485540690433
10,301,Brier,0.009110750458457212
10,301,precision,0.7012987012987013
10,301,recall,0.9818181818181818
10,301,f1,0.8181818181818182
10,302,PR_AUC,0.9605245524820072
10,302,Brier,0.008528039802142047
10,302,precision,0.7124183006535948
10,302,recall,0.990909090909091
10,302,f1,0.8288973384030418
10,303,PR_AUC,0.9616104362731658
10,303,Brier,0.008773061934442007
10,303,precision,0.7124183006535948
10,303,recall,0.990909090909091
10,303,f1,0.8288973384030418
10,304,PR_AUC,0.9684061308242231
10,304,Brier,0.008110188512577323
10,304,precision,0.6790123456790124
10,304,recall,1.0
10,304,f1,0.8088235294117647
10,305,PR_AUC,0.9632395522873242
10,305,Brier,0.009717789738401062
10,305,precision,0.7248322147651006
10,305,recall,0.9818181818181818
10,305,f1,0.833976833976834
10,306,PR_AUC,0.963771355613097
10,306,Brier,0.008770723725078861
10,306,precision,0.6987179487179487
10,306,recall,0.990909090909091
10,306,f1,0.8195488721804511
10,307,PR_AUC,0.9558245567526886
10,307,Brier,0.00959730209564973
10,307,precision,0.7218543046357616
10,307,recall,0.990909090909091
10,307,f1,0.8352490421455939
10,308,PR_AUC,0.96574858607398
10,308,Brier,0.008273983937876933
10,308,precision,0.7077922077922078
10,308,recall,0.990909090909091
10,308,f1,0.8257575757575758
10,309,PR_AUC,0.945250115686128
10,309,Brier,0.011133351722252927
10,309,precision,0.6923076923076923
10,309,recall,0.9818181818181818
10,309,f1,0.8120300751879699
10,310,PR_AUC,0.9508957535062829
10,310,Brier,0.009531118123386187
10,310,precision,0.6790123456790124
10,310,recall,1.0
10,310,f1,0.8088235294117647
10,311,PR_AUC,0.977054086824462
10,311,Brier,0.008192550420141938
10,311,precision,0.6586826347305389
10,311,recall,1.0
10,311,f1,0.7942238267148014
10,312,PR_AUC,0.9498400324862564
10,312,Brier,0.009967145354384806
10,312,precision,0.6770186335403726
10,312,recall,0.990909090909091
10,312,f1,0.8044280442804428
10,313,PR_AUC,0.9403191634514989
10,313,Brier,0.012250142331232592
10,313,precision,0.6666666666666666
10,313,recall,0.9818181818181818
10,313,f1,0.7941176470588235
10,314,PR_AUC,0.9596898775116472
10,314,Brier,0.009204751232307087
10,314,precision,0.7012987012987013
10,314,recall,0.9818181818181818
10,314,f1,0.8181818181818182
10,315,PR_AUC,0.9834020412306926
10,315,Brier,0.0070503914581865655
10,315,precision,0.7605633802816901
10,315,recall,0.9818181818181818
10,315,f1,0.8571428571428571
10,316,PR_AUC,0.958059043304785
10,316,Brier,0.009362744013540356
10,316,precision,0.6855345911949685
10,316,recall,0.990909090909091
10,316,f1,0.8104089219330854
10,317,PR_AUC,0.9798938715394354
10,317,Brier,0.007000701886156887
10,317,precision,0.6875
10,317,recall,1.0
10,317,f1,0.8148148148148148
10,318,PR_AUC,0.9541082353124831
10,318,Brier,0.010728063447474304
10,318,precision,0.7152317880794702
10,318,recall,0.9818181818181818
10,318,f1,0.8275862068965517
10,319,PR_AUC,0.9584019324925587
10,319,Brier,0.00914516218831982
10,319,precision,0.72
10,319,recall,0.9818181818181818
10,319,f1,0.8307692307692308
10,320,PR_AUC,0.9745227295716729
10,320,Brier,0.00755411574832769
10,320,precision,0.6832298136645962
10,320,recall,1.0
10,320,f1,0.8118081180811808
10,321,PR_AUC,0.9640967259574693
10,321,Brier,0.008848703641246394
10,321,precision,0.632183908045977
10,321,recall,1.0
10,321,f1,0.7746478873239436
10,322,PR_AUC,0.9608261500651042
10,322,Brier,0.008249119230157692
10,322,precision,0.6875
10,322,recall,1.0
10,322,f1,0.8148148148148148
10,323,PR_AUC,0.9593351056280013
10,323,Brier,0.010670864318229095
10,323,precision,0.7152317880794702
10,323,recall,0.9818181818181818
10,323,f1,0.8275862068965517
10,324,PR_AUC,0.9825483795705673
10,324,Brier,0.00878331376824123
10,324,precision,0.8790322580645161
10,324,recall,0.990909090909091
10,324,f1,0.9316239316239316
10,325,PR_AUC,0.9563819797009079
10,325,Brier,0.009612528062433056
10,325,precision,0.7218543046357616
10,325,recall,0.990909090909091
10,325,f1,0.8352490421455939
10,326,PR_AUC,0.9550536444923422
10,326,Brier,0.00901375148129856
10,326,precision,0.5945945945945946
10,326,recall,1.0
10,326,f1,0.7457627118644068
10,327,PR_AUC,0.983376183001402
10,327,Brier,0.006607884698511907
10,327,precision,0.8
10,327,recall,0.9818181818181818
10,327,f1,0.8816326530612245
10,328,PR_AUC,0.9577382587518247
10,328,Brier,0.00944159671995951
10,328,precision,0.7266666666666667
10,328,recall,0.990909090909091
10,328,f1,0.8384615384615385
10,329,PR_AUC,0.9774347766546996
10,329,Brier,0.00795752848295612
10,329,precision,0.7801418439716312
10,329,recall,1.0
10,329,f1,0.8764940239043825
10,330,PR_AUC,0.9764351982613052
10,330,Brier,0.008508196549889083
10,330,precision,0.8307692307692308
10,330,recall,0.9818181818181818
10,330,f1,0.9
10,331,PR_AUC,0.9664284898703586
10,331,Brier,0.007146298844869582
10,331,precision,0.6646341463414634
10,331,recall,0.990909090909091
10,331,f1,0.7956204379562044
10,332,PR_AUC,0.9563820085525401
10,332,Brier,0.01001151811150799
10,332,precision,0.6687116564417178
10,332,recall,0.990909090909091
10,332,f1,0.7985347985347986
10,333,PR_AUC,0.9773500197172925
10,333,Brier,0.00619809498054895
10,333,precision,0.7482993197278912
10,333,recall,1.0
10,333,f1,0.8560311284046692
10,334,PR_AUC,0.9677889852215982
10,334,Brier,0.008608605015727876
10,334,precision,0.6145251396648045
10,334,recall,1.0
10,334,f1,0.7612456747404844
10,335,PR_AUC,0.9494480692651303
10,335,Brier,0.00962003227898737
10,335,precision,0.6526946107784432
10,335,recall,0.990909090909091
10,335,f1,0.7870036101083032
10,336,PR_AUC,0.9591253610758708
10,336,Brier,0.008208407590874905
10,336,precision,0.7051282051282052
10,336,recall,1.0
10,336,f1,0.8270676691729323
10,337,PR_AUC,0.9753330741009448
10,337,Brier,0.008142964852987128
10,337,precision,0.7697841726618705
10,337,recall,0.9727272727272728
10,337,f1,0.8594377510040161
10,338,PR_AUC,0.9512095386601283
10,338,Brier,0.010659299200563901
10,338,precision,0.7012987012987013
10,338,recall,0.9818181818181818
10,338,f1,0.8181818181818182
10,339,PR_AUC,0.9661516335037073
10,339,Brier,0.008719860649193138
10,339,precision,0.7328767123287672
10,339,recall,0.9727272727272728
10,339,f1,0.8359375
10,340,PR_AUC,0.9504645139775825
10,340,Brier,0.011356981991599995
10,340,precision,0.6967741935483871
10,340,recall,0.9818181818181818
10,340,f1,0.8150943396226416
10,341,PR_AUC,0.9783615261244548
10,341,Brier,0.0070285263734371954
10,341,precision,0.6967741935483871
10,341,recall,0.9818181818181818
10,341,f1,0.8150943396226416
10,342,PR_AUC,0.988449068121396
10,342,Brier,0.005157593191505976
10,342,precision,0.7841726618705036
10,342,recall,0.990909090909091
10,342,f1,0.8755020080321285
10,343,PR_AUC,0.9459028484532048
10,343,Brier,0.010386368396477183
10,343,precision,0.6967741935483871
10,343,recall,0.9818181818181818
10,343,f1,0.8150943396226416
10,344,PR_AUC,0.9761980283400895
10,344,Brier,0.006303121858089655
10,344,precision,0.7189542483660131
10,344,recall,1.0
10,344,f1,0.8365019011406845
10,345,PR_AUC,0.9757632859714674
10,345,Brier,0.007097789635006616
10,345,precision,0.6687116564417178
10,345,recall,0.990909090909091
10,345,f1,0.7985347985347986
10,346,PR_AUC,0.977418979741362
10,346,Brier,0.006906994447255705
10,346,precision,0.7432432432432432
10,346,recall,1.0
10,346,f1,0.8527131782945736
10,347,PR_AUC,0.9682288412410905
10,347,Brier,0.007495408034663278
10,347,precision,0.7171052631578947
10,347,recall,0.990909090909091
10,347,f1,0.8320610687022901
10,348,PR_AUC,0.9755119259460202
10,348,Brier,0.00634612353099659
10,348,precision,0.6832298136645962
10,348,recall,1.0
10,348,f1,0.8118081180811808
10,349,PR_AUC,0.9785665230721048
10,349,Brier,0.006998570254207527
10,349,precision,0.7346938775510204
10,349,recall,0.9818181818181818
10,349,f1,0.8404669260700389
10,350,PR_AUC,0.9709491395952569
10,350,Brier,0.007535985697693967
10,350,precision,0.7171052631578947
10,350,recall,0.990909090909091
10,350,f1,0.8320610687022901
10,351,PR_AUC,0.9479230626644739
10,351,Brier,0.013373413643082456
10,351,precision,0.8346456692913385
10,351,recall,0.9636363636363636
10,351,f1,0.8945147679324894
10,352,PR_AUC,0.9779331017470959
10,352,Brier,0.007586090980134778
10,352,precision,0.75
10,352,recall,0.9818181818181818
10,352,f1,0.8503937007874016
10,353,PR_AUC,0.9603269785077942
10,353,Brier,0.007974611747894511
10,353,precision,0.6790123456790124
10,353,recall,1.0
10,353,f1,0.8088235294117647
10,354,PR_AUC,0.9600749004582756
10,354,Brier,0.010735291437494606
10,354,precision,0.7925925925925926
10,354,recall,0.9727272727272728
10,354,f1,0.8734693877551021
10,355,PR_AUC,0.9780136039249744
10,355,Brier,0.007331414555173219
10,355,precision,0.7746478873239436
10,355,recall,1.0
10,355,f1,0.873015873015873
10,356,PR_AUC,0.9549424231462645
10,356,Brier,0.009568915595323694
10,356,precision,0.7058823529411765
10,356,recall,0.9818181818181818
10,356,f1,0.8212927756653993
10,357,PR_AUC,0.9583315671164306
10,357,Brier,0.009854222938384881
10,357,precision,0.7077922077922078
10,357,recall,0.990909090909091
10,357,f1,0.8257575757575758
10,358,PR_AUC,0.9764603071044864
10,358,Brier,0.007164323680322151
10,358,precision,0.7077922077922078
10,358,recall,0.990909090909091
10,358,f1,0.8257575757575758
10,359,PR_AUC,0.9683239288834464
10,359,Brier,0.0077786043323552065
10,359,precision,0.6432748538011696
10,359,recall,1.0
10,359,f1,0.7829181494661922
10,360,PR_AUC,0.9724902150240592
10,360,Brier,0.007538310186554692
10,360,precision,0.7534246575342466
10,360,recall,1.0
10,360,f1,0.859375
10,361,PR_AUC,0.9934921598297362
10,361,Brier,0.004445210399904191
10,361,precision,0.7857142857142857
10,361,recall,1.0
10,361,f1,0.88
10,362,PR_AUC,0.9708393591814333
10,362,Brier,0.007292033354844443
10,362,precision,0.7077922077922078
10,362,recall,0.990909090909091
10,362,f1,0.8257575757575758
10,363,PR_AUC,0.9434750203315023
10,363,Brier,0.010168353245204736
10,363,precision,0.632183908045977
10,363,recall,1.0
10,363,f1,0.7746478873239436
10,364,PR_AUC,0.9623167079991574
10,364,Brier,0.008395982074471753
10,364,precision,0.7189542483660131
10,364,recall,1.0
10,364,f1,0.8365019011406845
10,365,PR_AUC,0.9694463768646794
10,365,Brier,0.006976952216887604
10,365,precision,0.6470588235294118
10,365,recall,1.0
10,365,f1,0.7857142857142857
10,366,PR_AUC,0.9770748317892625
10,366,Brier,0.007362595715181676
10,366,precision,0.6832298136645962
10,366,recall,1.0
10,366,f1,0.8118081180811808
10,367,PR_AUC,0.9525652532156964
10,367,Brier,0.0093399531168942
10,367,precision,0.6666666666666666
10,367,recall,1.0
10,367,f1,0.8
10,368,PR_AUC,0.9595719600741591
10,368,Brier,0.008035426183274456
10,368,precision,0.6585365853658537
10,368,recall,0.9818181818181818
10,368,f1,0.7883211678832117
10,369,PR_AUC,0.9553699859546013
10,369,Brier,0.010339087859870788
10,369,precision,0.7278911564625851
10,369,recall,0.9727272727272728
10,369,f1,0.8326848249027238
10,370,PR_AUC,0.9515504469626207
10,370,Brier,0.008552396224012803
10,370,precision,0.6547619047619048
10,370,recall,1.0
10,370,f1,0.7913669064748201
10,371,PR_AUC,0.9501467124283122
10,371,Brier,0.01070094275200769
10,371,precision,0.6903225806451613
10,371,recall,0.9727272727272728
10,371,f1,0.8075471698113208
10,372,PR_AUC,0.9906634626265045
10,372,Brier,0.005073529207222806
10,372,precision,0.8014705882352942
10,372,recall,0.990909090909091
10,372,f1,0.8861788617886179
10,373,PR_AUC,0.9681931741060694
10,373,Brier,0.007833844746907747
10,373,precision,0.6606060606060606
10,373,recall,0.990909090909091
10,373,f1,0.7927272727272727
10,374,PR_AUC,0.9741602532654698
10,374,Brier,0.007769889055743182
10,374,precision,0.7124183006535948
10,374,recall,0.990909090909091
10,374,f1,0.8288973384030418
10,375,PR_AUC,0.9849919452206627
10,375,Brier,0.006539664038108424
10,375,precision,0.782608695652174
10,375,recall,0.9818181818181818
10,375,f1,0.8709677419354839
10,376,PR_AUC,0.9750763504662996
10,376,Brier,0.007640198420530502
10,376,precision,0.6707317073170732
10,376,recall,1.0
10,376,f1,0.8029197080291971
10,377,PR_AUC,0.9844249389169402
10,377,Brier,0.006240059689558249
10,377,precision,0.7142857142857143
10,377,recall,1.0
10,377,f1,0.8333333333333334
10,378,PR_AUC,0.9786830081522341
10,378,Brier,0.007383513589361699
10,378,precision,0.7266666666666667
10,378,recall,0.990909090909091
10,378,f1,0.8384615384615385
10,379,PR_AUC,0.9515882095862541
10,379,Brier,0.01052636965487509
10,379,precision,0.6337209302325582
10,379,recall,0.990909090909091
10,379,f1,0.7730496453900709
10,380,PR_AUC,0.9605525773735334
10,380,Brier,0.008232763904546511
10,380,precision,0.68125
10,380,recall,0.990909090909091
10,380,f1,0.8074074074074075
10,381,PR_AUC,0.9618483684504363
10,381,Brier,0.009578682847200422
10,381,precision,0.7142857142857143
10,381,recall,1.0
10,381,f1,0.8333333333333334
10,382,PR_AUC,0.9661158602564385
10,382,Brier,0.01033593383130473
10,382,precision,0.6526946107784432
10,382,recall,0.990909090909091
10,382,f1,0.7870036101083032
10,383,PR_AUC,0.9466490753084172
10,383,Brier,0.010275762897352348
10,383,precision,0.6708074534161491
10,383,recall,0.9818181818181818
10,383,f1,0.7970479704797048
10,384,PR_AUC,0.9815805244678804
10,384,Brier,0.00791949236901161
10,384,precision,0.7841726618705036
10,384,recall,0.990909090909091
10,384,f1,0.8755020080321285
10,385,PR_AUC,0.9790934065526374
10,385,Brier,0.006345613259308545
10,385,precision,0.7218543046357616
10,385,recall,0.990909090909091
10,385,f1,0.8352490421455939
10,386,PR_AUC,0.962295823609487
10,386,Brier,0.008597223698408034
10,386,precision,0.7622377622377622
10,386,recall,0.990909090909091
10,386,f1,0.8616600790513834
10,387,PR_AUC,0.9862141226632848
10,387,Brier,0.006016725639520844
10,387,precision,0.7051282051282052
10,387,recall,1.0
10,387,f1,0.8270676691729323
10,388,PR_AUC,0.9827020394034744
10,388,Brier,0.008314154931439619
10,388,precision,0.856
10,388,recall,0.9727272727272728
10,388,f1,0.9106382978723404
10,389,PR_AUC,0.9522184571209569
10,389,Brier,0.01010370434633739
10,389,precision,0.7152317880794702
10,389,recall,0.9818181818181818
10,389,f1,0.8275862068965517
10,390,PR_AUC,0.9828061747874695
10,390,Brier,0.0067415295453481195
10,390,precision,0.7448275862068966
10,390,recall,0.9818181818181818
10,390,f1,0.8470588235294118
10,391,PR_AUC,0.9594443661229448
10,391,Brier,0.008913433857432543
10,391,precision,0.6606060606060606
10,391,recall,0.990909090909091
10,391,f1,0.7927272727272727
10,392,PR_AUC,0.9858363806843209
10,392,Brier,0.006027937627451405
10,392,precision,0.7414965986394558
10,392,recall,0.990909090909091
10,392,f1,0.8482490272373541
10,393,PR_AUC,0.9868581380604072
10,393,Brier,0.005923443852564389
10,393,precision,0.7552447552447552
10,393,recall,0.9818181818181818
10,393,f1,0.8537549407114624
10,394,PR_AUC,0.9638295019483416
10,394,Brier,0.007993728414618664
10,394,precision,0.7171052631578947
10,394,recall,0.990909090909091
10,394,f1,0.8320610687022901
10,395,PR_AUC,0.9843458075788077
10,395,Brier,0.0057212456926927415
10,395,precision,0.7006369426751592
10,395,recall,1.0
10,395,f1,0.8239700374531835
10,396,PR_AUC,0.9598365875776103
10,396,Brier,0.008900061348893932
10,396,precision,0.6832298136645962
10,396,recall,1.0
10,396,f1,0.8118081180811808
10,397,PR_AUC,0.9806429968632442
10,397,Brier,0.008712886042086566
10,397,precision,0.8195488721804511
10,397,recall,0.990909090909091
10,397,f1,0.897119341563786
10,398,PR_AUC,0.9744748319661048
10,398,Brier,0.007905962582686384
10,398,precision,0.689873417721519
10,398,recall,0.990909090909091
10,398,f1,0.8134328358208955
10,399,PR_AUC,0.9724277236536345
10,399,Brier,0.0073118751706984595
10,399,precision,0.7346938775510204
10,399,recall,0.9818181818181818
10,399,f1,0.8404669260700389
10,400,PR_AUC,0.964599501077256
10,400,Brier,0.008290064096193168
10,400,precision,0.7414965986394558
10,400,recall,0.990909090909091
10,400,f1,0.8482490272373541
10,401,PR_AUC,0.9645069652245379
10,401,Brier,0.009720790326253559
10,401,precision,0.8120300751879699
10,401,recall,0.9818181818181818
10,401,f1,0.8888888888888888
10,402,PR_AUC,0.9746685955192688
10,402,Brier,0.008232435441821812
10,402,precision,0.7448275862068966
10,402,recall,0.9818181818181818
10,402,f1,0.8470588235294118
10,403,PR_AUC,0.942250312392564
10,403,Brier,0.011831663861031783
10,403,precision,0.7058823529411765
10,403,recall,0.9818181818181818
10,403,f1,0.8212927756653993
10,404,PR_AUC,0.9704086097719536
10,404,Brier,0.0075144692827944625
10,404,precision,0.6666666666666666
10,404,recall,1.0
10,404,f1,0.8
10,405,PR_AUC,0.965778867585953
10,405,Brier,0.007470186605611195
10,405,precision,0.6626506024096386
10,405,recall,1.0
10,405,f1,0.7971014492753623
10,406,PR_AUC,0.9805099648239974
10,406,Brier,0.006080707179240509
10,406,precision,0.7622377622377622
10,406,recall,0.990909090909091
10,406,f1,0.8616600790513834
10,407,PR_AUC,0.9615286100895617
10,407,Brier,0.008890729319157083
10,407,precision,0.72
10,407,recall,0.9818181818181818
10,407,f1,0.8307692307692308
10,408,PR_AUC,0.965670387130113
10,408,Brier,0.007722981141351914
10,408,precision,0.6987179487179487
10,408,recall,0.990909090909091
10,408,f1,0.8195488721804511
10,409,PR_AUC,0.9444153870308308
10,409,Brier,0.012598345521936059
10,409,precision,0.7642857142857142
10,409,recall,0.9727272727272728
10,409,f1,0.856
10,410,PR_AUC,0.9915624018368079
10,410,Brier,0.004968347011579851
10,410,precision,0.7534246575342466
10,410,recall,1.0
10,410,f1,0.859375
10,411,PR_AUC,0.9725776839432311
10,411,Brier,0.008193294786517103
10,411,precision,0.7248322147651006
10,411,recall,0.9818181818181818
10,411,f1,0.833976833976834
10,412,PR_AUC,0.9737688533555602
10,412,Brier,0.008654704532769534
10,412,precision,0.7465753424657534
10,412,recall,0.990909090909091
10,412,f1,0.8515625
10,413,PR_AUC,0.964428656633744
10,413,Brier,0.009038132894303372
10,413,precision,0.7142857142857143
10,413,recall,1.0
10,413,f1,0.8333333333333334
10,414,PR_AUC,0.9796993994957695
10,414,Brier,0.006733705658860608
10,414,precision,0.7333333333333333
10,414,recall,1.0
10,414,f1,0.8461538461538461
10,415,PR_AUC,0.9699821354996812
10,415,Brier,0.007235127353382984
10,415,precision,0.6526946107784432
10,415,recall,0.990909090909091
10,415,f1,0.7870036101083032
10,416,PR_AUC,0.9760517539272752
10,416,Brier,0.007515131400915655
10,416,precision,0.6792452830188679
10,416,recall,0.9818181818181818
10,416,f1,0.8029739776951673
10,417,PR_AUC,0.9448003718309711
10,417,Brier,0.009769387539326498
10,417,precision,0.6666666666666666
10,417,recall,1.0
10,417,f1,0.8
10,418,PR_AUC,0.97437133026497
10,418,Brier,0.007385101550502322
10,418,precision,0.72
10,418,recall,0.9818181818181818
10,418,f1,0.8307692307692308
10,419,PR_AUC,0.9694928849862702
10,419,Brier,0.009274296171674759
10,419,precision,0.7346938775510204
10,419,recall,0.9818181818181818
10,419,f1,0.8404669260700389
10,420,PR_AUC,0.9852476436832264
10,420,Brier,0.005716847288752475
10,420,precision,0.7284768211920529
10,420,recall,1.0
10,420,f1,0.842911877394636
10,421,PR_AUC,0.97783579555242
10,421,Brier,0.006172147591637932
10,421,precision,0.7051282051282052
10,421,recall,1.0
10,421,f1,0.8270676691729323
10,422,PR_AUC,0.9525169957145851
10,422,Brier,0.009326607816347478
10,422,precision,0.6770186335403726
10,422,recall,0.990909090909091
10,422,f1,0.8044280442804428
10,423,PR_AUC,0.968476501476418
10,423,Brier,0.00822999646690877
10,423,precision,0.75
10,423,recall,0.9818181818181818
10,423,f1,0.8503937007874016
10,424,PR_AUC,0.9759428070753842
10,424,Brier,0.007481097843311751
10,424,precision,0.7586206896551724
10,424,recall,1.0
10,424,f1,0.8627450980392157
10,425,PR_AUC,0.9791771353404919
10,425,Brier,0.008071790901008763
10,425,precision,0.7605633802816901
10,425,recall,0.9818181818181818
10,425,f1,0.8571428571428571
10,426,PR_AUC,0.963832062608845
10,426,Brier,0.008344634394146254
10,426,precision,0.7414965986394558
10,426,recall,0.990909090909091
10,426,f1,0.8482490272373541
10,427,PR_AUC,0.9719891010036034
10,427,Brier,0.007767861864140481
10,427,precision,0.7077922077922078
10,427,recall,0.990909090909091
10,427,f1,0.8257575757575758
10,428,PR_AUC,0.9325176902812272
10,428,Brier,0.012676249075317505
10,428,precision,0.6729559748427673
10,428,recall,0.9727272727272728
10,428,f1,0.7955390334572491
10,429,PR_AUC,0.9634733734166259
10,429,Brier,0.009605991735379425
10,429,precision,0.7266666666666667
10,429,recall,0.990909090909091
10,429,f1,0.8384615384615385
10,430,PR_AUC,0.9613608895268124
10,430,Brier,0.00919410697816238
10,430,precision,0.6878980891719745
10,430,recall,0.9818181818181818
10,430,f1,0.8089887640449438
10,431,PR_AUC,0.9506398702874256
10,431,Brier,0.01129228598273661
10,431,precision,0.7181208053691275
10,431,recall,0.9727272727272728
10,431,f1,0.8262548262548263
10,432,PR_AUC,0.9559600715576618
10,432,Brier,0.008360139630009667
10,432,precision,0.6470588235294118
10,432,recall,1.0
10,432,f1,0.7857142857142857
10,433,PR_AUC,0.9749967840716028
10,433,Brier,0.007622872184573813
10,433,precision,0.7333333333333333
10,433,recall,1.0
10,433,f1,0.8461538461538461
10,434,PR_AUC,0.9492973293849014
10,434,Brier,0.010552236974575196
10,434,precision,0.6728395061728395
10,434,recall,0.990909090909091
10,434,f1,0.8014705882352942
10,435,PR_AUC,0.9438154714264957
10,435,Brier,0.011253415216406116
10,435,precision,0.7397260273972602
10,435,recall,0.9818181818181818
10,435,f1,0.84375
10,436,PR_AUC,0.9827692364388275
10,436,Brier,0.006359331574685158
10,436,precision,0.7397260273972602
10,436,recall,0.9818181818181818
10,436,f1,0.84375
10,437,PR_AUC,0.9753655523255657
10,437,Brier,0.009367151174668974
10,437,precision,0.8120300751879699
10,437,recall,0.9818181818181818
10,437,f1,0.8888888888888888
10,438,PR_AUC,0.9722641217271549
10,438,Brier,0.008594589017153277
10,438,precision,0.7605633802816901
10,438,recall,0.9818181818181818
10,438,f1,0.8571428571428571
10,439,PR_AUC,0.9604546208782938
10,439,Brier,0.010119288632860369
10,439,precision,0.7588652482269503
10,439,recall,0.9727272727272728
10,439,f1,0.852589641434263
10,440,PR_AUC,0.9814634835569302
10,440,Brier,0.006142370981783934
10,440,precision,0.7096774193548387
10,440,recall,1.0
10,440,f1,0.8301886792452831
10,441,PR_AUC,0.9599052691906284
10,441,Brier,0.00860196429492222
10,441,precision,0.6395348837209303
10,441,recall,1.0
10,441,f1,0.7801418439716312
10,442,PR_AUC,0.963779957791737
10,442,Brier,0.008426932737161162
10,442,precision,0.6748466257668712
10,442,recall,1.0
10,442,f1,0.8058608058608059
10,443,PR_AUC,0.9855933161336972
10,443,Brier,0.00880112738217591
10,443,precision,0.8650793650793651
10,443,recall,0.990909090909091
10,443,f1,0.923728813559322
10,444,PR_AUC,0.9666112713293464
10,444,Brier,0.008500760587811329
10,444,precision,0.6214689265536724
10,444,recall,1.0
10,444,f1,0.7665505226480837
10,445,PR_AUC,0.9789664904021288
10,445,Brier,0.007062156626016046
10,445,precision,0.6918238993710691
10,445,recall,1.0
10,445,f1,0.8178438661710037
10,446,PR_AUC,0.9614537125878759
10,446,Brier,0.009273656663110127
10,446,precision,0.7448275862068966
10,446,recall,0.9818181818181818
10,446,f1,0.8470588235294118
10,447,PR_AUC,0.9552667715639064
10,447,Brier,0.010216806469040579
10,447,precision,0.7448275862068966
10,447,recall,0.9818181818181818
10,447,f1,0.8470588235294118
10,448,PR_AUC,0.9737298852472887
10,448,Brier,0.006994558798257974
10,448,precision,0.7432432432432432
10,448,recall,1.0
10,448,f1,0.8527131782945736
10,449,PR_AUC,0.9786224077257304
10,449,Brier,0.006968121116743493
10,449,precision,0.7414965986394558
10,449,recall,0.990909090909091
10,449,f1,0.8482490272373541
10,450,PR_AUC,0.9658563622553327
10,450,Brier,0.007775309163172603
10,450,precision,0.689873417721519
10,450,recall,0.990909090909091
10,450,f1,0.8134328358208955
10,451,PR_AUC,0.9790033064541619
10,451,Brier,0.006713543472391367
10,451,precision,0.7142857142857143
10,451,recall,1.0
10,451,f1,0.8333333333333334
10,452,PR_AUC,0.9645843726832211
10,452,Brier,0.008434631995173372
10,452,precision,0.7105263157894737
10,452,recall,0.9818181818181818
10,452,f1,0.8244274809160306
10,453,PR_AUC,0.9455728047624485
10,453,Brier,0.011789602707813533
10,453,precision,0.726027397260274
10,453,recall,0.9636363636363636
10,453,f1,0.828125
10,454,PR_AUC,0.9729075254343862
10,454,Brier,0.00808357776440256
10,454,precision,0.7105263157894737
10,454,recall,0.9818181818181818
10,454,f1,0.8244274809160306
10,455,PR_AUC,0.9644941773457413
10,455,Brier,0.007565547399965596
10,455,precision,0.6770186335403726
10,455,recall,0.990909090909091
10,455,f1,0.8044280442804428
10,456,PR_AUC,0.9886276481548377
10,456,Brier,0.005883139937463059
10,456,precision,0.7730496453900709
10,456,recall,0.990909090909091
10,456,f1,0.8685258964143426
10,457,PR_AUC,0.9772426464834867
10,457,Brier,0.0070905688187828724
10,457,precision,0.7432432432432432
10,457,recall,1.0
10,457,f1,0.8527131782945736
10,458,PR_AUC,0.9633445846620817
10,458,Brier,0.009653769747959291
10,458,precision,0.7898550724637681
10,458,recall,0.990909090909091
10,458,f1,0.8790322580645161
10,459,PR_AUC,0.9553537999810012
10,459,Brier,0.00905708733804608
10,459,precision,0.6547619047619048
10,459,recall,1.0
10,459,f1,0.7913669064748201
10,460,PR_AUC,0.976008589946753
10,460,Brier,0.0063808912678666955
10,460,precision,0.7077922077922078
10,460,recall,0.990909090909091
10,460,f1,0.8257575757575758
10,461,PR_AUC,0.9797426433259986
10,461,Brier,0.006589137144475067
10,461,precision,0.6547619047619048
10,461,recall,1.0
10,461,f1,0.7913669064748201
10,462,PR_AUC,0.966465951141938
10,462,Brier,0.008431117578579724
10,462,precision,0.6918238993710691
10,462,recall,1.0
10,462,f1,0.8178438661710037
10,463,PR_AUC,0.9477828969124593
10,463,Brier,0.011597760426331592
10,463,precision,0.7310344827586207
10,463,recall,0.9636363636363636
10,463,f1,0.8313725490196079
10,464,PR_AUC,0.9558672507951277
10,464,Brier,0.010122309640193542
10,464,precision,0.632183908045977
10,464,recall,1.0
10,464,f1,0.7746478873239436
10,465,PR_AUC,0.9541226155099102
10,465,Brier,0.011272331159263104
10,465,precision,0.7642857142857142
10,465,recall,0.9727272727272728
10,465,f1,0.856
10,466,PR_AUC,0.9912952232910487
10,466,Brier,0.004903728183731017
10,466,precision,0.7569444444444444
10,466,recall,0.990909090909091
10,466,f1,0.8582677165354331
10,467,PR_AUC,0.9835007660563763
10,467,Brier,0.006396773790101075
10,467,precision,0.6748466257668712
10,467,recall,1.0
10,467,f1,0.8058608058608059
10,468,PR_AUC,0.973090463571539
10,468,Brier,0.007732051394705224
10,468,precision,0.7414965986394558
10,468,recall,0.990909090909091
10,468,f1,0.8482490272373541
10,469,PR_AUC,0.9740501342390854
10,469,Brier,0.007451013274871264
10,469,precision,0.7315436241610739
10,469,recall,0.990909090909091
10,469,f1,0.8416988416988417
10,470,PR_AUC,0.9689521367570241
10,470,Brier,0.007627075901967928
10,470,precision,0.6395348837209303
10,470,recall,1.0
10,470,f1,0.7801418439716312
10,471,PR_AUC,0.9691217443129748
10,471,Brier,0.007500169860649727
10,471,precision,0.7432432432432432
10,471,recall,1.0
10,471,f1,0.8527131782945736
10,472,PR_AUC,0.9836863168878915
10,472,Brier,0.007042594013421072
10,472,precision,0.7785714285714286
10,472,recall,0.990909090909091
10,472,f1,0.872
10,473,PR_AUC,0.9619505048108673
10,473,Brier,0.008866059047067986
10,473,precision,0.6835443037974683
10,473,recall,0.9818181818181818
10,473,f1,0.8059701492537313
10,474,PR_AUC,0.9698921055382509
10,474,Brier,0.007193792537286145
10,474,precision,0.689873417721519
10,474,recall,0.990909090909091
10,474,f1,0.8134328358208955
10,475,PR_AUC,0.9549318336113133
10,475,Brier,0.009840327730576349
10,475,precision,0.7032258064516129
10,475,recall,0.990909090909091
10,475,f1,0.8226415094339623
10,476,PR_AUC,0.9726187571621449
10,476,Brier,0.007064294785159511
10,476,precision,0.7142857142857143
10,476,recall,1.0
10,476,f1,0.8333333333333334
10,477,PR_AUC,0.9489667898118689
10,477,Brier,0.011043518883818545
10,477,precision,0.6566265060240963
10,477,recall,0.990909090909091
10,477,f1,0.7898550724637681
10,478,PR_AUC,0.9703927725711919
10,478,Brier,0.007196697183006612
10,478,precision,0.7364864864864865
10,478,recall,0.990909090909091
10,478,f1,0.8449612403100775
10,479,PR_AUC,0.9616104362731658
10,479,Brier,0.008773061934442007
10,479,precision,0.7124183006535948
10,479,recall,0.990909090909091
10,479,f1,0.8288973384030418
10,480,PR_AUC,0.9730441088374374
10,480,Brier,0.007883480331225918
10,480,precision,0.7753623188405797
10,480,recall,0.9727272727272728
10,480,f1,0.8629032258064516
10,481,PR_AUC,0.9789823897840648
10,481,Brier,0.008245901628040845
10,481,precision,0.7697841726618705
10,481,recall,0.9727272727272728
10,481,f1,0.8594377510040161
10,482,PR_AUC,0.9427701692704635
10,482,Brier,0.012223498631256016
10,482,precision,0.6645962732919255
10,482,recall,0.9727272727272728
10,482,f1,0.7896678966789668
10,483,PR_AUC,0.975886381876721
10,483,Brier,0.006710791815082395
10,483,precision,0.7785714285714286
10,483,recall,0.990909090909091
10,483,f1,0.872
10,484,PR_AUC,0.9763351273023232
10,484,Brier,0.008475446603045519
10,484,precision,0.7517241379310344
10,484,recall,0.990909090909091
10,484,f1,0.8549019607843137
10,485,PR_AUC,0.9839455157966599
10,485,Brier,0.006913166624827142
10,485,precision,0.6586826347305389
10,485,recall,1.0
10,485,f1,0.7942238267148014
10,486,PR_AUC,0.9641142030880959
10,486,Brier,0.008612033348923962
10,486,precision,0.7218543046357616
10,486,recall,0.990909090909091
10,486,f1,0.8352490421455939
10,487,PR_AUC,0.9718539559385773
10,487,Brier,0.00807446822544302
10,487,precision,0.7465753424657534
10,487,recall,0.990909090909091
10,487,f1,0.8515625
10,488,PR_AUC,0.9765824640426395
10,488,Brier,0.007102694498036902
10,488,precision,0.7171052631578947
10,488,recall,0.990909090909091
10,488,f1,0.8320610687022901
10,489,PR_AUC,0.9329473077458966
10,489,Brier,0.012711132765599664
10,489,precision,0.7266666666666667
10,489,recall,0.990909090909091
10,489,f1,0.8384615384615385
10,490,PR_AUC,0.9721791405236948
10,490,Brier,0.0070850544739184396
10,490,precision,0.7622377622377622
10,490,recall,0.990909090909091
10,490,f1,0.8616600790513834
10,491,PR_AUC,0.9866448854966033
10,491,Brier,0.005759380088660057
10,491,precision,0.7315436241610739
10,491,recall,0.990909090909091
10,491,f1,0.8416988416988417
10,492,PR_AUC,0.9552575442843478
10,492,Brier,0.010004653081962198
10,492,precision,0.6858974358974359
10,492,recall,0.9727272727272728
10,492,f1,0.8045112781954887
10,493,PR_AUC,0.9838980195807132
10,493,Brier,0.006578769038613937
10,493,precision,0.7569444444444444
10,493,recall,0.990909090909091
10,493,f1,0.8582677165354331
10,494,PR_AUC,0.9653448628481971
10,494,Brier,0.007427630092519427
10,494,precision,0.6918238993710691
10,494,recall,1.0
10,494,f1,0.8178438661710037
10,495,PR_AUC,0.9947550968636248
10,495,Brier,0.003847539649800758
10,495,precision,0.7051282051282052
10,495,recall,1.0
10,495,f1,0.8270676691729323
10,496,PR_AUC,0.9482686081487096
10,496,Brier,0.01068388329268855
10,496,precision,0.7465753424657534
10,496,recall,0.990909090909091
10,496,f1,0.8515625
10,497,PR_AUC,0.9620686615438278
10,497,Brier,0.008699672355548194
10,497,precision,0.7364864864864865
10,497,recall,0.990909090909091
10,497,f1,0.8449612403100775
10,498,PR_AUC,0.9824530873979616
10,498,Brier,0.007097936409105275
10,498,precision,0.8120300751879699
10,498,recall,0.9818181818181818
10,498,f1,0.8888888888888888
10,499,PR_AUC,0.9714732912313316
10,499,Brier,0.008713968673404359
10,499,precision,0.6586826347305389
10,499,recall,1.0
10,499,f1,0.7942238267148014
10,500,PR_AUC,0.9572922667238211
10,500,Brier,0.008897684670421955
10,500,precision,0.6942675159235668
10,500,recall,0.990909090909091
10,500,f1,0.8164794007490637
10,501,PR_AUC,0.9592633183409993
10,501,Brier,0.008347928103942663
10,501,precision,0.6728395061728395
10,501,recall,0.990909090909091
10,501,f1,0.8014705882352942
10,502,PR_AUC,0.9551556583263584
10,502,Brier,0.011024195914899839
10,502,precision,0.782608695652174
10,502,recall,0.9818181818181818
10,502,f1,0.8709677419354839
10,503,PR_AUC,0.979170212008951
10,503,Brier,0.007311132438114918
10,503,precision,0.7058823529411765
10,503,recall,0.9818181818181818
10,503,f1,0.8212927756653993
10,504,PR_AUC,0.9635773206855068
10,504,Brier,0.008566416428145781
10,504,precision,0.7346938775510204
10,504,recall,0.9818181818181818
10,504,f1,0.8404669260700389
10,505,PR_AUC,0.9755059513058217
10,505,Brier,0.006633871631151751
10,505,precision,0.7730496453900709
10,505,recall,0.990909090909091
10,505,f1,0.8685258964143426
10,506,PR_AUC,0.9456957330560866
10,506,Brier,0.009369619636648062
10,506,precision,0.650887573964497
10,506,recall,1.0
10,506,f1,0.7885304659498208
10,507,PR_AUC,0.9664258749972744
10,507,Brier,0.008486010556569978
10,507,precision,0.7333333333333333
10,507,recall,1.0
10,507,f1,0.8461538461538461
10,508,PR_AUC,0.9658236350507715
10,508,Brier,0.008579785879817222
10,508,precision,0.7236842105263158
10,508,recall,1.0
10,508,f1,0.8396946564885496
10,509,PR_AUC,0.9791209937011719
10,509,Brier,0.006847666077926409
10,509,precision,0.7746478873239436
10,509,recall,1.0
10,509,f1,0.873015873015873
10,510,PR_AUC,0.9783626925099091
10,510,Brier,0.008962652106339541
10,510,precision,0.782608695652174
10,510,recall,0.9818181818181818
10,510,f1,0.8709677419354839
10,511,PR_AUC,0.9832503697142585
10,511,Brier,0.005724632823867331
10,511,precision,0.7552447552447552
10,511,recall,0.9818181818181818
10,511,f1,0.8537549407114624
10,512,PR_AUC,0.9655147826153381
10,512,Brier,0.008025087609526764
10,512,precision,0.7448275862068966
10,512,recall,0.9818181818181818
10,512,f1,0.8470588235294118
10,513,PR_AUC,0.9859545256076898
10,513,Brier,0.005499648260602903
10,513,precision,0.7482993197278912
10,513,recall,1.0
10,513,f1,0.8560311284046692
10,514,PR_AUC,0.953666650154844
10,514,Brier,0.00997346275569856
10,514,precision,0.7266666666666667
10,514,recall,0.990909090909091
10,514,f1,0.8384615384615385
10,515,PR_AUC,0.9573375649794198
10,515,Brier,0.009305497161239894
10,515,precision,0.7189542483660131
10,515,recall,1.0
10,515,f1,0.8365019011406845
10,516,PR_AUC,0.9737036517719584
10,516,Brier,0.007738123132453066
10,516,precision,0.7278911564625851
10,516,recall,0.9727272727272728
10,516,f1,0.8326848249027238
10,517,PR_AUC,0.9487563990528096
10,517,Brier,0.010107093684122312
10,517,precision,0.6770186335403726
10,517,recall,0.990909090909091
10,517,f1,0.8044280442804428
10,518,PR_AUC,0.9798211384467427
10,518,Brier,0.008395460806528237
10,518,precision,0.7883211678832117
10,518,recall,0.9818181818181818
10,518,f1,0.8744939271255061
10,519,PR_AUC,0.9536101651625722
10,519,Brier,0.010207325464703263
10,519,precision,0.6526946107784432
10,519,recall,0.990909090909091
10,519,f1,0.7870036101083032
10,520,PR_AUC,0.9561485540690433
10,520,Brier,0.00911075045845721
10,520,precision,0.7012987012987013
10,520,recall,0.9818181818181818
10,520,f1,0.8181818181818182
10,521,PR_AUC,0.9648113132235407
10,521,Brier,0.008283605864163037
10,521,precision,0.7032258064516129
10,521,recall,0.990909090909091
10,521,f1,0.8226415094339623
10,522,PR_AUC,0.9748160613026635
10,522,Brier,0.007535338825528846
10,522,precision,0.7077922077922078
10,522,recall,0.990909090909091
10,522,f1,0.8257575757575758
10,523,PR_AUC,0.9547213721531707
10,523,Brier,0.00984570543339605
10,523,precision,0.6646341463414634
10,523,recall,0.990909090909091
10,523,f1,0.7956204379562044
10,524,PR_AUC,0.9759584655175992
10,524,Brier,0.00796060342425779
10,524,precision,0.7181208053691275
10,524,recall,0.9727272727272728
10,524,f1,0.8262548262548263
10,525,PR_AUC,0.9668868138381111
10,525,Brier,0.008157011460346583
10,525,precision,0.6770186335403726
10,525,recall,0.990909090909091
10,525,f1,0.8044280442804428
10,526,PR_AUC,0.9823869001373817
10,526,Brier,0.006120981224887058
10,526,precision,0.7189542483660131
10,526,recall,1.0
10,526,f1,0.8365019011406845
10,527,PR_AUC,0.9835400485110919
10,527,Brier,0.008037472215116429
10,527,precision,0.823076923076923
10,527,recall,0.9727272727272728
10,527,f1,0.8916666666666667
10,528,PR_AUC,0.9723741034585579
10,528,Brier,0.007539409890208682
10,528,precision,0.6855345911949685
10,528,recall,0.990909090909091
10,528,f1,0.8104089219330854
10,529,PR_AUC,0.9477125724184923
10,529,Brier,0.010318120949228744
10,529,precision,0.6428571428571429
10,529,recall,0.9818181818181818
10,529,f1,0.7769784172661871
10,530,PR_AUC,0.9843491363167985
10,530,Brier,0.006524857946663201
10,530,precision,0.7753623188405797
10,530,recall,0.9727272727272728
10,530,f1,0.8629032258064516
10,531,PR_AUC,0.9839609059083478
10,531,Brier,0.006502693397476764
10,531,precision,0.7517241379310344
10,531,recall,0.990909090909091
10,531,f1,0.8549019607843137
10,532,PR_AUC,0.963735242677171
10,532,Brier,0.008425773522262685
10,532,precision,0.6526946107784432
10,532,recall,0.990909090909091
10,532,f1,0.7870036101083032
10,533,PR_AUC,0.9872553313488541
10,533,Brier,0.006779499866092751
10,533,precision,0.8294573643410853
10,533,recall,0.9727272727272728
10,533,f1,0.895397489539749
10,534,PR_AUC,0.9885289013613554
10,534,Brier,0.006083857204295786
10,534,precision,0.8014705882352942
10,534,recall,0.990909090909091
10,534,f1,0.8861788617886179
10,535,PR_AUC,0.974693184055265
10,535,Brier,0.007411923512309336
10,535,precision,0.7414965986394558
10,535,recall,0.990909090909091
10,535,f1,0.8482490272373541
10,536,PR_AUC,0.9704274713333262
10,536,Brier,0.008176506963734394
10,536,precision,0.6962025316455697
10,536,recall,1.0
10,536,f1,0.8208955223880597
10,537,PR_AUC,0.9694962202394409
10,537,Brier,0.007310305550882879
10,537,precision,0.7142857142857143
10,537,recall,1.0
10,537,f1,0.8333333333333334
10,538,PR_AUC,0.9685536738449821
10,538,Brier,0.008073078813304133
10,538,precision,0.7622377622377622
10,538,recall,0.990909090909091
10,538,f1,0.8616600790513834
10,539,PR_AUC,0.977064011377223
10,539,Brier,0.00795166134376088
10,539,precision,0.7985074626865671
10,539,recall,0.9727272727272728
10,539,f1,0.8770491803278688
10,540,PR_AUC,0.9555354831967451
10,540,Brier,0.00968520238759739
10,540,precision,0.7077922077922078
10,540,recall,0.990909090909091
10,540,f1,0.8257575757575758
10,541,PR_AUC,0.9476053179188552
10,541,Brier,0.010486551521096642
10,541,precision,0.6855345911949685
10,541,recall,0.990909090909091
10,541,f1,0.8104089219330854
10,542,PR_AUC,0.9645074205123022
10,542,Brier,0.00968367063223658
10,542,precision,0.8059701492537313
10,542,recall,0.9818181818181818
10,542,f1,0.8852459016393442
10,543,PR_AUC,0.9783342249867568
10,543,Brier,0.008881352228382445
10,543,precision,0.8307692307692308
10,543,recall,0.9818181818181818
10,543,f1,0.9
10,544,PR_AUC,0.9679749210939058
10,544,Brier,0.006979337162166658
10,544,precision,0.6832298136645962
10,544,recall,1.0
10,544,f1,0.8118081180811808
10,545,PR_AUC,0.9640891186911907
10,545,Brier,0.0088300483584168
10,545,precision,0.7414965986394558
10,545,recall,0.990909090909091
10,545,f1,0.8482490272373541
10,546,PR_AUC,0.9668778582046711
10,546,Brier,0.00970426434292508
10,546,precision,0.6835443037974683
10,546,recall,0.9818181818181818
10,546,f1,0.8059701492537313
10,547,PR_AUC,0.9644450202467754
10,547,Brier,0.00815276700878468
10,547,precision,0.6666666666666666
10,547,recall,1.0
10,547,f1,0.8
10,548,PR_AUC,0.9582220509961386
10,548,Brier,0.008684698110679961
10,548,precision,0.7152317880794702
10,548,recall,0.9818181818181818
10,548,f1,0.8275862068965517
10,549,PR_AUC,0.9744456048937906
10,549,Brier,0.007683335728600151
10,549,precision,0.6832298136645962
10,549,recall,1.0
10,549,f1,0.8118081180811808
10,550,PR_AUC,0.97532753074308
10,550,Brier,0.005934765618945324
10,550,precision,0.6855345911949685
10,550,recall,0.990909090909091
10,550,f1,0.8104089219330854
10,551,PR_AUC,0.9762573639040656
10,551,Brier,0.007028574637762924
10,551,precision,0.6875
10,551,recall,1.0
10,551,f1,0.8148148148148148
10,552,PR_AUC,0.9602246111868609
10,552,Brier,0.008399032963811622
10,552,precision,0.689873417721519
10,552,recall,0.990909090909091
10,552,f1,0.8134328358208955
10,553,PR_AUC,0.989507851947854
10,553,Brier,0.00902372174408353
10,553,precision,0.8790322580645161
10,553,recall,0.990909090909091
10,553,f1,0.9316239316239316
10,554,PR_AUC,0.9626877649135
10,554,Brier,0.008433110101621255
10,554,precision,0.689873417721519
10,554,recall,0.990909090909091
10,554,f1,0.8134328358208955
10,555,PR_AUC,0.969823449877544
10,555,Brier,0.009743298975445855
10,555,precision,0.7659574468085106
10,555,recall,0.9818181818181818
10,555,f1,0.8605577689243028
10,556,PR_AUC,0.9573146465818786
10,556,Brier,0.009553273266491621
10,556,precision,0.68125
10,556,recall,0.990909090909091
10,556,f1,0.8074074074074075
10,557,PR_AUC,0.9593040507859889
10,557,Brier,0.010193962245027785
10,557,precision,0.7697841726618705
10,557,recall,0.9727272727272728
10,557,f1,0.8594377510040161
10,558,PR_AUC,0.9625292124747016
10,558,Brier,0.008160306112616585
10,558,precision,0.689873417721519
10,558,recall,0.990909090909091
10,558,f1,0.8134328358208955
10,559,PR_AUC,0.9573097676374975
10,559,Brier,0.009107952387081944
10,559,precision,0.7236842105263158
10,559,recall,1.0
10,559,f1,0.8396946564885496
10,560,PR_AUC,0.9628476692766811
10,560,Brier,0.007964222412148145
10,560,precision,0.6987179487179487
10,560,recall,0.990909090909091
10,560,f1,0.8195488721804511
10,561,PR_AUC,0.9617257465858602
10,561,Brier,0.010039556685227161
10,561,precision,0.6728395061728395
10,561,recall,0.990909090909091
10,561,f1,0.8014705882352942
10,562,PR_AUC,0.9832622190643578
10,562,Brier,0.007246718613873672
10,562,precision,0.7867647058823529
10,562,recall,0.9727272727272728
10,562,f1,0.8699186991869918
10,563,PR_AUC,0.9479605653660602
10,563,Brier,0.010495092788913177
10,563,precision,0.6707317073170732
10,563,recall,1.0
10,563,f1,0.8029197080291971
10,564,PR_AUC,0.9855213300910475
10,564,Brier,0.005946743860470724
10,564,precision,0.6832298136645962
10,564,recall,1.0
10,564,f1,0.8118081180811808
10,565,PR_AUC,0.9785204694117744
10,565,Brier,0.0073864350854871315
10,565,precision,0.7077922077922078
10,565,recall,0.990909090909091
10,565,f1,0.8257575757575758
10,566,PR_AUC,0.9522211938453808
10,566,Brier,0.010287288851286252
10,566,precision,0.7414965986394558
10,566,recall,0.990909090909091
10,566,f1,0.8482490272373541
10,567,PR_AUC,0.9864624578141887
10,567,Brier,0.005454381364771828
10,567,precision,0.7785714285714286
10,567,recall,0.990909090909091
10,567,f1,0.872
10,568,PR_AUC,0.9913027514325814
10,568,Brier,0.004682726788499892
10,568,precision,0.6626506024096386
10,568,recall,1.0
10,568,f1,0.7971014492753623
10,569,PR_AUC,0.9583498684775087
10,569,Brier,0.008442607069396105
10,569,precision,0.7096774193548387
10,569,recall,1.0
10,569,f1,0.8301886792452831
10,570,PR_AUC,0.9636449207180505
10,570,Brier,0.007727470974401994
10,570,precision,0.632183908045977
10,570,recall,1.0
10,570,f1,0.7746478873239436
10,571,PR_AUC,0.9631058147357358
10,571,Brier,0.008526118698516178
10,571,precision,0.7032258064516129
10,571,recall,0.990909090909091
10,571,f1,0.8226415094339623
10,572,PR_AUC,0.9539996181552818
10,572,Brier,0.00930901728684251
10,572,precision,0.7051282051282052
10,572,recall,1.0
10,572,f1,0.8270676691729323
10,573,PR_AUC,0.9902340651998701
10,573,Brier,0.005572802835758834
10,573,precision,0.7913669064748201
10,573,recall,1.0
10,573,f1,0.8835341365461847
10,574,PR_AUC,0.9529368643847678
10,574,Brier,0.010236495247269132
10,574,precision,0.72
10,574,recall,0.9818181818181818
10,574,f1,0.8307692307692308
10,575,PR_AUC,0.977110987701741
10,575,Brier,0.007066590045463867
10,575,precision,0.6855345911949685
10,575,recall,0.990909090909091
10,575,f1,0.8104089219330854
10,576,PR_AUC,0.971624211645735
10,576,Brier,0.00853213236755773
10,576,precision,0.6878980891719745
10,576,recall,0.9818181818181818
10,576,f1,0.8089887640449438
10,577,PR_AUC,0.9820058043854036
10,577,Brier,0.006748367256108436
10,577,precision,0.7692307692307693
10,577,recall,1.0
10,577,f1,0.8695652173913043
10,578,PR_AUC,0.972262595316247
10,578,Brier,0.008008067872251268
10,578,precision,0.75
10,578,recall,0.9818181818181818
10,578,f1,0.8503937007874016
10,579,PR_AUC,0.9539202722588237
10,579,Brier,0.010100857592498647
10,579,precision,0.7152317880794702
10,579,recall,0.9818181818181818
10,579,f1,0.8275862068965517
10,580,PR_AUC,0.9730834309918033
10,580,Brier,0.007638770519160182
10,580,precision,0.689873417721519
10,580,recall,0.990909090909091
10,580,f1,0.8134328358208955
10,581,PR_AUC,0.9703913400475221
10,581,Brier,0.009538024253469226
10,581,precision,0.7482517482517482
10,581,recall,0.9727272727272728
10,581,f1,0.8458498023715415
10,582,PR_AUC,0.9657712108398046
10,582,Brier,0.007668150836661171
10,582,precision,0.6875
10,582,recall,1.0
10,582,f1,0.8148148148148148
10,583,PR_AUC,0.9643576857363829
10,583,Brier,0.008381757765067464
10,583,precision,0.6395348837209303
10,583,recall,1.0
10,583,f1,0.7801418439716312
10,584,PR_AUC,0.9708693985914086
10,584,Brier,0.01102442149497209
10,584,precision,0.8307692307692308
10,584,recall,0.9818181818181818
10,584,f1,0.9
10,585,PR_AUC,0.9757283396901757
10,585,Brier,0.007307721378613348
10,585,precision,0.7284768211920529
10,585,recall,1.0
10,585,f1,0.842911877394636
10,586,PR_AUC,0.9759670493272566
10,586,Brier,0.009678884791866488
10,586,precision,0.8294573643410853
10,586,recall,0.9727272727272728
10,586,f1,0.895397489539749
10,587,PR_AUC,0.9384943376994571
10,587,Brier,0.011918341730230713
10,587,precision,0.6193181818181818
10,587,recall,0.990909090909091
10,587,f1,0.7622377622377622
10,588,PR_AUC,0.9737921130162639
10,588,Brier,0.007558028283991457
10,588,precision,0.7913669064748201
10,588,recall,1.0
10,588,f1,0.8835341365461847
10,589,PR_AUC,0.9498341744833295
10,589,Brier,0.009712644116110893
10,589,precision,0.6337209302325582
10,589,recall,0.990909090909091
10,589,f1,0.7730496453900709
10,590,PR_AUC,0.965186924837491
10,590,Brier,0.0077076630403355205
10,590,precision,0.7105263157894737
10,590,recall,0.9818181818181818
10,590,f1,0.8244274809160306
10,591,PR_AUC,0.9838160599563888
10,591,Brier,0.008897823223828098
10,591,precision,0.84375
10,591,recall,0.9818181818181818
10,591,f1,0.907563025210084
10,592,PR_AUC,0.9826583296278917
10,592,Brier,0.006289333348095799
10,592,precision,0.7517241379310344
10,592,recall,0.990909090909091
10,592,f1,0.8549019607843137
10,593,PR_AUC,0.9689219366098312
10,593,Brier,0.009207117569494242
10,593,precision,0.7956204379562044
10,593,recall,0.990909090909091
10,593,f1,0.8825910931174089
10,594,PR_AUC,0.9696588549811063
10,594,Brier,0.008280912083252434
10,594,precision,0.7730496453900709
10,594,recall,0.990909090909091
10,594,f1,0.8685258964143426
10,595,PR_AUC,0.9758590630704959
10,595,Brier,0.007451852813665874
10,595,precision,0.7692307692307693
10,595,recall,1.0
10,595,f1,0.8695652173913043
10,596,PR_AUC,0.9728986704075131
10,596,Brier,0.00794599602235075
10,596,precision,0.782608695652174
10,596,recall,0.9818181818181818
10,596,f1,0.8709677419354839
10,597,PR_AUC,0.9713451474151097
10,597,Brier,0.008128501719831855
10,597,precision,0.6835443037974683
10,597,recall,0.9818181818181818
10,597,f1,0.8059701492537313
10,598,PR_AUC,0.9769944409890751
10,598,Brier,0.007813293189999992
10,598,precision,0.7397260273972602
10,598,recall,0.9818181818181818
10,598,f1,0.84375
10,599,PR_AUC,0.9793488426932875
10,599,Brier,0.007849973195763795
10,599,precision,0.7569444444444444
10,599,recall,0.990909090909091
10,599,f1,0.8582677165354331
10,600,PR_AUC,0.9743196358641038
10,600,Brier,0.007776652873840248
10,600,precision,0.7397260273972602
10,600,recall,0.9818181818181818
10,600,f1,0.84375
10,601,PR_AUC,0.9414095539959396
10,601,Brier,0.010633427924149275
10,601,precision,0.6770186335403726
10,601,recall,0.990909090909091
10,601,f1,0.8044280442804428
10,602,PR_AUC,0.9658905855691168
10,602,Brier,0.009149799020335301
10,602,precision,0.6728395061728395
10,602,recall,0.990909090909091
10,602,f1,0.8014705882352942
10,603,PR_AUC,0.9716570739263639
10,603,Brier,0.007326957239441391
10,603,precision,0.7586206896551724
10,603,recall,1.0
10,603,f1,0.8627450980392157
10,604,PR_AUC,0.9614169632560811
10,604,Brier,0.009329449738114092
10,604,precision,0.7552447552447552
10,604,recall,0.9818181818181818
10,604,f1,0.8537549407114624
10,605,PR_AUC,0.962972237875102
10,605,Brier,0.010313721517600771
10,605,precision,0.7867647058823529
10,605,recall,0.9727272727272728
10,605,f1,0.8699186991869918
10,606,PR_AUC,0.9747121898315739
10,606,Brier,0.006759475551474177
10,606,precision,0.7638888888888888
10,606,recall,1.0
10,606,f1,0.8661417322834646
10,607,PR_AUC,0.983886998319855
10,607,Brier,0.007109361773184404
10,607,precision,0.7841726618705036
10,607,recall,0.990909090909091
10,607,f1,0.8755020080321285
10,608,PR_AUC,0.984154106438762
10,608,Brier,0.006732779122008427
10,608,precision,0.7692307692307693
10,608,recall,1.0
10,608,f1,0.8695652173913043
10,609,PR_AUC,0.9892069717166636
10,609,Brier,0.005827293902852313
10,609,precision,0.8014705882352942
10,609,recall,0.990909090909091
10,609,f1,0.8861788617886179
10,610,PR_AUC,0.9783730350607602
10,610,Brier,0.006872479712064817
10,610,precision,0.6707317073170732
10,610,recall,1.0
10,610,f1,0.8029197080291971
10,611,PR_AUC,0.9903521993268944
10,611,Brier,0.007342518534850018
10,611,precision,0.8582677165354331
10,611,recall,0.990909090909091
10,611,f1,0.919831223628692
10,612,PR_AUC,0.9666689571859278
10,612,Brier,0.008640388142682103
10,612,precision,0.6449704142011834
10,612,recall,0.990909090909091
10,612,f1,0.7813620071684588
10,613,PR_AUC,0.9724843396414558
10,613,Brier,0.006961649483162763
10,613,precision,0.6547619047619048
10,613,recall,1.0
10,613,f1,0.7913669064748201
10,614,PR_AUC,0.9527584519191505
10,614,Brier,0.0107219026293485
10,614,precision,0.6962025316455697
10,614,recall,1.0
10,614,f1,0.8208955223880597
10,615,PR_AUC,0.9729260793095774
10,615,Brier,0.007162001621388101
10,615,precision,0.738255033557047
10,615,recall,1.0
10,615,f1,0.8494208494208494
10,616,PR_AUC,0.964150112976536
10,616,Brier,0.008179830297304059
10,616,precision,0.6666666666666666
10,616,recall,1.0
10,616,f1,0.8
10,617,PR_AUC,0.9789021856888934
10,617,Brier,0.005880712408215748
10,617,precision,0.7432432432432432
10,617,recall,1.0
10,617,f1,0.8527131782945736
10,618,PR_AUC,0.9869681536048851
10,618,Brier,0.0068836344117047185
10,618,precision,0.7142857142857143
10,618,recall,1.0
10,618,f1,0.8333333333333334
10,619,PR_AUC,0.9660456458804805
10,619,Brier,0.007993420169090501
10,619,precision,0.7077922077922078
10,619,recall,0.990909090909091
10,619,f1,0.8257575757575758
10,620,PR_AUC,0.9805253771953273
10,620,Brier,0.006625015178734173
10,620,precision,0.7659574468085106
10,620,recall,0.9818181818181818
10,620,f1,0.8605577689243028
10,621,PR_AUC,0.9916612922894765
10,621,Brier,0.004608843485188618
10,621,precision,0.7841726618705036
10,621,recall,0.990909090909091
10,621,f1,0.8755020080321285
10,622,PR_AUC,0.9872243062758845
10,622,Brier,0.005695185046945255
10,622,precision,0.7333333333333333
10,622,recall,1.0
10,622,f1,0.8461538461538461
10,623,PR_AUC,0.968258389062765
10,623,Brier,0.00757181763994524
10,623,precision,0.7586206896551724
10,623,recall,1.0
10,623,f1,0.8627450980392157
10,624,PR_AUC,0.9746334803424943
10,624,Brier,0.00797283949746102
10,624,precision,0.7142857142857143
10,624,recall,1.0
10,624,f1,0.8333333333333334
10,625,PR_AUC,0.9511500643498866
10,625,Brier,0.011343072177935315
10,625,precision,0.7535211267605634
10,625,recall,0.9727272727272728
10,625,f1,0.8492063492063492
10,626,PR_AUC,0.9423936718979136
10,626,Brier,0.010744159020959473
10,626,precision,0.6606060606060606
10,626,recall,0.990909090909091
10,626,f1,0.7927272727272727
10,627,PR_AUC,0.9490095383020567
10,627,Brier,0.010947035610989685
10,627,precision,0.6374269005847953
10,627,recall,0.990909090909091
10,627,f1,0.7758007117437722
10,628,PR_AUC,0.9623149545840067
10,628,Brier,0.008620346418892416
10,628,precision,0.68125
10,628,recall,0.990909090909091
10,628,f1,0.8074074074074075
10,629,PR_AUC,0.9884319232535534
10,629,Brier,0.005872825049381099
10,629,precision,0.7956204379562044
10,629,recall,0.990909090909091
10,629,f1,0.8825910931174089
10,630,PR_AUC,0.9694257107467189
10,630,Brier,0.007587896708159453
10,630,precision,0.7414965986394558
10,630,recall,0.990909090909091
10,630,f1,0.8482490272373541
10,631,PR_AUC,0.9570365022799532
10,631,Brier,0.010017027270268116
10,631,precision,0.7569444444444444
10,631,recall,0.990909090909091
10,631,f1,0.8582677165354331
10,632,PR_AUC,0.9613809510592768
10,632,Brier,0.007901956395595228
10,632,precision,0.6626506024096386
10,632,recall,1.0
10,632,f1,0.7971014492753623
10,633,PR_AUC,0.9503845362342512
10,633,Brier,0.010721569225704577
10,633,precision,0.7397260273972602
10,633,recall,0.9818181818181818
10,633,f1,0.84375
10,634,PR_AUC,0.9809613865416376
10,634,Brier,0.006994940882298193
10,634,precision,0.782608695652174
10,634,recall,0.9818181818181818
10,634,f1,0.8709677419354839
10,635,PR_AUC,0.9844993201457923
10,635,Brier,0.009345750916547936
10,635,precision,0.8688524590163934
10,635,recall,0.9636363636363636
10,635,f1,0.9137931034482759
10,636,PR_AUC,0.9606975757867252
10,636,Brier,0.009757651036415791
10,636,precision,0.630057803468208
10,636,recall,0.990909090909091
10,636,f1,0.7703180212014135
10,637,PR_AUC,0.984671964875712
10,637,Brier,0.0054583321092588006
10,637,precision,0.7284768211920529
10,637,recall,1.0
10,637,f1,0.842911877394636
10,638,PR_AUC,0.9896099738407577
10,638,Brier,0.004697057338261829
10,638,precision,0.7534246575342466
10,638,recall,1.0
10,638,f1,0.859375
10,639,PR_AUC,0.9490646639343271
10,639,Brier,0.010836223557129465
10,639,precision,0.738255033557047
10,639,recall,1.0
10,639,f1,0.8494208494208494
10,640,PR_AUC,0.9520064906615091
10,640,Brier,0.010092741976808886
10,640,precision,0.7032258064516129
10,640,recall,0.990909090909091
10,640,f1,0.8226415094339623
10,641,PR_AUC,0.9879768333512673
10,641,Brier,0.005221249252657295
10,641,precision,0.7534246575342466
10,641,recall,1.0
10,641,f1,0.859375
10,642,PR_AUC,0.9653326066033172
10,642,Brier,0.008466782195151117
10,642,precision,0.7364864864864865
10,642,recall,0.990909090909091
10,642,f1,0.8449612403100775
10,643,PR_AUC,0.9514618618577974
10,643,Brier,0.009595384480962343
10,643,precision,0.689873417721519
10,643,recall,0.990909090909091
10,643,f1,0.8134328358208955
10,644,PR_AUC,0.9604169245606039
10,644,Brier,0.009042854513729397
10,644,precision,0.7517241379310344
10,644,recall,0.990909090909091
10,644,f1,0.8549019607843137
10,645,PR_AUC,0.9609394737748505
10,645,Brier,0.00856458307985215
10,645,precision,0.7006369426751592
10,645,recall,1.0
10,645,f1,0.8239700374531835
10,646,PR_AUC,0.9633955668682652
10,646,Brier,0.008289107185520936
10,646,precision,0.6875
10,646,recall,1.0
10,646,f1,0.8148148148148148
10,647,PR_AUC,0.9538578449194651
10,647,Brier,0.010038846804659742
10,647,precision,0.6646341463414634
10,647,recall,0.990909090909091
10,647,f1,0.7956204379562044
10,648,PR_AUC,0.9757115136842499
10,648,Brier,0.006619998303416427
10,648,precision,0.7051282051282052
10,648,recall,1.0
10,648,f1,0.8270676691729323
10,649,PR_AUC,0.9474203802261489
10,649,Brier,0.011051983306556925
10,649,precision,0.6390532544378699
10,649,recall,0.9818181818181818
10,649,f1,0.7741935483870968
10,650,PR_AUC,0.9739904397939545
10,650,Brier,0.007753694677865832
10,650,precision,0.8195488721804511
10,650,recall,0.990909090909091
10,650,f1,0.897119341563786
10,651,PR_AUC,0.9567579213861331
10,651,Brier,0.00892975531124663
10,651,precision,0.6488095238095238
10,651,recall,0.990909090909091
10,651,f1,0.7841726618705036
10,652,PR_AUC,0.9742488028133524
10,652,Brier,0.008000375937419145
10,652,precision,0.7248322147651006
10,652,recall,0.9818181818181818
10,652,f1,0.833976833976834
10,653,PR_AUC,0.9417681243849365
10,653,Brier,0.009545700571615249
10,653,precision,0.6586826347305389
10,653,recall,1.0
10,653,f1,0.7942238267148014
10,654,PR_AUC,0.9679556553920428
10,654,Brier,0.007626795699454266
10,654,precision,0.7482993197278912
10,654,recall,1.0
10,654,f1,0.8560311284046692
10,655,PR_AUC,0.9856737991034038
10,655,Brier,0.006104526384216024
10,655,precision,0.7841726618705036
10,655,recall,0.990909090909091
10,655,f1,0.8755020080321285
10,656,PR_AUC,0.9860497074619684
10,656,Brier,0.0062648756197798755
10,656,precision,0.782608695652174
10,656,recall,0.9818181818181818
10,656,f1,0.8709677419354839
10,657,PR_AUC,0.9664791109528234
10,657,Brier,0.008940472032025052
10,657,precision,0.738255033557047
10,657,recall,1.0
10,657,f1,0.8494208494208494
10,658,PR_AUC,0.981060681380215
10,658,Brier,0.0067375390837841114
10,658,precision,0.7248322147651006
10,658,recall,0.9818181818181818
10,658,f1,0.833976833976834
10,659,PR_AUC,0.9665626444060077
10,659,Brier,0.007947150554442768
10,659,precision,0.7432432432432432
10,659,recall,1.0
10,659,f1,0.8527131782945736
10,660,PR_AUC,0.9437196397118487
10,660,Brier,0.01202048261848159
10,660,precision,0.6728395061728395
10,660,recall,0.990909090909091
10,660,f1,0.8014705882352942
10,661,PR_AUC,0.9639892272861516
10,661,Brier,0.007765855331919624
10,661,precision,0.6666666666666666
10,661,recall,1.0
10,661,f1,0.8
10,662,PR_AUC,0.9590883600787877
10,662,Brier,0.00846194025743409
10,662,precision,0.7432432432432432
10,662,recall,1.0
10,662,f1,0.8527131782945736
10,663,PR_AUC,0.9745888945290557
10,663,Brier,0.007315603275380337
10,663,precision,0.7414965986394558
10,663,recall,0.990909090909091
10,663,f1,0.8482490272373541
10,664,PR_AUC,0.9700573347980509
10,664,Brier,0.008359821001485558
10,664,precision,0.6285714285714286
10,664,recall,1.0
10,664,f1,0.7719298245614035
10,665,PR_AUC,0.9820816823974073
10,665,Brier,0.006993500931958564
10,665,precision,0.7414965986394558
10,665,recall,0.990909090909091
10,665,f1,0.8482490272373541
10,666,PR_AUC,0.9731654055112893
10,666,Brier,0.006988579833870041
10,666,precision,0.7364864864864865
10,666,recall,0.990909090909091
10,666,f1,0.8449612403100775
10,667,PR_AUC,0.9473391759504345
10,667,Brier,0.010459483099587337
10,667,precision,0.6993464052287581
10,667,recall,0.9727272727272728
10,667,f1,0.8136882129277566
10,668,PR_AUC,0.9677894722534035
10,668,Brier,0.008242445473966154
10,668,precision,0.6285714285714286
10,668,recall,1.0
10,668,f1,0.7719298245614035
10,669,PR_AUC,0.9626405615954116
10,669,Brier,0.008500119033594334
10,669,precision,0.7315436241610739
10,669,recall,0.990909090909091
10,669,f1,0.8416988416988417
10,670,PR_AUC,0.9564955059118093
10,670,Brier,0.00952031262799747
10,670,precision,0.68125
10,670,recall,0.990909090909091
10,670,f1,0.8074074074074075
10,671,PR_AUC,0.9845223873857069
10,671,Brier,0.005993216923995871
10,671,precision,0.7730496453900709
10,671,recall,0.990909090909091
10,671,f1,0.8685258964143426
10,672,PR_AUC,0.950277227385702
10,672,Brier,0.010590236509151066
10,672,precision,0.7218543046357616
10,672,recall,0.990909090909091
10,672,f1,0.8352490421455939
10,673,PR_AUC,0.970941056898323
10,673,Brier,0.007090014340390629
10,673,precision,0.6526946107784432
10,673,recall,0.990909090909091
10,673,f1,0.7870036101083032
10,674,PR_AUC,0.958306824631299
10,674,Brier,0.008980180258164236
10,674,precision,0.6790123456790124
10,674,recall,1.0
10,674,f1,0.8088235294117647
10,675,PR_AUC,0.9772033817662603
10,675,Brier,0.007704681617803142
10,675,precision,0.6728395061728395
10,675,recall,0.990909090909091
10,675,f1,0.8014705882352942
10,676,PR_AUC,0.9699082659200013
10,676,Brier,0.00894282959168831
10,676,precision,0.8014705882352942
10,676,recall,0.990909090909091
10,676,f1,0.8861788617886179
10,677,PR_AUC,0.9755354560069247
10,677,Brier,0.009210557810301001
10,677,precision,0.8120300751879699
10,677,recall,0.9818181818181818
10,677,f1,0.8888888888888888
10,678,PR_AUC,0.9607961424372992
10,678,Brier,0.007956255153256046
10,678,precision,0.650887573964497
10,678,recall,1.0
10,678,f1,0.7885304659498208
10,679,PR_AUC,0.9773654624213454
10,679,Brier,0.007797726940130737
10,679,precision,0.7714285714285715
10,679,recall,0.9818181818181818
10,679,f1,0.864
10,680,PR_AUC,0.9686306846511941
10,680,Brier,0.008785026505402633
10,680,precision,0.8257575757575758
10,680,recall,0.990909090909091
10,680,f1,0.9008264462809917
10,681,PR_AUC,0.9888019943342236
10,681,Brier,0.005454876915671761
10,681,precision,0.7638888888888888
10,681,recall,1.0
10,681,f1,0.8661417322834646
10,682,PR_AUC,0.9568357176321045
10,682,Brier,0.012491026212720295
10,682,precision,0.8492063492063492
10,682,recall,0.9727272727272728
10,682,f1,0.9067796610169492
10,683,PR_AUC,0.9724141247315116
10,683,Brier,0.009606646018976166
10,683,precision,0.7346938775510204
10,683,recall,0.9818181818181818
10,683,f1,0.8404669260700389
10,684,PR_AUC,0.975436730955411
10,684,Brier,0.007626752922364607
10,684,precision,0.7364864864864865
10,684,recall,0.990909090909091
10,684,f1,0.8449612403100775
10,685,PR_AUC,0.9546859845312583
10,685,Brier,0.009478900470612932
10,685,precision,0.6337209302325582
10,685,recall,0.990909090909091
10,685,f1,0.7730496453900709
10,686,PR_AUC,0.9614209430566328
10,686,Brier,0.008617682503231845
10,686,precision,0.6228571428571429
10,686,recall,0.990909090909091
10,686,f1,0.7649122807017544
10,687,PR_AUC,0.9802991555608882
10,687,Brier,0.007053313850172269
10,687,precision,0.7124183006535948
10,687,recall,0.990909090909091
10,687,f1,0.8288973384030418
10,688,PR_AUC,0.9834644083400912
10,688,Brier,0.006641032476075097
10,688,precision,0.7465753424657534
10,688,recall,0.990909090909091
10,688,f1,0.8515625
10,689,PR_AUC,0.965106156265106
10,689,Brier,0.007870141040707863
10,689,precision,0.6547619047619048
10,689,recall,1.0
10,689,f1,0.7913669064748201
10,690,PR_AUC,0.9632305381535616
10,690,Brier,0.008585749200228464
10,690,precision,0.6687116564417178
10,690,recall,0.990909090909091
10,690,f1,0.7985347985347986
10,691,PR_AUC,0.9619564931507363
10,691,Brier,0.00855907546116593
10,691,precision,0.7284768211920529
10,691,recall,1.0
10,691,f1,0.842911877394636
10,692,PR_AUC,0.9843028304429685
10,692,Brier,0.006751249278190848
10,692,precision,0.7622377622377622
10,692,recall,0.990909090909091
10,692,f1,0.8616600790513834
10,693,PR_AUC,0.9745695875595871
10,693,Brier,0.009470356141755253
10,693,precision,0.8091603053435115
10,693,recall,0.9636363636363636
10,693,f1,0.8796680497925311
10,694,PR_AUC,0.9512613360915181
10,694,Brier,0.011235020287153783
10,694,precision,0.7552447552447552
10,694,recall,0.9818181818181818
10,694,f1,0.8537549407114624
10,695,PR_AUC,0.954262290047068
10,695,Brier,0.010224176319134904
10,695,precision,0.75
10,695,recall,0.9818181818181818
10,695,f1,0.8503937007874016
10,696,PR_AUC,0.942810269475769
10,696,Brier,0.010454475289857802
10,696,precision,0.7124183006535948
10,696,recall,0.990909090909091
10,696,f1,0.8288973384030418
10,697,PR_AUC,0.9613912715944624
10,697,Brier,0.008997100468284693
10,697,precision,0.7622377622377622
10,697,recall,0.990909090909091
10,697,f1,0.8616600790513834
10,698,PR_AUC,0.9643053329888138
10,698,Brier,0.00788027639332765
10,698,precision,0.6855345911949685
10,698,recall,0.990909090909091
10,698,f1,0.8104089219330854
10,699,PR_AUC,0.966116197013869
10,699,Brier,0.00908434197326212
10,699,precision,0.7659574468085106
10,699,recall,0.9818181818181818
10,699,f1,0.8605577689243028
10,700,PR_AUC,0.9802873799799294
10,700,Brier,0.007420615898334705
10,700,precision,0.7171052631578947
10,700,recall,0.990909090909091
10,700,f1,0.8320610687022901
10,701,PR_AUC,0.9503202198010002
10,701,Brier,0.010553036790720925
10,701,precision,0.7622377622377622
10,701,recall,0.990909090909091
10,701,f1,0.8616600790513834
10,702,PR_AUC,0.9688433495080429
10,702,Brier,0.008603316828971318
10,702,precision,0.7659574468085106
10,702,recall,0.9818181818181818
10,702,f1,0.8605577689243028
10,703,PR_AUC,0.9665539049035186
10,703,Brier,0.010329432699233768
10,703,precision,0.6687116564417178
10,703,recall,0.990909090909091
10,703,f1,0.7985347985347986
10,704,PR_AUC,0.9624412642165145
10,704,Brier,0.00913768854059336
10,704,precision,0.7605633802816901
10,704,recall,0.9818181818181818
10,704,f1,0.8571428571428571
10,705,PR_AUC,0.9556825863498377
10,705,Brier,0.010357159908839909
10,705,precision,0.6666666666666666
10,705,recall,0.9818181818181818
10,705,f1,0.7941176470588235
10,706,PR_AUC,0.9626667395189239
10,706,Brier,0.008111894274804774
10,706,precision,0.6770186335403726
10,706,recall,0.990909090909091
10,706,f1,0.8044280442804428
10,707,PR_AUC,0.9716501956459092
10,707,Brier,0.008456507009826053
10,707,precision,0.8045112781954887
10,707,recall,0.9727272727272728
10,707,f1,0.8806584362139918
10,708,PR_AUC,0.9661144522058459
10,708,Brier,0.0075297994972840345
10,708,precision,0.6585365853658537
10,708,recall,0.9818181818181818
10,708,f1,0.7883211678832117
10,709,PR_AUC,0.9755868873868668
10,709,Brier,0.0066733400413042845
10,709,precision,0.7284768211920529
10,709,recall,1.0
10,709,f1,0.842911877394636
10,710,PR_AUC,0.9788342142509777
10,710,Brier,0.005531617054489558
10,710,precision,0.7333333333333333
10,710,recall,1.0
10,710,f1,0.8461538461538461
10,711,PR_AUC,0.9641682412534754
10,711,Brier,0.009005841312189072
10,711,precision,0.7697841726618705
10,711,recall,0.9727272727272728
10,711,f1,0.8594377510040161
10,712,PR_AUC,0.9632260596940486
10,712,Brier,0.009002097052754511
10,712,precision,0.7730496453900709
10,712,recall,0.990909090909091
10,712,f1,0.8685258964143426
10,713,PR_AUC,0.9762074083877778
10,713,Brier,0.007251206772584779
10,713,precision,0.6666666666666666
10,713,recall,1.0
10,713,f1,0.8
10,714,PR_AUC,0.9819238119108441
10,714,Brier,0.006756379502654172
10,714,precision,0.7124183006535948
10,714,recall,0.990909090909091
10,714,f1,0.8288973384030418
10,715,PR_AUC,0.9600011196260247
10,715,Brier,0.008776714359777721
10,715,precision,0.68125
10,715,recall,0.990909090909091
10,715,f1,0.8074074074074075
10,716,PR_AUC,0.9921629181379065
10,716,Brier,0.00708140823444684
10,716,precision,0.8661417322834646
10,716,recall,1.0
10,716,f1,0.9282700421940928
10,717,PR_AUC,0.9704274659462007
10,717,Brier,0.0074028547941298465
10,717,precision,0.7189542483660131
10,717,recall,1.0
10,717,f1,0.8365019011406845
10,718,PR_AUC,0.9637183054129257
10,718,Brier,0.008312537229888523
10,718,precision,0.68125
10,718,recall,0.990909090909091
10,718,f1,0.8074074074074075
10,719,PR_AUC,0.9650462533014836
10,719,Brier,0.008133235666610596
10,719,precision,0.6770186335403726
10,719,recall,0.990909090909091
10,719,f1,0.8044280442804428
10,720,PR_AUC,0.9499069752947966
10,720,Brier,0.00995780678914761
10,720,precision,0.6666666666666666
10,720,recall,1.0
10,720,f1,0.8
10,721,PR_AUC,0.9660542911823105
10,721,Brier,0.009183192882228965
10,721,precision,0.8
10,721,recall,0.9818181818181818
10,721,f1,0.8816326530612245
10,722,PR_AUC,0.9579313626115908
10,722,Brier,0.00917179726192594
10,722,precision,0.6470588235294118
10,722,recall,1.0
10,722,f1,0.7857142857142857
10,723,PR_AUC,0.9633885199003125
10,723,Brier,0.007790574728130166
10,723,precision,0.6875
10,723,recall,1.0
10,723,f1,0.8148148148148148
10,724,PR_AUC,0.973860043424603
10,724,Brier,0.006979356833733403
10,724,precision,0.7638888888888888
10,724,recall,1.0
10,724,f1,0.8661417322834646
10,725,PR_AUC,0.9791137237242056
10,725,Brier,0.0060832992781792725
10,725,precision,0.7006369426751592
10,725,recall,1.0
10,725,f1,0.8239700374531835
10,726,PR_AUC,0.9799843799004608
10,726,Brier,0.007005026264585425
10,726,precision,0.7622377622377622
10,726,recall,0.990909090909091
10,726,f1,0.8616600790513834
10,727,PR_AUC,0.9840379871811239
10,727,Brier,0.007504559609437893
10,727,precision,0.8134328358208955
10,727,recall,0.990909090909091
10,727,f1,0.8934426229508197
10,728,PR_AUC,0.9755364443774867
10,728,Brier,0.006313704263256618
10,728,precision,0.7032258064516129
10,728,recall,0.990909090909091
10,728,f1,0.8226415094339623
10,729,PR_AUC,0.9486286824064857
10,729,Brier,0.0101974000766758
10,729,precision,0.6987179487179487
10,729,recall,0.990909090909091
10,729,f1,0.8195488721804511
10,730,PR_AUC,0.9864092260956132
10,730,Brier,0.005697824149732137
10,730,precision,0.6790123456790124
10,730,recall,1.0
10,730,f1,0.8088235294117647
10,731,PR_AUC,0.9799467619144071
10,731,Brier,0.008588073207078021
10,731,precision,0.7956204379562044
10,731,recall,0.990909090909091
10,731,f1,0.8825910931174089
10,732,PR_AUC,0.962326927436218
10,732,Brier,0.008437707345561173
10,732,precision,0.7364864864864865
10,732,recall,0.990909090909091
10,732,f1,0.8449612403100775
10,733,PR_AUC,0.9615905007925052
10,733,Brier,0.00863117058114272
10,733,precision,0.7105263157894737
10,733,recall,0.9818181818181818
10,733,f1,0.8244274809160306
10,734,PR_AUC,0.9719946473058897
10,734,Brier,0.008068122152928835
10,734,precision,0.8029197080291971
10,734,recall,1.0
10,734,f1,0.8906882591093117
10,735,PR_AUC,0.9595834307620644
10,735,Brier,0.00857294074991012
10,735,precision,0.6942675159235668
10,735,recall,0.990909090909091
10,735,f1,0.8164794007490637
10,736,PR_AUC,0.9599477662531406
10,736,Brier,0.0088723179832385
10,736,precision,0.6145251396648045
10,736,recall,1.0
10,736,f1,0.7612456747404844
10,737,PR_AUC,0.9647050676133422
10,737,Brier,0.00789409092121123
10,737,precision,0.6918238993710691
10,737,recall,1.0
10,737,f1,0.8178438661710037
10,738,PR_AUC,0.9670441977553539
10,738,Brier,0.009167719742790795
10,738,precision,0.6832298136645962
10,738,recall,1.0
10,738,f1,0.8118081180811808
10,739,PR_AUC,0.9603184799555038
10,739,Brier,0.009623416124112983
10,739,precision,0.7730496453900709
10,739,recall,0.990909090909091
10,739,f1,0.8685258964143426
10,740,PR_AUC,0.9856984044639994
10,740,Brier,0.008181122985396664
10,740,precision,0.8503937007874016
10,740,recall,0.9818181818181818
10,740,f1,0.9113924050632911
10,741,PR_AUC,0.9824464447522855
10,741,Brier,0.0061750553010857965
10,741,precision,0.7841726618705036
10,741,recall,0.990909090909091
10,741,f1,0.8755020080321285
10,742,PR_AUC,0.9784619570024005
10,742,Brier,0.010743460838818176
10,742,precision,0.8333333333333334
10,742,recall,0.9545454545454546
10,742,f1,0.8898305084745762
10,743,PR_AUC,0.9590712915198552
10,743,Brier,0.0079346842127778
10,743,precision,0.6748466257668712
10,743,recall,1.0
10,743,f1,0.8058608058608059
10,744,PR_AUC,0.973590962816206
10,744,Brier,0.008896118966785443
10,744,precision,0.7465753424657534
10,744,recall,0.990909090909091
10,744,f1,0.8515625
10,745,PR_AUC,0.9753785143451783
10,745,Brier,0.007820954886341651
10,745,precision,0.7364864864864865
10,745,recall,0.990909090909091
10,745,f1,0.8449612403100775
10,746,PR_AUC,0.9528133122146378
10,746,Brier,0.008837230956829345
10,746,precision,0.6626506024096386
10,746,recall,1.0
10,746,f1,0.7971014492753623
10,747,PR_AUC,0.9620087618768923
10,747,Brier,0.008919658253345546
10,747,precision,0.72
10,747,recall,0.9818181818181818
10,747,f1,0.8307692307692308
10,748,PR_AUC,0.9734574858229736
10,748,Brier,0.00833952384547993
10,748,precision,0.7465753424657534
10,748,recall,0.990909090909091
10,748,f1,0.8515625
10,749,PR_AUC,0.9717870908737785
10,749,Brier,0.0072684613551816345
10,749,precision,0.6987179487179487
10,749,recall,0.990909090909091
10,749,f1,0.8195488721804511
10,750,PR_AUC,0.9556989740514467
10,750,Brier,0.00926762482423181
10,750,precision,0.7248322147651006
10,750,recall,0.9818181818181818
10,750,f1,0.833976833976834
10,751,PR_AUC,0.9776840208187462
10,751,Brier,0.0070395314928322905
10,751,precision,0.7284768211920529
10,751,recall,1.0
10,751,f1,0.842911877394636
10,752,PR_AUC,0.9420778870701711
10,752,Brier,0.011201936250524014
10,752,precision,0.6526946107784432
10,752,recall,0.990909090909091
10,752,f1,0.7870036101083032
10,753,PR_AUC,0.9591927939373304
10,753,Brier,0.008345610538862661
10,753,precision,0.6666666666666666
10,753,recall,1.0
10,753,f1,0.8
10,754,PR_AUC,0.9473503588061017
10,754,Brier,0.011309384786026024
10,754,precision,0.6728395061728395
10,754,recall,0.990909090909091
10,754,f1,0.8014705882352942
10,755,PR_AUC,0.9840721229832632
10,755,Brier,0.006171602896506552
10,755,precision,0.7218543046357616
10,755,recall,0.990909090909091
10,755,f1,0.8352490421455939
10,756,PR_AUC,0.952887789870858
10,756,Brier,0.009133941899445013
10,756,precision,0.5978260869565217
10,756,recall,1.0
10,756,f1,0.7482993197278912
10,757,PR_AUC,0.9436134576754241
10,757,Brier,0.010729701270480606
10,757,precision,0.6878980891719745
10,757,recall,0.9818181818181818
10,757,f1,0.8089887640449438
10,758,PR_AUC,0.9727249231146305
10,758,Brier,0.008003713191814397
10,758,precision,0.7517241379310344
10,758,recall,0.990909090909091
10,758,f1,0.8549019607843137
10,759,PR_AUC,0.9730762707535819
10,759,Brier,0.007716642486223073
10,759,precision,0.7482993197278912
10,759,recall,1.0
10,759,f1,0.8560311284046692
10,760,PR_AUC,0.965228261153802
10,760,Brier,0.008665012128183104
10,760,precision,0.7569444444444444
10,760,recall,0.990909090909091
10,760,f1,0.8582677165354331
10,761,PR_AUC,0.9599036611119679
10,761,Brier,0.008647762555948011
10,761,precision,0.7189542483660131
10,761,recall,1.0
10,761,f1,0.8365019011406845
10,762,PR_AUC,0.9785318455631957
10,762,Brier,0.0062071873830708765
10,762,precision,0.6790123456790124
10,762,recall,1.0
10,762,f1,0.8088235294117647
10,763,PR_AUC,0.9593855008924
10,763,Brier,0.008963797079928278
10,763,precision,0.7284768211920529
10,763,recall,1.0
10,763,f1,0.842911877394636
10,764,PR_AUC,0.9559516608485206
10,764,Brier,0.010394467935762593
10,764,precision,0.7012987012987013
10,764,recall,0.9818181818181818
10,764,f1,0.8181818181818182
10,765,PR_AUC,0.97783579555242
10,765,Brier,0.006172147591637932
10,765,precision,0.7051282051282052
10,765,recall,1.0
10,765,f1,0.8270676691729323
10,766,PR_AUC,0.9670474341671984
10,766,Brier,0.008143082618217364
10,766,precision,0.7032258064516129
10,766,recall,0.990909090909091
10,766,f1,0.8226415094339623
10,767,PR_AUC,0.9580625492163497
10,767,Brier,0.008814102282053149
10,767,precision,0.6878980891719745
10,767,recall,0.9818181818181818
10,767,f1,0.8089887640449438
10,768,PR_AUC,0.9734267037597406
10,768,Brier,0.007394967490320563
10,768,precision,0.7785714285714286
10,768,recall,0.990909090909091
10,768,f1,0.872
10,769,PR_AUC,0.9827941198271534
10,769,Brier,0.006084465664022531
10,769,precision,0.7569444444444444
10,769,recall,0.990909090909091
10,769,f1,0.8582677165354331
10,770,PR_AUC,0.9598742310589992
10,770,Brier,0.008438001615142134
10,770,precision,0.7077922077922078
10,770,recall,0.990909090909091
10,770,f1,0.8257575757575758
10,771,PR_AUC,0.9636454464686274
10,771,Brier,0.008873944022082178
10,771,precision,0.7152317880794702
10,771,recall,0.9818181818181818
10,771,f1,0.8275862068965517
10,772,PR_AUC,0.9523207784865371
10,772,Brier,0.009281846607693456
10,772,precision,0.7051282051282052
10,772,recall,1.0
10,772,f1,0.8270676691729323
10,773,PR_AUC,0.9521733512219861
10,773,Brier,0.010783056883553185
10,773,precision,0.7552447552447552
10,773,recall,0.9818181818181818
10,773,f1,0.8537549407114624
10,774,PR_AUC,0.9509935691577254
10,774,Brier,0.009773924443856202
10,774,precision,0.7124183006535948
10,774,recall,0.990909090909091
10,774,f1,0.8288973384030418
10,775,PR_AUC,0.955233009167838
10,775,Brier,0.009054824602474615
10,775,precision,0.6770186335403726
10,775,recall,0.990909090909091
10,775,f1,0.8044280442804428
10,776,PR_AUC,0.9473618837268931
10,776,Brier,0.00921514523944759
10,776,precision,0.632183908045977
10,776,recall,1.0
10,776,f1,0.7746478873239436
10,777,PR_AUC,0.963722993154102
10,777,Brier,0.009445742485341952
10,777,precision,0.7414965986394558
10,777,recall,0.990909090909091
10,777,f1,0.8482490272373541
10,778,PR_AUC,0.979586527655789
10,778,Brier,0.00929314797900231
10,778,precision,0.8120300751879699
10,778,recall,0.9818181818181818
10,778,f1,0.8888888888888888
10,779,PR_AUC,0.9456058058877764
10,779,Brier,0.011704490814770357
10,779,precision,0.7012987012987013
10,779,recall,0.9818181818181818
10,779,f1,0.8181818181818182
10,780,PR_AUC,0.9683090320917578
10,780,Brier,0.00876747549782439
10,780,precision,0.75
10,780,recall,0.9818181818181818
10,780,f1,0.8503937007874016
10,781,PR_AUC,0.9589956075086161
10,781,Brier,0.009558182273684955
10,781,precision,0.7730496453900709
10,781,recall,0.990909090909091
10,781,f1,0.8685258964143426
10,782,PR_AUC,0.9682490199397714
10,782,Brier,0.008865814017221562
10,782,precision,0.6728395061728395
10,782,recall,0.990909090909091
10,782,f1,0.8014705882352942
10,783,PR_AUC,0.9611912148509141
10,783,Brier,0.00856957756817845
10,783,precision,0.7432432432432432
10,783,recall,1.0
10,783,f1,0.8527131782945736
10,784,PR_AUC,0.9660542911823105
10,784,Brier,0.009183192882228965
10,784,precision,0.8
10,784,recall,0.9818181818181818
10,784,f1,0.8816326530612245
10,785,PR_AUC,0.9643445586252514
10,785,Brier,0.008011942210724666
10,785,precision,0.6790123456790124
10,785,recall,1.0
10,785,f1,0.8088235294117647
10,786,PR_AUC,0.9827452624378092
10,786,Brier,0.006650301511751744
10,786,precision,0.7534246575342466
10,786,recall,1.0
10,786,f1,0.859375
10,787,PR_AUC,0.9872337742118223
10,787,Brier,0.005103749075365095
10,787,precision,0.7096774193548387
10,787,recall,1.0
10,787,f1,0.8301886792452831
10,788,PR_AUC,0.9469061922446084
10,788,Brier,0.009918257719360541
10,788,precision,0.630057803468208
10,788,recall,0.990909090909091
10,788,f1,0.7703180212014135
10,789,PR_AUC,0.9779601427509701
10,789,Brier,0.009475940637544443
10,789,precision,0.8503937007874016
10,789,recall,0.9818181818181818
10,789,f1,0.9113924050632911
10,790,PR_AUC,0.9560587679736504
10,790,Brier,0.010547035237543637
10,790,precision,0.72
10,790,recall,0.9818181818181818
10,790,f1,0.8307692307692308
10,791,PR_AUC,0.974249737360971
10,791,Brier,0.006908284058481338
10,791,precision,0.6790123456790124
10,791,recall,1.0
10,791,f1,0.8088235294117647
10,792,PR_AUC,0.9542177275757604
10,792,Brier,0.009591721846257844
10,792,precision,0.7266666666666667
10,792,recall,0.990909090909091
10,792,f1,0.8384615384615385
10,793,PR_AUC,0.9652565002459915
10,793,Brier,0.009911677486009834
10,793,precision,0.7397260273972602
10,793,recall,0.9818181818181818
10,793,f1,0.84375
10,794,PR_AUC,0.9618626633207243
10,794,Brier,0.009232300483425196
10,794,precision,0.7105263157894737
10,794,recall,0.9818181818181818
10,794,f1,0.8244274809160306
10,795,PR_AUC,0.9616179507755889
10,795,Brier,0.010069538592050951
10,795,precision,0.6646341463414634
10,795,recall,0.990909090909091
10,795,f1,0.7956204379562044
10,796,PR_AUC,0.9919756004556795
10,796,Brier,0.004560214054033785
10,796,precision,0.6586826347305389
10,796,recall,1.0
10,796,f1,0.7942238267148014
10,797,PR_AUC,0.9777440060378092
10,797,Brier,0.00610093189763416
10,797,precision,0.7266666666666667
10,797,recall,0.990909090909091
10,797,f1,0.8384615384615385
10,798,PR_AUC,0.9727509954448358
10,798,Brier,0.00805938395914249
10,798,precision,0.6770186335403726
10,798,recall,0.990909090909091
10,798,f1,0.8044280442804428
10,799,PR_AUC,0.9810801815844687
10,799,Brier,0.007243284393493671
10,799,precision,0.7941176470588235
10,799,recall,0.9818181818181818
10,799,f1,0.8780487804878049
10,800,PR_AUC,0.9853249871626872
10,800,Brier,0.005833994079034739
10,800,precision,0.7801418439716312
10,800,recall,1.0
10,800,f1,0.8764940239043825
10,801,PR_AUC,0.9773284420295322
10,801,Brier,0.007063993345797573
10,801,precision,0.7284768211920529
10,801,recall,1.0
10,801,f1,0.842911877394636
10,802,PR_AUC,0.9623935499628209
10,802,Brier,0.00843319373915632
10,802,precision,0.6586826347305389
10,802,recall,1.0
10,802,f1,0.7942238267148014
10,803,PR_AUC,0.951005187267412
10,803,Brier,0.009953274997676039
10,803,precision,0.6967741935483871
10,803,recall,0.9818181818181818
10,803,f1,0.8150943396226416
10,804,PR_AUC,0.9704320000442792
10,804,Brier,0.008234485661161079
10,804,precision,0.7465753424657534
10,804,recall,0.990909090909091
10,804,f1,0.8515625
10,805,PR_AUC,0.9776282015949617
10,805,Brier,0.007296579067429699
10,805,precision,0.7096774193548387
10,805,recall,1.0
10,805,f1,0.8301886792452831
10,806,PR_AUC,0.9684967606786276
10,806,Brier,0.007580691463502735
10,806,precision,0.7152317880794702
10,806,recall,0.9818181818181818
10,806,f1,0.8275862068965517
10,807,PR_AUC,0.9852166473277838
10,807,Brier,0.007145018767875878
10,807,precision,0.8074074074074075
10,807,recall,0.990909090909091
10,807,f1,0.889795918367347
10,808,PR_AUC,0.9626267337994062
10,808,Brier,0.00839958997965867
10,808,precision,0.7105263157894737
10,808,recall,0.9818181818181818
10,808,f1,0.8244274809160306
10,809,PR_AUC,0.9580844532739645
10,809,Brier,0.008801401354471576
10,809,precision,0.6878980891719745
10,809,recall,0.9818181818181818
10,809,f1,0.8089887640449438
10,810,PR_AUC,0.9559782540937026
10,810,Brier,0.010303509987287147
10,810,precision,0.7659574468085106
10,810,recall,0.9818181818181818
10,810,f1,0.8605577689243028
10,811,PR_AUC,0.9787478842747299
10,811,Brier,0.009533515673370392
10,811,precision,0.856
10,811,recall,0.9727272727272728
10,811,f1,0.9106382978723404
10,812,PR_AUC,0.9737076565807496
10,812,Brier,0.008433319007096535
10,812,precision,0.7552447552447552
10,812,recall,0.9818181818181818
10,812,f1,0.8537549407114624
10,813,PR_AUC,0.9868750863581979
10,813,Brier,0.00640924308484072
10,813,precision,0.7841726618705036
10,813,recall,0.990909090909091
10,813,f1,0.8755020080321285
10,814,PR_AUC,0.9518919429901932
10,814,Brier,0.01044092242786856
10,814,precision,0.6835443037974683
10,814,recall,0.9818181818181818
10,814,f1,0.8059701492537313
10,815,PR_AUC,0.9379230834332298
10,815,Brier,0.011664000710941671
10,815,precision,0.6606060606060606
10,815,recall,0.990909090909091
10,815,f1,0.7927272727272727
10,816,PR_AUC,0.9911894337660243
10,816,Brier,0.005173579443241735
10,816,precision,0.7692307692307693
10,816,recall,1.0
10,816,f1,0.8695652173913043
10,817,PR_AUC,0.9647085835940221
10,817,Brier,0.008059501161769277
10,817,precision,0.6875
10,817,recall,1.0
10,817,f1,0.8148148148148148
10,818,PR_AUC,0.986060878157359
10,818,Brier,0.005418526071524094
10,818,precision,0.6962025316455697
10,818,recall,1.0
10,818,f1,0.8208955223880597
10,819,PR_AUC,0.9604561208878424
10,819,Brier,0.009120932909859669
10,819,precision,0.7534246575342466
10,819,recall,1.0
10,819,f1,0.859375
10,820,PR_AUC,0.9483002914482781
10,820,Brier,0.009687462540847515
10,820,precision,0.6962025316455697
10,820,recall,1.0
10,820,f1,0.8208955223880597
10,821,PR_AUC,0.9601049329531195
10,821,Brier,0.009277972099660007
10,821,precision,0.75
10,821,recall,0.9818181818181818
10,821,f1,0.8503937007874016
10,822,PR_AUC,0.9782886615186883
10,822,Brier,0.008156450276167689
10,822,precision,0.7659574468085106
10,822,recall,0.9818181818181818
10,822,f1,0.8605577689243028
10,823,PR_AUC,0.9710213281926782
10,823,Brier,0.007088416275841685
10,823,precision,0.6728395061728395
10,823,recall,0.990909090909091
10,823,f1,0.8014705882352942
10,824,PR_AUC,0.971044742871093
10,824,Brier,0.007952940721111947
10,824,precision,0.7284768211920529
10,824,recall,1.0
10,824,f1,0.842911877394636
10,825,PR_AUC,0.9664801765379837
10,825,Brier,0.007752634127277907
10,825,precision,0.6855345911949685
10,825,recall,0.990909090909091
10,825,f1,0.8104089219330854
10,826,PR_AUC,0.9504362789635024
10,826,Brier,0.010994957369573885
10,826,precision,0.7430555555555556
10,826,recall,0.9727272727272728
10,826,f1,0.84251968503937
10,827,PR_AUC,0.9734859676079022
10,827,Brier,0.006740138111891722
10,827,precision,0.7096774193548387
10,827,recall,1.0
10,827,f1,0.8301886792452831
10,828,PR_AUC,0.9710472486987606
10,828,Brier,0.008247217305776036
10,828,precision,0.6214689265536724
10,828,recall,1.0
10,828,f1,0.7665505226480837
10,829,PR_AUC,0.9698004507888954
10,829,Brier,0.00852376171630908
10,829,precision,0.8
10,829,recall,0.9818181818181818
10,829,f1,0.8816326530612245
10,830,PR_AUC,0.9699924291905404
10,830,Brier,0.008503627246040991
10,830,precision,0.6214689265536724
10,830,recall,1.0
10,830,f1,0.7665505226480837
10,831,PR_AUC,0.9848729092492219
10,831,Brier,0.005736974242042944
10,831,precision,0.7569444444444444
10,831,recall,0.990909090909091
10,831,f1,0.8582677165354331
10,832,PR_AUC,0.9666836041627589
10,832,Brier,0.009451880465437884
10,832,precision,0.8045112781954887
10,832,recall,0.9727272727272728
10,832,f1,0.8806584362139918
10,833,PR_AUC,0.969952753392126
10,833,Brier,0.008161323608299834
10,833,precision,0.7086092715231788
10,833,recall,0.9727272727272728
10,833,f1,0.8199233716475096
10,834,PR_AUC,0.9881810617683436
10,834,Brier,0.006350389871941274
10,834,precision,0.8195488721804511
10,834,recall,0.990909090909091
10,834,f1,0.897119341563786
10,835,PR_AUC,0.9830937852472517
10,835,Brier,0.005736629855821333
10,835,precision,0.7096774193548387
10,835,recall,1.0
10,835,f1,0.8301886792452831
10,836,PR_AUC,0.976388185651134
10,836,Brier,0.0077003769681731156
10,836,precision,0.7448275862068966
10,836,recall,0.9818181818181818
10,836,f1,0.8470588235294118
10,837,PR_AUC,0.9762947665316193
10,837,Brier,0.00864589313557917
10,837,precision,0.7956204379562044
10,837,recall,0.990909090909091
10,837,f1,0.8825910931174089
10,838,PR_AUC,0.9674480204640258
10,838,Brier,0.008531777232004687
10,838,precision,0.7841726618705036
10,838,recall,0.990909090909091
10,838,f1,0.8755020080321285
10,839,PR_AUC,0.9472328588561101
10,839,Brier,0.010582294117869396
10,839,precision,0.6748466257668712
10,839,recall,1.0
10,839,f1,0.8058608058608059
10,840,PR_AUC,0.9664725767180002
10,840,Brier,0.008570936287622023
10,840,precision,0.6987179487179487
10,840,recall,0.990909090909091
10,840,f1,0.8195488721804511
10,841,PR_AUC,0.9729418587473763
10,841,Brier,0.008735718117745744
10,841,precision,0.7659574468085106
10,841,recall,0.9818181818181818
10,841,f1,0.8605577689243028
10,842,PR_AUC,0.972061281244174
10,842,Brier,0.007352111712812889
10,842,precision,0.7315436241610739
10,842,recall,0.990909090909091
10,842,f1,0.8416988416988417
10,843,PR_AUC,0.9920732108824237
10,843,Brier,0.004431569922201993
10,843,precision,0.8148148148148148
10,843,recall,1.0
10,843,f1,0.8979591836734694
10,844,PR_AUC,0.9801282485374283
10,844,Brier,0.007074431948887833
10,844,precision,0.7569444444444444
10,844,recall,0.990909090909091
10,844,f1,0.8582677165354331
10,845,PR_AUC,0.9690320829351469
10,845,Brier,0.006992821046202208
10,845,precision,0.6411764705882353
10,845,recall,0.990909090909091
10,845,f1,0.7785714285714286
10,846,PR_AUC,0.9607279948901231
10,846,Brier,0.008781065009458416
10,846,precision,0.7218543046357616
10,846,recall,0.990909090909091
10,846,f1,0.8352490421455939
10,847,PR_AUC,0.9565475477152772
10,847,Brier,0.010284000616243703
10,847,precision,0.7012987012987013
10,847,recall,0.9818181818181818
10,847,f1,0.8181818181818182
10,848,PR_AUC,0.9665568684067346
10,848,Brier,0.007703137159334614
10,848,precision,0.7006369426751592
10,848,recall,1.0
10,848,f1,0.8239700374531835
10,849,PR_AUC,0.9792602328024895
10,849,Brier,0.006648774964580201
10,849,precision,0.6918238993710691
10,849,recall,1.0
10,849,f1,0.8178438661710037
10,850,PR_AUC,0.9674305167823537
10,850,Brier,0.006939174483778101
10,850,precision,0.6586826347305389
10,850,recall,1.0
10,850,f1,0.7942238267148014
10,851,PR_AUC,0.9808657821601428
10,851,Brier,0.0064699703415429365
10,851,precision,0.7552447552447552
10,851,recall,0.9818181818181818
10,851,f1,0.8537549407114624
10,852,PR_AUC,0.9609683864391322
10,852,Brier,0.008812135982375652
10,852,precision,0.7218543046357616
10,852,recall,0.990909090909091
10,852,f1,0.8352490421455939
10,853,PR_AUC,0.968104651813481
10,853,Brier,0.00791548492889605
10,853,precision,0.689873417721519
10,853,recall,0.990909090909091
10,853,f1,0.8134328358208955
10,854,PR_AUC,0.9642269719020112
10,854,Brier,0.008732630483675449
10,854,precision,0.7841726618705036
10,854,recall,0.990909090909091
10,854,f1,0.8755020080321285
10,855,PR_AUC,0.9745714254133362
10,855,Brier,0.006820982383781349
10,855,precision,0.7333333333333333
10,855,recall,1.0
10,855,f1,0.8461538461538461
10,856,PR_AUC,0.9743719387668911
10,856,Brier,0.007854476130541351
10,856,precision,0.7622377622377622
10,856,recall,0.990909090909091
10,856,f1,0.8616600790513834
10,857,PR_AUC,0.9864300383877079
10,857,Brier,0.005870189267166854
10,857,precision,0.7432432432432432
10,857,recall,1.0
10,857,f1,0.8527131782945736
10,858,PR_AUC,0.9473352109841867
10,858,Brier,0.010881998324719132
10,858,precision,0.6855345911949685
10,858,recall,0.990909090909091
10,858,f1,0.8104089219330854
10,859,PR_AUC,0.9859308688838921
10,859,Brier,0.005909150530974782
10,859,precision,0.75
10,859,recall,0.9818181818181818
10,859,f1,0.8503937007874016
10,860,PR_AUC,0.9679623292127991
10,860,Brier,0.010526012977189579
10,860,precision,0.8709677419354839
10,860,recall,0.9818181818181818
10,860,f1,0.9230769230769231
10,861,PR_AUC,0.9385939951878837
10,861,Brier,0.0120597353289616
10,861,precision,0.6728395061728395
10,861,recall,0.990909090909091
10,861,f1,0.8014705882352942
10,862,PR_AUC,0.9714148451578095
10,862,Brier,0.007067614583060565
10,862,precision,0.7534246575342466
10,862,recall,1.0
10,862,f1,0.859375
10,863,PR_AUC,0.9851896366030034
10,863,Brier,0.006464917539102482
10,863,precision,0.7517241379310344
10,863,recall,0.990909090909091
10,863,f1,0.8549019607843137
10,864,PR_AUC,0.975674097438998
10,864,Brier,0.007209603494682886
10,864,precision,0.7152317880794702
10,864,recall,0.9818181818181818
10,864,f1,0.8275862068965517
10,865,PR_AUC,0.9877605049680611
10,865,Brier,0.005602734091967599
10,865,precision,0.7432432432432432
10,865,recall,1.0
10,865,f1,0.8527131782945736
10,866,PR_AUC,0.9496823901600215
10,866,Brier,0.010599178916362147
10,866,precision,0.7328767123287672
10,866,recall,0.9727272727272728
10,866,f1,0.8359375
10,867,PR_AUC,0.9761880213703414
10,867,Brier,0.006247434918885051
10,867,precision,0.6790123456790124
10,867,recall,1.0
10,867,f1,0.8088235294117647
10,868,PR_AUC,0.978104204861916
10,868,Brier,0.008382012755062146
10,868,precision,0.7676056338028169
10,868,recall,0.990909090909091
10,868,f1,0.8650793650793651
10,869,PR_AUC,0.9812071280293376
10,869,Brier,0.006462381392468861
10,869,precision,0.7517241379310344
10,869,recall,0.990909090909091
10,869,f1,0.8549019607843137
10,870,PR_AUC,0.9630424716692059
10,870,Brier,0.008836243604501038
10,870,precision,0.6411764705882353
10,870,recall,0.990909090909091
10,870,f1,0.7785714285714286
10,871,PR_AUC,0.9523450572126791
10,871,Brier,0.010705095852161391
10,871,precision,0.6193181818181818
10,871,recall,0.990909090909091
10,871,f1,0.7622377622377622
10,872,PR_AUC,0.991763411427443
10,872,Brier,0.004569324200926531
10,872,precision,0.7414965986394558
10,872,recall,0.990909090909091
10,872,f1,0.8482490272373541
10,873,PR_AUC,0.9665657592494039
10,873,Brier,0.00833338301637478
10,873,precision,0.7315436241610739
10,873,recall,0.990909090909091
10,873,f1,0.8416988416988417
10,874,PR_AUC,0.986308781581478
10,874,Brier,0.005795050463807192
10,874,precision,0.7189542483660131
10,874,recall,1.0
10,874,f1,0.8365019011406845
10,875,PR_AUC,0.9650999973716975
10,875,Brier,0.00901879774377304
10,875,precision,0.6942675159235668
10,875,recall,0.990909090909091
10,875,f1,0.8164794007490637
10,876,PR_AUC,0.9811979946945826
10,876,Brier,0.006454018524434101
10,876,precision,0.7552447552447552
10,876,recall,0.9818181818181818
10,876,f1,0.8537549407114624
10,877,PR_AUC,0.9711300825607161
10,877,Brier,0.008274852091753581
10,877,precision,0.7152317880794702
10,877,recall,0.9818181818181818
10,877,f1,0.8275862068965517
10,878,PR_AUC,0.9634337620756447
10,878,Brier,0.007494545765500962
10,878,precision,0.689873417721519
10,878,recall,0.990909090909091
10,878,f1,0.8134328358208955
10,879,PR_AUC,0.9773078247849734
10,879,Brier,0.00916502694061979
10,879,precision,0.7867647058823529
10,879,recall,0.9727272727272728
10,879,f1,0.8699186991869918
10,880,PR_AUC,0.9728231934697751
10,880,Brier,0.007306340999452568
10,880,precision,0.6875
10,880,recall,1.0
10,880,f1,0.8148148148148148
10,881,PR_AUC,0.9579015574568439
10,881,Brier,0.00824620394800186
10,881,precision,0.6285714285714286
10,881,recall,1.0
10,881,f1,0.7719298245614035
10,882,PR_AUC,0.9668941898640803
10,882,Brier,0.007282831933644674
10,882,precision,0.7142857142857143
10,882,recall,1.0
10,882,f1,0.8333333333333334
10,883,PR_AUC,0.9781369346031017
10,883,Brier,0.007282900868047296
10,883,precision,0.7218543046357616
10,883,recall,0.990909090909091
10,883,f1,0.8352490421455939
10,884,PR_AUC,0.9861943235280033
10,884,Brier,0.005549471100407903
10,884,precision,0.6918238993710691
10,884,recall,1.0
10,884,f1,0.8178438661710037
10,885,PR_AUC,0.9581154415230949
10,885,Brier,0.00755631873838783
10,885,precision,0.625
10,885,recall,1.0
10,885,f1,0.7692307692307693
10,886,PR_AUC,0.9647427338730277
10,886,Brier,0.008554226702795256
10,886,precision,0.6145251396648045
10,886,recall,1.0
10,886,f1,0.7612456747404844
10,887,PR_AUC,0.9880766338823902
10,887,Brier,0.006150466809322939
10,887,precision,0.8074074074074075
10,887,recall,0.990909090909091
10,887,f1,0.889795918367347
10,888,PR_AUC,0.9722520182587502
10,888,Brier,0.008061973683731955
10,888,precision,0.7534246575342466
10,888,recall,1.0
10,888,f1,0.859375
10,889,PR_AUC,0.9808153679905071
10,889,Brier,0.006587725572964342
10,889,precision,0.7051282051282052
10,889,recall,1.0
10,889,f1,0.8270676691729323
10,890,PR_AUC,0.9742119941749285
10,890,Brier,0.007949718315811375
10,890,precision,0.7517241379310344
10,890,recall,0.990909090909091
10,890,f1,0.8549019607843137
10,891,PR_AUC,0.9755049246090616
10,891,Brier,0.006550728962647316
10,891,precision,0.7364864864864865
10,891,recall,0.990909090909091
10,891,f1,0.8449612403100775
10,892,PR_AUC,0.9669957833156488
10,892,Brier,0.008726178088644268
10,892,precision,0.7659574468085106
10,892,recall,0.9818181818181818
10,892,f1,0.8605577689243028
10,893,PR_AUC,0.960351495645665
10,893,Brier,0.008013968716096114
10,893,precision,0.7236842105263158
10,893,recall,1.0
10,893,f1,0.8396946564885496
10,894,PR_AUC,0.9680936231146521
10,894,Brier,0.007617086740106997
10,894,precision,0.7032258064516129
10,894,recall,0.990909090909091
10,894,f1,0.8226415094339623
10,895,PR_AUC,0.9805157901152686
10,895,Brier,0.007180510184357578
10,895,precision,0.7730496453900709
10,895,recall,0.990909090909091
10,895,f1,0.8685258964143426
10,896,PR_AUC,0.9829609108674585
10,896,Brier,0.007413719942966484
10,896,precision,0.8307692307692308
10,896,recall,0.9818181818181818
10,896,f1,0.9
10,897,PR_AUC,0.9669384509461074
10,897,Brier,0.00735407205135107
10,897,precision,0.6790123456790124
10,897,recall,1.0
10,897,f1,0.8088235294117647
10,898,PR_AUC,0.9563395133244991
10,898,Brier,0.00959268304408476
10,898,precision,0.6337209302325582
10,898,recall,0.990909090909091
10,898,f1,0.7730496453900709
10,899,PR_AUC,0.9554674184724621
10,899,Brier,0.010477353229224396
10,899,precision,0.7535211267605634
10,899,recall,0.9727272727272728
10,899,f1,0.8492063492063492
10,900,PR_AUC,0.9628254983060506
10,900,Brier,0.008389335614351168
10,900,precision,0.7171052631578947
10,900,recall,0.990909090909091
10,900,f1,0.8320610687022901
10,901,PR_AUC,0.9614576764446978
10,901,Brier,0.00865015721769387
10,901,precision,0.6666666666666666
10,901,recall,1.0
10,901,f1,0.8
10,902,PR_AUC,0.9920411761706246
10,902,Brier,0.004653605098084308
10,902,precision,0.7096774193548387
10,902,recall,1.0
10,902,f1,0.8301886792452831
10,903,PR_AUC,0.9770067353060153
10,903,Brier,0.007920669412140393
10,903,precision,0.7659574468085106
10,903,recall,0.9818181818181818
10,903,f1,0.8605577689243028
10,904,PR_AUC,0.9502770933201746
10,904,Brier,0.009680000639149108
10,904,precision,0.6646341463414634
10,904,recall,0.990909090909091
10,904,f1,0.7956204379562044
10,905,PR_AUC,0.9691989757194039
10,905,Brier,0.00756638915998991
10,905,precision,0.7218543046357616
10,905,recall,0.990909090909091
10,905,f1,0.8352490421455939
10,906,PR_AUC,0.9760136681753537
10,906,Brier,0.007024814809304366
10,906,precision,0.7284768211920529
10,906,recall,1.0
10,906,f1,0.842911877394636
10,907,PR_AUC,0.9691487204137568
10,907,Brier,0.007176979406318043
10,907,precision,0.6967741935483871
10,907,recall,0.9818181818181818
10,907,f1,0.8150943396226416
10,908,PR_AUC,0.9822317901558765
10,908,Brier,0.006227149924265373
10,908,precision,0.7517241379310344
10,908,recall,0.990909090909091
10,908,f1,0.8549019607843137
10,909,PR_AUC,0.9857284661555727
10,909,Brier,0.0059500284624208095
10,909,precision,0.7569444444444444
10,909,recall,0.990909090909091
10,909,f1,0.8582677165354331
10,910,PR_AUC,0.9643897333775736
10,910,Brier,0.008775163586332945
10,910,precision,0.7414965986394558
10,910,recall,0.990909090909091
10,910,f1,0.8482490272373541
10,911,PR_AUC,0.9803685900963567
10,911,Brier,0.006529411145079835
10,911,precision,0.7315436241610739
10,911,recall,0.990909090909091
10,911,f1,0.8416988416988417
10,912,PR_AUC,0.9614684031857268
10,912,Brier,0.010471435188317769
10,912,precision,0.7835820895522388
10,912,recall,0.9545454545454546
10,912,f1,0.860655737704918
10,913,PR_AUC,0.9636366694925613
10,913,Brier,0.008163711018751279
10,913,precision,0.7586206896551724
10,913,recall,1.0
10,913,f1,0.8627450980392157
10,914,PR_AUC,0.9774200896133564
10,914,Brier,0.006946378143315374
10,914,precision,0.7569444444444444
10,914,recall,0.990909090909091
10,914,f1,0.8582677165354331
10,915,PR_AUC,0.9755715593014301
10,915,Brier,0.00796855738181016
10,915,precision,0.632183908045977
10,915,recall,1.0
10,915,f1,0.7746478873239436
10,916,PR_AUC,0.9876690951913579
10,916,Brier,0.005413759231051768
10,916,precision,0.7171052631578947
10,916,recall,0.990909090909091
10,916,f1,0.8320610687022901
10,917,PR_AUC,0.9809980922100677
10,917,Brier,0.006967341786105094
10,917,precision,0.7142857142857143
10,917,recall,1.0
10,917,f1,0.8333333333333334
10,918,PR_AUC,0.9653412872448871
10,918,Brier,0.008391756655038794
10,918,precision,0.738255033557047
10,918,recall,1.0
10,918,f1,0.8494208494208494
10,919,PR_AUC,0.9692784052915911
10,919,Brier,0.008447793898688192
10,919,precision,0.7346938775510204
10,919,recall,0.9818181818181818
10,919,f1,0.8404669260700389
10,920,PR_AUC,0.9668782832817281
10,920,Brier,0.007716633966295182
10,920,precision,0.7012987012987013
10,920,recall,0.9818181818181818
10,920,f1,0.8181818181818182
10,921,PR_AUC,0.9734803513932565
10,921,Brier,0.006738957605854061
10,921,precision,0.7218543046357616
10,921,recall,0.990909090909091
10,921,f1,0.8352490421455939
10,922,PR_AUC,0.9426173972187262
10,922,Brier,0.01122049452076642
10,922,precision,0.6858974358974359
10,922,recall,0.9727272727272728
10,922,f1,0.8045112781954887
10,923,PR_AUC,0.9786073176658109
10,923,Brier,0.006335544854960726
10,923,precision,0.6748466257668712
10,923,recall,1.0
10,923,f1,0.8058608058608059
10,924,PR_AUC,0.9717371562290139
10,924,Brier,0.007815607104313895
10,924,precision,0.7622377622377622
10,924,recall,0.990909090909091
10,924,f1,0.8616600790513834
10,925,PR_AUC,0.9700597330888127
10,925,Brier,0.007372353321224976
10,925,precision,0.7124183006535948
10,925,recall,0.990909090909091
10,925,f1,0.8288973384030418
10,926,PR_AUC,0.9693606487102394
10,926,Brier,0.00826294312704274
10,926,precision,0.6687116564417178
10,926,recall,0.990909090909091
10,926,f1,0.7985347985347986
10,927,PR_AUC,0.9628604823837024
10,927,Brier,0.010920855999026747
10,927,precision,0.8320610687022901
10,927,recall,0.990909090909091
10,927,f1,0.9045643153526971
10,928,PR_AUC,0.9824867526278923
10,928,Brier,0.00752139961101953
10,928,precision,0.782608695652174
10,928,recall,0.9818181818181818
10,928,f1,0.8709677419354839
10,929,PR_AUC,0.9690675547873574
10,929,Brier,0.007547676579706528
10,929,precision,0.689873417721519
10,929,recall,0.990909090909091
10,929,f1,0.8134328358208955
10,930,PR_AUC,0.9573619742371527
10,930,Brier,0.008919921247236003
10,930,precision,0.7006369426751592
10,930,recall,1.0
10,930,f1,0.8239700374531835
10,931,PR_AUC,0.9704054796444143
10,931,Brier,0.007741929574935731
10,931,precision,0.6626506024096386
10,931,recall,1.0
10,931,f1,0.7971014492753623
10,932,PR_AUC,0.9665579365115748
10,932,Brier,0.008017204321938214
10,932,precision,0.7051282051282052
10,932,recall,1.0
10,932,f1,0.8270676691729323
10,933,PR_AUC,0.9558658701408016
10,933,Brier,0.009147108828142618
10,933,precision,0.6179775280898876
10,933,recall,1.0
10,933,f1,0.7638888888888888
10,934,PR_AUC,0.9881788049383453
10,934,Brier,0.006145466188599457
10,934,precision,0.7730496453900709
10,934,recall,0.990909090909091
10,934,f1,0.8685258964143426
10,935,PR_AUC,0.9563694812874328
10,935,Brier,0.009433354749759032
10,935,precision,0.632183908045977
10,935,recall,1.0
10,935,f1,0.7746478873239436
10,936,PR_AUC,0.9766293103434917
10,936,Brier,0.007596809967961968
10,936,precision,0.72
10,936,recall,0.9818181818181818
10,936,f1,0.8307692307692308
10,937,PR_AUC,0.9809414132237675
10,937,Brier,0.007740006112952531
10,937,precision,0.7248322147651006
10,937,recall,0.9818181818181818
10,937,f1,0.833976833976834
10,938,PR_AUC,0.9729370526099663
10,938,Brier,0.00756732539403747
10,938,precision,0.7448275862068966
10,938,recall,0.9818181818181818
10,938,f1,0.8470588235294118
10,939,PR_AUC,0.9770180158888132
10,939,Brier,0.007414584482854238
10,939,precision,0.7236842105263158
10,939,recall,1.0
10,939,f1,0.8396946564885496
10,940,PR_AUC,0.9586935507366481
10,940,Brier,0.009996880818853967
10,940,precision,0.689873417721519
10,940,recall,0.990909090909091
10,940,f1,0.8134328358208955
10,941,PR_AUC,0.9590869492121417
10,941,Brier,0.009623896732518629
10,941,precision,0.6832298136645962
10,941,recall,1.0
10,941,f1,0.8118081180811808
10,942,PR_AUC,0.9597299595571644
10,942,Brier,0.008874792317786954
10,942,precision,0.7414965986394558
10,942,recall,0.990909090909091
10,942,f1,0.8482490272373541
10,943,PR_AUC,0.9747592369289562
10,943,Brier,0.007393081967968035
10,943,precision,0.7218543046357616
10,943,recall,0.990909090909091
10,943,f1,0.8352490421455939
10,944,PR_AUC,0.9881328832882402
10,944,Brier,0.005193062089295428
10,944,precision,0.7857142857142857
10,944,recall,1.0
10,944,f1,0.88
10,945,PR_AUC,0.9735216879763026
10,945,Brier,0.00792283989733111
10,945,precision,0.6962025316455697
10,945,recall,1.0
10,945,f1,0.8208955223880597
10,946,PR_AUC,0.9561922829257192
10,946,Brier,0.009135365350717115
10,946,precision,0.7077922077922078
10,946,recall,0.990909090909091
10,946,f1,0.8257575757575758
10,947,PR_AUC,0.9697192016500382
10,947,Brier,0.007078896235178054
10,947,precision,0.6470588235294118
10,947,recall,1.0
10,947,f1,0.7857142857142857
10,948,PR_AUC,0.9877362558066388
10,948,Brier,0.0056517377778066485
10,948,precision,0.7465753424657534
10,948,recall,0.990909090909091
10,948,f1,0.8515625
10,949,PR_AUC,0.9760898898123941
10,949,Brier,0.007659704815987521
10,949,precision,0.7266666666666667
10,949,recall,0.990909090909091
10,949,f1,0.8384615384615385
10,950,PR_AUC,0.971130174734245
10,950,Brier,0.007804340236495276
10,950,precision,0.6728395061728395
10,950,recall,0.990909090909091
10,950,f1,0.8014705882352942
10,951,PR_AUC,0.9579577133191662
10,951,Brier,0.009708169307772572
10,951,precision,0.7346938775510204
10,951,recall,0.9818181818181818
10,951,f1,0.8404669260700389
10,952,PR_AUC,0.9882854960162175
10,952,Brier,0.005817394272625294
10,952,precision,0.6790123456790124
10,952,recall,1.0
10,952,f1,0.8088235294117647
10,953,PR_AUC,0.9685008166567536
10,953,Brier,0.007111111721912202
10,953,precision,0.6728395061728395
10,953,recall,0.990909090909091
10,953,f1,0.8014705882352942
10,954,PR_AUC,0.9625273611243914
10,954,Brier,0.009256910595967591
10,954,precision,0.7364864864864865
10,954,recall,0.990909090909091
10,954,f1,0.8449612403100775
10,955,PR_AUC,0.9641748070210299
10,955,Brier,0.008193632262010104
10,955,precision,0.68125
10,955,recall,0.990909090909091
10,955,f1,0.8074074074074075
10,956,PR_AUC,0.9621241515142791
10,956,Brier,0.009193556037035281
10,956,precision,0.7730496453900709
10,956,recall,0.990909090909091
10,956,f1,0.8685258964143426
10,957,PR_AUC,0.9582469671045224
10,957,Brier,0.009333916030823647
10,957,precision,0.6545454545454545
10,957,recall,0.9818181818181818
10,957,f1,0.7854545454545454
10,958,PR_AUC,0.9587974584810008
10,958,Brier,0.00836768331262121
10,958,precision,0.6526946107784432
10,958,recall,0.990909090909091
10,958,f1,0.7870036101083032
10,959,PR_AUC,0.9559274406431452
10,959,Brier,0.00931781336296844
10,959,precision,0.7189542483660131
10,959,recall,1.0
10,959,f1,0.8365019011406845
10,960,PR_AUC,0.9827175392929786
10,960,Brier,0.0074994522801714834
10,960,precision,0.7898550724637681
10,960,recall,0.990909090909091
10,960,f1,0.8790322580645161
10,961,PR_AUC,0.968798123679466
10,961,Brier,0.008072112475506682
10,961,precision,0.7346938775510204
10,961,recall,0.9818181818181818
10,961,f1,0.8404669260700389
10,962,PR_AUC,0.9523838473839544
10,962,Brier,0.01082091191351989
10,962,precision,0.6987179487179487
10,962,recall,0.990909090909091
10,962,f1,0.8195488721804511
10,963,PR_AUC,0.9589333551851363
10,963,Brier,0.008367495701358271
10,963,precision,0.6606060606060606
10,963,recall,0.990909090909091
10,963,f1,0.7927272727272727
10,964,PR_AUC,0.9538791443009407
10,964,Brier,0.009596114648512245
10,964,precision,0.6918238993710691
10,964,recall,1.0
10,964,f1,0.8178438661710037
10,965,PR_AUC,0.9692506502778523
10,965,Brier,0.007919417535270664
10,965,precision,0.6832298136645962
10,965,recall,1.0
10,965,f1,0.8118081180811808
10,966,PR_AUC,0.9735678712168355
10,966,Brier,0.008391063562093739
10,966,precision,0.7266666666666667
10,966,recall,0.990909090909091
10,966,f1,0.8384615384615385
10,967,PR_AUC,0.9908779466688462
10,967,Brier,0.005539496405120777
10,967,precision,0.6586826347305389
10,967,recall,1.0
10,967,f1,0.7942238267148014
10,968,PR_AUC,0.9597947843892695
10,968,Brier,0.008850281511447676
10,968,precision,0.6547619047619048
10,968,recall,1.0
10,968,f1,0.7913669064748201
10,969,PR_AUC,0.9526606875248604
10,969,Brier,0.009505982949641478
10,969,precision,0.7058823529411765
10,969,recall,0.9818181818181818
10,969,f1,0.8212927756653993
10,970,PR_AUC,0.9697344367647184
10,970,Brier,0.010290641760344648
10,970,precision,0.7941176470588235
10,970,recall,0.9818181818181818
10,970,f1,0.8780487804878049
10,971,PR_AUC,0.9685738902853843
10,971,Brier,0.008849704167135413
10,971,precision,0.72
10,971,recall,0.9818181818181818
10,971,f1,0.8307692307692308
10,972,PR_AUC,0.9552714519100542
10,972,Brier,0.009417647985693538
10,972,precision,0.68125
10,972,recall,0.990909090909091
10,972,f1,0.8074074074074075
10,973,PR_AUC,0.9619105207450559
10,973,Brier,0.008021736257959588
10,973,precision,0.6790123456790124
10,973,recall,1.0
10,973,f1,0.8088235294117647
10,974,PR_AUC,0.9888205279058202
10,974,Brier,0.005175403301032452
10,974,precision,0.7315436241610739
10,974,recall,0.990909090909091
10,974,f1,0.8416988416988417
10,975,PR_AUC,0.978953205363154
10,975,Brier,0.007636243888176453
10,975,precision,0.7883211678832117
10,975,recall,0.9818181818181818
10,975,f1,0.8744939271255061
10,976,PR_AUC,0.9792839742147413
10,976,Brier,0.009267732817246731
10,976,precision,0.8106060606060606
10,976,recall,0.9727272727272728
10,976,f1,0.8842975206611571
10,977,PR_AUC,0.9553245530931992
10,977,Brier,0.009028860503813636
10,977,precision,0.6707317073170732
10,977,recall,1.0
10,977,f1,0.8029197080291971
10,978,PR_AUC,0.973871382270619
10,978,Brier,0.007579444758310843
10,978,precision,0.7364864864864865
10,978,recall,0.990909090909091
10,978,f1,0.8449612403100775
10,979,PR_AUC,0.971259167298781
10,979,Brier,0.007473251334962022
10,979,precision,0.6770186335403726
10,979,recall,0.990909090909091
10,979,f1,0.8044280442804428
10,980,PR_AUC,0.9599911460421443
10,980,Brier,0.00874140489953275
10,980,precision,0.6967741935483871
10,980,recall,0.9818181818181818
10,980,f1,0.8150943396226416
10,981,PR_AUC,0.9560781709770241
10,981,Brier,0.00866455575238288
10,981,precision,0.6832298136645962
10,981,recall,1.0
10,981,f1,0.8118081180811808
10,982,PR_AUC,0.9632979935189544
10,982,Brier,0.008981169425516803
10,982,precision,0.7432432432432432
10,982,recall,1.0
10,982,f1,0.8527131782945736
10,983,PR_AUC,0.9597488962065058
10,983,Brier,0.008653970185612016
10,983,precision,0.7171052631578947
10,983,recall,0.990909090909091
10,983,f1,0.8320610687022901
10,984,PR_AUC,0.9493700070121295
10,984,Brier,0.010151092616099354
10,984,precision,0.6878980891719745
10,984,recall,0.9818181818181818
10,984,f1,0.8089887640449438
10,985,PR_AUC,0.9714584627321609
10,985,Brier,0.00877118605194228
10,985,precision,0.7152317880794702
10,985,recall,0.9818181818181818
10,985,f1,0.8275862068965517
10,986,PR_AUC,0.9653448628481971
10,986,Brier,0.0074276300925194255
10,986,precision,0.6918238993710691
10,986,recall,1.0
10,986,f1,0.8178438661710037
10,987,PR_AUC,0.9844634218932073
10,987,Brier,0.005426690432054859
10,987,precision,0.7586206896551724
10,987,recall,1.0
10,987,f1,0.8627450980392157
10,988,PR_AUC,0.9799978176172517
10,988,Brier,0.008119726616810078
10,988,precision,0.8195488721804511
10,988,recall,0.990909090909091
10,988,f1,0.897119341563786
10,989,PR_AUC,0.9762202956627456
10,989,Brier,0.007430287013033976
10,989,precision,0.7171052631578947
10,989,recall,0.990909090909091
10,989,f1,0.8320610687022901
10,990,PR_AUC,0.9769675826123653
10,990,Brier,0.00820828049266823
10,990,precision,0.7588652482269503
10,990,recall,0.9727272727272728
10,990,f1,0.852589641434263
10,991,PR_AUC,0.9581733061275792
10,991,Brier,0.009064942910327048
10,991,precision,0.7032258064516129
10,991,recall,0.990909090909091
10,991,f1,0.8226415094339623
10,992,PR_AUC,0.963398132086542
10,992,Brier,0.008271007843656563
10,992,precision,0.6728395061728395
10,992,recall,0.990909090909091
10,992,f1,0.8014705882352942
10,993,PR_AUC,0.9713501001818146
10,993,Brier,0.008081911455242213
10,993,precision,0.6987179487179487
10,993,recall,0.990909090909091
10,993,f1,0.8195488721804511
10,994,PR_AUC,0.9888939521171257
10,994,Brier,0.005510356001032445
10,994,precision,0.7676056338028169
10,994,recall,0.990909090909091
10,994,f1,0.8650793650793651
10,995,PR_AUC,0.97915653691079
10,995,Brier,0.008025702221905788
10,995,precision,0.7414965986394558
10,995,recall,0.990909090909091
10,995,f1,0.8482490272373541
10,996,PR_AUC,0.9630098980969466
10,996,Brier,0.009443181569210042
10,996,precision,0.6687116564417178
10,996,recall,0.990909090909091
10,996,f1,0.7985347985347986
10,997,PR_AUC,0.9781691429122307
10,997,Brier,0.007048742890722871
10,997,precision,0.7397260273972602
10,997,recall,0.9818181818181818
10,997,f1,0.84375
10,998,PR_AUC,0.9797015394131033
10,998,Brier,0.007265855199195149
10,998,precision,0.7284768211920529
10,998,recall,1.0
10,998,f1,0.842911877394636
10,999,PR_AUC,0.9789220799455708
10,999,Brier,0.007987910769248742
10,999,precision,0.8059701492537313
10,999,recall,0.9818181818181818
10,999,f1,0.8852459016393442
10,1000,PR_AUC,0.9630108966828643
10,1000,Brier,0.008208169366452253
10,1000,precision,0.6832298136645962
10,1000,recall,1.0
10,1000,f1,0.8118081180811808
20,1,PR_AUC,0.9500148329790908
20,1,Brier,0.009775521421851226
20,1,precision,0.7473309608540926
20,1,recall,1.0
20,1,f1,0.8553971486761711
20,2,PR_AUC,0.9468932765482481
20,2,Brier,0.013376194472582764
20,2,precision,0.7368421052631579
20,2,recall,1.0
20,2,f1,0.8484848484848485
20,3,PR_AUC,0.9587412119264137
20,3,Brier,0.01086010850702533
20,3,precision,0.8253968253968254
20,3,recall,0.9904761904761905
20,3,f1,0.9004329004329005
20,4,PR_AUC,0.9374356886792972
20,4,Brier,0.0118998342792683
20,4,precision,0.8174603174603174
20,4,recall,0.9809523809523809
20,4,f1,0.8917748917748918
20,5,PR_AUC,0.9584076428835409
20,5,Brier,0.011659858093321939
20,5,precision,0.8110236220472441
20,5,recall,0.9809523809523809
20,5,f1,0.8879310344827587
20,6,PR_AUC,0.9718009456764234
20,6,Brier,0.013235399535150787
20,6,precision,0.8015267175572519
20,6,recall,1.0
20,6,f1,0.8898305084745762
20,7,PR_AUC,0.9760818623098061
20,7,Brier,0.012292207577221133
20,7,precision,0.8093385214007782
20,7,recall,0.9904761904761905
20,7,f1,0.8907922912205567
20,8,PR_AUC,0.9383032899289784
20,8,Brier,0.01181138897767214
20,8,precision,0.7756653992395437
20,8,recall,0.9714285714285714
20,8,f1,0.8625792811839323
20,9,PR_AUC,0.9862458790471782
20,9,Brier,0.011785899486944508
20,9,precision,0.7272727272727273
20,9,recall,0.9904761904761905
20,9,f1,0.8387096774193549
20,10,PR_AUC,0.9604764126716272
20,10,Brier,0.010827174052822875
20,10,precision,0.8046875
20,10,recall,0.9809523809523809
20,10,f1,0.8841201716738197
20,11,PR_AUC,0.9565251177983985
20,11,Brier,0.01165265623382528
20,11,precision,0.7664233576642335
20,11,recall,1.0
20,11,f1,0.8677685950413223
20,12,PR_AUC,0.9455311080756718
20,12,Brier,0.010136272433612786
20,12,precision,0.8188976377952756
20,12,recall,0.9904761904761905
20,12,f1,0.896551724137931
20,13,PR_AUC,0.9687376134356419
20,13,Brier,0.009420133456252774
20,13,precision,0.813953488372093
20,13,recall,1.0
20,13,f1,0.8974358974358975
20,14,PR_AUC,0.9475079011454608
20,14,Brier,0.012867586116881744
20,14,precision,0.8156862745098039
20,14,recall,0.9904761904761905
20,14,f1,0.8946236559139785
20,15,PR_AUC,0.9764671028324154
20,15,Brier,0.012076180898898897
20,15,precision,0.8632478632478633
20,15,recall,0.9619047619047619
20,15,f1,0.9099099099099099
20,16,PR_AUC,0.9540576767555096
20,16,Brier,0.011873272513886483
20,16,precision,0.7647058823529411
20,16,recall,0.9904761904761905
20,16,f1,0.8630705394190872
20,17,PR_AUC,0.9771000609118028
20,17,Brier,0.011749890971713084
20,17,precision,0.8093385214007782
20,17,recall,0.9904761904761905
20,17,f1,0.8907922912205567
20,18,PR_AUC,0.9582360585569619
20,18,Brier,0.011205184205890721
20,18,precision,0.813953488372093
20,18,recall,1.0
20,18,f1,0.8974358974358975
20,19,PR_AUC,0.9425097028061411
20,19,Brier,0.010103644731719113
20,19,precision,0.8203125
20,19,recall,1.0
20,19,f1,0.9012875536480687
20,20,PR_AUC,0.951627453948222
20,20,Brier,0.0121262611878962
20,20,precision,0.7581227436823105
20,20,recall,1.0
20,20,f1,0.8624229979466119
20,21,PR_AUC,0.9699934734665819
20,21,Brier,0.01378456775736879
20,21,precision,0.8188976377952756
20,21,recall,0.9904761904761905
20,21,f1,0.896551724137931
20,22,PR_AUC,0.9810590879920607
20,22,Brier,0.011782132480461376
20,22,precision,0.7761194029850746
20,22,recall,0.9904761904761905
20,22,f1,0.8702928870292888
20,23,PR_AUC,0.9776757702295886
20,23,Brier,0.012013875440398654
20,23,precision,0.864406779661017
20,23,recall,0.9714285714285714
20,23,f1,0.9147982062780269
20,24,PR_AUC,0.9397050863852732
20,24,Brier,0.01132526599995603
20,24,precision,0.8273092369477911
20,24,recall,0.9809523809523809
20,24,f1,0.8976034858387799
20,25,PR_AUC,0.9808560938848728
20,25,Brier,0.012289632030381465
20,25,precision,0.7368421052631579
20,25,recall,1.0
20,25,f1,0.8484848484848485
20,26,PR_AUC,0.9651370944637709
20,26,Brier,0.014199485616927819
20,26,precision,0.7715355805243446
20,26,recall,0.9809523809523809
20,26,f1,0.8637316561844863
20,27,PR_AUC,0.9522145467255012
20,27,Brier,0.012534530929640486
20,27,precision,0.832
20,27,recall,0.9904761904761905
20,27,f1,0.9043478260869565
20,28,PR_AUC,0.9797953847390555
20,28,Brier,0.011564683457581434
20,28,precision,0.7692307692307693
20,28,recall,1.0
20,28,f1,0.8695652173913043
20,29,PR_AUC,0.9399708485045024
20,29,Brier,0.014001069146770836
20,29,precision,0.7924528301886793
20,29,recall,1.0
20,29,f1,0.8842105263157894
20,30,PR_AUC,0.9350447875462812
20,30,Brier,0.012042234092075478
20,30,precision,0.8062015503875969
20,30,recall,0.9904761904761905
20,30,f1,0.8888888888888888
20,31,PR_AUC,0.9367638846254293
20,31,Brier,0.00925910094603998
20,31,precision,0.7720588235294118
20,31,recall,1.0
20,31,f1,0.8713692946058091
20,32,PR_AUC,0.9728374787426186
20,32,Brier,0.013195854230324886
20,32,precision,0.7849056603773585
20,32,recall,0.9904761904761905
20,32,f1,0.8757894736842106
20,33,PR_AUC,0.9796645821922848
20,33,Brier,0.01156718744520319
20,33,precision,0.8286852589641435
20,33,recall,0.9904761904761905
20,33,f1,0.9023861171366594
20,34,PR_AUC,0.9780027985737156
20,34,Brier,0.011555878451061015
20,34,precision,0.8125
20,34,recall,0.9904761904761905
20,34,f1,0.8927038626609443
20,35,PR_AUC,0.9798006969337287
20,35,Brier,0.01203198725140881
20,35,precision,0.8125
20,35,recall,0.9904761904761905
20,35,f1,0.8927038626609443
20,36,PR_AUC,0.970742672758072
20,36,Brier,0.012685670748391576
20,36,precision,0.8353413654618473
20,36,recall,0.9904761904761905
20,36,f1,0.906318082788671
20,37,PR_AUC,0.9235121406773639
20,37,Brier,0.01049059494411405
20,37,precision,0.7636363636363637
20,37,recall,1.0
20,37,f1,0.865979381443299
20,38,PR_AUC,0.9797958237609204
20,38,Brier,0.012491688709220915
20,38,precision,0.7865168539325843
20,38,recall,1.0
20,38,f1,0.8805031446540881
20,39,PR_AUC,0.955081874994679
20,39,Brier,0.008941473032588241
20,39,precision,0.7835820895522388
20,39,recall,1.0
20,39,f1,0.8786610878661087
20,40,PR_AUC,0.9556588351617213
20,40,Brier,0.0116981201255761
20,40,precision,0.8142292490118577
20,40,recall,0.9809523809523809
20,40,f1,0.8898488120950324
20,41,PR_AUC,0.9277232527836371
20,41,Brier,0.010086396899755056
20,41,precision,0.7954545454545454
20,41,recall,1.0
20,41,f1,0.8860759493670886
20,42,PR_AUC,0.9268937353764337
20,42,Brier,0.010084122215560114
20,42,precision,0.8
20,42,recall,0.9904761904761905
20,42,f1,0.8851063829787233
20,43,PR_AUC,0.9452073861261003
20,43,Brier,0.010170510726274586
20,43,precision,0.8076923076923077
20,43,recall,1.0
20,43,f1,0.8936170212765957
20,44,PR_AUC,0.9724407038920588
20,44,Brier,0.010013672750401206
20,44,precision,0.7553956834532374
20,44,recall,1.0
20,44,f1,0.860655737704918
20,45,PR_AUC,0.9860246900551748
20,45,Brier,0.011374466180341165
20,45,precision,0.8171206225680934
20,45,recall,1.0
20,45,f1,0.8993576017130621
20,46,PR_AUC,0.9639332737166432
20,46,Brier,0.01143555240039303
20,46,precision,0.8045977011494253
20,46,recall,1.0
20,46,f1,0.89171974522293
20,47,PR_AUC,0.9855061174215274
20,47,Brier,0.010495784167574072
20,47,precision,0.8188976377952756
20,47,recall,0.9904761904761905
20,47,f1,0.896551724137931
20,48,PR_AUC,0.9384275097008788
20,48,Brier,0.011363885584435091
20,48,precision,0.7862595419847328
20,48,recall,0.9809523809523809
20,48,f1,0.8728813559322034
20,49,PR_AUC,0.9600129417454141
20,49,Brier,0.011820468322210417
20,49,precision,0.7908745247148289
20,49,recall,0.9904761904761905
20,49,f1,0.879492600422833
20,50,PR_AUC,0.9664412176006806
20,50,Brier,0.010067557650029526
20,50,precision,0.803088803088803
20,50,recall,0.9904761904761905
20,50,f1,0.8869936034115139
20,51,PR_AUC,0.9678937426456753
20,51,Brier,0.013235086393243419
20,51,precision,0.8464730290456431
20,51,recall,0.9714285714285714
20,51,f1,0.9046563192904656
20,52,PR_AUC,0.9382163649563909
20,52,Brier,0.011864921930588615
20,52,precision,0.807843137254902
20,52,recall,0.9809523809523809
20,52,f1,0.886021505376344
20,53,PR_AUC,0.9313051030969871
20,53,Brier,0.009620011771470774
20,53,precision,0.7938931297709924
20,53,recall,0.9904761904761905
20,53,f1,0.8813559322033898
20,54,PR_AUC,0.9651396429361271
20,54,Brier,0.010112652952129124
20,54,precision,0.8387096774193549
20,54,recall,0.9904761904761905
20,54,f1,0.9082969432314411
20,55,PR_AUC,0.9404522794734759
20,55,Brier,0.011282176733002268
20,55,precision,0.7969348659003831
20,55,recall,0.9904761904761905
20,55,f1,0.8832271762208068
20,56,PR_AUC,0.9681111713070859
20,56,Brier,0.012905589465061172
20,56,precision,0.7969348659003831
20,56,recall,0.9904761904761905
20,56,f1,0.8832271762208068
20,57,PR_AUC,0.9763300844484524
20,57,Brier,0.012434766017414481
20,57,precision,0.8171206225680934
20,57,recall,1.0
20,57,f1,0.8993576017130621
20,58,PR_AUC,0.9796371293160684
20,58,Brier,0.011896360199306224
20,58,precision,0.8207171314741036
20,58,recall,0.9809523809523809
20,58,f1,0.8937093275488069
20,59,PR_AUC,0.9137624098676973
20,59,Brier,0.011951022646341498
20,59,precision,0.7703703703703704
20,59,recall,0.9904761904761905
20,59,f1,0.8666666666666667
20,60,PR_AUC,0.9566592411543655
20,60,Brier,0.01238980584580001
20,60,precision,0.8306451612903226
20,60,recall,0.9809523809523809
20,60,f1,0.8995633187772926
20,61,PR_AUC,0.9421875756993024
20,61,Brier,0.013273645245004705
20,61,precision,0.7591240875912408
20,61,recall,0.9904761904761905
20,61,f1,0.859504132231405
20,62,PR_AUC,0.9480830557872904
20,62,Brier,0.010439346885536799
20,62,precision,0.7591240875912408
20,62,recall,0.9904761904761905
20,62,f1,0.859504132231405
20,63,PR_AUC,0.946722674255509
20,63,Brier,0.012975077082726758
20,63,precision,0.8221343873517787
20,63,recall,0.9904761904761905
20,63,f1,0.8984881209503239
20,64,PR_AUC,0.9429290960463391
20,64,Brier,0.011318754312120158
20,64,precision,0.7675276752767528
20,64,recall,0.9904761904761905
20,64,f1,0.8648648648648649
20,65,PR_AUC,0.9520219489987288
20,65,Brier,0.01150555981977395
20,65,precision,0.8455284552845529
20,65,recall,0.9904761904761905
20,65,f1,0.9122807017543859
20,66,PR_AUC,0.9371514365941532
20,66,Brier,0.011051357845667192
20,66,precision,0.8286852589641435
20,66,recall,0.9904761904761905
20,66,f1,0.9023861171366594
20,67,PR_AUC,0.9054190760797513
20,67,Brier,0.009352544805412496
20,67,precision,0.7720588235294118
20,67,recall,1.0
20,67,f1,0.8713692946058091
20,68,PR_AUC,0.9642851266049711
20,68,Brier,0.01092247740974484
20,68,precision,0.8
20,68,recall,0.9904761904761905
20,68,f1,0.8851063829787233
20,69,PR_AUC,0.9721920604347627
20,69,Brier,0.013048028629989128
20,69,precision,0.8171206225680934
20,69,recall,1.0
20,69,f1,0.8993576017130621
20,70,PR_AUC,0.921944815121102
20,70,Brier,0.010937225854660199
20,70,precision,0.8125
20,70,recall,0.9904761904761905
20,70,f1,0.8927038626609443
20,71,PR_AUC,0.9653790166862075
20,71,Brier,0.014631282629126309
20,71,precision,0.8571428571428571
20,71,recall,1.0
20,71,f1,0.9230769230769231
20,72,PR_AUC,0.9556013195046865
20,72,Brier,0.011266014570326313
20,72,precision,0.7938931297709924
20,72,recall,0.9904761904761905
20,72,f1,0.8813559322033898
20,73,PR_AUC,0.9635950924632448
20,73,Brier,0.010592251587462563
20,73,precision,0.7692307692307693
20,73,recall,1.0
20,73,f1,0.8695652173913043
20,74,PR_AUC,0.9514296960828861
20,74,Brier,0.012247660814390741
20,74,precision,0.7647058823529411
20,74,recall,0.9904761904761905
20,74,f1,0.8630705394190872
20,75,PR_AUC,0.958504561388016
20,75,Brier,0.012669985852239635
20,75,precision,0.7878787878787878
20,75,recall,0.9904761904761905
20,75,f1,0.8776371308016878
20,76,PR_AUC,0.921619767029439
20,76,Brier,0.011174563565745416
20,76,precision,0.8093385214007782
20,76,recall,0.9904761904761905
20,76,f1,0.8907922912205567
20,77,PR_AUC,0.9732178381833224
20,77,Brier,0.012722469314601425
20,77,precision,0.8326530612244898
20,77,recall,0.9714285714285714
20,77,f1,0.8967032967032967
20,78,PR_AUC,0.9851544716804398
20,78,Brier,0.011140382720771254
20,78,precision,0.7664233576642335
20,78,recall,1.0
20,78,f1,0.8677685950413223
20,79,PR_AUC,0.9847167319134933
20,79,Brier,0.01135262044166017
20,79,precision,0.7835820895522388
20,79,recall,1.0
20,79,f1,0.8786610878661087
20,80,PR_AUC,0.9519785609735928
20,80,Brier,0.011999134438499788
20,80,precision,0.8273092369477911
20,80,recall,0.9809523809523809
20,80,f1,0.8976034858387799
20,81,PR_AUC,0.976428835074586
20,81,Brier,0.011634829628672511
20,81,precision,0.8408163265306122
20,81,recall,0.9809523809523809
20,81,f1,0.9054945054945055
20,82,PR_AUC,0.9687815997231196
20,82,Brier,0.013717093837887809
20,82,precision,0.7819548872180451
20,82,recall,0.9904761904761905
20,82,f1,0.8739495798319328
20,83,PR_AUC,0.9347604641228218
20,83,Brier,0.011998436787847157
20,83,precision,0.7819548872180451
20,83,recall,0.9904761904761905
20,83,f1,0.8739495798319328
20,84,PR_AUC,0.9259174189921969
20,84,Brier,0.012535072874978145
20,84,precision,0.7761194029850746
20,84,recall,0.9904761904761905
20,84,f1,0.8702928870292888
20,85,PR_AUC,0.9520012391944421
20,85,Brier,0.012268649703968744
20,85,precision,0.7563636363636363
20,85,recall,0.9904761904761905
20,85,f1,0.8577319587628865
20,86,PR_AUC,0.9594233912972778
20,86,Brier,0.014688109876198506
20,86,precision,0.7969348659003831
20,86,recall,0.9904761904761905
20,86,f1,0.8832271762208068
20,87,PR_AUC,0.9540794650244939
20,87,Brier,0.012563438844337246
20,87,precision,0.7835820895522388
20,87,recall,1.0
20,87,f1,0.8786610878661087
20,88,PR_AUC,0.962446805782696
20,88,Brier,0.010679530960038286
20,88,precision,0.8108108108108109
20,88,recall,1.0
20,88,f1,0.8955223880597015
20,89,PR_AUC,0.9626121276170558
20,89,Brier,0.010854648992686206
20,89,precision,0.7777777777777778
20,89,recall,1.0
20,89,f1,0.875
20,90,PR_AUC,0.9499047374804443
20,90,Brier,0.012163495860452306
20,90,precision,0.807843137254902
20,90,recall,0.9809523809523809
20,90,f1,0.886021505376344
20,91,PR_AUC,0.9410535850161802
20,91,Brier,0.012206588847144744
20,91,precision,0.7938931297709924
20,91,recall,0.9904761904761905
20,91,f1,0.8813559322033898
20,92,PR_AUC,0.910108869714805
20,92,Brier,0.010933659659877455
20,92,precision,0.734982332155477
20,92,recall,0.9904761904761905
20,92,f1,0.8438133874239351
20,93,PR_AUC,0.9779157439543786
20,93,Brier,0.012159098603713265
20,93,precision,0.7832699619771863
20,93,recall,0.9809523809523809
20,93,f1,0.8710359408033826
20,94,PR_AUC,0.9772418412178248
20,94,Brier,0.011087930990994322
20,94,precision,0.8188976377952756
20,94,recall,0.9904761904761905
20,94,f1,0.896551724137931
20,95,PR_AUC,0.9456421575340596
20,95,Brier,0.013331083949183609
20,95,precision,0.7581227436823105
20,95,recall,1.0
20,95,f1,0.8624229979466119
20,96,PR_AUC,0.9826264866666743
20,96,Brier,0.01124129353604335
20,96,precision,0.7865168539325843
20,96,recall,1.0
20,96,f1,0.8805031446540881
20,97,PR_AUC,0.9388243549680105
20,97,Brier,0.010754084490608636
20,97,precision,0.8221343873517787
20,97,recall,0.9904761904761905
20,97,f1,0.8984881209503239
20,98,PR_AUC,0.9554219090027959
20,98,Brier,0.01179788975739776
20,98,precision,0.726643598615917
20,98,recall,1.0
20,98,f1,0.8416833667334669
20,99,PR_AUC,0.9688979701196971
20,99,Brier,0.011258317888780981
20,99,precision,0.8015267175572519
20,99,recall,1.0
20,99,f1,0.8898305084745762
20,100,PR_AUC,0.9724390517830451
20,100,Brier,0.01269683251672619
20,100,precision,0.7536231884057971
20,100,recall,0.9904761904761905
20,100,f1,0.8559670781893004
20,101,PR_AUC,0.952559470419281
20,101,Brier,0.009752150439861076
20,101,precision,0.7241379310344828
20,101,recall,1.0
20,101,f1,0.84
20,102,PR_AUC,0.9438484056828388
20,102,Brier,0.012765287721989368
20,102,precision,0.7984496124031008
20,102,recall,0.9809523809523809
20,102,f1,0.8803418803418803
20,103,PR_AUC,0.9491948465337909
20,103,Brier,0.011927210639436725
20,103,precision,0.8188976377952756
20,103,recall,0.9904761904761905
20,103,f1,0.896551724137931
20,104,PR_AUC,0.9225445076383016
20,104,Brier,0.01114969799409512
20,104,precision,0.7786259541984732
20,104,recall,0.9714285714285714
20,104,f1,0.864406779661017
20,105,PR_AUC,0.9692711409952295
20,105,Brier,0.013761665917296833
20,105,precision,0.8583333333333333
20,105,recall,0.9809523809523809
20,105,f1,0.9155555555555556
20,106,PR_AUC,0.9456250314669834
20,106,Brier,0.012665806855918543
20,106,precision,0.7591240875912408
20,106,recall,0.9904761904761905
20,106,f1,0.859504132231405
20,107,PR_AUC,0.96181973647651
20,107,Brier,0.009841802289179942
20,107,precision,0.8366533864541833
20,107,recall,1.0
20,107,f1,0.911062906724512
20,108,PR_AUC,0.9703593763136064
20,108,Brier,0.011879031189520306
20,108,precision,0.8093385214007782
20,108,recall,0.9904761904761905
20,108,f1,0.8907922912205567
20,109,PR_AUC,0.9844442227649662
20,109,Brier,0.012713222972823662
20,109,precision,0.7835820895522388
20,109,recall,1.0
20,109,f1,0.8786610878661087
20,110,PR_AUC,0.9691157643905539
20,110,Brier,0.012941989121658174
20,110,precision,0.8108108108108109
20,110,recall,1.0
20,110,f1,0.8955223880597015
20,111,PR_AUC,0.9854066956759595
20,111,Brier,0.010550563739551287
20,111,precision,0.8502024291497976
20,111,recall,1.0
20,111,f1,0.9190371991247265
20,112,PR_AUC,0.9752329616357048
20,112,Brier,0.011835501802729402
20,112,precision,0.7509025270758123
20,112,recall,0.9904761904761905
20,112,f1,0.8542094455852156
20,113,PR_AUC,0.9600326464783702
20,113,Brier,0.01245942860378831
20,113,precision,0.7428571428571429
20,113,recall,0.9904761904761905
20,113,f1,0.8489795918367347
20,114,PR_AUC,0.9420000726261626
20,114,Brier,0.010283855443549341
20,114,precision,0.8045977011494253
20,114,recall,1.0
20,114,f1,0.89171974522293
20,115,PR_AUC,0.9461388392713823
20,115,Brier,0.010738785173246971
20,115,precision,0.8203125
20,115,recall,1.0
20,115,f1,0.9012875536480687
20,116,PR_AUC,0.9409834386949547
20,116,Brier,0.010863145226033332
20,116,precision,0.8015267175572519
20,116,recall,1.0
20,116,f1,0.8898305084745762
20,117,PR_AUC,0.9563145662348003
20,117,Brier,0.011790145801524462
20,117,precision,0.7969348659003831
20,117,recall,0.9904761904761905
20,117,f1,0.8832271762208068
20,118,PR_AUC,0.9798016070141894
20,118,Brier,0.012539598238350538
20,118,precision,0.8015564202334631
20,118,recall,0.9809523809523809
20,118,f1,0.8822269807280514
20,119,PR_AUC,0.9526366369561653
20,119,Brier,0.011839890448691824
20,119,precision,0.8253968253968254
20,119,recall,0.9904761904761905
20,119,f1,0.9004329004329005
20,120,PR_AUC,0.9315812706974199
20,120,Brier,0.012317028515508645
20,120,precision,0.8221343873517787
20,120,recall,0.9904761904761905
20,120,f1,0.8984881209503239
20,121,PR_AUC,0.9284913068863864
20,121,Brier,0.012563620200048552
20,121,precision,0.8142292490118577
20,121,recall,0.9809523809523809
20,121,f1,0.8898488120950324
20,122,PR_AUC,0.9500097703763419
20,122,Brier,0.0097687632740487
20,122,precision,0.7969348659003831
20,122,recall,0.9904761904761905
20,122,f1,0.8832271762208068
20,123,PR_AUC,0.9404697203149809
20,123,Brier,0.011429373506699746
20,123,precision,0.7777777777777778
20,123,recall,1.0
20,123,f1,0.875
20,124,PR_AUC,0.9704438497939099
20,124,Brier,0.01261925882627474
20,124,precision,0.7720588235294118
20,124,recall,1.0
20,124,f1,0.8713692946058091
20,125,PR_AUC,0.9616756231036552
20,125,Brier,0.011701508084395537
20,125,precision,0.7720588235294118
20,125,recall,1.0
20,125,f1,0.8713692946058091
20,126,PR_AUC,0.9581030245606491
20,126,Brier,0.012198578533372542
20,126,precision,0.8292682926829268
20,126,recall,0.9714285714285714
20,126,f1,0.8947368421052632
20,127,PR_AUC,0.9559248571503023
20,127,Brier,0.011989396775143804
20,127,precision,0.807843137254902
20,127,recall,0.9809523809523809
20,127,f1,0.886021505376344
20,128,PR_AUC,0.9529970978824256
20,128,Brier,0.011779651268380188
20,128,precision,0.8353413654618473
20,128,recall,0.9904761904761905
20,128,f1,0.906318082788671
20,129,PR_AUC,0.936149643372671
20,129,Brier,0.011261244738986181
20,129,precision,0.7526881720430108
20,129,recall,1.0
20,129,f1,0.8588957055214724
20,130,PR_AUC,0.9796148792473669
20,130,Brier,0.011693752263473425
20,130,precision,0.8326530612244898
20,130,recall,0.9714285714285714
20,130,f1,0.8967032967032967
20,131,PR_AUC,0.9408880378623199
20,131,Brier,0.010469461165677919
20,131,precision,0.8125
20,131,recall,0.9904761904761905
20,131,f1,0.8927038626609443
20,132,PR_AUC,0.9835090126887216
20,132,Brier,0.01132625349150121
20,132,precision,0.8171206225680934
20,132,recall,1.0
20,132,f1,0.8993576017130621
20,133,PR_AUC,0.9662082640711036
20,133,Brier,0.010609674121530967
20,133,precision,0.7692307692307693
20,133,recall,1.0
20,133,f1,0.8695652173913043
20,134,PR_AUC,0.9768855793635707
20,134,Brier,0.012004891789126807
20,134,precision,0.8221343873517787
20,134,recall,0.9904761904761905
20,134,f1,0.8984881209503239
20,135,PR_AUC,0.9842528474501797
20,135,Brier,0.010985657249854166
20,135,precision,0.8433734939759037
20,135,recall,1.0
20,135,f1,0.9150326797385621
20,136,PR_AUC,0.9368438207416242
20,136,Brier,0.01131589321782273
20,136,precision,0.7937743190661478
20,136,recall,0.9714285714285714
20,136,f1,0.8736616702355461
20,137,PR_AUC,0.9431095946087218
20,137,Brier,0.011353692359636397
20,137,precision,0.7969348659003831
20,137,recall,0.9904761904761905
20,137,f1,0.8832271762208068
20,138,PR_AUC,0.9341429143139819
20,138,Brier,0.011398100706263336
20,138,precision,0.7862595419847328
20,138,recall,0.9809523809523809
20,138,f1,0.8728813559322034
20,139,PR_AUC,0.9726558503354025
20,139,Brier,0.012832906194097686
20,139,precision,0.7402135231316725
20,139,recall,0.9904761904761905
20,139,f1,0.8472505091649695
20,140,PR_AUC,0.9599712484082935
20,140,Brier,0.011548028745984483
20,140,precision,0.8408163265306122
20,140,recall,0.9809523809523809
20,140,f1,0.9054945054945055
20,141,PR_AUC,0.9293570860910577
20,141,Brier,0.012147461104030984
20,141,precision,0.7761194029850746
20,141,recall,0.9904761904761905
20,141,f1,0.8702928870292888
20,142,PR_AUC,0.9862745571553246
20,142,Brier,0.01153527362616564
20,142,precision,0.8171206225680934
20,142,recall,1.0
20,142,f1,0.8993576017130621
20,143,PR_AUC,0.9403885351849631
20,143,Brier,0.013808190175691334
20,143,precision,0.7727272727272727
20,143,recall,0.9714285714285714
20,143,f1,0.8607594936708861
20,144,PR_AUC,0.9494141647921955
20,144,Brier,0.013488598288973504
20,144,precision,0.8244897959183674
20,144,recall,0.9619047619047619
20,144,f1,0.8879120879120879
20,145,PR_AUC,0.9230469861180176
20,145,Brier,0.011033243548666801
20,145,precision,0.7473309608540926
20,145,recall,1.0
20,145,f1,0.8553971486761711
20,146,PR_AUC,0.987755871087887
20,146,Brier,0.01203632946487153
20,146,precision,0.7317073170731707
20,146,recall,1.0
20,146,f1,0.8450704225352113
20,147,PR_AUC,0.9495175922028616
20,147,Brier,0.012438498626964145
20,147,precision,0.7657992565055762
20,147,recall,0.9809523809523809
20,147,f1,0.860125260960334
20,148,PR_AUC,0.9434309430125183
20,148,Brier,0.01040473597560106
20,148,precision,0.8125
20,148,recall,0.9904761904761905
20,148,f1,0.8927038626609443
20,149,PR_AUC,0.9838066808415499
20,149,Brier,0.011645154552976227
20,149,precision,0.832
20,149,recall,0.9904761904761905
20,149,f1,0.9043478260869565
20,150,PR_AUC,0.9497487379586446
20,150,Brier,0.012710259763192216
20,150,precision,0.803088803088803
20,150,recall,0.9904761904761905
20,150,f1,0.8869936034115139
20,151,PR_AUC,0.9771842416913675
20,151,Brier,0.012279037434477212
20,151,precision,0.8203125
20,151,recall,1.0
20,151,f1,0.9012875536480687
20,152,PR_AUC,0.9718009456764234
20,152,Brier,0.013235399535150787
20,152,precision,0.8015267175572519
20,152,recall,1.0
20,152,f1,0.8898305084745762
20,153,PR_AUC,0.9799344302734938
20,153,Brier,0.011299746156382313
20,153,precision,0.8433734939759037
20,153,recall,1.0
20,153,f1,0.9150326797385621
20,154,PR_AUC,0.9722843670895175
20,154,Brier,0.012743940057431007
20,154,precision,0.832
20,154,recall,0.9904761904761905
20,154,f1,0.9043478260869565
20,155,PR_AUC,0.9204401976741531
20,155,Brier,0.01162370714003247
20,155,precision,0.7647058823529411
20,155,recall,0.9904761904761905
20,155,f1,0.8630705394190872
20,156,PR_AUC,0.9749692062815284
20,156,Brier,0.012653112547776351
20,156,precision,0.7938931297709924
20,156,recall,0.9904761904761905
20,156,f1,0.8813559322033898
20,157,PR_AUC,0.9430900919114719
20,157,Brier,0.011150043830388834
20,157,precision,0.7591240875912408
20,157,recall,0.9904761904761905
20,157,f1,0.859504132231405
20,158,PR_AUC,0.9733105183081893
20,158,Brier,0.012646088019169423
20,158,precision,0.8273092369477911
20,158,recall,0.9809523809523809
20,158,f1,0.8976034858387799
20,159,PR_AUC,0.9311728658750912
20,159,Brier,0.012443618607987863
20,159,precision,0.734982332155477
20,159,recall,0.9904761904761905
20,159,f1,0.8438133874239351
20,160,PR_AUC,0.9379768688692957
20,160,Brier,0.01451289126574484
20,160,precision,0.8110236220472441
20,160,recall,0.9809523809523809
20,160,f1,0.8879310344827587
20,161,PR_AUC,0.9658434176297149
20,161,Brier,0.013351045039611353
20,161,precision,0.807843137254902
20,161,recall,0.9809523809523809
20,161,f1,0.886021505376344
20,162,PR_AUC,0.9869812833900333
20,162,Brier,0.010920700604641412
20,162,precision,0.832
20,162,recall,0.9904761904761905
20,162,f1,0.9043478260869565
20,163,PR_AUC,0.9773944518505275
20,163,Brier,0.011911920510859469
20,163,precision,0.8536585365853658
20,163,recall,1.0
20,163,f1,0.9210526315789473
20,164,PR_AUC,0.9581233171294071
20,164,Brier,0.013848419658059817
20,164,precision,0.816
20,164,recall,0.9714285714285714
20,164,f1,0.8869565217391304
20,165,PR_AUC,0.9785821352965423
20,165,Brier,0.012176798486842002
20,165,precision,0.7692307692307693
20,165,recall,1.0
20,165,f1,0.8695652173913043
20,166,PR_AUC,0.9649877981168085
20,166,Brier,0.013798319747555703
20,166,precision,0.8442622950819673
20,166,recall,0.9809523809523809
20,166,f1,0.9074889867841409
20,167,PR_AUC,0.9640605199047315
20,167,Brier,0.010649598013755932
20,167,precision,0.7894736842105263
20,167,recall,1.0
20,167,f1,0.8823529411764706
20,168,PR_AUC,0.9426170707233804
20,168,Brier,0.013769945897525436
20,168,precision,0.7908745247148289
20,168,recall,0.9904761904761905
20,168,f1,0.879492600422833
20,169,PR_AUC,0.9437967247028984
20,169,Brier,0.01023578178772718
20,169,precision,0.7777777777777778
20,169,recall,1.0
20,169,f1,0.875
20,170,PR_AUC,0.9605756086980057
20,170,Brier,0.01156376376725031
20,170,precision,0.7878787878787878
20,170,recall,0.9904761904761905
20,170,f1,0.8776371308016878
20,171,PR_AUC,0.9747708622485318
20,171,Brier,0.01305490037773169
20,171,precision,0.8366533864541833
20,171,recall,1.0
20,171,f1,0.911062906724512
20,172,PR_AUC,0.9608790567860078
20,172,Brier,0.011516081550248183
20,172,precision,0.7664233576642335
20,172,recall,1.0
20,172,f1,0.8677685950413223
20,173,PR_AUC,0.9323384253409085
20,173,Brier,0.011737585662032052
20,173,precision,0.8125
20,173,recall,0.9904761904761905
20,173,f1,0.8927038626609443
20,174,PR_AUC,0.9676004059138681
20,174,Brier,0.013157841450333455
20,174,precision,0.8225806451612904
20,174,recall,0.9714285714285714
20,174,f1,0.8908296943231441
20,175,PR_AUC,0.9490786434427673
20,175,Brier,0.010239418705365941
20,175,precision,0.7553956834532374
20,175,recall,1.0
20,175,f1,0.860655737704918
20,176,PR_AUC,0.95872958308727
20,176,Brier,0.011198611502431458
20,176,precision,0.7938931297709924
20,176,recall,0.9904761904761905
20,176,f1,0.8813559322033898
20,177,PR_AUC,0.9184156192325981
20,177,Brier,0.011301784837822529
20,177,precision,0.7773584905660378
20,177,recall,0.9809523809523809
20,177,f1,0.8673684210526316
20,178,PR_AUC,0.9534259456703038
20,178,Brier,0.012174554492110285
20,178,precision,0.8
20,178,recall,0.9904761904761905
20,178,f1,0.8851063829787233
20,179,PR_AUC,0.9281986949691361
20,179,Brier,0.010038276279231567
20,179,precision,0.7984790874524715
20,179,recall,1.0
20,179,f1,0.8879492600422833
20,180,PR_AUC,0.955702843416362
20,180,Brier,0.012640348658294037
20,180,precision,0.7862595419847328
20,180,recall,0.9809523809523809
20,180,f1,0.8728813559322034
20,181,PR_AUC,0.9789244945478018
20,181,Brier,0.011467424423846462
20,181,precision,0.8045977011494253
20,181,recall,1.0
20,181,f1,0.89171974522293
20,182,PR_AUC,0.9358552791554945
20,182,Brier,0.011476345525981356
20,182,precision,0.7954545454545454
20,182,recall,1.0
20,182,f1,0.8860759493670886
20,183,PR_AUC,0.9901702705109818
20,183,Brier,0.009936510289338382
20,183,precision,0.7924528301886793
20,183,recall,1.0
20,183,f1,0.8842105263157894
20,184,PR_AUC,0.9416700178814277
20,184,Brier,0.011087567749199478
20,184,precision,0.7923076923076923
20,184,recall,0.9809523809523809
20,184,f1,0.8765957446808511
20,185,PR_AUC,0.9477664526304259
20,185,Brier,0.01360639393593821
20,185,precision,0.8632478632478633
20,185,recall,0.9619047619047619
20,185,f1,0.9099099099099099
20,186,PR_AUC,0.9573824341189271
20,186,Brier,0.015689359764994533
20,186,precision,0.8387096774193549
20,186,recall,0.9904761904761905
20,186,f1,0.9082969432314411
20,187,PR_AUC,0.9504477921690933
20,187,Brier,0.011853115831208497
20,187,precision,0.8046875
20,187,recall,0.9809523809523809
20,187,f1,0.8841201716738197
20,188,PR_AUC,0.9554013280366979
20,188,Brier,0.011168294514391303
20,188,precision,0.832
20,188,recall,0.9904761904761905
20,188,f1,0.9043478260869565
20,189,PR_AUC,0.9637354271749141
20,189,Brier,0.011368494385553844
20,189,precision,0.7703703703703704
20,189,recall,0.9904761904761905
20,189,f1,0.8666666666666667
20,190,PR_AUC,0.922024606017414
20,190,Brier,0.011209207667428611
20,190,precision,0.8093385214007782
20,190,recall,0.9904761904761905
20,190,f1,0.8907922912205567
20,191,PR_AUC,0.9357023784381572
20,191,Brier,0.011768449669841736
20,191,precision,0.8062015503875969
20,191,recall,0.9904761904761905
20,191,f1,0.8888888888888888
20,192,PR_AUC,0.9405328019189655
20,192,Brier,0.011779886722391142
20,192,precision,0.7692307692307693
20,192,recall,1.0
20,192,f1,0.8695652173913043
20,193,PR_AUC,0.983192162711935
20,193,Brier,0.010944376877201253
20,193,precision,0.8489795918367347
20,193,recall,0.9904761904761905
20,193,f1,0.9142857142857143
20,194,PR_AUC,0.9848552821570313
20,194,Brier,0.010894730581781703
20,194,precision,0.7608695652173914
20,194,recall,1.0
20,194,f1,0.8641975308641975
20,195,PR_AUC,0.945848566031427
20,195,Brier,0.012486086142672987
20,195,precision,0.7865168539325843
20,195,recall,1.0
20,195,f1,0.8805031446540881
20,196,PR_AUC,0.9783453890099677
20,196,Brier,0.011724031542697771
20,196,precision,0.7611940298507462
20,196,recall,0.9714285714285714
20,196,f1,0.8535564853556485
20,197,PR_AUC,0.9675806977795889
20,197,Brier,0.01029032159214204
20,197,precision,0.7894736842105263
20,197,recall,1.0
20,197,f1,0.8823529411764706
20,198,PR_AUC,0.9607619916997169
20,198,Brier,0.01110383602267069
20,198,precision,0.8421052631578947
20,198,recall,0.9904761904761905
20,198,f1,0.9102844638949672
20,199,PR_AUC,0.9402821034058131
20,199,Brier,0.010785795555183265
20,199,precision,0.8171206225680934
20,199,recall,1.0
20,199,f1,0.8993576017130621
20,200,PR_AUC,0.950849321410086
20,200,Brier,0.013009345981661272
20,200,precision,0.85
20,200,recall,0.9714285714285714
20,200,f1,0.9066666666666666
20,201,PR_AUC,0.9785341021728687
20,201,Brier,0.011372356284944145
20,201,precision,0.803088803088803
20,201,recall,0.9904761904761905
20,201,f1,0.8869936034115139
20,202,PR_AUC,0.9550260293202962
20,202,Brier,0.01162057383981819
20,202,precision,0.7849056603773585
20,202,recall,0.9904761904761905
20,202,f1,0.8757894736842106
20,203,PR_AUC,0.9371013276348037
20,203,Brier,0.011150731580538632
20,203,precision,0.7908745247148289
20,203,recall,0.9904761904761905
20,203,f1,0.879492600422833
20,204,PR_AUC,0.9588890260242698
20,204,Brier,0.01522375998289394
20,204,precision,0.7664233576642335
20,204,recall,1.0
20,204,f1,0.8677685950413223
20,205,PR_AUC,0.9749631000919421
20,205,Brier,0.012451823978069218
20,205,precision,0.8171206225680934
20,205,recall,1.0
20,205,f1,0.8993576017130621
20,206,PR_AUC,0.9551536088458503
20,206,Brier,0.011164994870707991
20,206,precision,0.8306451612903226
20,206,recall,0.9809523809523809
20,206,f1,0.8995633187772926
20,207,PR_AUC,0.958685472696233
20,207,Brier,0.012096699224217944
20,207,precision,0.7216494845360825
20,207,recall,1.0
20,207,f1,0.8383233532934131
20,208,PR_AUC,0.9461704304530408
20,208,Brier,0.012648323649637928
20,208,precision,0.7675276752767528
20,208,recall,0.9904761904761905
20,208,f1,0.8648648648648649
20,209,PR_AUC,0.957034929031886
20,209,Brier,0.011595347095555797
20,209,precision,0.8366533864541833
20,209,recall,1.0
20,209,f1,0.911062906724512
20,210,PR_AUC,0.9532447840043905
20,210,Brier,0.012224907056517284
20,210,precision,0.8429752066115702
20,210,recall,0.9714285714285714
20,210,f1,0.9026548672566371
20,211,PR_AUC,0.9474079110882503
20,211,Brier,0.013072677833758668
20,211,precision,0.8076923076923077
20,211,recall,1.0
20,211,f1,0.8936170212765957
20,212,PR_AUC,0.9742132560701854
20,212,Brier,0.012411323031958436
20,212,precision,0.8045977011494253
20,212,recall,1.0
20,212,f1,0.89171974522293
20,213,PR_AUC,0.9553317047760543
20,213,Brier,0.013311410682138527
20,213,precision,0.8387096774193549
20,213,recall,0.9904761904761905
20,213,f1,0.9082969432314411
20,214,PR_AUC,0.9678149701439002
20,214,Brier,0.013354596435356657
20,214,precision,0.8442622950819673
20,214,recall,0.9809523809523809
20,214,f1,0.9074889867841409
20,215,PR_AUC,0.9262970787706103
20,215,Brier,0.013368461504594227
20,215,precision,0.7953667953667953
20,215,recall,0.9809523809523809
20,215,f1,0.8784648187633263
20,216,PR_AUC,0.9706995631081307
20,216,Brier,0.013703683786108938
20,216,precision,0.8286852589641435
20,216,recall,0.9904761904761905
20,216,f1,0.9023861171366594
20,217,PR_AUC,0.9556342638712623
20,217,Brier,0.012523841909853948
20,217,precision,0.8207171314741036
20,217,recall,0.9809523809523809
20,217,f1,0.8937093275488069
20,218,PR_AUC,0.9564004944684671
20,218,Brier,0.012401580340928847
20,218,precision,0.8174603174603174
20,218,recall,0.9809523809523809
20,218,f1,0.8917748917748918
20,219,PR_AUC,0.9613931569133114
20,219,Brier,0.010556112955989232
20,219,precision,0.7777777777777778
20,219,recall,1.0
20,219,f1,0.875
20,220,PR_AUC,0.9196216234004151
20,220,Brier,0.011387832947433335
20,220,precision,0.7924528301886793
20,220,recall,1.0
20,220,f1,0.8842105263157894
20,221,PR_AUC,0.9405931691789916
20,221,Brier,0.010799692910729543
20,221,precision,0.7835820895522388
20,221,recall,1.0
20,221,f1,0.8786610878661087
20,222,PR_AUC,0.9099908887311395
20,222,Brier,0.008983604752258928
20,222,precision,0.7924528301886793
20,222,recall,1.0
20,222,f1,0.8842105263157894
20,223,PR_AUC,0.9508958356210884
20,223,Brier,0.009669274470535312
20,223,precision,0.7984790874524715
20,223,recall,1.0
20,223,f1,0.8879492600422833
20,224,PR_AUC,0.9510724698036135
20,224,Brier,0.012779521497856293
20,224,precision,0.7938931297709924
20,224,recall,0.9904761904761905
20,224,f1,0.8813559322033898
20,225,PR_AUC,0.9829706376768211
20,225,Brier,0.011796977328813924
20,225,precision,0.8429752066115702
20,225,recall,0.9714285714285714
20,225,f1,0.9026548672566371
20,226,PR_AUC,0.9621253017587301
20,226,Brier,0.011225642188371587
20,226,precision,0.7473309608540926
20,226,recall,1.0
20,226,f1,0.8553971486761711
20,227,PR_AUC,0.9549583290445344
20,227,Brier,0.009342326065908535
20,227,precision,0.7608695652173914
20,227,recall,1.0
20,227,f1,0.8641975308641975
20,228,PR_AUC,0.9639461733738377
20,228,Brier,0.011298412779696267
20,228,precision,0.7428571428571429
20,228,recall,0.9904761904761905
20,228,f1,0.8489795918367347
20,229,PR_AUC,0.9684118672784425
20,229,Brier,0.011348872081347891
20,229,precision,0.7692307692307693
20,229,recall,1.0
20,229,f1,0.8695652173913043
20,230,PR_AUC,0.9429370666469916
20,230,Brier,0.010879938702043474
20,230,precision,0.726643598615917
20,230,recall,1.0
20,230,f1,0.8416833667334669
20,231,PR_AUC,0.970848082854603
20,231,Brier,0.014120170664470699
20,231,precision,0.8632478632478633
20,231,recall,0.9619047619047619
20,231,f1,0.9099099099099099
20,232,PR_AUC,0.9561562034674952
20,232,Brier,0.01177041587338066
20,232,precision,0.803088803088803
20,232,recall,0.9904761904761905
20,232,f1,0.8869936034115139
20,233,PR_AUC,0.9596236857286531
20,233,Brier,0.011705039402013659
20,233,precision,0.789272030651341
20,233,recall,0.9809523809523809
20,233,f1,0.8747346072186837
20,234,PR_AUC,0.9533029055418045
20,234,Brier,0.012197254740219935
20,234,precision,0.7908745247148289
20,234,recall,0.9904761904761905
20,234,f1,0.879492600422833
20,235,PR_AUC,0.9297242638134863
20,235,Brier,0.010034417803364074
20,235,precision,0.8125
20,235,recall,0.9904761904761905
20,235,f1,0.8927038626609443
20,236,PR_AUC,0.9604243870709933
20,236,Brier,0.014231591799307785
20,236,precision,0.7849056603773585
20,236,recall,0.9904761904761905
20,236,f1,0.8757894736842106
20,237,PR_AUC,0.9398890715630526
20,237,Brier,0.011228301004764822
20,237,precision,0.7526881720430108
20,237,recall,1.0
20,237,f1,0.8588957055214724
20,238,PR_AUC,0.9564910101341184
20,238,Brier,0.0114927109495301
20,238,precision,0.7908745247148289
20,238,recall,0.9904761904761905
20,238,f1,0.879492600422833
20,239,PR_AUC,0.9668278893284914
20,239,Brier,0.010922140683627143
20,239,precision,0.7664233576642335
20,239,recall,1.0
20,239,f1,0.8677685950413223
20,240,PR_AUC,0.9468952719336325
20,240,Brier,0.012891578869578153
20,240,precision,0.8326530612244898
20,240,recall,0.9714285714285714
20,240,f1,0.8967032967032967
20,241,PR_AUC,0.9566257386473902
20,241,Brier,0.011651071311898761
20,241,precision,0.8373983739837398
20,241,recall,0.9809523809523809
20,241,f1,0.9035087719298246
20,242,PR_AUC,0.9609609623046822
20,242,Brier,0.011710759372546469
20,242,precision,0.7692307692307693
20,242,recall,1.0
20,242,f1,0.8695652173913043
20,243,PR_AUC,0.9354097619463576
20,243,Brier,0.012151199947427175
20,243,precision,0.7446808510638298
20,243,recall,1.0
20,243,f1,0.8536585365853658
20,244,PR_AUC,0.9562093766385303
20,244,Brier,0.01070431140609616
20,244,precision,0.8188976377952756
20,244,recall,0.9904761904761905
20,244,f1,0.896551724137931
20,245,PR_AUC,0.9677795521819359
20,245,Brier,0.010839581587013059
20,245,precision,0.7216494845360825
20,245,recall,1.0
20,245,f1,0.8383233532934131
20,246,PR_AUC,0.9671404041495961
20,246,Brier,0.01387370812518321
20,246,precision,0.8076923076923077
20,246,recall,1.0
20,246,f1,0.8936170212765957
20,247,PR_AUC,0.9665277956554116
20,247,Brier,0.01039126554837657
20,247,precision,0.8171206225680934
20,247,recall,1.0
20,247,f1,0.8993576017130621
20,248,PR_AUC,0.9648793964197685
20,248,Brier,0.013014256525934206
20,248,precision,0.832
20,248,recall,0.9904761904761905
20,248,f1,0.9043478260869565
20,249,PR_AUC,0.9524343424221339
20,249,Brier,0.012306894197039986
20,249,precision,0.8340080971659919
20,249,recall,0.9809523809523809
20,249,f1,0.9015317286652079
20,250,PR_AUC,0.9450494903544058
20,250,Brier,0.011321375981643298
20,250,precision,0.8015267175572519
20,250,recall,1.0
20,250,f1,0.8898305084745762
20,251,PR_AUC,0.9323145669876362
20,251,Brier,0.009866208928015537
20,251,precision,0.7835820895522388
20,251,recall,1.0
20,251,f1,0.8786610878661087
20,252,PR_AUC,0.9686086696842858
20,252,Brier,0.01295321643393216
20,252,precision,0.8142292490118577
20,252,recall,0.9809523809523809
20,252,f1,0.8898488120950324
20,253,PR_AUC,0.943878630342584
20,253,Brier,0.013130771241388351
20,253,precision,0.7573529411764706
20,253,recall,0.9809523809523809
20,253,f1,0.8547717842323651
20,254,PR_AUC,0.9678183335670251
20,254,Brier,0.012886558548624007
20,254,precision,0.807843137254902
20,254,recall,0.9809523809523809
20,254,f1,0.886021505376344
20,255,PR_AUC,0.9598072815071832
20,255,Brier,0.011534798425023562
20,255,precision,0.7969348659003831
20,255,recall,0.9904761904761905
20,255,f1,0.8832271762208068
20,256,PR_AUC,0.962022767057697
20,256,Brier,0.010665362212251787
20,256,precision,0.7636363636363637
20,256,recall,1.0
20,256,f1,0.865979381443299
20,257,PR_AUC,0.9308221871629739
20,257,Brier,0.010317308122572054
20,257,precision,0.7790262172284644
20,257,recall,0.9904761904761905
20,257,f1,0.8721174004192872
20,258,PR_AUC,0.937226017882337
20,258,Brier,0.012132903685169788
20,258,precision,0.796875
20,258,recall,0.9714285714285714
20,258,f1,0.8755364806866953
20,259,PR_AUC,0.9562569749744942
20,259,Brier,0.010891152442020033
20,259,precision,0.8353413654618473
20,259,recall,0.9904761904761905
20,259,f1,0.906318082788671
20,260,PR_AUC,0.9712612656759225
20,260,Brier,0.012728293871612955
20,260,precision,0.8253968253968254
20,260,recall,0.9904761904761905
20,260,f1,0.9004329004329005
20,261,PR_AUC,0.9324053845887463
20,261,Brier,0.01257434304535535
20,261,precision,0.8353413654618473
20,261,recall,0.9904761904761905
20,261,f1,0.906318082788671
20,262,PR_AUC,0.9737877654819868
20,262,Brier,0.012763631477723796
20,262,precision,0.7720588235294118
20,262,recall,1.0
20,262,f1,0.8713692946058091
20,263,PR_AUC,0.9612054530253077
20,263,Brier,0.011089106955769045
20,263,precision,0.7749077490774908
20,263,recall,1.0
20,263,f1,0.8731808731808732
20,264,PR_AUC,0.9576720782204302
20,264,Brier,0.01151902421984303
20,264,precision,0.7703703703703704
20,264,recall,0.9904761904761905
20,264,f1,0.8666666666666667
20,265,PR_AUC,0.9757198741756024
20,265,Brier,0.012396483401382557
20,265,precision,0.7703703703703704
20,265,recall,0.9904761904761905
20,265,f1,0.8666666666666667
20,266,PR_AUC,0.959073524920924
20,266,Brier,0.011818784383453365
20,266,precision,0.7647058823529411
20,266,recall,0.9904761904761905
20,266,f1,0.8630705394190872
20,267,PR_AUC,0.938818174827783
20,267,Brier,0.011710374417732048
20,267,precision,0.7357142857142858
20,267,recall,0.9809523809523809
20,267,f1,0.8408163265306122
20,268,PR_AUC,0.9692711399340064
20,268,Brier,0.013511247227116921
20,268,precision,0.8015267175572519
20,268,recall,1.0
20,268,f1,0.8898305084745762
20,269,PR_AUC,0.9353830856189949
20,269,Brier,0.011267955295958008
20,269,precision,0.7749077490774908
20,269,recall,1.0
20,269,f1,0.8731808731808732
20,270,PR_AUC,0.9383340705247913
20,270,Brier,0.010785545443074642
20,270,precision,0.8188976377952756
20,270,recall,0.9904761904761905
20,270,f1,0.896551724137931
20,271,PR_AUC,0.9562454906503385
20,271,Brier,0.011746148400928176
20,271,precision,0.8306451612903226
20,271,recall,0.9809523809523809
20,271,f1,0.8995633187772926
20,272,PR_AUC,0.9364227826413876
20,272,Brier,0.014651444686069246
20,272,precision,0.8306451612903226
20,272,recall,0.9809523809523809
20,272,f1,0.8995633187772926
20,273,PR_AUC,0.9391315573565879
20,273,Brier,0.011629714470061512
20,273,precision,0.7591240875912408
20,273,recall,0.9904761904761905
20,273,f1,0.859504132231405
20,274,PR_AUC,0.9543779337425841
20,274,Brier,0.012562484948043191
20,274,precision,0.8408163265306122
20,274,recall,0.9809523809523809
20,274,f1,0.9054945054945055
20,275,PR_AUC,0.953944090116949
20,275,Brier,0.011914252993222503
20,275,precision,0.8300395256916996
20,275,recall,1.0
20,275,f1,0.9071274298056156
20,276,PR_AUC,0.9761759591852589
20,276,Brier,0.011570720022055324
20,276,precision,0.7482014388489209
20,276,recall,0.9904761904761905
20,276,f1,0.8524590163934426
20,277,PR_AUC,0.9165050719200823
20,277,Brier,0.012047902164710689
20,277,precision,0.7953667953667953
20,277,recall,0.9809523809523809
20,277,f1,0.8784648187633263
20,278,PR_AUC,0.972863136606889
20,278,Brier,0.012761523288615031
20,278,precision,0.8353413654618473
20,278,recall,0.9904761904761905
20,278,f1,0.906318082788671
20,279,PR_AUC,0.9558295446074269
20,279,Brier,0.012351731946361811
20,279,precision,0.7526881720430108
20,279,recall,1.0
20,279,f1,0.8588957055214724
20,280,PR_AUC,0.9648319552815002
20,280,Brier,0.013306234449836765
20,280,precision,0.7803030303030303
20,280,recall,0.9809523809523809
20,280,f1,0.869198312236287
20,281,PR_AUC,0.9733294205451529
20,281,Brier,0.012973107290637392
20,281,precision,0.8395061728395061
20,281,recall,0.9714285714285714
20,281,f1,0.9006622516556292
20,282,PR_AUC,0.9546510696961242
20,282,Brier,0.012009044060683736
20,282,precision,0.7591240875912408
20,282,recall,0.9904761904761905
20,282,f1,0.859504132231405
20,283,PR_AUC,0.9517606103962062
20,283,Brier,0.012943395759333598
20,283,precision,0.758364312267658
20,283,recall,0.9714285714285714
20,283,f1,0.8517745302713987
20,284,PR_AUC,0.9467134764667737
20,284,Brier,0.01300586180774322
20,284,precision,0.8142292490118577
20,284,recall,0.9809523809523809
20,284,f1,0.8898488120950324
20,285,PR_AUC,0.9119043036457446
20,285,Brier,0.01088795876785989
20,285,precision,0.7862595419847328
20,285,recall,0.9809523809523809
20,285,f1,0.8728813559322034
20,286,PR_AUC,0.9740051265077457
20,286,Brier,0.012439978179933496
20,286,precision,0.7591240875912408
20,286,recall,0.9904761904761905
20,286,f1,0.859504132231405
20,287,PR_AUC,0.9479180254188423
20,287,Brier,0.013213112465065926
20,287,precision,0.7761194029850746
20,287,recall,0.9904761904761905
20,287,f1,0.8702928870292888
20,288,PR_AUC,0.969489582078845
20,288,Brier,0.013282208306348247
20,288,precision,0.7894736842105263
20,288,recall,1.0
20,288,f1,0.8823529411764706
20,289,PR_AUC,0.9584975496605729
20,289,Brier,0.014113343697844513
20,289,precision,0.8174603174603174
20,289,recall,0.9809523809523809
20,289,f1,0.8917748917748918
20,290,PR_AUC,0.9790560714269743
20,290,Brier,0.011585724277614026
20,290,precision,0.8221343873517787
20,290,recall,0.9904761904761905
20,290,f1,0.8984881209503239
20,291,PR_AUC,0.981033906851473
20,291,Brier,0.011918774153297168
20,291,precision,0.7446808510638298
20,291,recall,1.0
20,291,f1,0.8536585365853658
20,292,PR_AUC,0.9426324437431367
20,292,Brier,0.010145338202292634
20,292,precision,0.8156862745098039
20,292,recall,0.9904761904761905
20,292,f1,0.8946236559139785
20,293,PR_AUC,0.9423532221859855
20,293,Brier,0.011104397961712878
20,293,precision,0.7657992565055762
20,293,recall,0.9809523809523809
20,293,f1,0.860125260960334
20,294,PR_AUC,0.9636354597175472
20,294,Brier,0.011316666822974957
20,294,precision,0.7402135231316725
20,294,recall,0.9904761904761905
20,294,f1,0.8472505091649695
20,295,PR_AUC,0.9672381169784153
20,295,Brier,0.009359873552129201
20,295,precision,0.8062015503875969
20,295,recall,0.9904761904761905
20,295,f1,0.8888888888888888
20,296,PR_AUC,0.9625179584326207
20,296,Brier,0.012185832959446035
20,296,precision,0.8333333333333334
20,296,recall,1.0
20,296,f1,0.9090909090909091
20,297,PR_AUC,0.9796371293160684
20,297,Brier,0.011896360199306224
20,297,precision,0.8207171314741036
20,297,recall,0.9809523809523809
20,297,f1,0.8937093275488069
20,298,PR_AUC,0.9697171382671894
20,298,Brier,0.01335933030478473
20,298,precision,0.8547717842323651
20,298,recall,0.9809523809523809
20,298,f1,0.9135254988913526
20,299,PR_AUC,0.9457212977712771
20,299,Brier,0.01336838577002233
20,299,precision,0.7924528301886793
20,299,recall,1.0
20,299,f1,0.8842105263157894
20,300,PR_AUC,0.9422413687538079
20,300,Brier,0.010427716652022473
20,300,precision,0.8273092369477911
20,300,recall,0.9809523809523809
20,300,f1,0.8976034858387799
20,301,PR_AUC,0.939125132168615
20,301,Brier,0.013730868597945067
20,301,precision,0.7953667953667953
20,301,recall,0.9809523809523809
20,301,f1,0.8784648187633263
20,302,PR_AUC,0.9545265689240332
20,302,Brier,0.012058759784828064
20,302,precision,0.7969348659003831
20,302,recall,0.9904761904761905
20,302,f1,0.8832271762208068
20,303,PR_AUC,0.9541383508048612
20,303,Brier,0.011649464442405407
20,303,precision,0.7703703703703704
20,303,recall,0.9904761904761905
20,303,f1,0.8666666666666667
20,304,PR_AUC,0.966273253966998
20,304,Brier,0.010927780966254378
20,304,precision,0.7894736842105263
20,304,recall,1.0
20,304,f1,0.8823529411764706
20,305,PR_AUC,0.9525574905258516
20,305,Brier,0.011749271452525387
20,305,precision,0.7692307692307693
20,305,recall,1.0
20,305,f1,0.8695652173913043
20,306,PR_AUC,0.9586531235164562
20,306,Brier,0.0116646559124119
20,306,precision,0.7581227436823105
20,306,recall,1.0
20,306,f1,0.8624229979466119
20,307,PR_AUC,0.9345348071440435
20,307,Brier,0.009888153799689832
20,307,precision,0.8015267175572519
20,307,recall,1.0
20,307,f1,0.8898305084745762
20,308,PR_AUC,0.9530167533200992
20,308,Brier,0.011925048588088651
20,308,precision,0.8253968253968254
20,308,recall,0.9904761904761905
20,308,f1,0.9004329004329005
20,309,PR_AUC,0.9161783166937525
20,309,Brier,0.011631849937142367
20,309,precision,0.803088803088803
20,309,recall,0.9904761904761905
20,309,f1,0.8869936034115139
20,310,PR_AUC,0.9496634518671032
20,310,Brier,0.01033979682813007
20,310,precision,0.813953488372093
20,310,recall,1.0
20,310,f1,0.8974358974358975
20,311,PR_AUC,0.9871329480276216
20,311,Brier,0.012448346365263789
20,311,precision,0.7954545454545454
20,311,recall,1.0
20,311,f1,0.8860759493670886
20,312,PR_AUC,0.9361467463116014
20,312,Brier,0.011691742374700996
20,312,precision,0.7591240875912408
20,312,recall,0.9904761904761905
20,312,f1,0.859504132231405
20,313,PR_AUC,0.9189450064477078
20,313,Brier,0.011703753633319668
20,313,precision,0.7664233576642335
20,313,recall,1.0
20,313,f1,0.8677685950413223
20,314,PR_AUC,0.9330343736437028
20,314,Brier,0.011490589073489207
20,314,precision,0.7790262172284644
20,314,recall,0.9904761904761905
20,314,f1,0.8721174004192872
20,315,PR_AUC,0.9782954558018299
20,315,Brier,0.012146822520476797
20,315,precision,0.8171206225680934
20,315,recall,1.0
20,315,f1,0.8993576017130621
20,316,PR_AUC,0.9505669205755416
20,316,Brier,0.012190735527403527
20,316,precision,0.803088803088803
20,316,recall,0.9904761904761905
20,316,f1,0.8869936034115139
20,317,PR_AUC,0.9815094531710318
20,317,Brier,0.012055827130502938
20,317,precision,0.8062015503875969
20,317,recall,0.9904761904761905
20,317,f1,0.8888888888888888
20,318,PR_AUC,0.9482184452640301
20,318,Brier,0.01235158838263817
20,318,precision,0.7954545454545454
20,318,recall,1.0
20,318,f1,0.8860759493670886
20,319,PR_AUC,0.948289691965948
20,319,Brier,0.013072273540377282
20,319,precision,0.7938931297709924
20,319,recall,0.9904761904761905
20,319,f1,0.8813559322033898
20,320,PR_AUC,0.9831783721964725
20,320,Brier,0.011974092906651556
20,320,precision,0.7563636363636363
20,320,recall,0.9904761904761905
20,320,f1,0.8577319587628865
20,321,PR_AUC,0.9455468980025421
20,321,Brier,0.010597902970856134
20,321,precision,0.7563636363636363
20,321,recall,0.9904761904761905
20,321,f1,0.8577319587628865
20,322,PR_AUC,0.9549196769322517
20,322,Brier,0.01235375715029836
20,322,precision,0.8110236220472441
20,322,recall,0.9809523809523809
20,322,f1,0.8879310344827587
20,323,PR_AUC,0.9637180455882081
20,323,Brier,0.01463887604100247
20,323,precision,0.7692307692307693
20,323,recall,1.0
20,323,f1,0.8695652173913043
20,324,PR_AUC,0.9813520717332072
20,324,Brier,0.01189990248016587
20,324,precision,0.8333333333333334
20,324,recall,1.0
20,324,f1,0.9090909090909091
20,325,PR_AUC,0.9622014896701793
20,325,Brier,0.010504855758846963
20,325,precision,0.7608695652173914
20,325,recall,1.0
20,325,f1,0.8641975308641975
20,326,PR_AUC,0.9232785345890374
20,326,Brier,0.01168587312651357
20,326,precision,0.816
20,326,recall,0.9714285714285714
20,326,f1,0.8869565217391304
20,327,PR_AUC,0.9791384763174481
20,327,Brier,0.011190509712642882
20,327,precision,0.7924528301886793
20,327,recall,1.0
20,327,f1,0.8842105263157894
20,328,PR_AUC,0.9565097606544088
20,328,Brier,0.012058077836725217
20,328,precision,0.7581227436823105
20,328,recall,1.0
20,328,f1,0.8624229979466119
20,329,PR_AUC,0.9843356766516754
20,329,Brier,0.012794345655173298
20,329,precision,0.8512396694214877
20,329,recall,0.9809523809523809
20,329,f1,0.911504424778761
20,330,PR_AUC,0.9767644524103921
20,330,Brier,0.012074767940669083
20,330,precision,0.7865168539325843
20,330,recall,1.0
20,330,f1,0.8805031446540881
20,331,PR_AUC,0.9402726566268137
20,331,Brier,0.013982233344014557
20,331,precision,0.8451882845188284
20,331,recall,0.9619047619047619
20,331,f1,0.8997772828507795
20,332,PR_AUC,0.9549749519526689
20,332,Brier,0.01229915253543097
20,332,precision,0.7894736842105263
20,332,recall,1.0
20,332,f1,0.8823529411764706
20,333,PR_AUC,0.9676982353911306
20,333,Brier,0.009354749352076506
20,333,precision,0.803088803088803
20,333,recall,0.9904761904761905
20,333,f1,0.8869936034115139
20,334,PR_AUC,0.9267008710094903
20,334,Brier,0.010752488271704566
20,334,precision,0.7744360902255639
20,334,recall,0.9809523809523809
20,334,f1,0.865546218487395
20,335,PR_AUC,0.9360470462390101
20,335,Brier,0.011650197178214867
20,335,precision,0.8093385214007782
20,335,recall,0.9904761904761905
20,335,f1,0.8907922912205567
20,336,PR_AUC,0.9514939380321799
20,336,Brier,0.013371437382299548
20,336,precision,0.8535564853556485
20,336,recall,0.9714285714285714
20,336,f1,0.9086859688195991
20,337,PR_AUC,0.9575050231542882
20,337,Brier,0.01447900110683513
20,337,precision,0.8110236220472441
20,337,recall,0.9809523809523809
20,337,f1,0.8879310344827587
20,338,PR_AUC,0.9489533276233897
20,338,Brier,0.012745203825985353
20,338,precision,0.7317073170731707
20,338,recall,1.0
20,338,f1,0.8450704225352113
20,339,PR_AUC,0.9439523915293221
20,339,Brier,0.012993496776639385
20,339,precision,0.8188976377952756
20,339,recall,0.9904761904761905
20,339,f1,0.896551724137931
20,340,PR_AUC,0.9220398652924255
20,340,Brier,0.011038997321976957
20,340,precision,0.7692307692307693
20,340,recall,1.0
20,340,f1,0.8695652173913043
20,341,PR_AUC,0.9636521816274389
20,341,Brier,0.01395626517596952
20,341,precision,0.8015564202334631
20,341,recall,0.9809523809523809
20,341,f1,0.8822269807280514
20,342,PR_AUC,0.9865545221361508
20,342,Brier,0.010066703344330873
20,342,precision,0.7984790874524715
20,342,recall,1.0
20,342,f1,0.8879492600422833
20,343,PR_AUC,0.9141938790822955
20,343,Brier,0.012063313715987038
20,343,precision,0.8110236220472441
20,343,recall,0.9809523809523809
20,343,f1,0.8879310344827587
20,344,PR_AUC,0.9620590433189442
20,344,Brier,0.010134838860692014
20,344,precision,0.8156862745098039
20,344,recall,0.9904761904761905
20,344,f1,0.8946236559139785
20,345,PR_AUC,0.9687525791622261
20,345,Brier,0.013010480867483494
20,345,precision,0.7490909090909091
20,345,recall,0.9809523809523809
20,345,f1,0.8494845360824742
20,346,PR_AUC,0.9811547738049572
20,346,Brier,0.011896033877183333
20,346,precision,0.7849056603773585
20,346,recall,0.9904761904761905
20,346,f1,0.8757894736842106
20,347,PR_AUC,0.95083187979909
20,347,Brier,0.012099585041099715
20,347,precision,0.8046875
20,347,recall,0.9809523809523809
20,347,f1,0.8841201716738197
20,348,PR_AUC,0.9611692051498457
20,348,Brier,0.011097269280632642
20,348,precision,0.7715355805243446
20,348,recall,0.9809523809523809
20,348,f1,0.8637316561844863
20,349,PR_AUC,0.963637532282711
20,349,Brier,0.013766721113002901
20,349,precision,0.8110236220472441
20,349,recall,0.9809523809523809
20,349,f1,0.8879310344827587
20,350,PR_AUC,0.95524018798082
20,350,Brier,0.011579604766070586
20,350,precision,0.7969348659003831
20,350,recall,0.9904761904761905
20,350,f1,0.8832271762208068
20,351,PR_AUC,0.9261053829109396
20,351,Brier,0.013886322749069145
20,351,precision,0.8203125
20,351,recall,1.0
20,351,f1,0.9012875536480687
20,352,PR_AUC,0.9688906509559562
20,352,Brier,0.013123413766357474
20,352,precision,0.8093385214007782
20,352,recall,0.9904761904761905
20,352,f1,0.8907922912205567
20,353,PR_AUC,0.9549505546792895
20,353,Brier,0.01199143316359777
20,353,precision,0.8046875
20,353,recall,0.9809523809523809
20,353,f1,0.8841201716738197
20,354,PR_AUC,0.9450595170783452
20,354,Brier,0.01339977030088149
20,354,precision,0.8235294117647058
20,354,recall,1.0
20,354,f1,0.9032258064516129
20,355,PR_AUC,0.988870201519214
20,355,Brier,0.010393692084172537
20,355,precision,0.7894736842105263
20,355,recall,1.0
20,355,f1,0.8823529411764706
20,356,PR_AUC,0.9310765165844048
20,356,Brier,0.012392763486087921
20,356,precision,0.7761194029850746
20,356,recall,0.9904761904761905
20,356,f1,0.8702928870292888
20,357,PR_AUC,0.946655601634491
20,357,Brier,0.01053425234487128
20,357,precision,0.7317073170731707
20,357,recall,1.0
20,357,f1,0.8450704225352113
20,358,PR_AUC,0.9681813339465801
20,358,Brier,0.013479815681775151
20,358,precision,0.807843137254902
20,358,recall,0.9809523809523809
20,358,f1,0.886021505376344
20,359,PR_AUC,0.9622746591261768
20,359,Brier,0.011575836122130461
20,359,precision,0.8156862745098039
20,359,recall,0.9904761904761905
20,359,f1,0.8946236559139785
20,360,PR_AUC,0.9651244538065455
20,360,Brier,0.01027496712716703
20,360,precision,0.8267716535433071
20,360,recall,1.0
20,360,f1,0.9051724137931034
20,361,PR_AUC,0.9858112501330112
20,361,Brier,0.010269868730133245
20,361,precision,0.8455284552845529
20,361,recall,0.9904761904761905
20,361,f1,0.9122807017543859
20,362,PR_AUC,0.9515394861401713
20,362,Brier,0.012100096601812977
20,362,precision,0.807843137254902
20,362,recall,0.9809523809523809
20,362,f1,0.886021505376344
20,363,PR_AUC,0.9494808148804842
20,363,Brier,0.010805595042042001
20,363,precision,0.7720588235294118
20,363,recall,1.0
20,363,f1,0.8713692946058091
20,364,PR_AUC,0.9501215605734589
20,364,Brier,0.009664049252247293
20,364,precision,0.7777777777777778
20,364,recall,1.0
20,364,f1,0.875
20,365,PR_AUC,0.9557781806457513
20,365,Brier,0.012082056961628805
20,365,precision,0.7862595419847328
20,365,recall,0.9809523809523809
20,365,f1,0.8728813559322034
20,366,PR_AUC,0.9888898555842216
20,366,Brier,0.01151574887857457
20,366,precision,0.7191780821917808
20,366,recall,1.0
20,366,f1,0.8366533864541833
20,367,PR_AUC,0.9438050224311612
20,367,Brier,0.010837167634928237
20,367,precision,0.7878787878787878
20,367,recall,0.9904761904761905
20,367,f1,0.8776371308016878
20,368,PR_AUC,0.9205177927742869
20,368,Brier,0.01349886474379236
20,368,precision,0.7952755905511811
20,368,recall,0.9619047619047619
20,368,f1,0.8706896551724138
20,369,PR_AUC,0.9469120581550882
20,369,Brier,0.013151682761288806
20,369,precision,0.7984790874524715
20,369,recall,1.0
20,369,f1,0.8879492600422833
20,370,PR_AUC,0.9371535385889533
20,370,Brier,0.011841337056605034
20,370,precision,0.8174603174603174
20,370,recall,0.9809523809523809
20,370,f1,0.8917748917748918
20,371,PR_AUC,0.9250659001704161
20,371,Brier,0.012848843819709426
20,371,precision,0.7455197132616488
20,371,recall,0.9904761904761905
20,371,f1,0.8507157464212679
20,372,PR_AUC,0.978453454081732
20,372,Brier,0.011457720419704054
20,372,precision,0.8619246861924686
20,372,recall,0.9809523809523809
20,372,f1,0.9175946547884187
20,373,PR_AUC,0.9352322403246277
20,373,Brier,0.011436320610600985
20,373,precision,0.8174603174603174
20,373,recall,0.9809523809523809
20,373,f1,0.8917748917748918
20,374,PR_AUC,0.9734221888747994
20,374,Brier,0.012450508587096771
20,374,precision,0.7819548872180451
20,374,recall,0.9904761904761905
20,374,f1,0.8739495798319328
20,375,PR_AUC,0.9660494815014709
20,375,Brier,0.013455698358129849
20,375,precision,0.8607594936708861
20,375,recall,0.9714285714285714
20,375,f1,0.912751677852349
20,376,PR_AUC,0.9690611325471941
20,376,Brier,0.009987073922264122
20,376,precision,0.8203125
20,376,recall,1.0
20,376,f1,0.9012875536480687
20,377,PR_AUC,0.9889174445164596
20,377,Brier,0.011387882467426665
20,377,precision,0.7924528301886793
20,377,recall,1.0
20,377,f1,0.8842105263157894
20,378,PR_AUC,0.9744263902455478
20,378,Brier,0.012099922463513664
20,378,precision,0.8156862745098039
20,378,recall,0.9904761904761905
20,378,f1,0.8946236559139785
20,379,PR_AUC,0.9425773259464022
20,379,Brier,0.011453299416461426
20,379,precision,0.7473309608540926
20,379,recall,1.0
20,379,f1,0.8553971486761711
20,380,PR_AUC,0.9464361210971539
20,380,Brier,0.01306053375756557
20,380,precision,0.7923076923076923
20,380,recall,0.9809523809523809
20,380,f1,0.8765957446808511
20,381,PR_AUC,0.9826646456852527
20,381,Brier,0.012045266538755765
20,381,precision,0.7806691449814126
20,381,recall,1.0
20,381,f1,0.8768267223382046
20,382,PR_AUC,0.930320353453658
20,382,Brier,0.009499271837791071
20,382,precision,0.7749077490774908
20,382,recall,1.0
20,382,f1,0.8731808731808732
20,383,PR_AUC,0.9239979265707522
20,383,Brier,0.01321203590314392
20,383,precision,0.7923076923076923
20,383,recall,0.9809523809523809
20,383,f1,0.8765957446808511
20,384,PR_AUC,0.9779940602803798
20,384,Brier,0.01119826176694035
20,384,precision,0.8300395256916996
20,384,recall,1.0
20,384,f1,0.9071274298056156
20,385,PR_AUC,0.9724167170352401
20,385,Brier,0.012855687690335245
20,385,precision,0.7545787545787546
20,385,recall,0.9809523809523809
20,385,f1,0.8530020703933747
20,386,PR_AUC,0.9437415216716326
20,386,Brier,0.01086665357528547
20,386,precision,0.832
20,386,recall,0.9904761904761905
20,386,f1,0.9043478260869565
20,387,PR_AUC,0.9786973646292657
20,387,Brier,0.012172000747915388
20,387,precision,0.8512396694214877
20,387,recall,0.9809523809523809
20,387,f1,0.911504424778761
20,388,PR_AUC,0.9722979969128194
20,388,Brier,0.01253832265299842
20,388,precision,0.7984790874524715
20,388,recall,1.0
20,388,f1,0.8879492600422833
20,389,PR_AUC,0.9426718447791821
20,389,Brier,0.014197779977782047
20,389,precision,0.8188976377952756
20,389,recall,0.9904761904761905
20,389,f1,0.896551724137931
20,390,PR_AUC,0.965278525941681
20,390,Brier,0.013968798636575613
20,390,precision,0.8373983739837398
20,390,recall,0.9809523809523809
20,390,f1,0.9035087719298246
20,391,PR_AUC,0.940263762402905
20,391,Brier,0.011326309697920216
20,391,precision,0.7819548872180451
20,391,recall,0.9904761904761905
20,391,f1,0.8739495798319328
20,392,PR_AUC,0.9726991091262802
20,392,Brier,0.01236490485299661
20,392,precision,0.8512396694214877
20,392,recall,0.9809523809523809
20,392,f1,0.911504424778761
20,393,PR_AUC,0.9743217241830896
20,393,Brier,0.012411779684687835
20,393,precision,0.8286852589641435
20,393,recall,0.9904761904761905
20,393,f1,0.9023861171366594
20,394,PR_AUC,0.9476686712375849
20,394,Brier,0.01326698434357064
20,394,precision,0.8306451612903226
20,394,recall,0.9809523809523809
20,394,f1,0.8995633187772926
20,395,PR_AUC,0.9790988815042077
20,395,Brier,0.012161026477618578
20,395,precision,0.7862595419847328
20,395,recall,0.9809523809523809
20,395,f1,0.8728813559322034
20,396,PR_AUC,0.9463012072983734
20,396,Brier,0.010240423777660978
20,396,precision,0.7938931297709924
20,396,recall,0.9904761904761905
20,396,f1,0.8813559322033898
20,397,PR_AUC,0.9768244048989384
20,397,Brier,0.012239182968409238
20,397,precision,0.8536585365853658
20,397,recall,1.0
20,397,f1,0.9210526315789473
20,398,PR_AUC,0.9820535833649962
20,398,Brier,0.011858980068787182
20,398,precision,0.7394366197183099
20,398,recall,1.0
20,398,f1,0.8502024291497976
20,399,PR_AUC,0.9483868288959574
20,399,Brier,0.011825712771216352
20,399,precision,0.8408163265306122
20,399,recall,0.9809523809523809
20,399,f1,0.9054945054945055
20,400,PR_AUC,0.9557312419677844
20,400,Brier,0.01209977234703297
20,400,precision,0.7732342007434945
20,400,recall,0.9904761904761905
20,400,f1,0.8684759916492694
20,401,PR_AUC,0.947877916030277
20,401,Brier,0.013122874385984255
20,401,precision,0.8387096774193549
20,401,recall,0.9904761904761905
20,401,f1,0.9082969432314411
20,402,PR_AUC,0.9658425169194772
20,402,Brier,0.013190840974216737
20,402,precision,0.8093385214007782
20,402,recall,0.9904761904761905
20,402,f1,0.8907922912205567
20,403,PR_AUC,0.9210260807892189
20,403,Brier,0.010962884750380772
20,403,precision,0.8015267175572519
20,403,recall,1.0
20,403,f1,0.8898305084745762
20,404,PR_AUC,0.9682280280427219
20,404,Brier,0.010737723282781459
20,404,precision,0.7749077490774908
20,404,recall,1.0
20,404,f1,0.8731808731808732
20,405,PR_AUC,0.9393100148869379
20,405,Brier,0.010866886317325514
20,405,precision,0.7803030303030303
20,405,recall,0.9809523809523809
20,405,f1,0.869198312236287
20,406,PR_AUC,0.96363589041107
20,406,Brier,0.009790698053780916
20,406,precision,0.8387096774193549
20,406,recall,0.9904761904761905
20,406,f1,0.9082969432314411
20,407,PR_AUC,0.9475143884065399
20,407,Brier,0.01220051556330554
20,407,precision,0.8221343873517787
20,407,recall,0.9904761904761905
20,407,f1,0.8984881209503239
20,408,PR_AUC,0.9506527870377489
20,408,Brier,0.011866272437780507
20,408,precision,0.8273092369477911
20,408,recall,0.9809523809523809
20,408,f1,0.8976034858387799
20,409,PR_AUC,0.930059806336555
20,409,Brier,0.01254167527973844
20,409,precision,0.7894736842105263
20,409,recall,1.0
20,409,f1,0.8823529411764706
20,410,PR_AUC,0.9846633332207111
20,410,Brier,0.01110679933038286
20,410,precision,0.8421052631578947
20,410,recall,0.9904761904761905
20,410,f1,0.9102844638949672
20,411,PR_AUC,0.9673559374002344
20,411,Brier,0.012526654166169821
20,411,precision,0.7790262172284644
20,411,recall,0.9904761904761905
20,411,f1,0.8721174004192872
20,412,PR_AUC,0.9772218067035553
20,412,Brier,0.012633459297858201
20,412,precision,0.8108108108108109
20,412,recall,1.0
20,412,f1,0.8955223880597015
20,413,PR_AUC,0.9531113482669684
20,413,Brier,0.008874648613268026
20,413,precision,0.7984790874524715
20,413,recall,1.0
20,413,f1,0.8879492600422833
20,414,PR_AUC,0.9720107832757493
20,414,Brier,0.008493048477712949
20,414,precision,0.8366533864541833
20,414,recall,1.0
20,414,f1,0.911062906724512
20,415,PR_AUC,0.945367922409545
20,415,Brier,0.012902661008375
20,415,precision,0.7756653992395437
20,415,recall,0.9714285714285714
20,415,f1,0.8625792811839323
20,416,PR_AUC,0.9534549932051307
20,416,Brier,0.014773580558896795
20,416,precision,0.8429752066115702
20,416,recall,0.9714285714285714
20,416,f1,0.9026548672566371
20,417,PR_AUC,0.950378224674167
20,417,Brier,0.013768063481216173
20,417,precision,0.8142292490118577
20,417,recall,0.9809523809523809
20,417,f1,0.8898488120950324
20,418,PR_AUC,0.9619357085745759
20,418,Brier,0.014061276042870004
20,418,precision,0.7773584905660378
20,418,recall,0.9809523809523809
20,418,f1,0.8673684210526316
20,419,PR_AUC,0.970536745859103
20,419,Brier,0.013519498755310359
20,419,precision,0.7924528301886793
20,419,recall,1.0
20,419,f1,0.8842105263157894
20,420,PR_AUC,0.9775957806986518
20,420,Brier,0.012546107253908362
20,420,precision,0.8142292490118577
20,420,recall,0.9809523809523809
20,420,f1,0.8898488120950324
20,421,PR_AUC,0.9662611674895754
20,421,Brier,0.01023832308844079
20,421,precision,0.7938931297709924
20,421,recall,0.9904761904761905
20,421,f1,0.8813559322033898
20,422,PR_AUC,0.9370982995231216
20,422,Brier,0.011069235067660397
20,422,precision,0.8125
20,422,recall,0.9904761904761905
20,422,f1,0.8927038626609443
20,423,PR_AUC,0.947422576406858
20,423,Brier,0.010448606161160145
20,423,precision,0.7720588235294118
20,423,recall,1.0
20,423,f1,0.8713692946058091
20,424,PR_AUC,0.9825182397899103
20,424,Brier,0.012140907353769702
20,424,precision,0.8
20,424,recall,0.9904761904761905
20,424,f1,0.8851063829787233
20,425,PR_AUC,0.967330397948678
20,425,Brier,0.013062637032883684
20,425,precision,0.8455284552845529
20,425,recall,0.9904761904761905
20,425,f1,0.9122807017543859
20,426,PR_AUC,0.9461414313608586
20,426,Brier,0.009694055909170713
20,426,precision,0.7984790874524715
20,426,recall,1.0
20,426,f1,0.8879492600422833
20,427,PR_AUC,0.9619042102714195
20,427,Brier,0.01044247359894352
20,427,precision,0.7581227436823105
20,427,recall,1.0
20,427,f1,0.8624229979466119
20,428,PR_AUC,0.9095690075710373
20,428,Brier,0.013180348574626093
20,428,precision,0.7703703703703704
20,428,recall,0.9904761904761905
20,428,f1,0.8666666666666667
20,429,PR_AUC,0.9808353133912392
20,429,Brier,0.012218294257354326
20,429,precision,0.7094594594594594
20,429,recall,1.0
20,429,f1,0.8300395256916996
20,430,PR_AUC,0.9541381535456825
20,430,Brier,0.012674156587813418
20,430,precision,0.8015267175572519
20,430,recall,1.0
20,430,f1,0.8898305084745762
20,431,PR_AUC,0.9418160274334361
20,431,Brier,0.013845282088479436
20,431,precision,0.7835820895522388
20,431,recall,1.0
20,431,f1,0.8786610878661087
20,432,PR_AUC,0.9460085854386842
20,432,Brier,0.011016143326113595
20,432,precision,0.803088803088803
20,432,recall,0.9904761904761905
20,432,f1,0.8869936034115139
20,433,PR_AUC,0.9790112154949628
20,433,Brier,0.0122359547165731
20,433,precision,0.8125
20,433,recall,0.9904761904761905
20,433,f1,0.8927038626609443
20,434,PR_AUC,0.92678360076356
20,434,Brier,0.010700581777418047
20,434,precision,0.7924528301886793
20,434,recall,1.0
20,434,f1,0.8842105263157894
20,435,PR_AUC,0.931400022772107
20,435,Brier,0.012364582748352303
20,435,precision,0.7938931297709924
20,435,recall,0.9904761904761905
20,435,f1,0.8813559322033898
20,436,PR_AUC,0.9630445299413495
20,436,Brier,0.013463779500883809
20,436,precision,0.85
20,436,recall,0.9714285714285714
20,436,f1,0.9066666666666666
20,437,PR_AUC,0.9701487378261866
20,437,Brier,0.013328331398912418
20,437,precision,0.813953488372093
20,437,recall,1.0
20,437,f1,0.8974358974358975
20,438,PR_AUC,0.9733369971257623
20,438,Brier,0.012549814605482502
20,438,precision,0.7720588235294118
20,438,recall,1.0
20,438,f1,0.8713692946058091
20,439,PR_AUC,0.9479972292908516
20,439,Brier,0.012771564573356653
20,439,precision,0.7608695652173914
20,439,recall,1.0
20,439,f1,0.8641975308641975
20,440,PR_AUC,0.9897720574397626
20,440,Brier,0.010349924136278098
20,440,precision,0.7368421052631579
20,440,recall,1.0
20,440,f1,0.8484848484848485
20,441,PR_AUC,0.9443902308029638
20,441,Brier,0.010809126780815836
20,441,precision,0.7790262172284644
20,441,recall,0.9904761904761905
20,441,f1,0.8721174004192872
20,442,PR_AUC,0.948119626955258
20,442,Brier,0.009729365982150066
20,442,precision,0.7878787878787878
20,442,recall,0.9904761904761905
20,442,f1,0.8776371308016878
20,443,PR_AUC,0.9767415859839478
20,443,Brier,0.012591023591019183
20,443,precision,0.8536585365853658
20,443,recall,1.0
20,443,f1,0.9210526315789473
20,444,PR_AUC,0.944407457730161
20,444,Brier,0.01120822111190121
20,444,precision,0.7197231833910035
20,444,recall,0.9904761904761905
20,444,f1,0.8336673346693386
20,445,PR_AUC,0.9929584761246852
20,445,Brier,0.010342426033258996
20,445,precision,0.6976744186046512
20,445,recall,1.0
20,445,f1,0.821917808219178
20,446,PR_AUC,0.952939610684493
20,446,Brier,0.01205879691911802
20,446,precision,0.7553956834532374
20,446,recall,1.0
20,446,f1,0.860655737704918
20,447,PR_AUC,0.9518825326136319
20,447,Brier,0.011981584023266325
20,447,precision,0.7636363636363637
20,447,recall,1.0
20,447,f1,0.865979381443299
20,448,PR_AUC,0.9665168907420941
20,448,Brier,0.009883113383020888
20,448,precision,0.8125
20,448,recall,0.9904761904761905
20,448,f1,0.8927038626609443
20,449,PR_AUC,0.9715457989021853
20,449,Brier,0.01254777797543969
20,449,precision,0.8207171314741036
20,449,recall,0.9809523809523809
20,449,f1,0.8937093275488069
20,450,PR_AUC,0.9486146785884917
20,450,Brier,0.01269173447570887
20,450,precision,0.8015564202334631
20,450,recall,0.9809523809523809
20,450,f1,0.8822269807280514
20,451,PR_AUC,0.9776479479575633
20,451,Brier,0.011963572424700423
20,451,precision,0.8174603174603174
20,451,recall,0.9809523809523809
20,451,f1,0.8917748917748918
20,452,PR_AUC,0.9485819802929023
20,452,Brier,0.012265584328712045
20,452,precision,0.7878787878787878
20,452,recall,0.9904761904761905
20,452,f1,0.8776371308016878
20,453,PR_AUC,0.9315603296765834
20,453,Brier,0.01545370890632056
20,453,precision,0.7878787878787878
20,453,recall,0.9904761904761905
20,453,f1,0.8776371308016878
20,454,PR_AUC,0.9681032151170736
20,454,Brier,0.013096071087690718
20,454,precision,0.7732342007434945
20,454,recall,0.9904761904761905
20,454,f1,0.8684759916492694
20,455,PR_AUC,0.9339688411635902
20,455,Brier,0.011726546437946855
20,455,precision,0.8015564202334631
20,455,recall,0.9809523809523809
20,455,f1,0.8822269807280514
20,456,PR_AUC,0.9832389715104246
20,456,Brier,0.01074611588942947
20,456,precision,0.8366533864541833
20,456,recall,1.0
20,456,f1,0.911062906724512
20,457,PR_AUC,0.9926682946345358
20,457,Brier,0.010143246492826745
20,457,precision,0.7317073170731707
20,457,recall,1.0
20,457,f1,0.8450704225352113
20,458,PR_AUC,0.9566318820860215
20,458,Brier,0.011791294502398292
20,458,precision,0.8559670781893004
20,458,recall,0.9904761904761905
20,458,f1,0.9183222958057395
20,459,PR_AUC,0.943046594236756
20,459,Brier,0.011155797069511114
20,459,precision,0.7819548872180451
20,459,recall,0.9904761904761905
20,459,f1,0.8739495798319328
20,460,PR_AUC,0.9525059718210984
20,460,Brier,0.011539799074723541
20,460,precision,0.8273092369477911
20,460,recall,0.9809523809523809
20,460,f1,0.8976034858387799
20,461,PR_AUC,0.976244283411276
20,461,Brier,0.01309312688405982
20,461,precision,0.769811320754717
20,461,recall,0.9714285714285714
20,461,f1,0.8589473684210527
20,462,PR_AUC,0.9539753200450549
20,462,Brier,0.00893791874447969
20,462,precision,0.7865168539325843
20,462,recall,1.0
20,462,f1,0.8805031446540881
20,463,PR_AUC,0.9336119452219194
20,463,Brier,0.015115453622001094
20,463,precision,0.7619047619047619
20,463,recall,0.9904761904761905
20,463,f1,0.8612836438923396
20,464,PR_AUC,0.9665764151353039
20,464,Brier,0.011884470713024781
20,464,precision,0.7664233576642335
20,464,recall,1.0
20,464,f1,0.8677685950413223
20,465,PR_AUC,0.944861784586084
20,465,Brier,0.012776273475472144
20,465,precision,0.7924528301886793
20,465,recall,1.0
20,465,f1,0.8842105263157894
20,466,PR_AUC,0.9880370893875177
20,466,Brier,0.011106798373825348
20,466,precision,0.8108108108108109
20,466,recall,1.0
20,466,f1,0.8955223880597015
20,467,PR_AUC,0.9850394359659502
20,467,Brier,0.011391562328956405
20,467,precision,0.7761194029850746
20,467,recall,0.9904761904761905
20,467,f1,0.8702928870292888
20,468,PR_AUC,0.9753771994684072
20,468,Brier,0.012700173982717071
20,468,precision,0.7591240875912408
20,468,recall,0.9904761904761905
20,468,f1,0.859504132231405
20,469,PR_AUC,0.9765437912170621
20,469,Brier,0.01229449082706724
20,469,precision,0.7536231884057971
20,469,recall,0.9904761904761905
20,469,f1,0.8559670781893004
20,470,PR_AUC,0.9637178718096673
20,470,Brier,0.01178253306715748
20,470,precision,0.7563636363636363
20,470,recall,0.9904761904761905
20,470,f1,0.8577319587628865
20,471,PR_AUC,0.9617297460798451
20,471,Brier,0.011060964317188405
20,471,precision,0.8387096774193549
20,471,recall,0.9904761904761905
20,471,f1,0.9082969432314411
20,472,PR_AUC,0.9755681591062595
20,472,Brier,0.011687024890585295
20,472,precision,0.8421052631578947
20,472,recall,0.9904761904761905
20,472,f1,0.9102844638949672
20,473,PR_AUC,0.9344871011878011
20,473,Brier,0.011890498026061408
20,473,precision,0.8
20,473,recall,0.9904761904761905
20,473,f1,0.8851063829787233
20,474,PR_AUC,0.9391235645962188
20,474,Brier,0.011293360695071582
20,474,precision,0.7832699619771863
20,474,recall,0.9809523809523809
20,474,f1,0.8710359408033826
20,475,PR_AUC,0.9561183923788182
20,475,Brier,0.011660577731819574
20,475,precision,0.7894736842105263
20,475,recall,1.0
20,475,f1,0.8823529411764706
20,476,PR_AUC,0.9641874676537124
20,476,Brier,0.010586001715280721
20,476,precision,0.7732342007434945
20,476,recall,0.9904761904761905
20,476,f1,0.8684759916492694
20,477,PR_AUC,0.9233755562980216
20,477,Brier,0.01102960029038612
20,477,precision,0.7536231884057971
20,477,recall,0.9904761904761905
20,477,f1,0.8559670781893004
20,478,PR_AUC,0.96007370691417
20,478,Brier,0.010847373799982907
20,478,precision,0.7938931297709924
20,478,recall,0.9904761904761905
20,478,f1,0.8813559322033898
20,479,PR_AUC,0.9541383508048612
20,479,Brier,0.01164946444240541
20,479,precision,0.7703703703703704
20,479,recall,0.9904761904761905
20,479,f1,0.8666666666666667
20,480,PR_AUC,0.9505143074235305
20,480,Brier,0.011888930087788253
20,480,precision,0.832
20,480,recall,0.9904761904761905
20,480,f1,0.9043478260869565
20,481,PR_AUC,0.9703419410718778
20,481,Brier,0.012274275149529713
20,481,precision,0.8076923076923077
20,481,recall,1.0
20,481,f1,0.8936170212765957
20,482,PR_AUC,0.9288940779811874
20,482,Brier,0.012929340892356988
20,482,precision,0.7446808510638298
20,482,recall,1.0
20,482,f1,0.8536585365853658
20,483,PR_AUC,0.9604296964773246
20,483,Brier,0.010784495595471845
20,483,precision,0.832
20,483,recall,0.9904761904761905
20,483,f1,0.9043478260869565
20,484,PR_AUC,0.9701703965533968
20,484,Brier,0.013017034884538354
20,484,precision,0.8455284552845529
20,484,recall,0.9904761904761905
20,484,f1,0.9122807017543859
20,485,PR_AUC,0.9914658289102448
20,485,Brier,0.011465753624597735
20,485,precision,0.7636363636363637
20,485,recall,1.0
20,485,f1,0.865979381443299
20,486,PR_AUC,0.9584425935033499
20,486,Brier,0.011320623214680777
20,486,precision,0.7865168539325843
20,486,recall,1.0
20,486,f1,0.8805031446540881
20,487,PR_AUC,0.9725267524366626
20,487,Brier,0.012975033010131075
20,487,precision,0.7819548872180451
20,487,recall,0.9904761904761905
20,487,f1,0.8739495798319328
20,488,PR_AUC,0.9769507218149542
20,488,Brier,0.011984446711689248
20,488,precision,0.7732342007434945
20,488,recall,0.9904761904761905
20,488,f1,0.8684759916492694
20,489,PR_AUC,0.9275124332210903
20,489,Brier,0.010966992425958859
20,489,precision,0.7865168539325843
20,489,recall,1.0
20,489,f1,0.8805031446540881
20,490,PR_AUC,0.959429191535091
20,490,Brier,0.011142724252378076
20,490,precision,0.7969348659003831
20,490,recall,0.9904761904761905
20,490,f1,0.8832271762208068
20,491,PR_AUC,0.9855454262968888
20,491,Brier,0.011146982513012762
20,491,precision,0.7894736842105263
20,491,recall,1.0
20,491,f1,0.8823529411764706
20,492,PR_AUC,0.9384177732208219
20,492,Brier,0.01403841162972496
20,492,precision,0.7819548872180451
20,492,recall,0.9904761904761905
20,492,f1,0.8739495798319328
20,493,PR_AUC,0.9730907245237737
20,493,Brier,0.012217587902056983
20,493,precision,0.8583333333333333
20,493,recall,0.9809523809523809
20,493,f1,0.9155555555555556
20,494,PR_AUC,0.9553870228958309
20,494,Brier,0.011746405294103835
20,494,precision,0.8015564202334631
20,494,recall,0.9809523809523809
20,494,f1,0.8822269807280514
20,495,PR_AUC,0.9739336286822493
20,495,Brier,0.012503038939601125
20,495,precision,0.8523206751054853
20,495,recall,0.9619047619047619
20,495,f1,0.9038031319910514
20,496,PR_AUC,0.9406900017738222
20,496,Brier,0.010709598978892476
20,496,precision,0.8235294117647058
20,496,recall,1.0
20,496,f1,0.9032258064516129
20,497,PR_AUC,0.9538136187209609
20,497,Brier,0.012319054300655862
20,497,precision,0.8387096774193549
20,497,recall,0.9904761904761905
20,497,f1,0.9082969432314411
20,498,PR_AUC,0.9724709483713161
20,498,Brier,0.012363611432609433
20,498,precision,0.8062015503875969
20,498,recall,0.9904761904761905
20,498,f1,0.8888888888888888
20,499,PR_AUC,0.953201793467184
20,499,Brier,0.009426975026847317
20,499,precision,0.7291666666666666
20,499,recall,1.0
20,499,f1,0.8433734939759037
20,500,PR_AUC,0.9436277429086753
20,500,Brier,0.010652305142159561
20,500,precision,0.7894736842105263
20,500,recall,1.0
20,500,f1,0.8823529411764706
20,501,PR_AUC,0.9383504544812389
20,501,Brier,0.011486224997626263
20,501,precision,0.7938931297709924
20,501,recall,0.9904761904761905
20,501,f1,0.8813559322033898
20,502,PR_AUC,0.9472804886712372
20,502,Brier,0.013337726169397582
20,502,precision,0.8235294117647058
20,502,recall,1.0
20,502,f1,0.9032258064516129
20,503,PR_AUC,0.97027157735228
20,503,Brier,0.013866192565473993
20,503,precision,0.8062015503875969
20,503,recall,0.9904761904761905
20,503,f1,0.8888888888888888
20,504,PR_AUC,0.9438826573629556
20,504,Brier,0.01407978619149752
20,504,precision,0.824
20,504,recall,0.9809523809523809
20,504,f1,0.8956521739130435
20,505,PR_AUC,0.9595742010992768
20,505,Brier,0.011148716955119358
20,505,precision,0.8221343873517787
20,505,recall,0.9904761904761905
20,505,f1,0.8984881209503239
20,506,PR_AUC,0.941277122462504
20,506,Brier,0.011604916198159246
20,506,precision,0.8093385214007782
20,506,recall,0.9904761904761905
20,506,f1,0.8907922912205567
20,507,PR_AUC,0.9671591903810592
20,507,Brier,0.010267628735860538
20,507,precision,0.7777777777777778
20,507,recall,1.0
20,507,f1,0.875
20,508,PR_AUC,0.950875276127537
20,508,Brier,0.008874066761187458
20,508,precision,0.8235294117647058
20,508,recall,1.0
20,508,f1,0.9032258064516129
20,509,PR_AUC,0.9867385940602071
20,509,Brier,0.010947234656941864
20,509,precision,0.7806691449814126
20,509,recall,1.0
20,509,f1,0.8768267223382046
20,510,PR_AUC,0.9704214033800751
20,510,Brier,0.013206139677089598
20,510,precision,0.84
20,510,recall,1.0
20,510,f1,0.9130434782608695
20,511,PR_AUC,0.9718784759254258
20,511,Brier,0.012554671734375395
20,511,precision,0.7832699619771863
20,511,recall,0.9809523809523809
20,511,f1,0.8710359408033826
20,512,PR_AUC,0.9415649905548774
20,512,Brier,0.014129948942098618
20,512,precision,0.8429752066115702
20,512,recall,0.9714285714285714
20,512,f1,0.9026548672566371
20,513,PR_AUC,0.976180512534525
20,513,Brier,0.012622671325301935
20,513,precision,0.8292682926829268
20,513,recall,0.9714285714285714
20,513,f1,0.8947368421052632
20,514,PR_AUC,0.9489160471346242
20,514,Brier,0.013129179695851574
20,514,precision,0.8093385214007782
20,514,recall,0.9904761904761905
20,514,f1,0.8907922912205567
20,515,PR_AUC,0.9499995054669408
20,515,Brier,0.010173648047002493
20,515,precision,0.7608695652173914
20,515,recall,1.0
20,515,f1,0.8641975308641975
20,516,PR_AUC,0.9630551202583577
20,516,Brier,0.014043974157476503
20,516,precision,0.7591240875912408
20,516,recall,0.9904761904761905
20,516,f1,0.859504132231405
20,517,PR_AUC,0.9412624731021955
20,517,Brier,0.011586041031065452
20,517,precision,0.7664233576642335
20,517,recall,1.0
20,517,f1,0.8677685950413223
20,518,PR_AUC,0.9671929645335833
20,518,Brier,0.01245051582455374
20,518,precision,0.8489795918367347
20,518,recall,0.9904761904761905
20,518,f1,0.9142857142857143
20,519,PR_AUC,0.9413306112791576
20,519,Brier,0.010903744271093804
20,519,precision,0.7749077490774908
20,519,recall,1.0
20,519,f1,0.8731808731808732
20,520,PR_AUC,0.939125132168615
20,520,Brier,0.013730868597945067
20,520,precision,0.7953667953667953
20,520,recall,0.9809523809523809
20,520,f1,0.8784648187633263
20,521,PR_AUC,0.9562635220010998
20,521,Brier,0.011091234047268337
20,521,precision,0.7647058823529411
20,521,recall,0.9904761904761905
20,521,f1,0.8630705394190872
20,522,PR_AUC,0.9638893639938664
20,522,Brier,0.010514332646989272
20,522,precision,0.8203125
20,522,recall,1.0
20,522,f1,0.9012875536480687
20,523,PR_AUC,0.9565299438193964
20,523,Brier,0.012650824945756355
20,523,precision,0.7806691449814126
20,523,recall,1.0
20,523,f1,0.8768267223382046
20,524,PR_AUC,0.9561889350316793
20,524,Brier,0.015084685749218648
20,524,precision,0.8207171314741036
20,524,recall,0.9809523809523809
20,524,f1,0.8937093275488069
20,525,PR_AUC,0.9634354238874543
20,525,Brier,0.011637817877666925
20,525,precision,0.7473309608540926
20,525,recall,1.0
20,525,f1,0.8553971486761711
20,526,PR_AUC,0.9834701272441397
20,526,Brier,0.011036885263850806
20,526,precision,0.8
20,526,recall,0.9904761904761905
20,526,f1,0.8851063829787233
20,527,PR_AUC,0.9713460396422728
20,527,Brier,0.01290135351150343
20,527,precision,0.8333333333333334
20,527,recall,1.0
20,527,f1,0.9090909090909091
20,528,PR_AUC,0.9735984667736275
20,528,Brier,0.012512035521184363
20,528,precision,0.7375886524822695
20,528,recall,0.9904761904761905
20,528,f1,0.8455284552845529
20,529,PR_AUC,0.9114412848899032
20,529,Brier,0.012386181753054655
20,529,precision,0.7715355805243446
20,529,recall,0.9809523809523809
20,529,f1,0.8637316561844863
20,530,PR_AUC,0.9635032121835615
20,530,Brier,0.0137701969335456
20,530,precision,0.8306451612903226
20,530,recall,0.9809523809523809
20,530,f1,0.8995633187772926
20,531,PR_AUC,0.9716543293357048
20,531,Brier,0.012558143191796633
20,531,precision,0.8477366255144033
20,531,recall,0.9809523809523809
20,531,f1,0.9094922737306843
20,532,PR_AUC,0.9535459467472504
20,532,Brier,0.01248725007587205
20,532,precision,0.7849056603773585
20,532,recall,0.9904761904761905
20,532,f1,0.8757894736842106
20,533,PR_AUC,0.9702653439474079
20,533,Brier,0.012457717419320159
20,533,precision,0.832
20,533,recall,0.9904761904761905
20,533,f1,0.9043478260869565
20,534,PR_AUC,0.9748846320922933
20,534,Brier,0.012475041953354549
20,534,precision,0.8583333333333333
20,534,recall,0.9809523809523809
20,534,f1,0.9155555555555556
20,535,PR_AUC,0.9609445938322709
20,535,Brier,0.010636721400283518
20,535,precision,0.8203125
20,535,recall,1.0
20,535,f1,0.9012875536480687
20,536,PR_AUC,0.9792491622990915
20,536,Brier,0.012644745302090763
20,536,precision,0.7849056603773585
20,536,recall,0.9904761904761905
20,536,f1,0.8757894736842106
20,537,PR_AUC,0.9603714267558673
20,537,Brier,0.010909193425687528
20,537,precision,0.8253968253968254
20,537,recall,0.9904761904761905
20,537,f1,0.9004329004329005
20,538,PR_AUC,0.9541143810025268
20,538,Brier,0.011837138973411791
20,538,precision,0.832
20,538,recall,0.9904761904761905
20,538,f1,0.9043478260869565
20,539,PR_AUC,0.9748228437880883
20,539,Brier,0.012478033059164059
20,539,precision,0.7664233576642335
20,539,recall,1.0
20,539,f1,0.8677685950413223
20,540,PR_AUC,0.9270277058867871
20,540,Brier,0.010276077250240465
20,540,precision,0.8125
20,540,recall,0.9904761904761905
20,540,f1,0.8927038626609443
20,541,PR_AUC,0.9230060288855733
20,541,Brier,0.010722994483483775
20,541,precision,0.8062015503875969
20,541,recall,0.9904761904761905
20,541,f1,0.8888888888888888
20,542,PR_AUC,0.9542634935605433
20,542,Brier,0.011817236713527513
20,542,precision,0.8333333333333334
20,542,recall,1.0
20,542,f1,0.9090909090909091
20,543,PR_AUC,0.9722286256179757
20,543,Brier,0.013223179384197748
20,543,precision,0.8108108108108109
20,543,recall,1.0
20,543,f1,0.8955223880597015
20,544,PR_AUC,0.9577564720892379
20,544,Brier,0.011447450112138978
20,544,precision,0.8429752066115702
20,544,recall,0.9714285714285714
20,544,f1,0.9026548672566371
20,545,PR_AUC,0.9369036750972972
20,545,Brier,0.008838053496961323
20,545,precision,0.7984790874524715
20,545,recall,1.0
20,545,f1,0.8879492600422833
20,546,PR_AUC,0.9710854241019848
20,546,Brier,0.013832681700202076
20,546,precision,0.7865168539325843
20,546,recall,1.0
20,546,f1,0.8805031446540881
20,547,PR_AUC,0.9670209610224274
20,547,Brier,0.010764691846829554
20,547,precision,0.75
20,547,recall,1.0
20,547,f1,0.8571428571428571
20,548,PR_AUC,0.9383697597866173
20,548,Brier,0.013859309161107043
20,548,precision,0.8395061728395061
20,548,recall,0.9714285714285714
20,548,f1,0.9006622516556292
20,549,PR_AUC,0.9672291548009126
20,549,Brier,0.010576721139092415
20,549,precision,0.7563636363636363
20,549,recall,0.9904761904761905
20,549,f1,0.8577319587628865
20,550,PR_AUC,0.9455101730311815
20,550,Brier,0.012807925295403665
20,550,precision,0.8416666666666667
20,550,recall,0.9619047619047619
20,550,f1,0.8977777777777778
20,551,PR_AUC,0.9752491942975146
20,551,Brier,0.013201360727899457
20,551,precision,0.7862595419847328
20,551,recall,0.9809523809523809
20,551,f1,0.8728813559322034
20,552,PR_AUC,0.9482235687523962
20,552,Brier,0.012667266416931562
20,552,precision,0.7744360902255639
20,552,recall,0.9809523809523809
20,552,f1,0.865546218487395
20,553,PR_AUC,0.9754039375571207
20,553,Brier,0.01355360613600048
20,553,precision,0.8702928870292888
20,553,recall,0.9904761904761905
20,553,f1,0.9265033407572383
20,554,PR_AUC,0.9540491733496556
20,554,Brier,0.011543845586700135
20,554,precision,0.7938931297709924
20,554,recall,0.9904761904761905
20,554,f1,0.8813559322033898
20,555,PR_AUC,0.9685394252843053
20,555,Brier,0.012552728546745539
20,555,precision,0.8045977011494253
20,555,recall,1.0
20,555,f1,0.89171974522293
20,556,PR_AUC,0.9567621537812965
20,556,Brier,0.012226566174345503
20,556,precision,0.7865168539325843
20,556,recall,1.0
20,556,f1,0.8805031446540881
20,557,PR_AUC,0.9484789618243288
20,557,Brier,0.012058470987956635
20,557,precision,0.7835820895522388
20,557,recall,1.0
20,557,f1,0.8786610878661087
20,558,PR_AUC,0.9508678605814789
20,558,Brier,0.011858403700772733
20,558,precision,0.8015564202334631
20,558,recall,0.9809523809523809
20,558,f1,0.8822269807280514
20,559,PR_AUC,0.962864591227572
20,559,Brier,0.011187648734532376
20,559,precision,0.8125
20,559,recall,0.9904761904761905
20,559,f1,0.8927038626609443
20,560,PR_AUC,0.9479919004161337
20,560,Brier,0.012677375134109773
20,560,precision,0.7984496124031008
20,560,recall,0.9809523809523809
20,560,f1,0.8803418803418803
20,561,PR_AUC,0.9298276473395881
20,561,Brier,0.009552332204157183
20,561,precision,0.7692307692307693
20,561,recall,1.0
20,561,f1,0.8695652173913043
20,562,PR_AUC,0.9573073145921733
20,562,Brier,0.015900179388036992
20,562,precision,0.8669527896995708
20,562,recall,0.9619047619047619
20,562,f1,0.9119638826185101
20,563,PR_AUC,0.9626799100067397
20,563,Brier,0.011862743012862395
20,563,precision,0.7720588235294118
20,563,recall,1.0
20,563,f1,0.8713692946058091
20,564,PR_AUC,0.979052791579314
20,564,Brier,0.012304962510922755
20,564,precision,0.8174603174603174
20,564,recall,0.9809523809523809
20,564,f1,0.8917748917748918
20,565,PR_AUC,0.9678481377845517
20,565,Brier,0.013463206777794985
20,565,precision,0.8477366255144033
20,565,recall,0.9809523809523809
20,565,f1,0.9094922737306843
20,566,PR_AUC,0.9501442981586478
20,566,Brier,0.012774136554186862
20,566,precision,0.8156862745098039
20,566,recall,0.9904761904761905
20,566,f1,0.8946236559139785
20,567,PR_AUC,0.9750174609275701
20,567,Brier,0.012148129379940576
20,567,precision,0.8142292490118577
20,567,recall,0.9809523809523809
20,567,f1,0.8898488120950324
20,568,PR_AUC,0.9748087913893978
20,568,Brier,0.01279107404710411
20,568,precision,0.8031496062992126
20,568,recall,0.9714285714285714
20,568,f1,0.8793103448275862
20,569,PR_AUC,0.9421256665429286
20,569,Brier,0.011088540694269082
20,569,precision,0.8125
20,569,recall,0.9904761904761905
20,569,f1,0.8927038626609443
20,570,PR_AUC,0.9408888464559348
20,570,Brier,0.011564851158999101
20,570,precision,0.7803030303030303
20,570,recall,0.9809523809523809
20,570,f1,0.869198312236287
20,571,PR_AUC,0.9540355812979474
20,571,Brier,0.011917995627000908
20,571,precision,0.7402135231316725
20,571,recall,0.9904761904761905
20,571,f1,0.8472505091649695
20,572,PR_AUC,0.9506452658561647
20,572,Brier,0.009148991570489946
20,572,precision,0.7806691449814126
20,572,recall,1.0
20,572,f1,0.8768267223382046
20,573,PR_AUC,0.9811112231290354
20,573,Brier,0.011482655670522687
20,573,precision,0.8619246861924686
20,573,recall,0.9809523809523809
20,573,f1,0.9175946547884187
20,574,PR_AUC,0.9495578060076263
20,574,Brier,0.012929636189675455
20,574,precision,0.8108108108108109
20,574,recall,1.0
20,574,f1,0.8955223880597015
20,575,PR_AUC,0.968257838601475
20,575,Brier,0.012966923702012344
20,575,precision,0.8046875
20,575,recall,0.9809523809523809
20,575,f1,0.8841201716738197
20,576,PR_AUC,0.9642312724563122
20,576,Brier,0.013833032456383688
20,576,precision,0.7938931297709924
20,576,recall,0.9904761904761905
20,576,f1,0.8813559322033898
20,577,PR_AUC,0.9862660161572997
20,577,Brier,0.010995096907430547
20,577,precision,0.8076923076923077
20,577,recall,1.0
20,577,f1,0.8936170212765957
20,578,PR_AUC,0.9638837746374499
20,578,Brier,0.013358511516535788
20,578,precision,0.789272030651341
20,578,recall,0.9809523809523809
20,578,f1,0.8747346072186837
20,579,PR_AUC,0.9524856199536949
20,579,Brier,0.012851684031015512
20,579,precision,0.7865168539325843
20,579,recall,1.0
20,579,f1,0.8805031446540881
20,580,PR_AUC,0.9744826428935879
20,580,Brier,0.012178978516266904
20,580,precision,0.7455197132616488
20,580,recall,0.9904761904761905
20,580,f1,0.8507157464212679
20,581,PR_AUC,0.9648305013569112
20,581,Brier,0.013410382353282577
20,581,precision,0.7894736842105263
20,581,recall,1.0
20,581,f1,0.8823529411764706
20,582,PR_AUC,0.9418313778863443
20,582,Brier,0.010704399727483936
20,582,precision,0.8306451612903226
20,582,recall,0.9809523809523809
20,582,f1,0.8995633187772926
20,583,PR_AUC,0.9689237069693063
20,583,Brier,0.011396966366503435
20,583,precision,0.7720588235294118
20,583,recall,1.0
20,583,f1,0.8713692946058091
20,584,PR_AUC,0.9653409518075898
20,584,Brier,0.014276227657607868
20,584,precision,0.8171206225680934
20,584,recall,1.0
20,584,f1,0.8993576017130621
20,585,PR_AUC,0.9801602582809424
20,585,Brier,0.012869360532238394
20,585,precision,0.8046875
20,585,recall,0.9809523809523809
20,585,f1,0.8841201716738197
20,586,PR_AUC,0.9617296879444468
20,586,Brier,0.01392293908203355
20,586,precision,0.8188976377952756
20,586,recall,0.9904761904761905
20,586,f1,0.896551724137931
20,587,PR_AUC,0.9065074218866063
20,587,Brier,0.0114631074361484
20,587,precision,0.7591240875912408
20,587,recall,0.9904761904761905
20,587,f1,0.859504132231405
20,588,PR_AUC,0.9680971291475067
20,588,Brier,0.009495787732421572
20,588,precision,0.84
20,588,recall,1.0
20,588,f1,0.9130434782608695
20,589,PR_AUC,0.9166306154395166
20,589,Brier,0.011559185995420884
20,589,precision,0.8015564202334631
20,589,recall,0.9809523809523809
20,589,f1,0.8822269807280514
20,590,PR_AUC,0.9400108928255853
20,590,Brier,0.013847653610877215
20,590,precision,0.8031496062992126
20,590,recall,0.9714285714285714
20,590,f1,0.8793103448275862
20,591,PR_AUC,0.9742474095736147
20,591,Brier,0.011418583651153554
20,591,precision,0.860655737704918
20,591,recall,1.0
20,591,f1,0.9251101321585903
20,592,PR_AUC,0.9762564355028169
20,592,Brier,0.012108784055721578
20,592,precision,0.8
20,592,recall,0.9904761904761905
20,592,f1,0.8851063829787233
20,593,PR_AUC,0.9808690931457206
20,593,Brier,0.012063922486596287
20,593,precision,0.7664233576642335
20,593,recall,1.0
20,593,f1,0.8677685950413223
20,594,PR_AUC,0.9621260099977397
20,594,Brier,0.01014898151098495
20,594,precision,0.8333333333333334
20,594,recall,1.0
20,594,f1,0.9090909090909091
20,595,PR_AUC,0.9859137880011386
20,595,Brier,0.011016624983178716
20,595,precision,0.7806691449814126
20,595,recall,1.0
20,595,f1,0.8768267223382046
20,596,PR_AUC,0.9576764708245099
20,596,Brier,0.011258419827373791
20,596,precision,0.8203125
20,596,recall,1.0
20,596,f1,0.9012875536480687
20,597,PR_AUC,0.96779362450826
20,597,Brier,0.01376157252351662
20,597,precision,0.7375886524822695
20,597,recall,0.9904761904761905
20,597,f1,0.8455284552845529
20,598,PR_AUC,0.9681787306135587
20,598,Brier,0.012172618681900895
20,598,precision,0.8125
20,598,recall,0.9904761904761905
20,598,f1,0.8927038626609443
20,599,PR_AUC,0.9723411802773563
20,599,Brier,0.01295115505080963
20,599,precision,0.8455284552845529
20,599,recall,0.9904761904761905
20,599,f1,0.9122807017543859
20,600,PR_AUC,0.9701224077906746
20,600,Brier,0.012448929498263555
20,600,precision,0.7761194029850746
20,600,recall,0.9904761904761905
20,600,f1,0.8702928870292888
20,601,PR_AUC,0.9317463138084485
20,601,Brier,0.012600629618167077
20,601,precision,0.8188976377952756
20,601,recall,0.9904761904761905
20,601,f1,0.896551724137931
20,602,PR_AUC,0.9445962528701615
20,602,Brier,0.010189104766407516
20,602,precision,0.7806691449814126
20,602,recall,1.0
20,602,f1,0.8768267223382046
20,603,PR_AUC,0.9623610891976869
20,603,Brier,0.010005649479220433
20,603,precision,0.8353413654618473
20,603,recall,0.9904761904761905
20,603,f1,0.906318082788671
20,604,PR_AUC,0.946074386394308
20,604,Brier,0.013162859116188851
20,604,precision,0.832
20,604,recall,0.9904761904761905
20,604,f1,0.9043478260869565
20,605,PR_AUC,0.9469889912049868
20,605,Brier,0.012345813472841067
20,605,precision,0.8267716535433071
20,605,recall,1.0
20,605,f1,0.9051724137931034
20,606,PR_AUC,0.964016849105158
20,606,Brier,0.009937631240031039
20,606,precision,0.8353413654618473
20,606,recall,0.9904761904761905
20,606,f1,0.906318082788671
20,607,PR_AUC,0.9822267268194227
20,607,Brier,0.010369047283426728
20,607,precision,0.8333333333333334
20,607,recall,1.0
20,607,f1,0.9090909090909091
20,608,PR_AUC,0.9797792422204804
20,608,Brier,0.011808607435843908
20,608,precision,0.865546218487395
20,608,recall,0.9809523809523809
20,608,f1,0.9196428571428571
20,609,PR_AUC,0.9784556514787666
20,609,Brier,0.011346589527915982
20,609,precision,0.8387096774193549
20,609,recall,0.9904761904761905
20,609,f1,0.9082969432314411
20,610,PR_AUC,0.9665087739964933
20,610,Brier,0.010471623973881194
20,610,precision,0.803088803088803
20,610,recall,0.9904761904761905
20,610,f1,0.8869936034115139
20,611,PR_AUC,0.9768716169940654
20,611,Brier,0.012203758669645817
20,611,precision,0.8559670781893004
20,611,recall,0.9904761904761905
20,611,f1,0.9183222958057395
20,612,PR_AUC,0.9349666189528175
20,612,Brier,0.011697079959803274
20,612,precision,0.7357142857142858
20,612,recall,0.9809523809523809
20,612,f1,0.8408163265306122
20,613,PR_AUC,0.9545344319159372
20,613,Brier,0.012337727232313701
20,613,precision,0.7846153846153846
20,613,recall,0.9714285714285714
20,613,f1,0.8680851063829788
20,614,PR_AUC,0.9365080747457176
20,614,Brier,0.009384920055856345
20,614,precision,0.7894736842105263
20,614,recall,1.0
20,614,f1,0.8823529411764706
20,615,PR_AUC,0.9643178939861632
20,615,Brier,0.010769354014537241
20,615,precision,0.8125
20,615,recall,0.9904761904761905
20,615,f1,0.8927038626609443
20,616,PR_AUC,0.9600594091639815
20,616,Brier,0.011620115250880934
20,616,precision,0.7647058823529411
20,616,recall,0.9904761904761905
20,616,f1,0.8630705394190872
20,617,PR_AUC,0.9662829090863195
20,617,Brier,0.010376868184891717
20,617,precision,0.832
20,617,recall,0.9904761904761905
20,617,f1,0.9043478260869565
20,618,PR_AUC,0.9917382474616436
20,618,Brier,0.010203628028314189
20,618,precision,0.8235294117647058
20,618,recall,1.0
20,618,f1,0.9032258064516129
20,619,PR_AUC,0.9605702606695439
20,619,Brier,0.011113181983351976
20,619,precision,0.7720588235294118
20,619,recall,1.0
20,619,f1,0.8713692946058091
20,620,PR_AUC,0.9752753244914705
20,620,Brier,0.011736298280115215
20,620,precision,0.7819548872180451
20,620,recall,0.9904761904761905
20,620,f1,0.8739495798319328
20,621,PR_AUC,0.9774739489900158
20,621,Brier,0.011244652692965589
20,621,precision,0.8442622950819673
20,621,recall,0.9809523809523809
20,621,f1,0.9074889867841409
20,622,PR_AUC,0.9894360268554482
20,622,Brier,0.010730763788123118
20,622,precision,0.7984790874524715
20,622,recall,1.0
20,622,f1,0.8879492600422833
20,623,PR_AUC,0.9622757442645365
20,623,Brier,0.0108311687725585
20,623,precision,0.8062015503875969
20,623,recall,0.9904761904761905
20,623,f1,0.8888888888888888
20,624,PR_AUC,0.9838304851846743
20,624,Brier,0.012132391897348459
20,624,precision,0.7984790874524715
20,624,recall,1.0
20,624,f1,0.8879492600422833
20,625,PR_AUC,0.9429054583967131
20,625,Brier,0.014170412259895557
20,625,precision,0.7835820895522388
20,625,recall,1.0
20,625,f1,0.8786610878661087
20,626,PR_AUC,0.9272809300168589
20,626,Brier,0.010450604441183694
20,626,precision,0.7865168539325843
20,626,recall,1.0
20,626,f1,0.8805031446540881
20,627,PR_AUC,0.9101878883558135
20,627,Brier,0.010271918243202477
20,627,precision,0.7908745247148289
20,627,recall,0.9904761904761905
20,627,f1,0.879492600422833
20,628,PR_AUC,0.955023955329112
20,628,Brier,0.01161695227237807
20,628,precision,0.7375886524822695
20,628,recall,0.9904761904761905
20,628,f1,0.8455284552845529
20,629,PR_AUC,0.979728301617205
20,629,Brier,0.011170678564699268
20,629,precision,0.8524590163934426
20,629,recall,0.9904761904761905
20,629,f1,0.9162995594713657
20,630,PR_AUC,0.9566008695191007
20,630,Brier,0.011454790548773184
20,630,precision,0.8286852589641435
20,630,recall,0.9904761904761905
20,630,f1,0.9023861171366594
20,631,PR_AUC,0.9552833385422976
20,631,Brier,0.012179113356401004
20,631,precision,0.8045977011494253
20,631,recall,1.0
20,631,f1,0.89171974522293
20,632,PR_AUC,0.9401462136449152
20,632,Brier,0.011538388353933554
20,632,precision,0.789272030651341
20,632,recall,0.9809523809523809
20,632,f1,0.8747346072186837
20,633,PR_AUC,0.9347582731410267
20,633,Brier,0.012134716148712634
20,633,precision,0.7777777777777778
20,633,recall,1.0
20,633,f1,0.875
20,634,PR_AUC,0.9721615277912978
20,634,Brier,0.011821526754166692
20,634,precision,0.803088803088803
20,634,recall,0.9904761904761905
20,634,f1,0.8869936034115139
20,635,PR_AUC,0.9662908369547415
20,635,Brier,0.013697604171167959
20,635,precision,0.8333333333333334
20,635,recall,1.0
20,635,f1,0.9090909090909091
20,636,PR_AUC,0.938327927123334
20,636,Brier,0.011774434570311285
20,636,precision,0.7027027027027027
20,636,recall,0.9904761904761905
20,636,f1,0.8221343873517787
20,637,PR_AUC,0.9805726079835516
20,637,Brier,0.011574006964278478
20,637,precision,0.789272030651341
20,637,recall,0.9809523809523809
20,637,f1,0.8747346072186837
20,638,PR_AUC,0.9796878002750993
20,638,Brier,0.011530432313607486
20,638,precision,0.8110236220472441
20,638,recall,0.9809523809523809
20,638,f1,0.8879310344827587
20,639,PR_AUC,0.9525407913313801
20,639,Brier,0.010088209938691764
20,639,precision,0.8076923076923077
20,639,recall,1.0
20,639,f1,0.8936170212765957
20,640,PR_AUC,0.9546838949927917
20,640,Brier,0.012542794275848394
20,640,precision,0.7636363636363637
20,640,recall,1.0
20,640,f1,0.865979381443299
20,641,PR_AUC,0.9849457400519205
20,641,Brier,0.010684340720666211
20,641,precision,0.8125
20,641,recall,0.9904761904761905
20,641,f1,0.8927038626609443
20,642,PR_AUC,0.9603327288541024
20,642,Brier,0.011174443513334914
20,642,precision,0.8203125
20,642,recall,1.0
20,642,f1,0.9012875536480687
20,643,PR_AUC,0.9330815311874475
20,643,Brier,0.012468039915961016
20,643,precision,0.7715355805243446
20,643,recall,0.9809523809523809
20,643,f1,0.8637316561844863
20,644,PR_AUC,0.9602751038074984
20,644,Brier,0.011711378453044676
20,644,precision,0.7984790874524715
20,644,recall,1.0
20,644,f1,0.8879492600422833
20,645,PR_AUC,0.9476474742549751
20,645,Brier,0.010192699978193241
20,645,precision,0.7647058823529411
20,645,recall,0.9904761904761905
20,645,f1,0.8630705394190872
20,646,PR_AUC,0.9460516321444244
20,646,Brier,0.010502324541401103
20,646,precision,0.7591240875912408
20,646,recall,0.9904761904761905
20,646,f1,0.859504132231405
20,647,PR_AUC,0.9284578953146193
20,647,Brier,0.01017084915876815
20,647,precision,0.7865168539325843
20,647,recall,1.0
20,647,f1,0.8805031446540881
20,648,PR_AUC,0.965313939757624
20,648,Brier,0.010062826639418185
20,648,precision,0.7675276752767528
20,648,recall,0.9904761904761905
20,648,f1,0.8648648648648649
20,649,PR_AUC,0.9150182963551221
20,649,Brier,0.011976104045246365
20,649,precision,0.7647058823529411
20,649,recall,0.9904761904761905
20,649,f1,0.8630705394190872
20,650,PR_AUC,0.963469654952284
20,650,Brier,0.010435520673203845
20,650,precision,0.8333333333333334
20,650,recall,1.0
20,650,f1,0.9090909090909091
20,651,PR_AUC,0.9323242464815202
20,651,Brier,0.011950931540211115
20,651,precision,0.7573529411764706
20,651,recall,0.9809523809523809
20,651,f1,0.8547717842323651
20,652,PR_AUC,0.9670383012647841
20,652,Brier,0.014082240761950271
20,652,precision,0.7938931297709924
20,652,recall,0.9904761904761905
20,652,f1,0.8813559322033898
20,653,PR_AUC,0.9354757546788915
20,653,Brier,0.012431611113229301
20,653,precision,0.824
20,653,recall,0.9809523809523809
20,653,f1,0.8956521739130435
20,654,PR_AUC,0.9560423376000775
20,654,Brier,0.01227661287105624
20,654,precision,0.8442622950819673
20,654,recall,0.9809523809523809
20,654,f1,0.9074889867841409
20,655,PR_AUC,0.9859160227098853
20,655,Brier,0.009970587869969873
20,655,precision,0.8076923076923077
20,655,recall,1.0
20,655,f1,0.8936170212765957
20,656,PR_AUC,0.9729936511163514
20,656,Brier,0.011823461365832046
20,656,precision,0.832
20,656,recall,0.9904761904761905
20,656,f1,0.9043478260869565
20,657,PR_AUC,0.9876039184069829
20,657,Brier,0.011124005098731946
20,657,precision,0.7608695652173914
20,657,recall,1.0
20,657,f1,0.8641975308641975
20,658,PR_AUC,0.971160513685899
20,658,Brier,0.01283865141652614
20,658,precision,0.7969348659003831
20,658,recall,0.9904761904761905
20,658,f1,0.8832271762208068
20,659,PR_AUC,0.9615149354732708
20,659,Brier,0.010867677041802385
20,659,precision,0.8093385214007782
20,659,recall,0.9904761904761905
20,659,f1,0.8907922912205567
20,660,PR_AUC,0.9144605263906722
20,660,Brier,0.00977109741519196
20,660,precision,0.7894736842105263
20,660,recall,1.0
20,660,f1,0.8823529411764706
20,661,PR_AUC,0.9612573040791524
20,661,Brier,0.012221620307277574
20,661,precision,0.8062015503875969
20,661,recall,0.9904761904761905
20,661,f1,0.8888888888888888
20,662,PR_AUC,0.9454398951810569
20,662,Brier,0.010391631408459808
20,662,precision,0.8253968253968254
20,662,recall,0.9904761904761905
20,662,f1,0.9004329004329005
20,663,PR_AUC,0.9666094240546654
20,663,Brier,0.009857537092054634
20,663,precision,0.7954545454545454
20,663,recall,1.0
20,663,f1,0.8860759493670886
20,664,PR_AUC,0.9267567207973093
20,664,Brier,0.010391328546625143
20,664,precision,0.7803030303030303
20,664,recall,0.9809523809523809
20,664,f1,0.869198312236287
20,665,PR_AUC,0.981512632732579
20,665,Brier,0.011451058147668005
20,665,precision,0.8045977011494253
20,665,recall,1.0
20,665,f1,0.89171974522293
20,666,PR_AUC,0.9590292669743794
20,666,Brier,0.010632739539671263
20,666,precision,0.7938931297709924
20,666,recall,0.9904761904761905
20,666,f1,0.8813559322033898
20,667,PR_AUC,0.9199088394097489
20,667,Brier,0.013920123753375481
20,667,precision,0.7832699619771863
20,667,recall,0.9809523809523809
20,667,f1,0.8710359408033826
20,668,PR_AUC,0.9626992764164745
20,668,Brier,0.011764951075923114
20,668,precision,0.7938931297709924
20,668,recall,0.9904761904761905
20,668,f1,0.8813559322033898
20,669,PR_AUC,0.9542058644045922
20,669,Brier,0.011667067686771197
20,669,precision,0.7908745247148289
20,669,recall,0.9904761904761905
20,669,f1,0.879492600422833
20,670,PR_AUC,0.9490436142718922
20,670,Brier,0.012480058183660122
20,670,precision,0.832
20,670,recall,0.9904761904761905
20,670,f1,0.9043478260869565
20,671,PR_AUC,0.9780057725532386
20,671,Brier,0.011690905736987525
20,671,precision,0.8062015503875969
20,671,recall,0.9904761904761905
20,671,f1,0.8888888888888888
20,672,PR_AUC,0.9433015145059642
20,672,Brier,0.01017537402955411
20,672,precision,0.8203125
20,672,recall,1.0
20,672,f1,0.9012875536480687
20,673,PR_AUC,0.9509582995846201
20,673,Brier,0.012869490664209199
20,673,precision,0.7490909090909091
20,673,recall,0.9809523809523809
20,673,f1,0.8494845360824742
20,674,PR_AUC,0.95939505997367
20,674,Brier,0.012048807880228269
20,674,precision,0.7790262172284644
20,674,recall,0.9904761904761905
20,674,f1,0.8721174004192872
20,675,PR_AUC,0.9730333098156119
20,675,Brier,0.01276689552583359
20,675,precision,0.8
20,675,recall,0.9904761904761905
20,675,f1,0.8851063829787233
20,676,PR_AUC,0.9614902321069603
20,676,Brier,0.010123517233764655
20,676,precision,0.8467741935483871
20,676,recall,1.0
20,676,f1,0.9170305676855895
20,677,PR_AUC,0.9662354535233175
20,677,Brier,0.013820214855219698
20,677,precision,0.8221343873517787
20,677,recall,0.9904761904761905
20,677,f1,0.8984881209503239
20,678,PR_AUC,0.9535675082568347
20,678,Brier,0.01268224933186892
20,678,precision,0.7923076923076923
20,678,recall,0.9809523809523809
20,678,f1,0.8765957446808511
20,679,PR_AUC,0.967865563257056
20,679,Brier,0.012868676301801562
20,679,precision,0.803088803088803
20,679,recall,0.9904761904761905
20,679,f1,0.8869936034115139
20,680,PR_AUC,0.9577744336386464
20,680,Brier,0.011673507500376554
20,680,precision,0.8489795918367347
20,680,recall,0.9904761904761905
20,680,f1,0.9142857142857143
20,681,PR_AUC,0.9845292613042115
20,681,Brier,0.010090718154473498
20,681,precision,0.8387096774193549
20,681,recall,0.9904761904761905
20,681,f1,0.9082969432314411
20,682,PR_AUC,0.9424589612999059
20,682,Brier,0.014381017891779962
20,682,precision,0.84
20,682,recall,1.0
20,682,f1,0.9130434782608695
20,683,PR_AUC,0.9687723410038055
20,683,Brier,0.01350254941390127
20,683,precision,0.8300395256916996
20,683,recall,1.0
20,683,f1,0.9071274298056156
20,684,PR_AUC,0.9801286975831351
20,684,Brier,0.011839813145955322
20,684,precision,0.7692307692307693
20,684,recall,1.0
20,684,f1,0.8695652173913043
20,685,PR_AUC,0.9363127623155896
20,685,Brier,0.012036760568838487
20,685,precision,0.7455197132616488
20,685,recall,0.9904761904761905
20,685,f1,0.8507157464212679
20,686,PR_AUC,0.9449194113652142
20,686,Brier,0.013369198733927536
20,686,precision,0.7330960854092526
20,686,recall,0.9809523809523809
20,686,f1,0.8391038696537678
20,687,PR_AUC,0.9742941873422079
20,687,Brier,0.012471365595723347
20,687,precision,0.8093385214007782
20,687,recall,0.9904761904761905
20,687,f1,0.8907922912205567
20,688,PR_AUC,0.9759983191875172
20,688,Brier,0.012599246774354115
20,688,precision,0.8286852589641435
20,688,recall,0.9904761904761905
20,688,f1,0.9023861171366594
20,689,PR_AUC,0.9400763698203837
20,689,Brier,0.01086226968752772
20,689,precision,0.7573529411764706
20,689,recall,0.9809523809523809
20,689,f1,0.8547717842323651
20,690,PR_AUC,0.9540576767555096
20,690,Brier,0.011873272513886483
20,690,precision,0.7647058823529411
20,690,recall,0.9904761904761905
20,690,f1,0.8630705394190872
20,691,PR_AUC,0.9656514954511964
20,691,Brier,0.010874914528655974
20,691,precision,0.7692307692307693
20,691,recall,1.0
20,691,f1,0.8695652173913043
20,692,PR_AUC,0.9692454821920004
20,692,Brier,0.013430526205411011
20,692,precision,0.864406779661017
20,692,recall,0.9714285714285714
20,692,f1,0.9147982062780269
20,693,PR_AUC,0.9565105062653084
20,693,Brier,0.014814105893458596
20,693,precision,0.803088803088803
20,693,recall,0.9904761904761905
20,693,f1,0.8869936034115139
20,694,PR_AUC,0.934708335880921
20,694,Brier,0.011483979891835286
20,694,precision,0.8203125
20,694,recall,1.0
20,694,f1,0.9012875536480687
20,695,PR_AUC,0.9390404136008084
20,695,Brier,0.011039270699905734
20,695,precision,0.813953488372093
20,695,recall,1.0
20,695,f1,0.8974358974358975
20,696,PR_AUC,0.9343009571806046
20,696,Brier,0.011997373306186462
20,696,precision,0.8188976377952756
20,696,recall,0.9904761904761905
20,696,f1,0.896551724137931
20,697,PR_AUC,0.9483323667626481
20,697,Brier,0.00981467753961981
20,697,precision,0.7865168539325843
20,697,recall,1.0
20,697,f1,0.8805031446540881
20,698,PR_AUC,0.9564941298194228
20,698,Brier,0.012090899983800732
20,698,precision,0.8125
20,698,recall,0.9904761904761905
20,698,f1,0.8927038626609443
20,699,PR_AUC,0.9542298846554215
20,699,Brier,0.011324118540894051
20,699,precision,0.7954545454545454
20,699,recall,1.0
20,699,f1,0.8860759493670886
20,700,PR_AUC,0.972863136606889
20,700,Brier,0.012761523288615031
20,700,precision,0.8353413654618473
20,700,recall,0.9904761904761905
20,700,f1,0.906318082788671
20,701,PR_AUC,0.9477887526512748
20,701,Brier,0.013615475399373876
20,701,precision,0.8489795918367347
20,701,recall,0.9904761904761905
20,701,f1,0.9142857142857143
20,702,PR_AUC,0.9561660791479804
20,702,Brier,0.011546595994525856
20,702,precision,0.8235294117647058
20,702,recall,1.0
20,702,f1,0.9032258064516129
20,703,PR_AUC,0.9221131955900524
20,703,Brier,0.009079428999793613
20,703,precision,0.7608695652173914
20,703,recall,1.0
20,703,f1,0.8641975308641975
20,704,PR_AUC,0.9551361644293948
20,704,Brier,0.011922966119690275
20,704,precision,0.7865168539325843
20,704,recall,1.0
20,704,f1,0.8805031446540881
20,705,PR_AUC,0.9320752450487505
20,705,Brier,0.011870765261594578
20,705,precision,0.7298245614035088
20,705,recall,0.9904761904761905
20,705,f1,0.8404040404040404
20,706,PR_AUC,0.9472515852480016
20,706,Brier,0.012991068913376546
20,706,precision,0.7686567164179104
20,706,recall,0.9809523809523809
20,706,f1,0.8619246861924686
20,707,PR_AUC,0.9543420173135586
20,707,Brier,0.011717637563657358
20,707,precision,0.8045977011494253
20,707,recall,1.0
20,707,f1,0.89171974522293
20,708,PR_AUC,0.9350192251616629
20,708,Brier,0.014097086178184797
20,708,precision,0.7799227799227799
20,708,recall,0.9619047619047619
20,708,f1,0.8614072494669509
20,709,PR_AUC,0.9712864824118392
20,709,Brier,0.009348180519871114
20,709,precision,0.7894736842105263
20,709,recall,1.0
20,709,f1,0.8823529411764706
20,710,PR_AUC,0.9602199381615631
20,710,Brier,0.011237221744442798
20,710,precision,0.8535564853556485
20,710,recall,0.9714285714285714
20,710,f1,0.9086859688195991
20,711,PR_AUC,0.9458919557485775
20,711,Brier,0.013516684425539239
20,711,precision,0.8188976377952756
20,711,recall,0.9904761904761905
20,711,f1,0.896551724137931
20,712,PR_AUC,0.957407745426667
20,712,Brier,0.011306719525234925
20,712,precision,0.7924528301886793
20,712,recall,1.0
20,712,f1,0.8842105263157894
20,713,PR_AUC,0.9646414683282631
20,713,Brier,0.010313033987051889
20,713,precision,0.803088803088803
20,713,recall,0.9904761904761905
20,713,f1,0.8869936034115139
20,714,PR_AUC,0.9855310035433127
20,714,Brier,0.011133824743475311
20,714,precision,0.7446808510638298
20,714,recall,1.0
20,714,f1,0.8536585365853658
20,715,PR_AUC,0.9513623297126884
20,715,Brier,0.012754079748661988
20,715,precision,0.8221343873517787
20,715,recall,0.9904761904761905
20,715,f1,0.8984881209503239
20,716,PR_AUC,0.9846063437054966
20,716,Brier,0.01085220583819532
20,716,precision,0.8666666666666667
20,716,recall,0.9904761904761905
20,716,f1,0.9244444444444444
20,717,PR_AUC,0.961695335840875
20,717,Brier,0.010542078279953924
20,717,precision,0.8353413654618473
20,717,recall,0.9904761904761905
20,717,f1,0.906318082788671
20,718,PR_AUC,0.9537536719272477
20,718,Brier,0.012602358216163213
20,718,precision,0.7849056603773585
20,718,recall,0.9904761904761905
20,718,f1,0.8757894736842106
20,719,PR_AUC,0.9540071992450627
20,719,Brier,0.0118814804922941
20,719,precision,0.7878787878787878
20,719,recall,0.9904761904761905
20,719,f1,0.8776371308016878
20,720,PR_AUC,0.9369799162451882
20,720,Brier,0.010831478254420279
20,720,precision,0.7835820895522388
20,720,recall,1.0
20,720,f1,0.8786610878661087
20,721,PR_AUC,0.948655256764822
20,721,Brier,0.01250179656850313
20,721,precision,0.832
20,721,recall,0.9904761904761905
20,721,f1,0.9043478260869565
20,722,PR_AUC,0.9441313581807698
20,722,Brier,0.011036641489751694
20,722,precision,0.8221343873517787
20,722,recall,0.9904761904761905
20,722,f1,0.8984881209503239
20,723,PR_AUC,0.9608254054672385
20,723,Brier,0.011698184540266804
20,723,precision,0.8221343873517787
20,723,recall,0.9904761904761905
20,723,f1,0.8984881209503239
20,724,PR_AUC,0.9689727413625957
20,724,Brier,0.009540626056641804
20,724,precision,0.8267716535433071
20,724,recall,1.0
20,724,f1,0.9051724137931034
20,725,PR_AUC,0.9594916510302132
20,725,Brier,0.011135665881756865
20,725,precision,0.8408163265306122
20,725,recall,0.9809523809523809
20,725,f1,0.9054945054945055
20,726,PR_AUC,0.9681399974259898
20,726,Brier,0.014262709331745461
20,726,precision,0.8326530612244898
20,726,recall,0.9714285714285714
20,726,f1,0.8967032967032967
20,727,PR_AUC,0.9799685195447493
20,727,Brier,0.011515502429527275
20,727,precision,0.8467741935483871
20,727,recall,1.0
20,727,f1,0.9170305676855895
20,728,PR_AUC,0.9519548904532131
20,728,Brier,0.011876449871344272
20,728,precision,0.8174603174603174
20,728,recall,0.9809523809523809
20,728,f1,0.8917748917748918
20,729,PR_AUC,0.9357041392011572
20,729,Brier,0.011923022950428642
20,729,precision,0.7969348659003831
20,729,recall,0.9904761904761905
20,729,f1,0.8832271762208068
20,730,PR_AUC,0.9729877058743379
20,730,Brier,0.013482462864812734
20,730,precision,0.8464730290456431
20,730,recall,0.9714285714285714
20,730,f1,0.9046563192904656
20,731,PR_AUC,0.9689579102541372
20,731,Brier,0.013473462156741159
20,731,precision,0.865546218487395
20,731,recall,0.9809523809523809
20,731,f1,0.9196428571428571
20,732,PR_AUC,0.9435758338278113
20,732,Brier,0.010682071506136977
20,732,precision,0.7908745247148289
20,732,recall,0.9904761904761905
20,732,f1,0.879492600422833
20,733,PR_AUC,0.9504473045367187
20,733,Brier,0.012466318616335806
20,733,precision,0.7878787878787878
20,733,recall,0.9904761904761905
20,733,f1,0.8776371308016878
20,734,PR_AUC,0.9674852871337722
20,734,Brier,0.010061507366182111
20,734,precision,0.8467741935483871
20,734,recall,1.0
20,734,f1,0.9170305676855895
20,735,PR_AUC,0.9469113699886554
20,735,Brier,0.013363926036169267
20,735,precision,0.7715355805243446
20,735,recall,0.9809523809523809
20,735,f1,0.8637316561844863
20,736,PR_AUC,0.9603787016059958
20,736,Brier,0.012216161932506032
20,736,precision,0.7298245614035088
20,736,recall,0.9904761904761905
20,736,f1,0.8404040404040404
20,737,PR_AUC,0.9615284574068015
20,737,Brier,0.011351867656207555
20,737,precision,0.832
20,737,recall,0.9904761904761905
20,737,f1,0.9043478260869565
20,738,PR_AUC,0.9399078877066769
20,738,Brier,0.008325365282413103
20,738,precision,0.7777777777777778
20,738,recall,1.0
20,738,f1,0.875
20,739,PR_AUC,0.9461630139676296
20,739,Brier,0.009982653797628211
20,739,precision,0.8300395256916996
20,739,recall,1.0
20,739,f1,0.9071274298056156
20,740,PR_AUC,0.9767347440849811
20,740,Brier,0.011337127990146472
20,740,precision,0.860655737704918
20,740,recall,1.0
20,740,f1,0.9251101321585903
20,741,PR_AUC,0.9806812377901997
20,741,Brier,0.011264197235324158
20,741,precision,0.7878787878787878
20,741,recall,0.9904761904761905
20,741,f1,0.8776371308016878
20,742,PR_AUC,0.9586186736197255
20,742,Brier,0.014989612205746319
20,742,precision,0.8171206225680934
20,742,recall,1.0
20,742,f1,0.8993576017130621
20,743,PR_AUC,0.9380145723026524
20,743,Brier,0.011529570025406048
20,743,precision,0.8031496062992126
20,743,recall,0.9714285714285714
20,743,f1,0.8793103448275862
20,744,PR_AUC,0.9681702903017423
20,744,Brier,0.01423500801906849
20,744,precision,0.8455284552845529
20,744,recall,0.9904761904761905
20,744,f1,0.9122807017543859
20,745,PR_AUC,0.9737487397508905
20,745,Brier,0.012310760035507547
20,745,precision,0.8125
20,745,recall,0.9904761904761905
20,745,f1,0.8927038626609443
20,746,PR_AUC,0.9386333611836971
20,746,Brier,0.01218886108981765
20,746,precision,0.824
20,746,recall,0.9809523809523809
20,746,f1,0.8956521739130435
20,747,PR_AUC,0.9565395522001553
20,747,Brier,0.011949331140060984
20,747,precision,0.7777777777777778
20,747,recall,1.0
20,747,f1,0.875
20,748,PR_AUC,0.9719660490704289
20,748,Brier,0.012938918874782962
20,748,precision,0.8188976377952756
20,748,recall,0.9904761904761905
20,748,f1,0.896551724137931
20,749,PR_AUC,0.9599091772282495
20,749,Brier,0.011412527450909732
20,749,precision,0.7938931297709924
20,749,recall,0.9904761904761905
20,749,f1,0.8813559322033898
20,750,PR_AUC,0.9295198659568696
20,750,Brier,0.012234968731189613
20,750,precision,0.8273092369477911
20,750,recall,0.9809523809523809
20,750,f1,0.8976034858387799
20,751,PR_AUC,0.9873108912988305
20,751,Brier,0.010830065011325381
20,751,precision,0.7720588235294118
20,751,recall,1.0
20,751,f1,0.8713692946058091
20,752,PR_AUC,0.92103391517287
20,752,Brier,0.011277361374164819
20,752,precision,0.7790262172284644
20,752,recall,0.9904761904761905
20,752,f1,0.8721174004192872
20,753,PR_AUC,0.956456299463721
20,753,Brier,0.012050505756150215
20,753,precision,0.807843137254902
20,753,recall,0.9809523809523809
20,753,f1,0.886021505376344
20,754,PR_AUC,0.9137063012867224
20,754,Brier,0.010067627770823559
20,754,precision,0.7806691449814126
20,754,recall,1.0
20,754,f1,0.8768267223382046
20,755,PR_AUC,0.9638967298480084
20,755,Brier,0.014699962102776614
20,755,precision,0.8632478632478633
20,755,recall,0.9619047619047619
20,755,f1,0.9099099099099099
20,756,PR_AUC,0.9405492652209962
20,756,Brier,0.012164842058499277
20,756,precision,0.8174603174603174
20,756,recall,0.9809523809523809
20,756,f1,0.8917748917748918
20,757,PR_AUC,0.9273800362248129
20,757,Brier,0.01271791865367096
20,757,precision,0.7790262172284644
20,757,recall,0.9904761904761905
20,757,f1,0.8721174004192872
20,758,PR_AUC,0.9796267890701215
20,758,Brier,0.012169519107879001
20,758,precision,0.75
20,758,recall,1.0
20,758,f1,0.8571428571428571
20,759,PR_AUC,0.9776660311436732
20,759,Brier,0.012831470261859337
20,759,precision,0.7984496124031008
20,759,recall,0.9809523809523809
20,759,f1,0.8803418803418803
20,760,PR_AUC,0.9565182689337103
20,760,Brier,0.011468264284433339
20,760,precision,0.8156862745098039
20,760,recall,0.9904761904761905
20,760,f1,0.8946236559139785
20,761,PR_AUC,0.9502945762014268
20,761,Brier,0.00951896565798884
20,761,precision,0.813953488372093
20,761,recall,1.0
20,761,f1,0.8974358974358975
20,762,PR_AUC,0.9596799612899579
20,762,Brier,0.010838418965737295
20,762,precision,0.8373983739837398
20,762,recall,0.9809523809523809
20,762,f1,0.9035087719298246
20,763,PR_AUC,0.9656376814478265
20,763,Brier,0.010928600156239154
20,763,precision,0.7849056603773585
20,763,recall,0.9904761904761905
20,763,f1,0.8757894736842106
20,764,PR_AUC,0.9483519527414543
20,764,Brier,0.012729038880925896
20,764,precision,0.7894736842105263
20,764,recall,1.0
20,764,f1,0.8823529411764706
20,765,PR_AUC,0.9662611674895754
20,765,Brier,0.01023832308844079
20,765,precision,0.7938931297709924
20,765,recall,0.9904761904761905
20,765,f1,0.8813559322033898
20,766,PR_AUC,0.9540331255791573
20,766,Brier,0.011849818443066124
20,766,precision,0.8
20,766,recall,0.9904761904761905
20,766,f1,0.8851063829787233
20,767,PR_AUC,0.9401249327200712
20,767,Brier,0.014066296797352164
20,767,precision,0.789272030651341
20,767,recall,0.9809523809523809
20,767,f1,0.8747346072186837
20,768,PR_AUC,0.9599575436617377
20,768,Brier,0.010473154172904625
20,768,precision,0.8421052631578947
20,768,recall,0.9904761904761905
20,768,f1,0.9102844638949672
20,769,PR_AUC,0.9868523073088741
20,769,Brier,0.010465155352563479
20,769,precision,0.7446808510638298
20,769,recall,1.0
20,769,f1,0.8536585365853658
20,770,PR_AUC,0.9467975886065063
20,770,Brier,0.013254965050618224
20,770,precision,0.8046875
20,770,recall,0.9809523809523809
20,770,f1,0.8841201716738197
20,771,PR_AUC,0.9541830060544252
20,771,Brier,0.012023660358093494
20,771,precision,0.8045977011494253
20,771,recall,1.0
20,771,f1,0.89171974522293
20,772,PR_AUC,0.9460379903343041
20,772,Brier,0.010817464844811246
20,772,precision,0.8045977011494253
20,772,recall,1.0
20,772,f1,0.89171974522293
20,773,PR_AUC,0.9499596683408276
20,773,Brier,0.012599899520468973
20,773,precision,0.7692307692307693
20,773,recall,1.0
20,773,f1,0.8695652173913043
20,774,PR_AUC,0.9483141729501684
20,774,Brier,0.012997483375279388
20,774,precision,0.832
20,774,recall,0.9904761904761905
20,774,f1,0.9043478260869565
20,775,PR_AUC,0.9371947308314411
20,775,Brier,0.011162701331280585
20,775,precision,0.7761194029850746
20,775,recall,0.9904761904761905
20,775,f1,0.8702928870292888
20,776,PR_AUC,0.9360354555676619
20,776,Brier,0.012198327821224578
20,776,precision,0.7862595419847328
20,776,recall,0.9809523809523809
20,776,f1,0.8728813559322034
20,777,PR_AUC,0.9589715938116019
20,777,Brier,0.01115476033856116
20,777,precision,0.8108108108108109
20,777,recall,1.0
20,777,f1,0.8955223880597015
20,778,PR_AUC,0.9697757171310616
20,778,Brier,0.01255694221493797
20,778,precision,0.8433734939759037
20,778,recall,1.0
20,778,f1,0.9150326797385621
20,779,PR_AUC,0.9481716543547485
20,779,Brier,0.013362794223874576
20,779,precision,0.7167235494880546
20,779,recall,1.0
20,779,f1,0.8349900596421471
20,780,PR_AUC,0.9679984817950146
20,780,Brier,0.01284496082783205
20,780,precision,0.7563636363636363
20,780,recall,0.9904761904761905
20,780,f1,0.8577319587628865
20,781,PR_AUC,0.9574041710164399
20,781,Brier,0.012109187042521724
20,781,precision,0.8015267175572519
20,781,recall,1.0
20,781,f1,0.8898305084745762
20,782,PR_AUC,0.9448881956267661
20,782,Brier,0.010319435380036773
20,782,precision,0.7473309608540926
20,782,recall,1.0
20,782,f1,0.8553971486761711
20,783,PR_AUC,0.9626532406361854
20,783,Brier,0.010891039061735037
20,783,precision,0.7819548872180451
20,783,recall,0.9904761904761905
20,783,f1,0.8739495798319328
20,784,PR_AUC,0.948655256764822
20,784,Brier,0.01250179656850313
20,784,precision,0.832
20,784,recall,0.9904761904761905
20,784,f1,0.9043478260869565
20,785,PR_AUC,0.9687646847026412
20,785,Brier,0.010621754783687019
20,785,precision,0.7806691449814126
20,785,recall,1.0
20,785,f1,0.8768267223382046
20,786,PR_AUC,0.976874517337611
20,786,Brier,0.012344784800841188
20,786,precision,0.8583333333333333
20,786,recall,0.9809523809523809
20,786,f1,0.9155555555555556
20,787,PR_AUC,0.979183933994347
20,787,Brier,0.01162006236541991
20,787,precision,0.8015564202334631
20,787,recall,0.9809523809523809
20,787,f1,0.8822269807280514
20,788,PR_AUC,0.9355783977621623
20,788,Brier,0.012240664924841932
20,788,precision,0.8062015503875969
20,788,recall,0.9904761904761905
20,788,f1,0.8888888888888888
20,789,PR_AUC,0.969577426306753
20,789,Brier,0.014067426058097493
20,789,precision,0.8353413654618473
20,789,recall,0.9904761904761905
20,789,f1,0.906318082788671
20,790,PR_AUC,0.9504607514411189
20,790,Brier,0.012046969433995552
20,790,precision,0.7692307692307693
20,790,recall,1.0
20,790,f1,0.8695652173913043
20,791,PR_AUC,0.9589523022771127
20,791,Brier,0.01147108268688457
20,791,precision,0.7803030303030303
20,791,recall,0.9809523809523809
20,791,f1,0.869198312236287
20,792,PR_AUC,0.9504670222601606
20,792,Brier,0.012502023715011185
20,792,precision,0.8
20,792,recall,0.9904761904761905
20,792,f1,0.8851063829787233
20,793,PR_AUC,0.9681566855328066
20,793,Brier,0.012921110082144504
20,793,precision,0.7749077490774908
20,793,recall,1.0
20,793,f1,0.8731808731808732
20,794,PR_AUC,0.9466609464751331
20,794,Brier,0.01266306066619795
20,794,precision,0.7703703703703704
20,794,recall,0.9904761904761905
20,794,f1,0.8666666666666667
20,795,PR_AUC,0.932566873371763
20,795,Brier,0.00972287084465905
20,795,precision,0.7720588235294118
20,795,recall,1.0
20,795,f1,0.8713692946058091
20,796,PR_AUC,0.9731477202736853
20,796,Brier,0.012944885659731677
20,796,precision,0.8244897959183674
20,796,recall,0.9619047619047619
20,796,f1,0.8879120879120879
20,797,PR_AUC,0.9558048987097912
20,797,Brier,0.011143043988470616
20,797,precision,0.8340080971659919
20,797,recall,0.9809523809523809
20,797,f1,0.9015317286652079
20,798,PR_AUC,0.9808694416157396
20,798,Brier,0.011996177418710017
20,798,precision,0.711864406779661
20,798,recall,1.0
20,798,f1,0.8316831683168316
20,799,PR_AUC,0.9768774195926829
20,799,Brier,0.01126262281376477
20,799,precision,0.7924528301886793
20,799,recall,1.0
20,799,f1,0.8842105263157894
20,800,PR_AUC,0.9814366292436909
20,800,Brier,0.010949443305439698
20,800,precision,0.824
20,800,recall,0.9809523809523809
20,800,f1,0.8956521739130435
20,801,PR_AUC,0.9823743674248235
20,801,Brier,0.011746638523095706
20,801,precision,0.7878787878787878
20,801,recall,0.9904761904761905
20,801,f1,0.8776371308016878
20,802,PR_AUC,0.9285553275790736
20,802,Brier,0.010114295318007838
20,802,precision,0.7803030303030303
20,802,recall,0.9809523809523809
20,802,f1,0.869198312236287
20,803,PR_AUC,0.9448287737214628
20,803,Brier,0.01287618585732167
20,803,precision,0.8156862745098039
20,803,recall,0.9904761904761905
20,803,f1,0.8946236559139785
20,804,PR_AUC,0.9612519692588273
20,804,Brier,0.01026500927796334
20,804,precision,0.8015267175572519
20,804,recall,1.0
20,804,f1,0.8898305084745762
20,805,PR_AUC,0.9897945433564311
20,805,Brier,0.010792268438747985
20,805,precision,0.7526881720430108
20,805,recall,1.0
20,805,f1,0.8588957055214724
20,806,PR_AUC,0.9455591580844042
20,806,Brier,0.01249830889386871
20,806,precision,0.7953667953667953
20,806,recall,0.9809523809523809
20,806,f1,0.8784648187633263
20,807,PR_AUC,0.9752658368945093
20,807,Brier,0.012226892636110947
20,807,precision,0.8455284552845529
20,807,recall,0.9904761904761905
20,807,f1,0.9122807017543859
20,808,PR_AUC,0.9429755987336224
20,808,Brier,0.013387140307620194
20,808,precision,0.7686567164179104
20,808,recall,0.9809523809523809
20,808,f1,0.8619246861924686
20,809,PR_AUC,0.9277889198175877
20,809,Brier,0.012310767743207674
20,809,precision,0.7803030303030303
20,809,recall,0.9809523809523809
20,809,f1,0.869198312236287
20,810,PR_AUC,0.9497933874154756
20,810,Brier,0.012611010700844997
20,810,precision,0.7924528301886793
20,810,recall,1.0
20,810,f1,0.8842105263157894
20,811,PR_AUC,0.9693115331240869
20,811,Brier,0.012944906224494351
20,811,precision,0.8171206225680934
20,811,recall,1.0
20,811,f1,0.8993576017130621
20,812,PR_AUC,0.9656231505992401
20,812,Brier,0.013161478503657358
20,812,precision,0.8062015503875969
20,812,recall,0.9904761904761905
20,812,f1,0.8888888888888888
20,813,PR_AUC,0.9824422299787708
20,813,Brier,0.011026450119659439
20,813,precision,0.8333333333333334
20,813,recall,1.0
20,813,f1,0.9090909090909091
20,814,PR_AUC,0.9295006778084334
20,814,Brier,0.012453491888144845
20,814,precision,0.7563636363636363
20,814,recall,0.9904761904761905
20,814,f1,0.8577319587628865
20,815,PR_AUC,0.9495068434263298
20,815,Brier,0.01353316521201247
20,815,precision,0.7636363636363637
20,815,recall,1.0
20,815,f1,0.865979381443299
20,816,PR_AUC,0.9909252231775306
20,816,Brier,0.008748030014513042
20,816,precision,0.84
20,816,recall,1.0
20,816,f1,0.9130434782608695
20,817,PR_AUC,0.945807988394558
20,817,Brier,0.009717101764395069
20,817,precision,0.7849056603773585
20,817,recall,0.9904761904761905
20,817,f1,0.8757894736842106
20,818,PR_AUC,0.9790235834794428
20,818,Brier,0.011671955912646284
20,818,precision,0.8046875
20,818,recall,0.9809523809523809
20,818,f1,0.8841201716738197
20,819,PR_AUC,0.9654642668802798
20,819,Brier,0.010227681403352297
20,819,precision,0.8076923076923077
20,819,recall,1.0
20,819,f1,0.8936170212765957
20,820,PR_AUC,0.9430212947459764
20,820,Brier,0.011051726152571124
20,820,precision,0.8253968253968254
20,820,recall,0.9904761904761905
20,820,f1,0.9004329004329005
20,821,PR_AUC,0.9491678894659321
20,821,Brier,0.012229886093115103
20,821,precision,0.7703703703703704
20,821,recall,0.9904761904761905
20,821,f1,0.8666666666666667
20,822,PR_AUC,0.96711175466587
20,822,Brier,0.013373142287926795
20,822,precision,0.832
20,822,recall,0.9904761904761905
20,822,f1,0.9043478260869565
20,823,PR_AUC,0.9468244467913758
20,823,Brier,0.012359856987864924
20,823,precision,0.8464730290456431
20,823,recall,0.9714285714285714
20,823,f1,0.9046563192904656
20,824,PR_AUC,0.9654972376466494
20,824,Brier,0.01049848026163199
20,824,precision,0.8333333333333334
20,824,recall,1.0
20,824,f1,0.9090909090909091
20,825,PR_AUC,0.9354158470126177
20,825,Brier,0.011067680300539876
20,825,precision,0.8207171314741036
20,825,recall,0.9809523809523809
20,825,f1,0.8937093275488069
20,826,PR_AUC,0.9318051357445771
20,826,Brier,0.012632929085375095
20,826,precision,0.7924528301886793
20,826,recall,1.0
20,826,f1,0.8842105263157894
20,827,PR_AUC,0.9622261629112157
20,827,Brier,0.010131872048876852
20,827,precision,0.7908745247148289
20,827,recall,0.9904761904761905
20,827,f1,0.879492600422833
20,828,PR_AUC,0.9629369463440667
20,828,Brier,0.011629941297795515
20,828,precision,0.7375886524822695
20,828,recall,0.9904761904761905
20,828,f1,0.8455284552845529
20,829,PR_AUC,0.9534381770506343
20,829,Brier,0.012085922236710463
20,829,precision,0.8455284552845529
20,829,recall,0.9904761904761905
20,829,f1,0.9122807017543859
20,830,PR_AUC,0.9654016735933397
20,830,Brier,0.011548439207898104
20,830,precision,0.7703703703703704
20,830,recall,0.9904761904761905
20,830,f1,0.8666666666666667
20,831,PR_AUC,0.9730657287346114
20,831,Brier,0.012543993519962835
20,831,precision,0.807843137254902
20,831,recall,0.9809523809523809
20,831,f1,0.886021505376344
20,832,PR_AUC,0.9454483814251573
20,832,Brier,0.012589626870476791
20,832,precision,0.832
20,832,recall,0.9904761904761905
20,832,f1,0.9043478260869565
20,833,PR_AUC,0.9570991153771811
20,833,Brier,0.014674543340328172
20,833,precision,0.7463768115942029
20,833,recall,0.9809523809523809
20,833,f1,0.8477366255144033
20,834,PR_AUC,0.9829349970541488
20,834,Brier,0.010614550461784104
20,834,precision,0.8366533864541833
20,834,recall,1.0
20,834,f1,0.911062906724512
20,835,PR_AUC,0.9785896294818248
20,835,Brier,0.011965227957190594
20,835,precision,0.7832699619771863
20,835,recall,0.9809523809523809
20,835,f1,0.8710359408033826
20,836,PR_AUC,0.9689705875450708
20,836,Brier,0.013657731557743375
20,836,precision,0.8
20,836,recall,0.9904761904761905
20,836,f1,0.8851063829787233
20,837,PR_AUC,0.9695930808108765
20,837,Brier,0.014155844026104064
20,837,precision,0.8340080971659919
20,837,recall,0.9809523809523809
20,837,f1,0.9015317286652079
20,838,PR_AUC,0.9612561879370298
20,838,Brier,0.010860173454311598
20,838,precision,0.8015267175572519
20,838,recall,1.0
20,838,f1,0.8898305084745762
20,839,PR_AUC,0.9470504283609169
20,839,Brier,0.010843547972993047
20,839,precision,0.7608695652173914
20,839,recall,1.0
20,839,f1,0.8641975308641975
20,840,PR_AUC,0.9604106768188035
20,840,Brier,0.01144699690082195
20,840,precision,0.7581227436823105
20,840,recall,1.0
20,840,f1,0.8624229979466119
20,841,PR_AUC,0.9740418346694955
20,841,Brier,0.012174879765270694
20,841,precision,0.7806691449814126
20,841,recall,1.0
20,841,f1,0.8768267223382046
20,842,PR_AUC,0.9652405235288124
20,842,Brier,0.010522662873160147
20,842,precision,0.813953488372093
20,842,recall,1.0
20,842,f1,0.8974358974358975
20,843,PR_AUC,0.9912060429854045
20,843,Brier,0.009412340583245318
20,843,precision,0.813953488372093
20,843,recall,1.0
20,843,f1,0.8974358974358975
20,844,PR_AUC,0.9767414301355073
20,844,Brier,0.01144389838947481
20,844,precision,0.8188976377952756
20,844,recall,0.9904761904761905
20,844,f1,0.896551724137931
20,845,PR_AUC,0.9449053924678928
20,845,Brier,0.01357013049880599
20,845,precision,0.7846153846153846
20,845,recall,0.9714285714285714
20,845,f1,0.8680851063829788
20,846,PR_AUC,0.9524512551198513
20,846,Brier,0.011787106114291594
20,846,precision,0.832
20,846,recall,0.9904761904761905
20,846,f1,0.9043478260869565
20,847,PR_AUC,0.9376504825430005
20,847,Brier,0.010844717551133972
20,847,precision,0.7806691449814126
20,847,recall,1.0
20,847,f1,0.8768267223382046
20,848,PR_AUC,0.9585914527149395
20,848,Brier,0.011865878434142755
20,848,precision,0.7647058823529411
20,848,recall,0.9904761904761905
20,848,f1,0.8630705394190872
20,849,PR_AUC,0.9732270397241813
20,849,Brier,0.013554172086016534
20,849,precision,0.8326530612244898
20,849,recall,0.9714285714285714
20,849,f1,0.8967032967032967
20,850,PR_AUC,0.9393342943164247
20,850,Brier,0.011193241768504046
20,850,precision,0.8292682926829268
20,850,recall,0.9714285714285714
20,850,f1,0.8947368421052632
20,851,PR_AUC,0.9644797449380992
20,851,Brier,0.013151712492013325
20,851,precision,0.816
20,851,recall,0.9714285714285714
20,851,f1,0.8869565217391304
20,852,PR_AUC,0.9484733112184941
20,852,Brier,0.012693744284785312
20,852,precision,0.8512396694214877
20,852,recall,0.9809523809523809
20,852,f1,0.911504424778761
20,853,PR_AUC,0.947712183067162
20,853,Brier,0.010663169205383
20,853,precision,0.7581227436823105
20,853,recall,1.0
20,853,f1,0.8624229979466119
20,854,PR_AUC,0.9617379554669999
20,854,Brier,0.011086743631496787
20,854,precision,0.8015267175572519
20,854,recall,1.0
20,854,f1,0.8898305084745762
20,855,PR_AUC,0.962169430546295
20,855,Brier,0.010290697423799736
20,855,precision,0.832
20,855,recall,0.9904761904761905
20,855,f1,0.9043478260869565
20,856,PR_AUC,0.96181973647651
20,856,Brier,0.009841802289179942
20,856,precision,0.8366533864541833
20,856,recall,1.0
20,856,f1,0.911062906724512
20,857,PR_AUC,0.986654885917846
20,857,Brier,0.010559120508137714
20,857,precision,0.8253968253968254
20,857,recall,0.9904761904761905
20,857,f1,0.9004329004329005
20,858,PR_AUC,0.922197518321814
20,858,Brier,0.01123261892973041
20,858,precision,0.8156862745098039
20,858,recall,0.9904761904761905
20,858,f1,0.8946236559139785
20,859,PR_AUC,0.969027704627965
20,859,Brier,0.013240165708371956
20,859,precision,0.8273092369477911
20,859,recall,0.9809523809523809
20,859,f1,0.8976034858387799
20,860,PR_AUC,0.9554542461253889
20,860,Brier,0.012446209807712855
20,860,precision,0.8502024291497976
20,860,recall,1.0
20,860,f1,0.9190371991247265
20,861,PR_AUC,0.9255629656978565
20,861,Brier,0.011258123380980261
20,861,precision,0.75
20,861,recall,1.0
20,861,f1,0.8571428571428571
20,862,PR_AUC,0.9577642736774519
20,862,Brier,0.012215882426821475
20,862,precision,0.8442622950819673
20,862,recall,0.9809523809523809
20,862,f1,0.9074889867841409
20,863,PR_AUC,0.9835936786062819
20,863,Brier,0.011091851180086869
20,863,precision,0.8203125
20,863,recall,1.0
20,863,f1,0.9012875536480687
20,864,PR_AUC,0.9648319552815002
20,864,Brier,0.013306234449836765
20,864,precision,0.7803030303030303
20,864,recall,0.9809523809523809
20,864,f1,0.869198312236287
20,865,PR_AUC,0.9749485816980437
20,865,Brier,0.012889064353395362
20,865,precision,0.8607594936708861
20,865,recall,0.9714285714285714
20,865,f1,0.912751677852349
20,866,PR_AUC,0.9333698217754072
20,866,Brier,0.015101637563277075
20,866,precision,0.8046875
20,866,recall,0.9809523809523809
20,866,f1,0.8841201716738197
20,867,PR_AUC,0.9595936126578547
20,867,Brier,0.011142743573383677
20,867,precision,0.7984496124031008
20,867,recall,0.9809523809523809
20,867,f1,0.8803418803418803
20,868,PR_AUC,0.9707704401606668
20,868,Brier,0.013608668282771502
20,868,precision,0.8524590163934426
20,868,recall,0.9904761904761905
20,868,f1,0.9162995594713657
20,869,PR_AUC,0.9788076608944418
20,869,Brier,0.011889097377905776
20,869,precision,0.7849056603773585
20,869,recall,0.9904761904761905
20,869,f1,0.8757894736842106
20,870,PR_AUC,0.9516374452087695
20,870,Brier,0.012561991387621353
20,870,precision,0.7878787878787878
20,870,recall,0.9904761904761905
20,870,f1,0.8776371308016878
20,871,PR_AUC,0.9298466034812766
20,871,Brier,0.011214282699959194
20,871,precision,0.7241379310344828
20,871,recall,1.0
20,871,f1,0.84
20,872,PR_AUC,0.9759002331541995
20,872,Brier,0.01231137435026584
20,872,precision,0.8207171314741036
20,872,recall,0.9809523809523809
20,872,f1,0.8937093275488069
20,873,PR_AUC,0.9630686553088679
20,873,Brier,0.011097777826607473
20,873,precision,0.7954545454545454
20,873,recall,1.0
20,873,f1,0.8860759493670886
20,874,PR_AUC,0.9879263090647411
20,874,Brier,0.01067900984037841
20,874,precision,0.7938931297709924
20,874,recall,0.9904761904761905
20,874,f1,0.8813559322033898
20,875,PR_AUC,0.9581666691780266
20,875,Brier,0.01164638351198391
20,875,precision,0.8203125
20,875,recall,1.0
20,875,f1,0.9012875536480687
20,876,PR_AUC,0.967672198598895
20,876,Brier,0.012692597378112363
20,876,precision,0.807843137254902
20,876,recall,0.9809523809523809
20,876,f1,0.886021505376344
20,877,PR_AUC,0.9649313050961276
20,877,Brier,0.013879242320971454
20,877,precision,0.7703703703703704
20,877,recall,0.9904761904761905
20,877,f1,0.8666666666666667
20,878,PR_AUC,0.9444643887537625
20,878,Brier,0.013371214177226252
20,878,precision,0.8178137651821862
20,878,recall,0.9619047619047619
20,878,f1,0.8840262582056893
20,879,PR_AUC,0.9589426640862421
20,879,Brier,0.015042206246962883
20,879,precision,0.8353413654618473
20,879,recall,0.9904761904761905
20,879,f1,0.906318082788671
20,880,PR_AUC,0.9637613392448993
20,880,Brier,0.010202731645813382
20,880,precision,0.8353413654618473
20,880,recall,0.9904761904761905
20,880,f1,0.906318082788671
20,881,PR_AUC,0.9382761800296257
20,881,Brier,0.01162307726829206
20,881,precision,0.7803030303030303
20,881,recall,0.9809523809523809
20,881,f1,0.869198312236287
20,882,PR_AUC,0.9560149908201632
20,882,Brier,0.01143929055678856
20,882,precision,0.8340080971659919
20,882,recall,0.9809523809523809
20,882,f1,0.9015317286652079
20,883,PR_AUC,0.9735762102662336
20,883,Brier,0.012461105015621574
20,883,precision,0.8062015503875969
20,883,recall,0.9904761904761905
20,883,f1,0.8888888888888888
20,884,PR_AUC,0.9777287452014659
20,884,Brier,0.012564038393774526
20,884,precision,0.8046875
20,884,recall,0.9809523809523809
20,884,f1,0.8841201716738197
20,885,PR_AUC,0.931056336437665
20,885,Brier,0.013130676970551404
20,885,precision,0.8244897959183674
20,885,recall,0.9619047619047619
20,885,f1,0.8879120879120879
20,886,PR_AUC,0.9438112919493015
20,886,Brier,0.011331910356479203
20,886,precision,0.7953667953667953
20,886,recall,0.9809523809523809
20,886,f1,0.8784648187633263
20,887,PR_AUC,0.9771090733130937
20,887,Brier,0.01212727836176161
20,887,precision,0.869198312236287
20,887,recall,0.9809523809523809
20,887,f1,0.9217002237136466
20,888,PR_AUC,0.9854999464241926
20,888,Brier,0.01128390326689405
20,888,precision,0.7835820895522388
20,888,recall,1.0
20,888,f1,0.8786610878661087
20,889,PR_AUC,0.9701195725109308
20,889,Brier,0.009032426092559043
20,889,precision,0.7954545454545454
20,889,recall,1.0
20,889,f1,0.8860759493670886
20,890,PR_AUC,0.9801371927774939
20,890,Brier,0.011476500868201364
20,890,precision,0.7749077490774908
20,890,recall,1.0
20,890,f1,0.8731808731808732
20,891,PR_AUC,0.9550798220192932
20,891,Brier,0.011705845374683076
20,891,precision,0.8408163265306122
20,891,recall,0.9809523809523809
20,891,f1,0.9054945054945055
20,892,PR_AUC,0.9554829301980948
20,892,Brier,0.010751565028897174
20,892,precision,0.7865168539325843
20,892,recall,1.0
20,892,f1,0.8805031446540881
20,893,PR_AUC,0.947549930074723
20,893,Brier,0.01005295400196406
20,893,precision,0.8221343873517787
20,893,recall,0.9904761904761905
20,893,f1,0.8984881209503239
20,894,PR_AUC,0.9549990371042091
20,894,Brier,0.011373966984808604
20,894,precision,0.7563636363636363
20,894,recall,0.9904761904761905
20,894,f1,0.8577319587628865
20,895,PR_AUC,0.9769025876451571
20,895,Brier,0.012224687880841521
20,895,precision,0.8253968253968254
20,895,recall,0.9904761904761905
20,895,f1,0.9004329004329005
20,896,PR_AUC,0.9733807378906091
20,896,Brier,0.012008414669836124
20,896,precision,0.8125
20,896,recall,0.9904761904761905
20,896,f1,0.8927038626609443
20,897,PR_AUC,0.9554975635277568
20,897,Brier,0.011997604316533099
20,897,precision,0.8340080971659919
20,897,recall,0.9809523809523809
20,897,f1,0.9015317286652079
20,898,PR_AUC,0.9355696324520428
20,898,Brier,0.01177236140279671
20,898,precision,0.7790262172284644
20,898,recall,0.9904761904761905
20,898,f1,0.8721174004192872
20,899,PR_AUC,0.9390565826289732
20,899,Brier,0.014668406865781065
20,899,precision,0.8188976377952756
20,899,recall,0.9904761904761905
20,899,f1,0.896551724137931
20,900,PR_AUC,0.9560528962066172
20,900,Brier,0.011789231953697927
20,900,precision,0.7703703703703704
20,900,recall,0.9904761904761905
20,900,f1,0.8666666666666667
20,901,PR_AUC,0.9671125030459868
20,901,Brier,0.011503103468758281
20,901,precision,0.7581227436823105
20,901,recall,1.0
20,901,f1,0.8624229979466119
20,902,PR_AUC,0.9759711546573746
20,902,Brier,0.012662081387417133
20,902,precision,0.85
20,902,recall,0.9714285714285714
20,902,f1,0.9066666666666666
20,903,PR_AUC,0.9691860158763611
20,903,Brier,0.012746364560407671
20,903,precision,0.8156862745098039
20,903,recall,0.9904761904761905
20,903,f1,0.8946236559139785
20,904,PR_AUC,0.9480270584548773
20,904,Brier,0.013126979398073639
20,904,precision,0.7878787878787878
20,904,recall,0.9904761904761905
20,904,f1,0.8776371308016878
20,905,PR_AUC,0.958342798876908
20,905,Brier,0.010884458308288825
20,905,precision,0.7969348659003831
20,905,recall,0.9904761904761905
20,905,f1,0.8832271762208068
20,906,PR_AUC,0.981652762137594
20,906,Brier,0.011393828997480397
20,906,precision,0.7790262172284644
20,906,recall,0.9904761904761905
20,906,f1,0.8721174004192872
20,907,PR_AUC,0.940621484155786
20,907,Brier,0.013368895819084303
20,907,precision,0.8259109311740891
20,907,recall,0.9714285714285714
20,907,f1,0.8927789934354485
20,908,PR_AUC,0.9791845147827295
20,908,Brier,0.011672667716354895
20,908,precision,0.7849056603773585
20,908,recall,0.9904761904761905
20,908,f1,0.8757894736842106
20,909,PR_AUC,0.9700063360277165
20,909,Brier,0.012963259826913086
20,909,precision,0.8571428571428571
20,909,recall,0.9714285714285714
20,909,f1,0.9107142857142857
20,910,PR_AUC,0.9600298705120945
20,910,Brier,0.01069976274606693
20,910,precision,0.7664233576642335
20,910,recall,1.0
20,910,f1,0.8677685950413223
20,911,PR_AUC,0.9768292829011798
20,911,Brier,0.012100120043445144
20,911,precision,0.7790262172284644
20,911,recall,0.9904761904761905
20,911,f1,0.8721174004192872
20,912,PR_AUC,0.9362993540201598
20,912,Brier,0.014567505295520953
20,912,precision,0.7878787878787878
20,912,recall,0.9904761904761905
20,912,f1,0.8776371308016878
20,913,PR_AUC,0.950859037310215
20,913,Brier,0.009786118582613123
20,913,precision,0.813953488372093
20,913,recall,1.0
20,913,f1,0.8974358974358975
20,914,PR_AUC,0.9615297149333979
20,914,Brier,0.010387894671230547
20,914,precision,0.8489795918367347
20,914,recall,0.9904761904761905
20,914,f1,0.9142857142857143
20,915,PR_AUC,0.9494561260907335
20,915,Brier,0.010490423800376757
20,915,precision,0.7744360902255639
20,915,recall,0.9809523809523809
20,915,f1,0.865546218487395
20,916,PR_AUC,0.9760843793441738
20,916,Brier,0.011889438069564032
20,916,precision,0.8207171314741036
20,916,recall,0.9809523809523809
20,916,f1,0.8937093275488069
20,917,PR_AUC,0.9821269811283255
20,917,Brier,0.012029527972357693
20,917,precision,0.8188976377952756
20,917,recall,0.9904761904761905
20,917,f1,0.896551724137931
20,918,PR_AUC,0.9600930305965986
20,918,Brier,0.011688499279871322
20,918,precision,0.8489795918367347
20,918,recall,0.9904761904761905
20,918,f1,0.9142857142857143
20,919,PR_AUC,0.9668249838920815
20,919,Brier,0.01320577032122256
20,919,precision,0.7509025270758123
20,919,recall,0.9904761904761905
20,919,f1,0.8542094455852156
20,920,PR_AUC,0.9464480965341259
20,920,Brier,0.012986599445958301
20,920,precision,0.8273092369477911
20,920,recall,0.9809523809523809
20,920,f1,0.8976034858387799
20,921,PR_AUC,0.956543592596942
20,921,Brier,0.01138697622206295
20,921,precision,0.803088803088803
20,921,recall,0.9904761904761905
20,921,f1,0.8869936034115139
20,922,PR_AUC,0.9230903648213634
20,922,Brier,0.013101494120370438
20,922,precision,0.8062015503875969
20,922,recall,0.9904761904761905
20,922,f1,0.8888888888888888
20,923,PR_AUC,0.9652311752264962
20,923,Brier,0.010850388933669195
20,923,precision,0.8188976377952756
20,923,recall,0.9904761904761905
20,923,f1,0.896551724137931
20,924,PR_AUC,0.9632212445326664
20,924,Brier,0.010238657030738429
20,924,precision,0.7984790874524715
20,924,recall,1.0
20,924,f1,0.8879492600422833
20,925,PR_AUC,0.9543380924607773
20,925,Brier,0.012028864410003375
20,925,precision,0.7803030303030303
20,925,recall,0.9809523809523809
20,925,f1,0.869198312236287
20,926,PR_AUC,0.9717389243077508
20,926,Brier,0.013064045867408945
20,926,precision,0.7647058823529411
20,926,recall,0.9904761904761905
20,926,f1,0.8630705394190872
20,927,PR_AUC,0.9598980697550991
20,927,Brier,0.01147587512826574
20,927,precision,0.8571428571428571
20,927,recall,1.0
20,927,f1,0.9230769230769231
20,928,PR_AUC,0.9702831697938794
20,928,Brier,0.012388981689359242
20,928,precision,0.8524590163934426
20,928,recall,0.9904761904761905
20,928,f1,0.9162995594713657
20,929,PR_AUC,0.9550260293202962
20,929,Brier,0.01162057383981819
20,929,precision,0.7849056603773585
20,929,recall,0.9904761904761905
20,929,f1,0.8757894736842106
20,930,PR_AUC,0.9478789525550972
20,930,Brier,0.009917132166600565
20,930,precision,0.8076923076923077
20,930,recall,1.0
20,930,f1,0.8936170212765957
20,931,PR_AUC,0.9532872650746389
20,931,Brier,0.009978937732035531
20,931,precision,0.7664233576642335
20,931,recall,1.0
20,931,f1,0.8677685950413223
20,932,PR_AUC,0.9672885071275662
20,932,Brier,0.0105450678427427
20,932,precision,0.7924528301886793
20,932,recall,1.0
20,932,f1,0.8842105263157894
20,933,PR_AUC,0.9451564031096378
20,933,Brier,0.011280870105678348
20,933,precision,0.8125
20,933,recall,0.9904761904761905
20,933,f1,0.8927038626609443
20,934,PR_AUC,0.9832251629219906
20,934,Brier,0.01099702784701492
20,934,precision,0.8366533864541833
20,934,recall,1.0
20,934,f1,0.911062906724512
20,935,PR_AUC,0.911693778592565
20,935,Brier,0.010081367117000481
20,935,precision,0.7923076923076923
20,935,recall,0.9809523809523809
20,935,f1,0.8765957446808511
20,936,PR_AUC,0.9689262756564762
20,936,Brier,0.013108711034943482
20,936,precision,0.7969348659003831
20,936,recall,0.9904761904761905
20,936,f1,0.8832271762208068
20,937,PR_AUC,0.9664376911385506
20,937,Brier,0.012494085543945951
20,937,precision,0.8455284552845529
20,937,recall,0.9904761904761905
20,937,f1,0.9122807017543859
20,938,PR_AUC,0.9516610849601473
20,938,Brier,0.01127338829998686
20,938,precision,0.8286852589641435
20,938,recall,0.9904761904761905
20,938,f1,0.9023861171366594
20,939,PR_AUC,0.9801162390770931
20,939,Brier,0.012239942656946787
20,939,precision,0.8156862745098039
20,939,recall,0.9904761904761905
20,939,f1,0.8946236559139785
20,940,PR_AUC,0.9585476590491913
20,940,Brier,0.011356946711030958
20,940,precision,0.7446808510638298
20,940,recall,1.0
20,940,f1,0.8536585365853658
20,941,PR_AUC,0.9514894226103587
20,941,Brier,0.009685732869553525
20,941,precision,0.7608695652173914
20,941,recall,1.0
20,941,f1,0.8641975308641975
20,942,PR_AUC,0.940219535484906
20,942,Brier,0.011269282551482424
20,942,precision,0.8253968253968254
20,942,recall,0.9904761904761905
20,942,f1,0.9004329004329005
20,943,PR_AUC,0.9622917158372105
20,943,Brier,0.010045029477866594
20,943,precision,0.7894736842105263
20,943,recall,1.0
20,943,f1,0.8823529411764706
20,944,PR_AUC,0.9852958747715289
20,944,Brier,0.010310772105027606
20,944,precision,0.8156862745098039
20,944,recall,0.9904761904761905
20,944,f1,0.8946236559139785
20,945,PR_AUC,0.9784194718696669
20,945,Brier,0.013068481508409379
20,945,precision,0.8125
20,945,recall,0.9904761904761905
20,945,f1,0.8927038626609443
20,946,PR_AUC,0.9467134764667737
20,946,Brier,0.01300586180774322
20,946,precision,0.8142292490118577
20,946,recall,0.9809523809523809
20,946,f1,0.8898488120950324
20,947,PR_AUC,0.9368438207416242
20,947,Brier,0.011315893217822729
20,947,precision,0.7937743190661478
20,947,recall,0.9714285714285714
20,947,f1,0.8736616702355461
20,948,PR_AUC,0.9740809903591026
20,948,Brier,0.012505128493471962
20,948,precision,0.8512396694214877
20,948,recall,0.9809523809523809
20,948,f1,0.911504424778761
20,949,PR_AUC,0.9797958237609204
20,949,Brier,0.012491688709220915
20,949,precision,0.7865168539325843
20,949,recall,1.0
20,949,f1,0.8805031446540881
20,950,PR_AUC,0.9556671601822221
20,950,Brier,0.011601670923839335
20,950,precision,0.7647058823529411
20,950,recall,0.9904761904761905
20,950,f1,0.8630705394190872
20,951,PR_AUC,0.9484196295240568
20,951,Brier,0.012299070424020503
20,951,precision,0.7732342007434945
20,951,recall,0.9904761904761905
20,951,f1,0.8684759916492694
20,952,PR_AUC,0.9920102686489718
20,952,Brier,0.011199010928534809
20,952,precision,0.7835820895522388
20,952,recall,1.0
20,952,f1,0.8786610878661087
20,953,PR_AUC,0.9443653183817322
20,953,Brier,0.013430590547818755
20,953,precision,0.8244897959183674
20,953,recall,0.9619047619047619
20,953,f1,0.8879120879120879
20,954,PR_AUC,0.953027710434605
20,954,Brier,0.011812702435573058
20,954,precision,0.8489795918367347
20,954,recall,0.9904761904761905
20,954,f1,0.9142857142857143
20,955,PR_AUC,0.9565780909329515
20,955,Brier,0.011815354117016424
20,955,precision,0.7619047619047619
20,955,recall,0.9904761904761905
20,955,f1,0.8612836438923396
20,956,PR_AUC,0.9530563662974683
20,956,Brier,0.012661736220576612
20,956,precision,0.8583333333333333
20,956,recall,0.9809523809523809
20,956,f1,0.9155555555555556
20,957,PR_AUC,0.9255053166983512
20,957,Brier,0.01268952913441558
20,957,precision,0.7545787545787546
20,957,recall,0.9809523809523809
20,957,f1,0.8530020703933747
20,958,PR_AUC,0.9400061030435993
20,958,Brier,0.01380370515188033
20,958,precision,0.8095238095238095
20,958,recall,0.9714285714285714
20,958,f1,0.8831168831168831
20,959,PR_AUC,0.958251702189655
20,959,Brier,0.012098137881251097
20,959,precision,0.8125
20,959,recall,0.9904761904761905
20,959,f1,0.8927038626609443
20,960,PR_AUC,0.9711365554484309
20,960,Brier,0.012799484964576818
20,960,precision,0.8583333333333333
20,960,recall,0.9809523809523809
20,960,f1,0.9155555555555556
20,961,PR_AUC,0.9500040548414985
20,961,Brier,0.011715406395215228
20,961,precision,0.8188976377952756
20,961,recall,0.9904761904761905
20,961,f1,0.896551724137931
20,962,PR_AUC,0.9410184965291997
20,962,Brier,0.011172395167105532
20,962,precision,0.7636363636363637
20,962,recall,1.0
20,962,f1,0.865979381443299
20,963,PR_AUC,0.931168139278245
20,963,Brier,0.011931563185465474
20,963,precision,0.796875
20,963,recall,0.9714285714285714
20,963,f1,0.8755364806866953
20,964,PR_AUC,0.948898347078454
20,964,Brier,0.010742186666804023
20,964,precision,0.7581227436823105
20,964,recall,1.0
20,964,f1,0.8624229979466119
20,965,PR_AUC,0.967909756104569
20,965,Brier,0.010017156915875174
20,965,precision,0.7894736842105263
20,965,recall,1.0
20,965,f1,0.8823529411764706
20,966,PR_AUC,0.9798452544122063
20,966,Brier,0.011749577582348167
20,966,precision,0.7806691449814126
20,966,recall,1.0
20,966,f1,0.8768267223382046
20,967,PR_AUC,0.9802347225238529
20,967,Brier,0.012534172800520478
20,967,precision,0.8340080971659919
20,967,recall,0.9809523809523809
20,967,f1,0.9015317286652079
20,968,PR_AUC,0.9512213015917967
20,968,Brier,0.010112211466329072
20,968,precision,0.7664233576642335
20,968,recall,1.0
20,968,f1,0.8677685950413223
20,969,PR_AUC,0.9318005200374334
20,969,Brier,0.011764172413581101
20,969,precision,0.803088803088803
20,969,recall,0.9904761904761905
20,969,f1,0.8869936034115139
20,970,PR_AUC,0.9672245063328
20,970,Brier,0.013869733821166264
20,970,precision,0.8171206225680934
20,970,recall,1.0
20,970,f1,0.8993576017130621
20,971,PR_AUC,0.9726766763753033
20,971,Brier,0.012334839222241992
20,971,precision,0.7394366197183099
20,971,recall,1.0
20,971,f1,0.8502024291497976
20,972,PR_AUC,0.9391315573565879
20,972,Brier,0.01162971447006151
20,972,precision,0.7591240875912408
20,972,recall,0.9904761904761905
20,972,f1,0.859504132231405
20,973,PR_AUC,0.9540031206544747
20,973,Brier,0.012597981350444643
20,973,precision,0.7773584905660378
20,973,recall,0.9809523809523809
20,973,f1,0.8673684210526316
20,974,PR_AUC,0.9705941418918045
20,974,Brier,0.013135446405795953
20,974,precision,0.8535564853556485
20,974,recall,0.9714285714285714
20,974,f1,0.9086859688195991
20,975,PR_AUC,0.9652932587556013
20,975,Brier,0.013903650665982863
20,975,precision,0.8174603174603174
20,975,recall,0.9809523809523809
20,975,f1,0.8917748917748918
20,976,PR_AUC,0.9605035094855563
20,976,Brier,0.013560475249687499
20,976,precision,0.8421052631578947
20,976,recall,0.9904761904761905
20,976,f1,0.9102844638949672
20,977,PR_AUC,0.9517589496850941
20,977,Brier,0.009808360491696937
20,977,precision,0.8076923076923077
20,977,recall,1.0
20,977,f1,0.8936170212765957
20,978,PR_AUC,0.9741504418705138
20,978,Brier,0.012368301535391228
20,978,precision,0.7761194029850746
20,978,recall,0.9904761904761905
20,978,f1,0.8702928870292888
20,979,PR_AUC,0.9555519833845054
20,979,Brier,0.01188499875158712
20,979,precision,0.8156862745098039
20,979,recall,0.9904761904761905
20,979,f1,0.8946236559139785
20,980,PR_AUC,0.9424045388224607
20,980,Brier,0.012826658186598143
20,980,precision,0.7984496124031008
20,980,recall,0.9809523809523809
20,980,f1,0.8803418803418803
20,981,PR_AUC,0.9453252834203816
20,981,Brier,0.010633822295834181
20,981,precision,0.8221343873517787
20,981,recall,0.9904761904761905
20,981,f1,0.8984881209503239
20,982,PR_AUC,0.9662059501006387
20,982,Brier,0.011106370516945645
20,982,precision,0.8286852589641435
20,982,recall,0.9904761904761905
20,982,f1,0.9023861171366594
20,983,PR_AUC,0.9518106147431714
20,983,Brier,0.012131133088900367
20,983,precision,0.8221343873517787
20,983,recall,0.9904761904761905
20,983,f1,0.8984881209503239
20,984,PR_AUC,0.9296766537694194
20,984,Brier,0.01274455190184509
20,984,precision,0.8062015503875969
20,984,recall,0.9904761904761905
20,984,f1,0.8888888888888888
20,985,PR_AUC,0.9641621373772518
20,985,Brier,0.01407135914123119
20,985,precision,0.8062015503875969
20,985,recall,0.9904761904761905
20,985,f1,0.8888888888888888
20,986,PR_AUC,0.9553870228958309
20,986,Brier,0.011746405294103835
20,986,precision,0.8015564202334631
20,986,recall,0.9809523809523809
20,986,f1,0.8822269807280514
20,987,PR_AUC,0.9814884709491645
20,987,Brier,0.011201799004377497
20,987,precision,0.7923076923076923
20,987,recall,0.9809523809523809
20,987,f1,0.8765957446808511
20,988,PR_AUC,0.9747793601778266
20,988,Brier,0.012616670525671489
20,988,precision,0.8221343873517787
20,988,recall,0.9904761904761905
20,988,f1,0.8984881209503239
20,989,PR_AUC,0.966878632238253
20,989,Brier,0.013918575899130025
20,989,precision,0.8142292490118577
20,989,recall,0.9809523809523809
20,989,f1,0.8898488120950324
20,990,PR_AUC,0.9718701505510638
20,990,Brier,0.0132722257788928
20,990,precision,0.7894736842105263
20,990,recall,1.0
20,990,f1,0.8823529411764706
20,991,PR_AUC,0.9511511706710565
20,991,Brier,0.012197260740806268
20,991,precision,0.8253968253968254
20,991,recall,0.9904761904761905
20,991,f1,0.9004329004329005
20,992,PR_AUC,0.9536333754519455
20,992,Brier,0.012155599699492136
20,992,precision,0.8156862745098039
20,992,recall,0.9904761904761905
20,992,f1,0.8946236559139785
20,993,PR_AUC,0.9732925286974107
20,993,Brier,0.012113650299128597
20,993,precision,0.7761194029850746
20,993,recall,0.9904761904761905
20,993,f1,0.8702928870292888
20,994,PR_AUC,0.9805345260203245
20,994,Brier,0.010366879931546126
20,994,precision,0.8489795918367347
20,994,recall,0.9904761904761905
20,994,f1,0.9142857142857143
20,995,PR_AUC,0.9777010928525549
20,995,Brier,0.011839447055742872
20,995,precision,0.8300395256916996
20,995,recall,1.0
20,995,f1,0.9071274298056156
20,996,PR_AUC,0.9438579327253767
20,996,Brier,0.010388260168730288
20,996,precision,0.7473309608540926
20,996,recall,1.0
20,996,f1,0.8553971486761711
20,997,PR_AUC,0.9657718527459982
20,997,Brier,0.012970137673653535
20,997,precision,0.8110236220472441
20,997,recall,0.9809523809523809
20,997,f1,0.8879310344827587
20,998,PR_AUC,0.9875436912276309
20,998,Brier,0.010713984167059277
20,998,precision,0.8076923076923077
20,998,recall,1.0
20,998,f1,0.8936170212765957
20,999,PR_AUC,0.9754064612394806
20,999,Brier,0.01211026251934555
20,999,precision,0.7984790874524715
20,999,recall,1.0
20,999,f1,0.8879492600422833
20,1000,PR_AUC,0.9516696843035095
20,1000,Brier,0.009711448531469824
20,1000,precision,0.7692307692307693
20,1000,recall,1.0
20,1000,f1,0.8695652173913043
30,1,PR_AUC,0.9529770041769727
30,1,Brier,0.018078278265217112
30,1,precision,0.7322274881516587
30,1,recall,0.9967741935483871
30,1,f1,0.8442622950819673
30,2,PR_AUC,0.9448281363462638
30,2,Brier,0.024533026011951786
30,2,precision,0.7126436781609196
30,2,recall,1.0
30,2,f1,0.8322147651006712
30,3,PR_AUC,0.9657173407198467
30,3,Brier,0.016198077719836564
30,3,precision,0.820855614973262
30,3,recall,0.9903225806451613
30,3,f1,0.8976608187134503
30,4,PR_AUC,0.9473191340280913
30,4,Brier,0.018812151381395255
30,4,precision,0.7917737789203085
30,4,recall,0.9935483870967742
30,4,f1,0.8812589413447782
30,5,PR_AUC,0.9589225135882486
30,5,Brier,0.02079126174558463
30,5,precision,0.8095238095238095
30,5,recall,0.9870967741935484
30,5,f1,0.8895348837209303
30,6,PR_AUC,0.9741411840202887
30,6,Brier,0.019686347698079622
30,6,precision,0.7882653061224489
30,6,recall,0.9967741935483871
30,6,f1,0.8803418803418803
30,7,PR_AUC,0.9780656356062734
30,7,Brier,0.018879454820639706
30,7,precision,0.8230563002680965
30,7,recall,0.9903225806451613
30,7,f1,0.8989751098096632
30,8,PR_AUC,0.9339871888975206
30,8,Brier,0.023390632546567203
30,8,precision,0.7536945812807881
30,8,recall,0.9870967741935484
30,8,f1,0.8547486033519553
30,9,PR_AUC,0.9779642504986485
30,9,Brier,0.020307207077065133
30,9,precision,0.7103448275862069
30,9,recall,0.9967741935483871
30,9,f1,0.8295302013422818
30,10,PR_AUC,0.9644416941412131
30,10,Brier,0.017462891169169156
30,10,precision,0.8138297872340425
30,10,recall,0.9870967741935484
30,10,f1,0.892128279883382
30,11,PR_AUC,0.957688191034489
30,11,Brier,0.020000931054143946
30,11,precision,0.7345971563981043
30,11,recall,1.0
30,11,f1,0.8469945355191257
30,12,PR_AUC,0.9519719022542397
30,12,Brier,0.01722644621428791
30,12,precision,0.7817258883248731
30,12,recall,0.9935483870967742
30,12,f1,0.875
30,13,PR_AUC,0.9736598113238437
30,13,Brier,0.013465114168767027
30,13,precision,0.8126649076517151
30,13,recall,0.9935483870967742
30,13,f1,0.8940493468795355
30,14,PR_AUC,0.9589674277543272
30,14,Brier,0.01777905297193917
30,14,precision,0.8213333333333334
30,14,recall,0.9935483870967742
30,14,f1,0.8992700729927007
30,15,PR_AUC,0.9865705837012996
30,15,Brier,0.015898065168327764
30,15,precision,0.8789625360230547
30,15,recall,0.9838709677419355
30,15,f1,0.928462709284627
30,16,PR_AUC,0.9569535414730669
30,16,Brier,0.01923538764744453
30,16,precision,0.7604938271604939
30,16,recall,0.9935483870967742
30,16,f1,0.8615384615384616
30,17,PR_AUC,0.9793489794810075
30,17,Brier,0.017584118839159942
30,17,precision,0.7958656330749354
30,17,recall,0.9935483870967742
30,17,f1,0.8837876614060258
30,18,PR_AUC,0.9542883068431329
30,18,Brier,0.02266121483198066
30,18,precision,0.7311320754716981
30,18,recall,1.0
30,18,f1,0.8446866485013624
30,19,PR_AUC,0.9469276303929419
30,19,Brier,0.018908359515655098
30,19,precision,0.7686567164179104
30,19,recall,0.9967741935483871
30,19,f1,0.8679775280898876
30,20,PR_AUC,0.9553412237501846
30,20,Brier,0.020480278367105927
30,20,precision,0.7328605200945626
30,20,recall,1.0
30,20,f1,0.8458390177353342
30,21,PR_AUC,0.980764113058924
30,21,Brier,0.014792018286108917
30,21,precision,0.8415300546448088
30,21,recall,0.9935483870967742
30,21,f1,0.9112426035502958
30,22,PR_AUC,0.9813106626977253
30,22,Brier,0.017793514844079567
30,22,precision,0.7610837438423645
30,22,recall,0.9967741935483871
30,22,f1,0.8631284916201117
30,23,PR_AUC,0.9878466882066308
30,23,Brier,0.016897453487435793
30,23,precision,0.8866279069767442
30,23,recall,0.9838709677419355
30,23,f1,0.9327217125382263
30,24,PR_AUC,0.9457056116126163
30,24,Brier,0.01981787158264795
30,24,precision,0.7738693467336684
30,24,recall,0.9935483870967742
30,24,f1,0.8700564971751412
30,25,PR_AUC,0.9791802112738182
30,25,Brier,0.018538940217830396
30,25,precision,0.7209302325581395
30,25,recall,1.0
30,25,f1,0.8378378378378378
30,26,PR_AUC,0.9717123457163531
30,26,Brier,0.019713987220332112
30,26,precision,0.7817258883248731
30,26,recall,0.9935483870967742
30,26,f1,0.875
30,27,PR_AUC,0.9583568883940936
30,27,Brier,0.020235252551378577
30,27,precision,0.7803030303030303
30,27,recall,0.9967741935483871
30,27,f1,0.8753541076487252
30,28,PR_AUC,0.981855203062505
30,28,Brier,0.016261722416252313
30,28,precision,0.7506053268765133
30,28,recall,1.0
30,28,f1,0.8575380359612724
30,29,PR_AUC,0.9459233819683323
30,29,Brier,0.022016762875081933
30,29,precision,0.7598039215686274
30,29,recall,1.0
30,29,f1,0.8635097493036211
30,30,PR_AUC,0.944917459375072
30,30,Brier,0.018405363925571742
30,30,precision,0.7667493796526055
30,30,recall,0.9967741935483871
30,30,f1,0.8667601683029453
30,31,PR_AUC,0.9399707305255042
30,31,Brier,0.020003219411904177
30,31,precision,0.7013574660633484
30,31,recall,1.0
30,31,f1,0.824468085106383
30,32,PR_AUC,0.9722885832469125
30,32,Brier,0.021578632871653968
30,32,precision,0.7953367875647669
30,32,recall,0.9903225806451613
30,32,f1,0.882183908045977
30,33,PR_AUC,0.9766070171960091
30,33,Brier,0.020220889974948197
30,33,precision,0.8100263852242744
30,33,recall,0.9903225806451613
30,33,f1,0.8911465892597968
30,34,PR_AUC,0.9816022917816791
30,34,Brier,0.017122421232550922
30,34,precision,0.85
30,34,recall,0.9870967741935484
30,34,f1,0.9134328358208955
30,35,PR_AUC,0.9812854323493962
30,35,Brier,0.01815761032993082
30,35,precision,0.7842639593908629
30,35,recall,0.9967741935483871
30,35,f1,0.8778409090909091
30,36,PR_AUC,0.9813601043547595
30,36,Brier,0.01545798259267201
30,36,precision,0.8869565217391304
30,36,recall,0.9870967741935484
30,36,f1,0.934351145038168
30,37,PR_AUC,0.9302756452886016
30,37,Brier,0.02056205217365256
30,37,precision,0.7322274881516587
30,37,recall,0.9967741935483871
30,37,f1,0.8442622950819673
30,38,PR_AUC,0.9824949954483981
30,38,Brier,0.01588884359771529
30,38,precision,0.7963917525773195
30,38,recall,0.9967741935483871
30,38,f1,0.8853868194842407
30,39,PR_AUC,0.9542710982574142
30,39,Brier,0.017631768650571988
30,39,precision,0.7752525252525253
30,39,recall,0.9903225806451613
30,39,f1,0.8696883852691218
30,40,PR_AUC,0.9557480676552156
30,40,Brier,0.021044255898914427
30,40,precision,0.8010471204188482
30,40,recall,0.9870967741935484
30,40,f1,0.884393063583815
30,41,PR_AUC,0.9354237092774856
30,41,Brier,0.018398089324789774
30,41,precision,0.7573529411764706
30,41,recall,0.9967741935483871
30,41,f1,0.8607242339832869
30,42,PR_AUC,0.933862134535918
30,42,Brier,0.019170730179251215
30,42,precision,0.7791878172588832
30,42,recall,0.9903225806451613
30,42,f1,0.8721590909090909
30,43,PR_AUC,0.9496053909023646
30,43,Brier,0.018414466684491402
30,43,precision,0.7837150127226463
30,43,recall,0.9935483870967742
30,43,f1,0.8762446657183499
30,44,PR_AUC,0.9682310102279992
30,44,Brier,0.017749916666363368
30,44,precision,0.763681592039801
30,44,recall,0.9903225806451613
30,44,f1,0.8623595505617978
30,45,PR_AUC,0.9832697649036661
30,45,Brier,0.018876066448195852
30,45,precision,0.7560975609756098
30,45,recall,1.0
30,45,f1,0.8611111111111112
30,46,PR_AUC,0.9612632787268767
30,46,Brier,0.021098939069043556
30,46,precision,0.7536585365853659
30,46,recall,0.9967741935483871
30,46,f1,0.8583333333333333
30,47,PR_AUC,0.9848421111750536
30,47,Brier,0.017288833548172327
30,47,precision,0.8495821727019499
30,47,recall,0.9838709677419355
30,47,f1,0.9118086696562033
30,48,PR_AUC,0.943260991645017
30,48,Brier,0.020238013299535146
30,48,precision,0.7732997481108312
30,48,recall,0.9903225806451613
30,48,f1,0.8684582743988685
30,49,PR_AUC,0.9627315104788882
30,49,Brier,0.018863195656635807
30,49,precision,0.7738693467336684
30,49,recall,0.9935483870967742
30,49,f1,0.8700564971751412
30,50,PR_AUC,0.9698590770918176
30,50,Brier,0.016153866421610596
30,50,precision,0.7686567164179104
30,50,recall,0.9967741935483871
30,50,f1,0.8679775280898876
30,51,PR_AUC,0.9804065970584669
30,51,Brier,0.016486930653151453
30,51,precision,0.8342391304347826
30,51,recall,0.9903225806451613
30,51,f1,0.9056047197640118
30,52,PR_AUC,0.9490255710388373
30,52,Brier,0.017548070076209323
30,52,precision,0.8078947368421052
30,52,recall,0.9903225806451613
30,52,f1,0.8898550724637682
30,53,PR_AUC,0.939577668723079
30,53,Brier,0.017678063187648283
30,53,precision,0.7831632653061225
30,53,recall,0.9903225806451613
30,53,f1,0.8746438746438746
30,54,PR_AUC,0.9689698548194348
30,54,Brier,0.017055144307933062
30,54,precision,0.8406593406593407
30,54,recall,0.9870967741935484
30,54,f1,0.9080118694362018
30,55,PR_AUC,0.9387837064781726
30,55,Brier,0.022628389073301062
30,55,precision,0.7772151898734178
30,55,recall,0.9903225806451613
30,55,f1,0.8709219858156029
30,56,PR_AUC,0.9769985299756352
30,56,Brier,0.01622215539691701
30,56,precision,0.7902813299232737
30,56,recall,0.9967741935483871
30,56,f1,0.8815977175463623
30,57,PR_AUC,0.984786126318685
30,57,Brier,0.012966154387260996
30,57,precision,0.8579387186629527
30,57,recall,0.9935483870967742
30,57,f1,0.9207772795216741
30,58,PR_AUC,0.9816724406974865
30,58,Brier,0.018071532109806707
30,58,precision,0.8078947368421052
30,58,recall,0.9903225806451613
30,58,f1,0.8898550724637682
30,59,PR_AUC,0.9194098839683302
30,59,Brier,0.022608926680706486
30,59,precision,0.7475728155339806
30,59,recall,0.9935483870967742
30,59,f1,0.853185595567867
30,60,PR_AUC,0.964705496280934
30,60,Brier,0.018420730911224478
30,60,precision,0.7938144329896907
30,60,recall,0.9935483870967742
30,60,f1,0.8825214899713467
30,61,PR_AUC,0.9491567855492644
30,61,Brier,0.02016077487820881
30,61,precision,0.7758186397984886
30,61,recall,0.9935483870967742
30,61,f1,0.8712871287128713
30,62,PR_AUC,0.9445571927227803
30,62,Brier,0.021667571221744793
30,62,precision,0.7593052109181141
30,62,recall,0.9870967741935484
30,62,f1,0.8583450210378681
30,63,PR_AUC,0.9568121157471842
30,63,Brier,0.018907530926576044
30,63,precision,0.7882653061224489
30,63,recall,0.9967741935483871
30,63,f1,0.8803418803418803
30,64,PR_AUC,0.9378079970349328
30,64,Brier,0.0233685667245124
30,64,precision,0.7350835322195705
30,64,recall,0.9935483870967742
30,64,f1,0.8449931412894376
30,65,PR_AUC,0.9552940003705745
30,65,Brier,0.020263150163149363
30,65,precision,0.7897435897435897
30,65,recall,0.9935483870967742
30,65,f1,0.88
30,66,PR_AUC,0.9420961374434895
30,66,Brier,0.020435460885711056
30,66,precision,0.7592137592137592
30,66,recall,0.9967741935483871
30,66,f1,0.8619246861924686
30,67,PR_AUC,0.9105782997391858
30,67,Brier,0.021429415506358945
30,67,precision,0.7315914489311164
30,67,recall,0.9935483870967742
30,67,f1,0.8426812585499316
30,68,PR_AUC,0.9662481779584335
30,68,Brier,0.01823891595237781
30,68,precision,0.744578313253012
30,68,recall,0.9967741935483871
30,68,f1,0.8524137931034482
30,69,PR_AUC,0.9731414771927719
30,69,Brier,0.021599868399551376
30,69,precision,0.8126649076517151
30,69,recall,0.9935483870967742
30,69,f1,0.8940493468795355
30,70,PR_AUC,0.9265878373004962
30,70,Brier,0.0216290335656111
30,70,precision,0.744578313253012
30,70,recall,0.9967741935483871
30,70,f1,0.8524137931034482
30,71,PR_AUC,0.9700355990180559
30,71,Brier,0.02405964970778919
30,71,precision,0.8031088082901554
30,71,recall,1.0
30,71,f1,0.8908045977011494
30,72,PR_AUC,0.9610182127504352
30,72,Brier,0.01773380593718051
30,72,precision,0.7777777777777778
30,72,recall,0.9935483870967742
30,72,f1,0.8725212464589235
30,73,PR_AUC,0.9587122954561164
30,73,Brier,0.020935591109591072
30,73,precision,0.7457627118644068
30,73,recall,0.9935483870967742
30,73,f1,0.8520055325034578
30,74,PR_AUC,0.9555915381387045
30,74,Brier,0.020003310710872937
30,74,precision,0.7518248175182481
30,74,recall,0.9967741935483871
30,74,f1,0.8571428571428571
30,75,PR_AUC,0.9625495717048759
30,75,Brier,0.018880361663434285
30,75,precision,0.7837150127226463
30,75,recall,0.9935483870967742
30,75,f1,0.8762446657183499
30,76,PR_AUC,0.9249965331552665
30,76,Brier,0.022337083670040378
30,76,precision,0.7791878172588832
30,76,recall,0.9903225806451613
30,76,f1,0.8721590909090909
30,77,PR_AUC,0.9759420682802191
30,77,Brier,0.0201164740084729
30,77,precision,0.8425414364640884
30,77,recall,0.9838709677419355
30,77,f1,0.9077380952380952
30,78,PR_AUC,0.9819673578419122
30,78,Brier,0.016882319819293855
30,78,precision,0.77
30,78,recall,0.9935483870967742
30,78,f1,0.8676056338028169
30,79,PR_AUC,0.9799736799806396
30,79,Brier,0.01878585548465682
30,79,precision,0.770573566084788
30,79,recall,0.9967741935483871
30,79,f1,0.869198312236287
30,80,PR_AUC,0.9649424197771272
30,80,Brier,0.01631299732476539
30,80,precision,0.8595505617977528
30,80,recall,0.9870967741935484
30,80,f1,0.918918918918919
30,81,PR_AUC,0.9847076178541776
30,81,Brier,0.014938129225065388
30,81,precision,0.8619718309859155
30,81,recall,0.9870967741935484
30,81,f1,0.9203007518796993
30,82,PR_AUC,0.9695263577924577
30,82,Brier,0.02167894502444482
30,82,precision,0.7592137592137592
30,82,recall,0.9967741935483871
30,82,f1,0.8619246861924686
30,83,PR_AUC,0.9387555198858597
30,83,Brier,0.021603939002467716
30,83,precision,0.7811704834605598
30,83,recall,0.9903225806451613
30,83,f1,0.8733997155049786
30,84,PR_AUC,0.936182150000153
30,84,Brier,0.020305942555929997
30,84,precision,0.7573529411764706
30,84,recall,0.9967741935483871
30,84,f1,0.8607242339832869
30,85,PR_AUC,0.9592997726882342
30,85,Brier,0.01819930452965495
30,85,precision,0.7555012224938875
30,85,recall,0.9967741935483871
30,85,f1,0.8595271210013908
30,86,PR_AUC,0.9691404587708099
30,86,Brier,0.019065690852335566
30,86,precision,0.7963917525773195
30,86,recall,0.9967741935483871
30,86,f1,0.8853868194842407
30,87,PR_AUC,0.9579664252861854
30,87,Brier,0.01937477130357997
30,87,precision,0.7917737789203085
30,87,recall,0.9935483870967742
30,87,f1,0.8812589413447782
30,88,PR_AUC,0.9679560201140363
30,88,Brier,0.015489968051519042
30,88,precision,0.7783375314861462
30,88,recall,0.9967741935483871
30,88,f1,0.8741159830268741
30,89,PR_AUC,0.9548657082483485
30,89,Brier,0.022390109997123275
30,89,precision,0.7530562347188264
30,89,recall,0.9935483870967742
30,89,f1,0.8567454798331016
30,90,PR_AUC,0.9540822870018354
30,90,Brier,0.02030749817225771
30,90,precision,0.7738693467336684
30,90,recall,0.9935483870967742
30,90,f1,0.8700564971751412
30,91,PR_AUC,0.9411514493179248
30,91,Brier,0.022895252414843158
30,91,precision,0.7392344497607656
30,91,recall,0.9967741935483871
30,91,f1,0.8489010989010989
30,92,PR_AUC,0.9118887410452121
30,92,Brier,0.024016016020382808
30,92,precision,0.6866666666666666
30,92,recall,0.9967741935483871
30,92,f1,0.8131578947368421
30,93,PR_AUC,0.9782687847320684
30,93,Brier,0.018912630481884605
30,93,precision,0.8095238095238095
30,93,recall,0.9870967741935484
30,93,f1,0.8895348837209303
30,94,PR_AUC,0.9807609020849108
30,94,Brier,0.01637092793140293
30,94,precision,0.7763819095477387
30,94,recall,0.9967741935483871
30,94,f1,0.8728813559322034
30,95,PR_AUC,0.9507833899917262
30,95,Brier,0.02083514550559834
30,95,precision,0.7434052757793765
30,95,recall,1.0
30,95,f1,0.8528198074277854
30,96,PR_AUC,0.9863459773205867
30,96,Brier,0.013766646665792503
30,96,precision,0.794344473007712
30,96,recall,0.9967741935483871
30,96,f1,0.8841201716738197
30,97,PR_AUC,0.9439411805482876
30,97,Brier,0.019746338500839105
30,97,precision,0.7777777777777778
30,97,recall,0.9935483870967742
30,97,f1,0.8725212464589235
30,98,PR_AUC,0.9569631045058001
30,98,Brier,0.020514564503142606
30,98,precision,0.7219626168224299
30,98,recall,0.9967741935483871
30,98,f1,0.8373983739837398
30,99,PR_AUC,0.9701072647939878
30,99,Brier,0.015759674659433724
30,99,precision,0.806282722513089
30,99,recall,0.9935483870967742
30,99,f1,0.8901734104046243
30,100,PR_AUC,0.9682006371642592
30,100,Brier,0.021296147172445413
30,100,precision,0.7772151898734178
30,100,recall,0.9903225806451613
30,100,f1,0.8709219858156029
30,101,PR_AUC,0.9509737677014903
30,101,Brier,0.02110404216661463
30,101,precision,0.6897321428571429
30,101,recall,0.9967741935483871
30,101,f1,0.8153034300791556
30,102,PR_AUC,0.9531642762492577
30,102,Brier,0.01904593217480478
30,102,precision,0.8057742782152231
30,102,recall,0.9903225806451613
30,102,f1,0.8885672937771346
30,103,PR_AUC,0.9612950583702873
30,103,Brier,0.016022774632380988
30,103,precision,0.8213333333333334
30,103,recall,0.9935483870967742
30,103,f1,0.8992700729927007
30,104,PR_AUC,0.9276609482451625
30,104,Brier,0.021167350297917113
30,104,precision,0.7800511508951407
30,104,recall,0.9838709677419355
30,104,f1,0.8701854493580599
30,105,PR_AUC,0.9794325179475075
30,105,Brier,0.02033776871703497
30,105,precision,0.8527777777777777
30,105,recall,0.9903225806451613
30,105,f1,0.9164179104477612
30,106,PR_AUC,0.9529660780162376
30,106,Brier,0.01955403688041681
30,106,precision,0.75
30,106,recall,0.9967741935483871
30,106,f1,0.8559556786703602
30,107,PR_AUC,0.9640286385595982
30,107,Brier,0.01794165013333612
30,107,precision,0.7725
30,107,recall,0.9967741935483871
30,107,f1,0.8704225352112676
30,108,PR_AUC,0.9770199036841436
30,108,Brier,0.016335867172310295
30,108,precision,0.7862595419847328
30,108,recall,0.9967741935483871
30,108,f1,0.8790896159317212
30,109,PR_AUC,0.979085058966439
30,109,Brier,0.021051555230577213
30,109,precision,0.7380952380952381
30,109,recall,1.0
30,109,f1,0.8493150684931506
30,110,PR_AUC,0.9721348359808952
30,110,Brier,0.019910632423536606
30,110,precision,0.7711442786069652
30,110,recall,1.0
30,110,f1,0.8707865168539326
30,111,PR_AUC,0.9881030884167201
30,111,Brier,0.01591551990229088
30,111,precision,0.8346883468834688
30,111,recall,0.9935483870967742
30,111,f1,0.9072164948453608
30,112,PR_AUC,0.9754922874293812
30,112,Brier,0.01816017268218005
30,112,precision,0.7481840193704601
30,112,recall,0.9967741935483871
30,112,f1,0.8547717842323651
30,113,PR_AUC,0.955586571542048
30,113,Brier,0.02240609905470569
30,113,precision,0.7152777777777778
30,113,recall,0.9967741935483871
30,113,f1,0.8328840970350404
30,114,PR_AUC,0.9500351651911292
30,114,Brier,0.017241214288926655
30,114,precision,0.7822784810126582
30,114,recall,0.9967741935483871
30,114,f1,0.8765957446808511
30,115,PR_AUC,0.9483190840593946
30,115,Brier,0.02038379755534874
30,115,precision,0.7451923076923077
30,115,recall,1.0
30,115,f1,0.8539944903581267
30,116,PR_AUC,0.9489145681866862
30,116,Brier,0.017692732862447314
30,116,precision,0.7803030303030303
30,116,recall,0.9967741935483871
30,116,f1,0.8753541076487252
30,117,PR_AUC,0.9589353826114017
30,117,Brier,0.019752206013309334
30,117,precision,0.7932816537467701
30,117,recall,0.9903225806451613
30,117,f1,0.8809182209469153
30,118,PR_AUC,0.9736710537113168
30,118,Brier,0.02178768184257257
30,118,precision,0.7642679900744417
30,118,recall,0.9935483870967742
30,118,f1,0.8639551192145862
30,119,PR_AUC,0.961563820669434
30,119,Brier,0.017597349549031794
30,119,precision,0.8410958904109589
30,119,recall,0.9903225806451613
30,119,f1,0.9096296296296297
30,120,PR_AUC,0.9362844489572729
30,120,Brier,0.022452405085147953
30,120,precision,0.7837150127226463
30,120,recall,0.9935483870967742
30,120,f1,0.8762446657183499
30,121,PR_AUC,0.9399701653693725
30,121,Brier,0.019443157320073862
30,121,precision,0.8383561643835616
30,121,recall,0.9870967741935484
30,121,f1,0.9066666666666666
30,122,PR_AUC,0.9471823112281212
30,122,Brier,0.020488172972802695
30,122,precision,0.782608695652174
30,122,recall,0.9870967741935484
30,122,f1,0.8730385164051355
30,123,PR_AUC,0.9429465068702292
30,123,Brier,0.020730317223619156
30,123,precision,0.744578313253012
30,123,recall,0.9967741935483871
30,123,f1,0.8524137931034482
30,124,PR_AUC,0.9733942148878232
30,124,Brier,0.018577880543432526
30,124,precision,0.7579462102689487
30,124,recall,1.0
30,124,f1,0.8623087621696801
30,125,PR_AUC,0.9654481726093403
30,125,Brier,0.016535101442461266
30,125,precision,0.7667493796526055
30,125,recall,0.9967741935483871
30,125,f1,0.8667601683029453
30,126,PR_AUC,0.9540586118332076
30,126,Brier,0.02283214928723751
30,126,precision,0.7927461139896373
30,126,recall,0.9870967741935484
30,126,f1,0.8793103448275862
30,127,PR_AUC,0.9599959298183081
30,127,Brier,0.019675803164433212
30,127,precision,0.7932816537467701
30,127,recall,0.9903225806451613
30,127,f1,0.8809182209469153
30,128,PR_AUC,0.9609210973636138
30,128,Brier,0.018426396660900096
30,128,precision,0.804177545691906
30,128,recall,0.9935483870967742
30,128,f1,0.8888888888888888
30,129,PR_AUC,0.9396171326503223
30,129,Brier,0.021181692509075572
30,129,precision,0.7126436781609196
30,129,recall,1.0
30,129,f1,0.8322147651006712
30,130,PR_AUC,0.982274823797936
30,130,Brier,0.018727545360900034
30,130,precision,0.8660968660968661
30,130,recall,0.9806451612903225
30,130,f1,0.9198184568835098
30,131,PR_AUC,0.9500582341977223
30,131,Brier,0.0167764678428594
30,131,precision,0.8186666666666667
30,131,recall,0.9903225806451613
30,131,f1,0.8963503649635036
30,132,PR_AUC,0.9805766055363998
30,132,Brier,0.018849668858655078
30,132,precision,0.7923076923076923
30,132,recall,0.9967741935483871
30,132,f1,0.8828571428571429
30,133,PR_AUC,0.9629137870910389
30,133,Brier,0.01933821410221939
30,133,precision,0.7427884615384616
30,133,recall,0.9967741935483871
30,133,f1,0.8512396694214877
30,134,PR_AUC,0.9758381289184369
30,134,Brier,0.019905830348789427
30,134,precision,0.7938144329896907
30,134,recall,0.9935483870967742
30,134,f1,0.8825214899713467
30,135,PR_AUC,0.9876662385408075
30,135,Brier,0.015615532681456854
30,135,precision,0.8174603174603174
30,135,recall,0.9967741935483871
30,135,f1,0.8982558139534884
30,136,PR_AUC,0.9426160932933532
30,136,Brier,0.019733463542030382
30,136,precision,0.7846153846153846
30,136,recall,0.9870967741935484
30,136,f1,0.8742857142857143
30,137,PR_AUC,0.9410549014903977
30,137,Brier,0.022910908671881575
30,137,precision,0.7304964539007093
30,137,recall,0.9967741935483871
30,137,f1,0.8431105047748977
30,138,PR_AUC,0.9411408483310876
30,138,Brier,0.01969431253721602
30,138,precision,0.7752525252525253
30,138,recall,0.9903225806451613
30,138,f1,0.8696883852691218
30,139,PR_AUC,0.9740650712794956
30,139,Brier,0.019714650833225097
30,139,precision,0.7427884615384616
30,139,recall,0.9967741935483871
30,139,f1,0.8512396694214877
30,140,PR_AUC,0.9672721849358001
30,140,Brier,0.01866400113627614
30,140,precision,0.8519553072625698
30,140,recall,0.9838709677419355
30,140,f1,0.9131736526946108
30,141,PR_AUC,0.9393549341184161
30,141,Brier,0.019683942909073843
30,141,precision,0.7536585365853659
30,141,recall,0.9967741935483871
30,141,f1,0.8583333333333333
30,142,PR_AUC,0.9828181132603484
30,142,Brier,0.019353564290057673
30,142,precision,0.7897435897435897
30,142,recall,0.9935483870967742
30,142,f1,0.88
30,143,PR_AUC,0.9465665924086213
30,143,Brier,0.022095436627153985
30,143,precision,0.7732997481108312
30,143,recall,0.9903225806451613
30,143,f1,0.8684582743988685
30,144,PR_AUC,0.9541486879723
30,144,Brier,0.022665659923117636
30,144,precision,0.8243243243243243
30,144,recall,0.9838709677419355
30,144,f1,0.8970588235294118
30,145,PR_AUC,0.9207752899368371
30,145,Brier,0.024681850794662064
30,145,precision,0.7054794520547946
30,145,recall,0.9967741935483871
30,145,f1,0.8262032085561497
30,146,PR_AUC,0.9720482948919136
30,146,Brier,0.023717598654315292
30,146,precision,0.7087155963302753
30,146,recall,0.9967741935483871
30,146,f1,0.8284182305630027
30,147,PR_AUC,0.9540276758675287
30,147,Brier,0.02003234525527032
30,147,precision,0.7694235588972431
30,147,recall,0.9903225806451613
30,147,f1,0.8660084626234132
30,148,PR_AUC,0.9509855320270206
30,148,Brier,0.017188245133384513
30,148,precision,0.8315217391304348
30,148,recall,0.9870967741935484
30,148,f1,0.9026548672566371
30,149,PR_AUC,0.9776277097288628
30,149,Brier,0.020752644815729405
30,149,precision,0.7744360902255639
30,149,recall,0.9967741935483871
30,149,f1,0.8716502115655853
30,150,PR_AUC,0.9544012739805172
30,150,Brier,0.02119347759297345
30,150,precision,0.7877237851662404
30,150,recall,0.9935483870967742
30,150,f1,0.8787446504992867
30,151,PR_AUC,0.98211257797302
30,151,Brier,0.015508307363305248
30,151,precision,0.8089005235602095
30,151,recall,0.9967741935483871
30,151,f1,0.8930635838150289
30,152,PR_AUC,0.9741411840202887
30,152,Brier,0.019686347698079622
30,152,precision,0.7882653061224489
30,152,recall,0.9967741935483871
30,152,f1,0.8803418803418803
30,153,PR_AUC,0.9837412749223442
30,153,Brier,0.016653049671222397
30,153,precision,0.8346883468834688
30,153,recall,0.9935483870967742
30,153,f1,0.9072164948453608
30,154,PR_AUC,0.9832074121624993
30,154,Brier,0.015266279873398684
30,154,precision,0.8218085106382979
30,154,recall,0.9967741935483871
30,154,f1,0.9008746355685131
30,155,PR_AUC,0.9277282311895919
30,155,Brier,0.021043163563604087
30,155,precision,0.7270588235294118
30,155,recall,0.9967741935483871
30,155,f1,0.8408163265306122
30,156,PR_AUC,0.9698050302760611
30,156,Brier,0.02237592316630684
30,156,precision,0.7661691542288557
30,156,recall,0.9935483870967742
30,156,f1,0.8651685393258427
30,157,PR_AUC,0.9430118069045912
30,157,Brier,0.02165238467050949
30,157,precision,0.7186046511627907
30,157,recall,0.9967741935483871
30,157,f1,0.8351351351351352
30,158,PR_AUC,0.9843340865815753
30,158,Brier,0.014425850816671984
30,158,precision,0.8527777777777777
30,158,recall,0.9903225806451613
30,158,f1,0.9164179104477612
30,159,PR_AUC,0.9274280846139376
30,159,Brier,0.025236354718250593
30,159,precision,0.7022727272727273
30,159,recall,0.9967741935483871
30,159,f1,0.824
30,160,PR_AUC,0.9412203307159479
30,160,Brier,0.024141445826237385
30,160,precision,0.7857142857142857
30,160,recall,0.9935483870967742
30,160,f1,0.8774928774928775
30,161,PR_AUC,0.9740312539779972
30,161,Brier,0.017824564156993707
30,161,precision,0.8186666666666667
30,161,recall,0.9903225806451613
30,161,f1,0.8963503649635036
30,162,PR_AUC,0.9800182912219737
30,162,Brier,0.020451076369954815
30,162,precision,0.7719298245614035
30,162,recall,0.9935483870967742
30,162,f1,0.8688293370944993
30,163,PR_AUC,0.9810792340495111
30,163,Brier,0.019350445563804112
30,163,precision,0.8623595505617978
30,163,recall,0.9903225806451613
30,163,f1,0.9219219219219219
30,164,PR_AUC,0.9715611706814801
30,164,Brier,0.017675414864058193
30,164,precision,0.8342391304347826
30,164,recall,0.9903225806451613
30,164,f1,0.9056047197640118
30,165,PR_AUC,0.9765681403199586
30,165,Brier,0.019403341167325533
30,165,precision,0.7648514851485149
30,165,recall,0.9967741935483871
30,165,f1,0.865546218487395
30,166,PR_AUC,0.981228181195113
30,166,Brier,0.017421276117045498
30,166,precision,0.8869565217391304
30,166,recall,0.9870967741935484
30,166,f1,0.934351145038168
30,167,PR_AUC,0.9668555037238711
30,167,Brier,0.016801624329400557
30,167,precision,0.7763819095477387
30,167,recall,0.9967741935483871
30,167,f1,0.8728813559322034
30,168,PR_AUC,0.9517225179594273
30,168,Brier,0.02043578963809786
30,168,precision,0.7938144329896907
30,168,recall,0.9935483870967742
30,168,f1,0.8825214899713467
30,169,PR_AUC,0.9480805637449788
30,169,Brier,0.018681548464010617
30,169,precision,0.7427884615384616
30,169,recall,0.9967741935483871
30,169,f1,0.8512396694214877
30,170,PR_AUC,0.9634519934751482
30,170,Brier,0.018553696130659544
30,170,precision,0.7719298245614035
30,170,recall,0.9935483870967742
30,170,f1,0.8688293370944993
30,171,PR_AUC,0.9806237977098575
30,171,Brier,0.018570647853769284
30,171,precision,0.8196286472148541
30,171,recall,0.9967741935483871
30,171,f1,0.8995633187772926
30,172,PR_AUC,0.9574114475920277
30,172,Brier,0.020935975328847153
30,172,precision,0.7549019607843137
30,172,recall,0.9935483870967742
30,172,f1,0.8579387186629527
30,173,PR_AUC,0.9417659564264073
30,173,Brier,0.019262702897329714
30,173,precision,0.8
30,173,recall,0.9935483870967742
30,173,f1,0.8863309352517985
30,174,PR_AUC,0.9746511303588321
30,174,Brier,0.018617923268494724
30,174,precision,0.8230563002680965
30,174,recall,0.9903225806451613
30,174,f1,0.8989751098096632
30,175,PR_AUC,0.9467856153143771
30,175,Brier,0.021042101936126798
30,175,precision,0.7186046511627907
30,175,recall,0.9967741935483871
30,175,f1,0.8351351351351352
30,176,PR_AUC,0.9616551855081727
30,176,Brier,0.018180604652172475
30,176,precision,0.7892030848329049
30,176,recall,0.9903225806451613
30,176,f1,0.8783977110157367
30,177,PR_AUC,0.9240943983306474
30,177,Brier,0.02190637560148218
30,177,precision,0.7315914489311164
30,177,recall,0.9935483870967742
30,177,f1,0.8426812585499316
30,178,PR_AUC,0.9549165689939844
30,178,Brier,0.021355012506415593
30,178,precision,0.7738693467336684
30,178,recall,0.9935483870967742
30,178,f1,0.8700564971751412
30,179,PR_AUC,0.9342028553400272
30,179,Brier,0.019149294889574967
30,179,precision,0.7481840193704601
30,179,recall,0.9967741935483871
30,179,f1,0.8547717842323651
30,180,PR_AUC,0.9489280745777446
30,180,Brier,0.02401887327232804
30,180,precision,0.751219512195122
30,180,recall,0.9935483870967742
30,180,f1,0.8555555555555555
30,181,PR_AUC,0.9800019161205669
30,181,Brier,0.017177577546154645
30,181,precision,0.7984496124031008
30,181,recall,0.9967741935483871
30,181,f1,0.8866571018651362
30,182,PR_AUC,0.9341439019339929
30,182,Brier,0.023665822352473925
30,182,precision,0.7294117647058823
30,182,recall,1.0
30,182,f1,0.8435374149659864
30,183,PR_AUC,0.9793592750207358
30,183,Brier,0.019534624930449527
30,183,precision,0.7871794871794872
30,183,recall,0.9903225806451613
30,183,f1,0.8771428571428571
30,184,PR_AUC,0.9453621246046533
30,184,Brier,0.02019063234082657
30,184,precision,0.7421686746987952
30,184,recall,0.9935483870967742
30,184,f1,0.8496551724137931
30,185,PR_AUC,0.9548284769114856
30,185,Brier,0.022311594129721325
30,185,precision,0.8519553072625698
30,185,recall,0.9838709677419355
30,185,f1,0.9131736526946108
30,186,PR_AUC,0.9698514808139853
30,186,Brier,0.021275764888227897
30,186,precision,0.8262032085561497
30,186,recall,0.9967741935483871
30,186,f1,0.9035087719298246
30,187,PR_AUC,0.9578872649972938
30,187,Brier,0.018322713624417113
30,187,precision,0.7817258883248731
30,187,recall,0.9935483870967742
30,187,f1,0.875
30,188,PR_AUC,0.9633799246829522
30,188,Brier,0.016795457416987923
30,188,precision,0.8
30,188,recall,0.9935483870967742
30,188,f1,0.8863309352517985
30,189,PR_AUC,0.960612201204782
30,189,Brier,0.020543106520713627
30,189,precision,0.7846153846153846
30,189,recall,0.9870967741935484
30,189,f1,0.8742857142857143
30,190,PR_AUC,0.925299220055041
30,190,Brier,0.022386315691484703
30,190,precision,0.7661691542288557
30,190,recall,0.9935483870967742
30,190,f1,0.8651685393258427
30,191,PR_AUC,0.9462880331208763
30,191,Brier,0.018413719300651474
30,191,precision,0.7803030303030303
30,191,recall,0.9967741935483871
30,191,f1,0.8753541076487252
30,192,PR_AUC,0.9444205602953606
30,192,Brier,0.020075761550640878
30,192,precision,0.75
30,192,recall,0.9967741935483871
30,192,f1,0.8559556786703602
30,193,PR_AUC,0.9858445533271939
30,193,Brier,0.016589841251015033
30,193,precision,0.8434065934065934
30,193,recall,0.9903225806451613
30,193,f1,0.9109792284866469
30,194,PR_AUC,0.9839682248148028
30,194,Brier,0.015809692113381183
30,194,precision,0.7777777777777778
30,194,recall,0.9935483870967742
30,194,f1,0.8725212464589235
30,195,PR_AUC,0.9535772132490298
30,195,Brier,0.01831708940737411
30,195,precision,0.7882653061224489
30,195,recall,0.9967741935483871
30,195,f1,0.8803418803418803
30,196,PR_AUC,0.9755230120165478
30,196,Brier,0.019855832487690513
30,196,precision,0.8278688524590164
30,196,recall,0.9774193548387097
30,196,f1,0.8964497041420119
30,197,PR_AUC,0.9669549276207167
30,197,Brier,0.01766436594985282
30,197,precision,0.7758186397984886
30,197,recall,0.9935483870967742
30,197,f1,0.8712871287128713
30,198,PR_AUC,0.9634199968310501
30,198,Brier,0.019397411398594973
30,198,precision,0.7938144329896907
30,198,recall,0.9935483870967742
30,198,f1,0.8825214899713467
30,199,PR_AUC,0.9469656985816576
30,199,Brier,0.018939585684281612
30,199,precision,0.7560975609756098
30,199,recall,1.0
30,199,f1,0.8611111111111112
30,200,PR_AUC,0.9620844213208158
30,200,Brier,0.020364589019942037
30,200,precision,0.8429752066115702
30,200,recall,0.9870967741935484
30,200,f1,0.9093610698365527
30,201,PR_AUC,0.9828690697391834
30,201,Brier,0.015233847878353168
30,201,precision,0.8274932614555256
30,201,recall,0.9903225806451613
30,201,f1,0.9016152716593245
30,202,PR_AUC,0.9621322764798717
30,202,Brier,0.017150036945733714
30,202,precision,0.7837150127226463
30,202,recall,0.9935483870967742
30,202,f1,0.8762446657183499
30,203,PR_AUC,0.9401267556531175
30,203,Brier,0.021226008015637923
30,203,precision,0.7392344497607656
30,203,recall,0.9967741935483871
30,203,f1,0.8489010989010989
30,204,PR_AUC,0.9639224440748229
30,204,Brier,0.021063917006987152
30,204,precision,0.7842639593908629
30,204,recall,0.9967741935483871
30,204,f1,0.8778409090909091
30,205,PR_AUC,0.9747074597256644
30,205,Brier,0.020408305066017023
30,205,precision,0.773067331670823
30,205,recall,1.0
30,205,f1,0.8720112517580872
30,206,PR_AUC,0.9647889361177691
30,206,Brier,0.016275769111770835
30,206,precision,0.8476454293628809
30,206,recall,0.9870967741935484
30,206,f1,0.9120715350223547
30,207,PR_AUC,0.9618273165188743
30,207,Brier,0.019113480536240887
30,207,precision,0.7159353348729792
30,207,recall,1.0
30,207,f1,0.8344549125168237
30,208,PR_AUC,0.9494271234988071
30,208,Brier,0.02146836857192939
30,208,precision,0.7463768115942029
30,208,recall,0.9967741935483871
30,208,f1,0.8535911602209945
30,209,PR_AUC,0.9581743415562768
30,209,Brier,0.021054510075969483
30,209,precision,0.7654320987654321
30,209,recall,1.0
30,209,f1,0.8671328671328671
30,210,PR_AUC,0.9628872461426967
30,210,Brier,0.01863372082693211
30,210,precision,0.8360655737704918
30,210,recall,0.9870967741935484
30,210,f1,0.9053254437869822
30,211,PR_AUC,0.9580290482281282
30,211,Brier,0.017596838983845658
30,211,precision,0.8110236220472441
30,211,recall,0.9967741935483871
30,211,f1,0.894356005788712
30,212,PR_AUC,0.9774200863141171
30,212,Brier,0.01773511135404379
30,212,precision,0.8126649076517151
30,212,recall,0.9935483870967742
30,212,f1,0.8940493468795355
30,213,PR_AUC,0.9587984161061418
30,213,Brier,0.022735600079515902
30,213,precision,0.7842639593908629
30,213,recall,0.9967741935483871
30,213,f1,0.8778409090909091
30,214,PR_AUC,0.9775074684897751
30,214,Brier,0.017874870399356587
30,214,precision,0.8434065934065934
30,214,recall,0.9903225806451613
30,214,f1,0.9109792284866469
30,215,PR_AUC,0.930952293238472
30,215,Brier,0.023723416258076162
30,215,precision,0.7623762376237624
30,215,recall,0.9935483870967742
30,215,f1,0.8627450980392157
30,216,PR_AUC,0.9807745717608423
30,216,Brier,0.01706925724582701
30,216,precision,0.8218085106382979
30,216,recall,0.9967741935483871
30,216,f1,0.9008746355685131
30,217,PR_AUC,0.954540362553332
30,217,Brier,0.02294736081989897
30,217,precision,0.7932816537467701
30,217,recall,0.9903225806451613
30,217,f1,0.8809182209469153
30,218,PR_AUC,0.9676681753475359
30,218,Brier,0.015957187291703152
30,218,precision,0.8083989501312336
30,218,recall,0.9935483870967742
30,218,f1,0.8914616497829233
30,219,PR_AUC,0.970066814487238
30,219,Brier,0.015182351666851024
30,219,precision,0.7598039215686274
30,219,recall,1.0
30,219,f1,0.8635097493036211
30,220,PR_AUC,0.9293366194105321
30,220,Brier,0.020210027165396497
30,220,precision,0.7506053268765133
30,220,recall,1.0
30,220,f1,0.8575380359612724
30,221,PR_AUC,0.9426856721879987
30,221,Brier,0.02035342035113522
30,221,precision,0.7738693467336684
30,221,recall,0.9935483870967742
30,221,f1,0.8700564971751412
30,222,PR_AUC,0.9053193800641398
30,222,Brier,0.024552656774435046
30,222,precision,0.7038724373576309
30,222,recall,0.9967741935483871
30,222,f1,0.8251001335113485
30,223,PR_AUC,0.9569023070626795
30,223,Brier,0.016047789462126812
30,223,precision,0.7610837438423645
30,223,recall,0.9967741935483871
30,223,f1,0.8631284916201117
30,224,PR_AUC,0.9551478040136983
30,224,Brier,0.021013660411716133
30,224,precision,0.7817258883248731
30,224,recall,0.9935483870967742
30,224,f1,0.875
30,225,PR_AUC,0.9790822956319231
30,225,Brier,0.020169186856624364
30,225,precision,0.8052631578947368
30,225,recall,0.9870967741935484
30,225,f1,0.8869565217391304
30,226,PR_AUC,0.9520549854818705
30,226,Brier,0.023490321312724435
30,226,precision,0.7350835322195705
30,226,recall,0.9935483870967742
30,226,f1,0.8449931412894376
30,227,PR_AUC,0.9531490197853337
30,227,Brier,0.019731287401125133
30,227,precision,0.7013574660633484
30,227,recall,1.0
30,227,f1,0.824468085106383
30,228,PR_AUC,0.9606612630355357
30,228,Brier,0.020413555479111393
30,228,precision,0.7136258660508084
30,228,recall,0.9967741935483871
30,228,f1,0.8317631224764468
30,229,PR_AUC,0.9704436459386172
30,229,Brier,0.015318793615233665
30,229,precision,0.7725
30,229,recall,0.9967741935483871
30,229,f1,0.8704225352112676
30,230,PR_AUC,0.9395228856719241
30,230,Brier,0.022711592326034254
30,230,precision,0.7162790697674418
30,230,recall,0.9935483870967742
30,230,f1,0.8324324324324325
30,231,PR_AUC,0.9826312003477564
30,231,Brier,0.019667215297435033
30,231,precision,0.8547486033519553
30,231,recall,0.9870967741935484
30,231,f1,0.9161676646706587
30,232,PR_AUC,0.9571766731185638
30,232,Brier,0.020816190517849956
30,232,precision,0.7994791666666666
30,232,recall,0.9903225806451613
30,232,f1,0.8847262247838616
30,233,PR_AUC,0.9521574896731541
30,233,Brier,0.02284867238786214
30,233,precision,0.7617866004962779
30,233,recall,0.9903225806451613
30,233,f1,0.8611500701262272
30,234,PR_AUC,0.9580430760760681
30,234,Brier,0.019459929946579826
30,234,precision,0.7777777777777778
30,234,recall,0.9935483870967742
30,234,f1,0.8725212464589235
30,235,PR_AUC,0.9331247305321861
30,235,Brier,0.020207526311034157
30,235,precision,0.7623762376237624
30,235,recall,0.9935483870967742
30,235,f1,0.8627450980392157
30,236,PR_AUC,0.9620866144279181
30,236,Brier,0.022046182621661435
30,236,precision,0.7803030303030303
30,236,recall,0.9967741935483871
30,236,f1,0.8753541076487252
30,237,PR_AUC,0.9414986202851819
30,237,Brier,0.021732079133623114
30,237,precision,0.7110091743119266
30,237,recall,1.0
30,237,f1,0.8310991957104558
30,238,PR_AUC,0.9628805838175598
30,238,Brier,0.0170102309558496
30,238,precision,0.8121693121693122
30,238,recall,0.9903225806451613
30,238,f1,0.8924418604651163
30,239,PR_AUC,0.9623783663596805
30,239,Brier,0.02030982571584749
30,239,precision,0.7304964539007093
30,239,recall,0.9967741935483871
30,239,f1,0.8431105047748977
30,240,PR_AUC,0.9591704715296039
30,240,Brier,0.018609419919629243
30,240,precision,0.8476454293628809
30,240,recall,0.9870967741935484
30,240,f1,0.9120715350223547
30,241,PR_AUC,0.9635004722360236
30,241,Brier,0.018928948876536428
30,241,precision,0.8543417366946778
30,241,recall,0.9838709677419355
30,241,f1,0.9145427286356822
30,242,PR_AUC,0.9662711268645265
30,242,Brier,0.01581780697485139
30,242,precision,0.7763819095477387
30,242,recall,0.9967741935483871
30,242,f1,0.8728813559322034
30,243,PR_AUC,0.9378532755421072
30,243,Brier,0.021579262443070537
30,243,precision,0.751219512195122
30,243,recall,0.9935483870967742
30,243,f1,0.8555555555555555
30,244,PR_AUC,0.966666462764045
30,244,Brier,0.014782764476399412
30,244,precision,0.8169761273209549
30,244,recall,0.9935483870967742
30,244,f1,0.8966521106259098
30,245,PR_AUC,0.9680125225599167
30,245,Brier,0.018206154205303936
30,245,precision,0.7219626168224299
30,245,recall,0.9967741935483871
30,245,f1,0.8373983739837398
30,246,PR_AUC,0.9720346542944175
30,246,Brier,0.020439846490315813
30,246,precision,0.7923076923076923
30,246,recall,0.9967741935483871
30,246,f1,0.8828571428571429
30,247,PR_AUC,0.9718294782159964
30,247,Brier,0.0156823292339462
30,247,precision,0.7692307692307693
30,247,recall,1.0
30,247,f1,0.8695652173913043
30,248,PR_AUC,0.9767371995129659
30,248,Brier,0.015391947302336274
30,248,precision,0.8153034300791556
30,248,recall,0.9967741935483871
30,248,f1,0.8969521044992743
30,249,PR_AUC,0.961372690033157
30,249,Brier,0.01895870336496232
30,249,precision,0.8383561643835616
30,249,recall,0.9870967741935484
30,249,f1,0.9066666666666666
30,250,PR_AUC,0.9494275612878014
30,250,Brier,0.017654772170566563
30,250,precision,0.7897435897435897
30,250,recall,0.9935483870967742
30,250,f1,0.88
30,251,PR_AUC,0.9390004986092924
30,251,Brier,0.01836876259845546
30,251,precision,0.7604938271604939
30,251,recall,0.9935483870967742
30,251,f1,0.8615384615384616
30,252,PR_AUC,0.9764882390732011
30,252,Brier,0.017913058133429704
30,252,precision,0.8083989501312336
30,252,recall,0.9935483870967742
30,252,f1,0.8914616497829233
30,253,PR_AUC,0.9518261986979804
30,253,Brier,0.020010420371288605
30,253,precision,0.7791878172588832
30,253,recall,0.9903225806451613
30,253,f1,0.8721590909090909
30,254,PR_AUC,0.9778006540110353
30,254,Brier,0.016608807417040246
30,254,precision,0.8595505617977528
30,254,recall,0.9870967741935484
30,254,f1,0.918918918918919
30,255,PR_AUC,0.9600586515538733
30,255,Brier,0.020374696085787455
30,255,precision,0.7680798004987531
30,255,recall,0.9935483870967742
30,255,f1,0.8663853727144867
30,256,PR_AUC,0.9606751374794873
30,256,Brier,0.019281020909546392
30,256,precision,0.7642679900744417
30,256,recall,0.9935483870967742
30,256,f1,0.8639551192145862
30,257,PR_AUC,0.9306359578939338
30,257,Brier,0.021627681083441274
30,257,precision,0.7542997542997543
30,257,recall,0.9903225806451613
30,257,f1,0.8563458856345886
30,258,PR_AUC,0.9420427735945114
30,258,Brier,0.02077442308817084
30,258,precision,0.763681592039801
30,258,recall,0.9903225806451613
30,258,f1,0.8623595505617978
30,259,PR_AUC,0.9623221072353021
30,259,Brier,0.017621660031580187
30,259,precision,0.804177545691906
30,259,recall,0.9935483870967742
30,259,f1,0.8888888888888888
30,260,PR_AUC,0.9710550736243004
30,260,Brier,0.020968480608980874
30,260,precision,0.8
30,260,recall,0.9935483870967742
30,260,f1,0.8863309352517985
30,261,PR_AUC,0.9323904413683771
30,261,Brier,0.02478929054333452
30,261,precision,0.7817258883248731
30,261,recall,0.9935483870967742
30,261,f1,0.875
30,262,PR_AUC,0.9740303628621294
30,262,Brier,0.019053772656544378
30,262,precision,0.7917737789203085
30,262,recall,0.9935483870967742
30,262,f1,0.8812589413447782
30,263,PR_AUC,0.9665478546941123
30,263,Brier,0.016073130531046795
30,263,precision,0.7686567164179104
30,263,recall,0.9967741935483871
30,263,f1,0.8679775280898876
30,264,PR_AUC,0.9556422652852249
30,264,Brier,0.02121457919520815
30,264,precision,0.7655860349127181
30,264,recall,0.9903225806451613
30,264,f1,0.8635724331926864
30,265,PR_AUC,0.9782490901148928
30,265,Brier,0.017252350636892615
30,265,precision,0.7817258883248731
30,265,recall,0.9935483870967742
30,265,f1,0.875
30,266,PR_AUC,0.9596961817477909
30,266,Brier,0.019835502418465704
30,266,precision,0.7586206896551724
30,266,recall,0.9935483870967742
30,266,f1,0.8603351955307262
30,267,PR_AUC,0.9365121036546532
30,267,Brier,0.023142378287018144
30,267,precision,0.7129629629629629
30,267,recall,0.9935483870967742
30,267,f1,0.8301886792452831
30,268,PR_AUC,0.9743727672710196
30,268,Brier,0.019160641606868607
30,268,precision,0.8005181347150259
30,268,recall,0.9967741935483871
30,268,f1,0.8879310344827587
30,269,PR_AUC,0.9433057187951834
30,269,Brier,0.019323492003159373
30,269,precision,0.7345971563981043
30,269,recall,1.0
30,269,f1,0.8469945355191257
30,270,PR_AUC,0.9450421207950319
30,270,Brier,0.018975598368816387
30,270,precision,0.7877237851662404
30,270,recall,0.9935483870967742
30,270,f1,0.8787446504992867
30,271,PR_AUC,0.9645169243248828
30,271,Brier,0.017670848115966826
30,271,precision,0.8186666666666667
30,271,recall,0.9903225806451613
30,271,f1,0.8963503649635036
30,272,PR_AUC,0.9511213359510142
30,272,Brier,0.0212019674747685
30,272,precision,0.8169761273209549
30,272,recall,0.9935483870967742
30,272,f1,0.8966521106259098
30,273,PR_AUC,0.9377645295353164
30,273,Brier,0.022668472009615602
30,273,precision,0.7524509803921569
30,273,recall,0.9903225806451613
30,273,f1,0.8551532033426184
30,274,PR_AUC,0.9618339623505789
30,274,Brier,0.020215112547577276
30,274,precision,0.8143236074270557
30,274,recall,0.9903225806451613
30,274,f1,0.893740902474527
30,275,PR_AUC,0.9600273105271012
30,275,Brier,0.01936339342355812
30,275,precision,0.7711442786069652
30,275,recall,1.0
30,275,f1,0.8707865168539326
30,276,PR_AUC,0.9770660460217966
30,276,Brier,0.01784661306636854
30,276,precision,0.7463768115942029
30,276,recall,0.9967741935483871
30,276,f1,0.8535911602209945
30,277,PR_AUC,0.9274661541692227
30,277,Brier,0.019956690512208684
30,277,precision,0.7851662404092071
30,277,recall,0.9903225806451613
30,277,f1,0.8758915834522111
30,278,PR_AUC,0.9824249527579909
30,278,Brier,0.01600539459144086
30,278,precision,0.8110236220472441
30,278,recall,0.9967741935483871
30,278,f1,0.894356005788712
30,279,PR_AUC,0.9593008104012881
30,279,Brier,0.019504410362320743
30,279,precision,0.7363420427553444
30,279,recall,1.0
30,279,f1,0.8481532147742818
30,280,PR_AUC,0.9701625323060281
30,280,Brier,0.018895330991156666
30,280,precision,0.8015665796344648
30,280,recall,0.9903225806451613
30,280,f1,0.886002886002886
30,281,PR_AUC,0.9887682126120397
30,281,Brier,0.014687287201025679
30,281,precision,0.8818443804034583
30,281,recall,0.9870967741935484
30,281,f1,0.9315068493150684
30,282,PR_AUC,0.9589768253452405
30,282,Brier,0.019409735580893175
30,282,precision,0.7357142857142858
30,282,recall,0.9967741935483871
30,282,f1,0.8465753424657534
30,283,PR_AUC,0.9595435463119485
30,283,Brier,0.019226925558490995
30,283,precision,0.7694235588972431
30,283,recall,0.9903225806451613
30,283,f1,0.8660084626234132
30,284,PR_AUC,0.950052438925744
30,284,Brier,0.022171472909814152
30,284,precision,0.779746835443038
30,284,recall,0.9935483870967742
30,284,f1,0.873758865248227
30,285,PR_AUC,0.9204941586802684
30,285,Brier,0.020796714830314023
30,285,precision,0.7368421052631579
30,285,recall,0.9935483870967742
30,285,f1,0.8461538461538461
30,286,PR_AUC,0.9690833272916974
30,286,Brier,0.021410971458476053
30,286,precision,0.7339667458432304
30,286,recall,0.9967741935483871
30,286,f1,0.8454172366621067
30,287,PR_AUC,0.9571773126989338
30,287,Brier,0.01788841614083913
30,287,precision,0.7938144329896907
30,287,recall,0.9935483870967742
30,287,f1,0.8825214899713467
30,288,PR_AUC,0.9776379809004941
30,288,Brier,0.016296764410160616
30,288,precision,0.7908163265306123
30,288,recall,1.0
30,288,f1,0.8831908831908832
30,289,PR_AUC,0.9671368684335888
30,289,Brier,0.019464299358859183
30,289,precision,0.8191489361702128
30,289,recall,0.9935483870967742
30,289,f1,0.8979591836734694
30,290,PR_AUC,0.9781968730586992
30,290,Brier,0.019052970981512166
30,290,precision,0.8036649214659686
30,290,recall,0.9903225806451613
30,290,f1,0.8872832369942196
30,291,PR_AUC,0.9774598171357052
30,291,Brier,0.0192159029949318
30,291,precision,0.7159353348729792
30,291,recall,1.0
30,291,f1,0.8344549125168237
30,292,PR_AUC,0.9488098213783897
30,292,Brier,0.017893181594950257
30,292,precision,0.7953367875647669
30,292,recall,0.9903225806451613
30,292,f1,0.882183908045977
30,293,PR_AUC,0.9424674774068122
30,293,Brier,0.021090200197991574
30,293,precision,0.7281323877068558
30,293,recall,0.9935483870967742
30,293,f1,0.8403819918144612
30,294,PR_AUC,0.9620635885416362
30,294,Brier,0.01963874554611119
30,294,precision,0.7219626168224299
30,294,recall,0.9967741935483871
30,294,f1,0.8373983739837398
30,295,PR_AUC,0.9674022379196615
30,295,Brier,0.01656234706860884
30,295,precision,0.7932816537467701
30,295,recall,0.9903225806451613
30,295,f1,0.8809182209469153
30,296,PR_AUC,0.9609962096381546
30,296,Brier,0.02217021005823545
30,296,precision,0.7616707616707616
30,296,recall,1.0
30,296,f1,0.8647140864714087
30,297,PR_AUC,0.9816724406974865
30,297,Brier,0.018071532109806707
30,297,precision,0.8078947368421052
30,297,recall,0.9903225806451613
30,297,f1,0.8898550724637682
30,298,PR_AUC,0.9835313740300101
30,298,Brier,0.018728893790565308
30,298,precision,0.8767908309455588
30,298,recall,0.9870967741935484
30,298,f1,0.928679817905918
30,299,PR_AUC,0.9505940373623135
30,299,Brier,0.021843351195399804
30,299,precision,0.754257907542579
30,299,recall,1.0
30,299,f1,0.8599167822468793
30,300,PR_AUC,0.9491174643278726
30,300,Brier,0.01792015345262712
30,300,precision,0.7953367875647669
30,300,recall,0.9903225806451613
30,300,f1,0.882183908045977
30,301,PR_AUC,0.9500770765462617
30,301,Brier,0.02029117556047406
30,301,precision,0.7938144329896907
30,301,recall,0.9935483870967742
30,301,f1,0.8825214899713467
30,302,PR_AUC,0.9593949430973996
30,302,Brier,0.01928478844714367
30,302,precision,0.8057742782152231
30,302,recall,0.9903225806451613
30,302,f1,0.8885672937771346
30,303,PR_AUC,0.9556270537833207
30,303,Brier,0.020319788487630722
30,303,precision,0.744578313253012
30,303,recall,0.9967741935483871
30,303,f1,0.8524137931034482
30,304,PR_AUC,0.9657236224000052
30,304,Brier,0.01845934551693926
30,304,precision,0.7536585365853659
30,304,recall,0.9967741935483871
30,304,f1,0.8583333333333333
30,305,PR_AUC,0.9517679358736317
30,305,Brier,0.022124557472163565
30,305,precision,0.7192575406032483
30,305,recall,1.0
30,305,f1,0.8367071524966262
30,306,PR_AUC,0.9585328269328166
30,306,Brier,0.020286891684311085
30,306,precision,0.7392344497607656
30,306,recall,0.9967741935483871
30,306,f1,0.8489010989010989
30,307,PR_AUC,0.9355643558357575
30,307,Brier,0.020709357893959904
30,307,precision,0.796875
30,307,recall,0.9870967741935484
30,307,f1,0.8818443804034583
30,308,PR_AUC,0.9618718565637504
30,308,Brier,0.017805626057988303
30,308,precision,0.7862595419847328
30,308,recall,0.9967741935483871
30,308,f1,0.8790896159317212
30,309,PR_AUC,0.92399662709752
30,309,Brier,0.02161071038720131
30,309,precision,0.7536585365853659
30,309,recall,0.9967741935483871
30,309,f1,0.8583333333333333
30,310,PR_AUC,0.9519753133991539
30,310,Brier,0.018462156210979075
30,310,precision,0.7837150127226463
30,310,recall,0.9935483870967742
30,310,f1,0.8762446657183499
30,311,PR_AUC,0.9865338559959652
30,311,Brier,0.01670223600861065
30,311,precision,0.7635467980295566
30,311,recall,1.0
30,311,f1,0.8659217877094972
30,312,PR_AUC,0.9367301919336953
30,312,Brier,0.022236795223404122
30,312,precision,0.7421686746987952
30,312,recall,0.9935483870967742
30,312,f1,0.8496551724137931
30,313,PR_AUC,0.9237050441640599
30,313,Brier,0.02296563217418975
30,313,precision,0.7159353348729792
30,313,recall,1.0
30,313,f1,0.8344549125168237
30,314,PR_AUC,0.9406270606271031
30,314,Brier,0.019650265302843337
30,314,precision,0.7661691542288557
30,314,recall,0.9935483870967742
30,314,f1,0.8651685393258427
30,315,PR_AUC,0.9844152186325257
30,315,Brier,0.013362540216401557
30,315,precision,0.8438356164383561
30,315,recall,0.9935483870967742
30,315,f1,0.9125925925925926
30,316,PR_AUC,0.9556275258122946
30,316,Brier,0.019988714350530658
30,316,precision,0.762962962962963
30,316,recall,0.9967741935483871
30,316,f1,0.8643356643356643
30,317,PR_AUC,0.984180062174445
30,317,Brier,0.01702903799037499
30,317,precision,0.7783375314861462
30,317,recall,0.9967741935483871
30,317,f1,0.8741159830268741
30,318,PR_AUC,0.9538341446243852
30,318,Brier,0.019959682779435942
30,318,precision,0.754257907542579
30,318,recall,1.0
30,318,f1,0.8599167822468793
30,319,PR_AUC,0.9548088801424546
30,319,Brier,0.020396311041339172
30,319,precision,0.8078947368421052
30,319,recall,0.9903225806451613
30,319,f1,0.8898550724637682
30,320,PR_AUC,0.9763091547189594
30,320,Brier,0.02035786965711042
30,320,precision,0.7493917274939172
30,320,recall,0.9935483870967742
30,320,f1,0.8543689320388349
30,321,PR_AUC,0.9475584838044184
30,321,Brier,0.020202076610780585
30,321,precision,0.7152777777777778
30,321,recall,0.9967741935483871
30,321,f1,0.8328840970350404
30,322,PR_AUC,0.956741561879967
30,322,Brier,0.021187322178532624
30,322,precision,0.7738693467336684
30,322,recall,0.9935483870967742
30,322,f1,0.8700564971751412
30,323,PR_AUC,0.9671126328007891
30,323,Brier,0.021382186619858135
30,323,precision,0.7579462102689487
30,323,recall,1.0
30,323,f1,0.8623087621696801
30,324,PR_AUC,0.9732589812149395
30,324,Brier,0.023379856324295987
30,324,precision,0.7958656330749354
30,324,recall,0.9935483870967742
30,324,f1,0.8837876614060258
30,325,PR_AUC,0.9668003616339951
30,325,Brier,0.016418583312526026
30,325,precision,0.7506053268765133
30,325,recall,1.0
30,325,f1,0.8575380359612724
30,326,PR_AUC,0.9298867374220707
30,326,Brier,0.02085746169504777
30,326,precision,0.7675
30,326,recall,0.9903225806451613
30,326,f1,0.8647887323943662
30,327,PR_AUC,0.9825978169804406
30,327,Brier,0.01456233827304145
30,327,precision,0.8148148148148148
30,327,recall,0.9935483870967742
30,327,f1,0.8953488372093024
30,328,PR_AUC,0.9574537387211146
30,328,Brier,0.0210702203434201
30,328,precision,0.7311320754716981
30,328,recall,1.0
30,328,f1,0.8446866485013624
30,329,PR_AUC,0.9729863969177737
30,329,Brier,0.024234208650397826
30,329,precision,0.7837150127226463
30,329,recall,0.9935483870967742
30,329,f1,0.8762446657183499
30,330,PR_AUC,0.9707983552220956
30,330,Brier,0.021491936701277504
30,330,precision,0.779746835443038
30,330,recall,0.9935483870967742
30,330,f1,0.873758865248227
30,331,PR_AUC,0.9544036776468917
30,331,Brier,0.020286095247365268
30,331,precision,0.8383561643835616
30,331,recall,0.9870967741935484
30,331,f1,0.9066666666666666
30,332,PR_AUC,0.9587335212219688
30,332,Brier,0.019457261931083197
30,332,precision,0.7469879518072289
30,332,recall,1.0
30,332,f1,0.8551724137931035
30,333,PR_AUC,0.9682216199952245
30,333,Brier,0.01629535138854636
30,333,precision,0.816
30,333,recall,0.9870967741935484
30,333,f1,0.8934306569343066
30,334,PR_AUC,0.9322235144550898
30,334,Brier,0.02100723961529792
30,334,precision,0.7264150943396226
30,334,recall,0.9935483870967742
30,334,f1,0.8392370572207084
30,335,PR_AUC,0.9459009392296418
30,335,Brier,0.017942244868552223
30,335,precision,0.7917737789203085
30,335,recall,0.9935483870967742
30,335,f1,0.8812589413447782
30,336,PR_AUC,0.958189743683123
30,336,Brier,0.021837526574067435
30,336,precision,0.820855614973262
30,336,recall,0.9903225806451613
30,336,f1,0.8976608187134503
30,337,PR_AUC,0.9671701442193053
30,337,Brier,0.019631771120738557
30,337,precision,0.8148148148148148
30,337,recall,0.9935483870967742
30,337,f1,0.8953488372093024
30,338,PR_AUC,0.9506036670015697
30,338,Brier,0.021998442480166813
30,338,precision,0.7175925925925926
30,338,recall,1.0
30,338,f1,0.8355795148247979
30,339,PR_AUC,0.9554646286240116
30,339,Brier,0.017846624877392463
30,339,precision,0.8126649076517151
30,339,recall,0.9935483870967742
30,339,f1,0.8940493468795355
30,340,PR_AUC,0.9247818025878345
30,340,Brier,0.022913793226818236
30,340,precision,0.7270588235294118
30,340,recall,0.9967741935483871
30,340,f1,0.8408163265306122
30,341,PR_AUC,0.9742673775792237
30,341,Brier,0.01753108866603813
30,341,precision,0.8274932614555256
30,341,recall,0.9903225806451613
30,341,f1,0.9016152716593245
30,342,PR_AUC,0.9854142823341763
30,342,Brier,0.014759481480928736
30,342,precision,0.8143236074270557
30,342,recall,0.9903225806451613
30,342,f1,0.893740902474527
30,343,PR_AUC,0.9210020545203006
30,343,Brier,0.022106982312378728
30,343,precision,0.7892030848329049
30,343,recall,0.9903225806451613
30,343,f1,0.8783977110157367
30,344,PR_AUC,0.9711043586552226
30,344,Brier,0.014050972086348007
30,344,precision,0.8105263157894737
30,344,recall,0.9935483870967742
30,344,f1,0.8927536231884058
30,345,PR_AUC,0.9712562126767235
30,345,Brier,0.019477452680022378
30,345,precision,0.7549019607843137
30,345,recall,0.9935483870967742
30,345,f1,0.8579387186629527
30,346,PR_AUC,0.9773132304058818
30,346,Brier,0.020078455941398704
30,346,precision,0.7912371134020618
30,346,recall,0.9903225806451613
30,346,f1,0.8796561604584527
30,347,PR_AUC,0.9554498324028567
30,347,Brier,0.01995689950863524
30,347,precision,0.7953367875647669
30,347,recall,0.9903225806451613
30,347,f1,0.882183908045977
30,348,PR_AUC,0.9616767905680933
30,348,Brier,0.018965908751289687
30,348,precision,0.8047493403693932
30,348,recall,0.9838709677419355
30,348,f1,0.8853410740203193
30,349,PR_AUC,0.9707475075240936
30,349,Brier,0.019478613685803007
30,349,precision,0.7979274611398963
30,349,recall,0.9935483870967742
30,349,f1,0.8850574712643678
30,350,PR_AUC,0.9580454250255599
30,350,Brier,0.0197772561454949
30,350,precision,0.77
30,350,recall,0.9935483870967742
30,350,f1,0.8676056338028169
30,351,PR_AUC,0.9293446574611708
30,351,Brier,0.025505025750441647
30,351,precision,0.7842639593908629
30,351,recall,0.9967741935483871
30,351,f1,0.8778409090909091
30,352,PR_AUC,0.9735253966190668
30,352,Brier,0.019059275552959453
30,352,precision,0.8
30,352,recall,0.9935483870967742
30,352,f1,0.8863309352517985
30,353,PR_AUC,0.9608445846070812
30,353,Brier,0.018936587999553063
30,353,precision,0.8036649214659686
30,353,recall,0.9903225806451613
30,353,f1,0.8872832369942196
30,354,PR_AUC,0.9529367444089498
30,354,Brier,0.020908174374217617
30,354,precision,0.7984496124031008
30,354,recall,0.9967741935483871
30,354,f1,0.8866571018651362
30,355,PR_AUC,0.9796654207047796
30,355,Brier,0.01959357439896341
30,355,precision,0.7518248175182481
30,355,recall,0.9967741935483871
30,355,f1,0.8571428571428571
30,356,PR_AUC,0.9376994931658893
30,356,Brier,0.021316047383658786
30,356,precision,0.7661691542288557
30,356,recall,0.9935483870967742
30,356,f1,0.8651685393258427
30,357,PR_AUC,0.9403390616920196
30,357,Brier,0.02303536843860164
30,357,precision,0.717948717948718
30,357,recall,0.9935483870967742
30,357,f1,0.8335588633288228
30,358,PR_AUC,0.977573566360722
30,358,Brier,0.018068140489308052
30,358,precision,0.8297297297297297
30,358,recall,0.9903225806451613
30,358,f1,0.9029411764705882
30,359,PR_AUC,0.970265988728526
30,359,Brier,0.015415375461708089
30,359,precision,0.7862595419847328
30,359,recall,0.9967741935483871
30,359,f1,0.8790896159317212
30,360,PR_AUC,0.9663905803277008
30,360,Brier,0.01802800187200293
30,360,precision,0.7763819095477387
30,360,recall,0.9967741935483871
30,360,f1,0.8728813559322034
30,361,PR_AUC,0.9878517450436143
30,361,Brier,0.015427971238639508
30,361,precision,0.8523676880222841
30,361,recall,0.9870967741935484
30,361,f1,0.9147982062780269
30,362,PR_AUC,0.9543138691895204
30,362,Brier,0.020752677300203283
30,362,precision,0.7851662404092071
30,362,recall,0.9903225806451613
30,362,f1,0.8758915834522111
30,363,PR_AUC,0.9525971999542264
30,363,Brier,0.01740943726947587
30,363,precision,0.7573529411764706
30,363,recall,0.9967741935483871
30,363,f1,0.8607242339832869
30,364,PR_AUC,0.9516940941691538
30,364,Brier,0.018541776773609235
30,364,precision,0.7623762376237624
30,364,recall,0.9935483870967742
30,364,f1,0.8627450980392157
30,365,PR_AUC,0.9638502031664091
30,365,Brier,0.017090092021111898
30,365,precision,0.8015665796344648
30,365,recall,0.9903225806451613
30,365,f1,0.886002886002886
30,366,PR_AUC,0.9787760611359173
30,366,Brier,0.021025394334498966
30,366,precision,0.7087155963302753
30,366,recall,0.9967741935483871
30,366,f1,0.8284182305630027
30,367,PR_AUC,0.9470477218230919
30,367,Brier,0.01982860236671142
30,367,precision,0.744578313253012
30,367,recall,0.9967741935483871
30,367,f1,0.8524137931034482
30,368,PR_AUC,0.9297299555988647
30,368,Brier,0.021837684611711948
30,368,precision,0.8155080213903744
30,368,recall,0.9838709677419355
30,368,f1,0.8918128654970761
30,369,PR_AUC,0.9610697907234971
30,369,Brier,0.015147762161895098
30,369,precision,0.8031088082901554
30,369,recall,1.0
30,369,f1,0.8908045977011494
30,370,PR_AUC,0.9462070624890182
30,370,Brier,0.019213988560337566
30,370,precision,0.8036649214659686
30,370,recall,0.9903225806451613
30,370,f1,0.8872832369942196
30,371,PR_AUC,0.9339590043696256
30,371,Brier,0.02142433387016507
30,371,precision,0.7392344497607656
30,371,recall,0.9967741935483871
30,371,f1,0.8489010989010989
30,372,PR_AUC,0.9845541627197713
30,372,Brier,0.017397927581285572
30,372,precision,0.8789625360230547
30,372,recall,0.9838709677419355
30,372,f1,0.928462709284627
30,373,PR_AUC,0.9444514316140564
30,373,Brier,0.019068729716826383
30,373,precision,0.77
30,373,recall,0.9935483870967742
30,373,f1,0.8676056338028169
30,374,PR_AUC,0.9739721941888806
30,374,Brier,0.019515742751500306
30,374,precision,0.7573529411764706
30,374,recall,0.9967741935483871
30,374,f1,0.8607242339832869
30,375,PR_AUC,0.9782669359055695
30,375,Brier,0.018008814596754703
30,375,precision,0.8793103448275862
30,375,recall,0.9870967741935484
30,375,f1,0.9300911854103343
30,376,PR_AUC,0.9738899062983762
30,376,Brier,0.015063332716437935
30,376,precision,0.7579462102689487
30,376,recall,1.0
30,376,f1,0.8623087621696801
30,377,PR_AUC,0.9860391490193942
30,377,Brier,0.016070493986136882
30,377,precision,0.7958656330749354
30,377,recall,0.9935483870967742
30,377,f1,0.8837876614060258
30,378,PR_AUC,0.9776055567212535
30,378,Brier,0.01825171453788315
30,378,precision,0.7763819095477387
30,378,recall,0.9967741935483871
30,378,f1,0.8728813559322034
30,379,PR_AUC,0.9429736931392749
30,379,Brier,0.020642217932631608
30,379,precision,0.7253521126760564
30,379,recall,0.9967741935483871
30,379,f1,0.8396739130434783
30,380,PR_AUC,0.9559014517920259
30,380,Brier,0.019376807786022843
30,380,precision,0.7877237851662404
30,380,recall,0.9935483870967742
30,380,f1,0.8787446504992867
30,381,PR_AUC,0.9802707680225589
30,381,Brier,0.018816553178217118
30,381,precision,0.7579462102689487
30,381,recall,1.0
30,381,f1,0.8623087621696801
30,382,PR_AUC,0.9335369962914436
30,382,Brier,0.02144572201537101
30,382,precision,0.6966292134831461
30,382,recall,1.0
30,382,f1,0.8211920529801324
30,383,PR_AUC,0.9296725226648008
30,383,Brier,0.022933968085747145
30,383,precision,0.7623762376237624
30,383,recall,0.9935483870967742
30,383,f1,0.8627450980392157
30,384,PR_AUC,0.9863445469426755
30,384,Brier,0.013429050740334056
30,384,precision,0.8115183246073299
30,384,recall,1.0
30,384,f1,0.8959537572254336
30,385,PR_AUC,0.9695422520407991
30,385,Brier,0.021393416881063648
30,385,precision,0.782608695652174
30,385,recall,0.9870967741935484
30,385,f1,0.8730385164051355
30,386,PR_AUC,0.944085614589744
30,386,Brier,0.022015543817825705
30,386,precision,0.8095238095238095
30,386,recall,0.9870967741935484
30,386,f1,0.8895348837209303
30,387,PR_AUC,0.9867638011448583
30,387,Brier,0.016572701736324087
30,387,precision,0.8387978142076503
30,387,recall,0.9903225806451613
30,387,f1,0.908284023668639
30,388,PR_AUC,0.9765527803568218
30,388,Brier,0.017182759295852376
30,388,precision,0.8257372654155496
30,388,recall,0.9935483870967742
30,388,f1,0.9019033674963397
30,389,PR_AUC,0.954471560351557
30,389,Brier,0.020218352726459884
30,389,precision,0.8005181347150259
30,389,recall,0.9967741935483871
30,389,f1,0.8879310344827587
30,390,PR_AUC,0.9779096876191443
30,390,Brier,0.017576154879943684
30,390,precision,0.8527777777777777
30,390,recall,0.9903225806451613
30,390,f1,0.9164179104477612
30,391,PR_AUC,0.9437857205536575
30,391,Brier,0.01980169595019321
30,391,precision,0.7752525252525253
30,391,recall,0.9903225806451613
30,391,f1,0.8696883852691218
30,392,PR_AUC,0.980554383083314
30,392,Brier,0.017113050061387587
30,392,precision,0.8169761273209549
30,392,recall,0.9935483870967742
30,392,f1,0.8966521106259098
30,393,PR_AUC,0.9820772668369846
30,393,Brier,0.0150395360411693
30,393,precision,0.8480662983425414
30,393,recall,0.9903225806451613
30,393,f1,0.9136904761904762
30,394,PR_AUC,0.957722037440572
30,394,Brier,0.020193247280942715
30,394,precision,0.8252688172043011
30,394,recall,0.9903225806451613
30,394,f1,0.9002932551319648
30,395,PR_AUC,0.9775321064066783
30,395,Brier,0.019669681524490012
30,395,precision,0.7989556135770235
30,395,recall,0.9870967741935484
30,395,f1,0.8831168831168831
30,396,PR_AUC,0.9471875084098483
30,396,Brier,0.020130090423849074
30,396,precision,0.7374701670644391
30,396,recall,0.9967741935483871
30,396,f1,0.8477366255144033
30,397,PR_AUC,0.981639559056484
30,397,Brier,0.019592644209363276
30,397,precision,0.8301886792452831
30,397,recall,0.9935483870967742
30,397,f1,0.9045521292217328
30,398,PR_AUC,0.979021354953952
30,398,Brier,0.01803389864638315
30,398,precision,0.7427884615384616
30,398,recall,0.9967741935483871
30,398,f1,0.8512396694214877
30,399,PR_AUC,0.9569957202501437
30,399,Brier,0.018148728139042707
30,399,precision,0.8186666666666667
30,399,recall,0.9903225806451613
30,399,f1,0.8963503649635036
30,400,PR_AUC,0.9525386033477389
30,400,Brier,0.02274688670206297
30,400,precision,0.7694235588972431
30,400,recall,0.9903225806451613
30,400,f1,0.8660084626234132
30,401,PR_AUC,0.953475198928105
30,401,Brier,0.021982277263479733
30,401,precision,0.8148148148148148
30,401,recall,0.9935483870967742
30,401,f1,0.8953488372093024
30,402,PR_AUC,0.9727183319444055
30,402,Brier,0.018567942453811666
30,402,precision,0.7882653061224489
30,402,recall,0.9967741935483871
30,402,f1,0.8803418803418803
30,403,PR_AUC,0.926706131659294
30,403,Brier,0.02131552595711583
30,403,precision,0.7555012224938875
30,403,recall,0.9967741935483871
30,403,f1,0.8595271210013908
30,404,PR_AUC,0.9706826931620258
30,404,Brier,0.015559423187503888
30,404,precision,0.7648514851485149
30,404,recall,0.9967741935483871
30,404,f1,0.865546218487395
30,405,PR_AUC,0.9476015208406605
30,405,Brier,0.018176591066445646
30,405,precision,0.7791878172588832
30,405,recall,0.9903225806451613
30,405,f1,0.8721590909090909
30,406,PR_AUC,0.9665904862071765
30,406,Brier,0.0167565734282332
30,406,precision,0.8292682926829268
30,406,recall,0.9870967741935484
30,406,f1,0.9013254786450663
30,407,PR_AUC,0.9603504064667994
30,407,Brier,0.01632822284440338
30,407,precision,0.8235294117647058
30,407,recall,0.9935483870967742
30,407,f1,0.9005847953216374
30,408,PR_AUC,0.9640685838252874
30,408,Brier,0.015872762825506245
30,408,precision,0.8191489361702128
30,408,recall,0.9935483870967742
30,408,f1,0.8979591836734694
30,409,PR_AUC,0.9309367809674061
30,409,Brier,0.02403726187330472
30,409,precision,0.7398568019093079
30,409,recall,1.0
30,409,f1,0.850480109739369
30,410,PR_AUC,0.9892653794396856
30,410,Brier,0.015919734642809436
30,410,precision,0.8789625360230547
30,410,recall,0.9838709677419355
30,410,f1,0.928462709284627
30,411,PR_AUC,0.9720226998429589
30,411,Brier,0.017997385704808973
30,411,precision,0.7686567164179104
30,411,recall,0.9967741935483871
30,411,f1,0.8679775280898876
30,412,PR_AUC,0.9782267081657396
30,412,Brier,0.01968649296757982
30,412,precision,0.8020833333333334
30,412,recall,0.9935483870967742
30,412,f1,0.8876080691642652
30,413,PR_AUC,0.9491958146538718
30,413,Brier,0.020098580394983027
30,413,precision,0.7322274881516587
30,413,recall,0.9967741935483871
30,413,f1,0.8442622950819673
30,414,PR_AUC,0.9726254169287889
30,414,Brier,0.015186167819796727
30,414,precision,0.7897435897435897
30,414,recall,0.9935483870967742
30,414,f1,0.88
30,415,PR_AUC,0.949877216275071
30,415,Brier,0.020939312772564868
30,415,precision,0.7846153846153846
30,415,recall,0.9870967741935484
30,415,f1,0.8742857142857143
30,416,PR_AUC,0.975683128625486
30,416,Brier,0.01663955665295206
30,416,precision,0.8647887323943662
30,416,recall,0.9903225806451613
30,416,f1,0.9233082706766917
30,417,PR_AUC,0.9542852795358918
30,417,Brier,0.02349103563036812
30,417,precision,0.7777777777777778
30,417,recall,0.9935483870967742
30,417,f1,0.8725212464589235
30,418,PR_AUC,0.9668732690497153
30,418,Brier,0.020673879499890812
30,418,precision,0.7777777777777778
30,418,recall,0.9935483870967742
30,418,f1,0.8725212464589235
30,419,PR_AUC,0.976943499046592
30,419,Brier,0.017108028244820998
30,419,precision,0.8046875
30,419,recall,0.9967741935483871
30,419,f1,0.8904899135446686
30,420,PR_AUC,0.9789574286338327
30,420,Brier,0.01945555667051842
30,420,precision,0.8057742782152231
30,420,recall,0.9903225806451613
30,420,f1,0.8885672937771346
30,421,PR_AUC,0.9675298598948361
30,421,Brier,0.016877485908220753
30,421,precision,0.8095238095238095
30,421,recall,0.9870967741935484
30,421,f1,0.8895348837209303
30,422,PR_AUC,0.9470842035528468
30,422,Brier,0.017492352294863983
30,422,precision,0.7938144329896907
30,422,recall,0.9935483870967742
30,422,f1,0.8825214899713467
30,423,PR_AUC,0.9490756380695969
30,423,Brier,0.019057521492025532
30,423,precision,0.7989556135770235
30,423,recall,0.9870967741935484
30,423,f1,0.8831168831168831
30,424,PR_AUC,0.9734380863707596
30,424,Brier,0.023214374353749637
30,424,precision,0.7791878172588832
30,424,recall,0.9903225806451613
30,424,f1,0.8721590909090909
30,425,PR_AUC,0.9783870331800002
30,425,Brier,0.017232619328651194
30,425,precision,0.8346883468834688
30,425,recall,0.9935483870967742
30,425,f1,0.9072164948453608
30,426,PR_AUC,0.9546397845054899
30,426,Brier,0.01546288147859468
30,426,precision,0.8
30,426,recall,0.9935483870967742
30,426,f1,0.8863309352517985
30,427,PR_AUC,0.9638007999785114
30,427,Brier,0.0181920463907456
30,427,precision,0.7374701670644391
30,427,recall,0.9967741935483871
30,427,f1,0.8477366255144033
30,428,PR_AUC,0.9151324167033481
30,428,Brier,0.02416677829229795
30,428,precision,0.7392344497607656
30,428,recall,0.9967741935483871
30,428,f1,0.8489010989010989
30,429,PR_AUC,0.9632660617466225
30,429,Brier,0.025521949455213362
30,429,precision,0.6813186813186813
30,429,recall,1.0
30,429,f1,0.8104575163398693
30,430,PR_AUC,0.9623074721264867
30,430,Brier,0.01581615603690676
30,430,precision,0.8005181347150259
30,430,recall,0.9967741935483871
30,430,f1,0.8879310344827587
30,431,PR_AUC,0.9500666264946517
30,431,Brier,0.020476505199102032
30,431,precision,0.7616707616707616
30,431,recall,1.0
30,431,f1,0.8647140864714087
30,432,PR_AUC,0.9527617041203349
30,432,Brier,0.016844368393014668
30,432,precision,0.8078947368421052
30,432,recall,0.9903225806451613
30,432,f1,0.8898550724637682
30,433,PR_AUC,0.9817166945262059
30,433,Brier,0.01815501458886357
30,433,precision,0.8083989501312336
30,433,recall,0.9935483870967742
30,433,f1,0.8914616497829233
30,434,PR_AUC,0.932192888031155
30,434,Brier,0.02049997871955815
30,434,precision,0.7463768115942029
30,434,recall,0.9967741935483871
30,434,f1,0.8535911602209945
30,435,PR_AUC,0.9330121971042484
30,435,Brier,0.022913738838303832
30,435,precision,0.7573529411764706
30,435,recall,0.9967741935483871
30,435,f1,0.8607242339832869
30,436,PR_AUC,0.9795915632773144
30,436,Brier,0.0161671987144113
30,436,precision,0.884393063583815
30,436,recall,0.9870967741935484
30,436,f1,0.9329268292682927
30,437,PR_AUC,0.9692895243580045
30,437,Brier,0.02230621444017508
30,437,precision,0.7635467980295566
30,437,recall,1.0
30,437,f1,0.8659217877094972
30,438,PR_AUC,0.9736364547111376
30,438,Brier,0.01907031776522716
30,438,precision,0.7686567164179104
30,438,recall,0.9967741935483871
30,438,f1,0.8679775280898876
30,439,PR_AUC,0.9494168259190519
30,439,Brier,0.022042015500567336
30,439,precision,0.7481840193704601
30,439,recall,0.9967741935483871
30,439,f1,0.8547717842323651
30,440,PR_AUC,0.9873656752551115
30,440,Brier,0.01637102947253828
30,440,precision,0.7374701670644391
30,440,recall,0.9967741935483871
30,440,f1,0.8477366255144033
30,441,PR_AUC,0.9490229993105374
30,441,Brier,0.018506334166097253
30,441,precision,0.7586206896551724
30,441,recall,0.9935483870967742
30,441,f1,0.8603351955307262
30,442,PR_AUC,0.9529106379429209
30,442,Brier,0.017926720894295554
30,442,precision,0.7427884615384616
30,442,recall,0.9967741935483871
30,442,f1,0.8512396694214877
30,443,PR_AUC,0.9798182759891583
30,443,Brier,0.020967268546999686
30,443,precision,0.8324324324324325
30,443,recall,0.9935483870967742
30,443,f1,0.9058823529411765
30,444,PR_AUC,0.9457909640038007
30,444,Brier,0.021044370498083713
30,444,precision,0.7129629629629629
30,444,recall,0.9935483870967742
30,444,f1,0.8301886792452831
30,445,PR_AUC,0.982239473554646
30,445,Brier,0.01995411420819166
30,445,precision,0.6943820224719102
30,445,recall,0.9967741935483871
30,445,f1,0.8185430463576159
30,446,PR_AUC,0.9559520160190433
30,446,Brier,0.02010175232770188
30,446,precision,0.7518248175182481
30,446,recall,0.9967741935483871
30,446,f1,0.8571428571428571
30,447,PR_AUC,0.9538099392686428
30,447,Brier,0.020280826141677064
30,447,precision,0.7573529411764706
30,447,recall,0.9967741935483871
30,447,f1,0.8607242339832869
30,448,PR_AUC,0.9636289966567927
30,448,Brier,0.01882268010971053
30,448,precision,0.7871794871794872
30,448,recall,0.9903225806451613
30,448,f1,0.8771428571428571
30,449,PR_AUC,0.9773360344787694
30,449,Brier,0.018201648175890258
30,449,precision,0.8252688172043011
30,449,recall,0.9903225806451613
30,449,f1,0.9002932551319648
30,450,PR_AUC,0.9545460507603574
30,450,Brier,0.020429044470031393
30,450,precision,0.7932816537467701
30,450,recall,0.9903225806451613
30,450,f1,0.8809182209469153
30,451,PR_AUC,0.9823423576085155
30,451,Brier,0.01690744646182303
30,451,precision,0.806282722513089
30,451,recall,0.9935483870967742
30,451,f1,0.8901734104046243
30,452,PR_AUC,0.9569878558336147
30,452,Brier,0.01802064713836217
30,452,precision,0.7897435897435897
30,452,recall,0.9935483870967742
30,452,f1,0.88
30,453,PR_AUC,0.9434967848764588
30,453,Brier,0.021873944026464656
30,453,precision,0.7882653061224489
30,453,recall,0.9967741935483871
30,453,f1,0.8803418803418803
30,454,PR_AUC,0.9725283509345809
30,454,Brier,0.018162120742617655
30,454,precision,0.7877237851662404
30,454,recall,0.9935483870967742
30,454,f1,0.8787446504992867
30,455,PR_AUC,0.9465918941692273
30,455,Brier,0.017495961355306438
30,455,precision,0.8078947368421052
30,455,recall,0.9903225806451613
30,455,f1,0.8898550724637682
30,456,PR_AUC,0.9850841780680715
30,456,Brier,0.015832694187686906
30,456,precision,0.7902813299232737
30,456,recall,0.9967741935483871
30,456,f1,0.8815977175463623
30,457,PR_AUC,0.977355282214409
30,457,Brier,0.020663056171034488
30,457,precision,0.7264150943396226
30,457,recall,0.9935483870967742
30,457,f1,0.8392370572207084
30,458,PR_AUC,0.95564512002458
30,458,Brier,0.021892792001351774
30,458,precision,0.7842639593908629
30,458,recall,0.9967741935483871
30,458,f1,0.8778409090909091
30,459,PR_AUC,0.9471775538435706
30,459,Brier,0.019975394980273786
30,459,precision,0.7410071942446043
30,459,recall,0.9967741935483871
30,459,f1,0.8500687757909215
30,460,PR_AUC,0.9626654897294391
30,460,Brier,0.01669494584131774
30,460,precision,0.8186666666666667
30,460,recall,0.9903225806451613
30,460,f1,0.8963503649635036
30,461,PR_AUC,0.9694788125489084
30,461,Brier,0.022400061472229376
30,461,precision,0.7524509803921569
30,461,recall,0.9903225806451613
30,461,f1,0.8551532033426184
30,462,PR_AUC,0.9535479984822728
30,462,Brier,0.01792804917305058
30,462,precision,0.7549019607843137
30,462,recall,0.9935483870967742
30,462,f1,0.8579387186629527
30,463,PR_AUC,0.9398852606443154
30,463,Brier,0.02344167085374357
30,463,precision,0.7610837438423645
30,463,recall,0.9967741935483871
30,463,f1,0.8631284916201117
30,464,PR_AUC,0.9627024794026688
30,464,Brier,0.02069384215612219
30,464,precision,0.7209302325581395
30,464,recall,1.0
30,464,f1,0.8378378378378378
30,465,PR_AUC,0.952273256270643
30,465,Brier,0.019760186081799587
30,465,precision,0.7673267326732673
30,465,recall,1.0
30,465,f1,0.8683473389355743
30,466,PR_AUC,0.9884456884483472
30,466,Brier,0.012758219507907875
30,466,precision,0.8480662983425414
30,466,recall,0.9903225806451613
30,466,f1,0.9136904761904762
30,467,PR_AUC,0.9834978254330025
30,467,Brier,0.016972401615452694
30,467,precision,0.77
30,467,recall,0.9935483870967742
30,467,f1,0.8676056338028169
30,468,PR_AUC,0.9672077693648036
30,468,Brier,0.023144421392672004
30,468,precision,0.7457627118644068
30,468,recall,0.9935483870967742
30,468,f1,0.8520055325034578
30,469,PR_AUC,0.9719020095218841
30,469,Brier,0.020630920598964597
30,469,precision,0.7732997481108312
30,469,recall,0.9903225806451613
30,469,f1,0.8684582743988685
30,470,PR_AUC,0.9634834581073869
30,470,Brier,0.018491674418640882
30,470,precision,0.7732997481108312
30,470,recall,0.9903225806451613
30,470,f1,0.8684582743988685
30,471,PR_AUC,0.9649352808423204
30,471,Brier,0.019056788440191617
30,471,precision,0.8164893617021277
30,471,recall,0.9903225806451613
30,471,f1,0.8950437317784257
30,472,PR_AUC,0.9842415722719364
30,472,Brier,0.015094707556978901
30,472,precision,0.8415300546448088
30,472,recall,0.9935483870967742
30,472,f1,0.9112426035502958
30,473,PR_AUC,0.9457901561761151
30,473,Brier,0.01835679963820127
30,473,precision,0.7667493796526055
30,473,recall,0.9967741935483871
30,473,f1,0.8667601683029453
30,474,PR_AUC,0.9444629625892793
30,474,Brier,0.019783253451208665
30,474,precision,0.8090185676392573
30,474,recall,0.9838709677419355
30,474,f1,0.8879184861717613
30,475,PR_AUC,0.9616277160352737
30,475,Brier,0.018136258579798635
30,475,precision,0.7579462102689487
30,475,recall,1.0
30,475,f1,0.8623087621696801
30,476,PR_AUC,0.9605027250988101
30,476,Brier,0.020106597913900875
30,476,precision,0.763681592039801
30,476,recall,0.9903225806451613
30,476,f1,0.8623595505617978
30,477,PR_AUC,0.9213386583727727
30,477,Brier,0.02399817813158032
30,477,precision,0.7038724373576309
30,477,recall,0.9967741935483871
30,477,f1,0.8251001335113485
30,478,PR_AUC,0.9644734233361354
30,478,Brier,0.016990941211494373
30,478,precision,0.827027027027027
30,478,recall,0.9870967741935484
30,478,f1,0.9
30,479,PR_AUC,0.9556270537833207
30,479,Brier,0.02031978848763072
30,479,precision,0.744578313253012
30,479,recall,0.9967741935483871
30,479,f1,0.8524137931034482
30,480,PR_AUC,0.9572269210912379
30,480,Brier,0.018480817040365315
30,480,precision,0.820855614973262
30,480,recall,0.9903225806451613
30,480,f1,0.8976608187134503
30,481,PR_AUC,0.9730325850121198
30,481,Brier,0.01780424458255804
30,481,precision,0.7803030303030303
30,481,recall,0.9967741935483871
30,481,f1,0.8753541076487252
30,482,PR_AUC,0.9340772657837259
30,482,Brier,0.022037892581668026
30,482,precision,0.7209302325581395
30,482,recall,1.0
30,482,f1,0.8378378378378378
30,483,PR_AUC,0.9653028274552515
30,483,Brier,0.01775917781487517
30,483,precision,0.8406593406593407
30,483,recall,0.9870967741935484
30,483,f1,0.9080118694362018
30,484,PR_AUC,0.980548809361041
30,484,Brier,0.017519749230990127
30,484,precision,0.8196286472148541
30,484,recall,0.9967741935483871
30,484,f1,0.8995633187772926
30,485,PR_AUC,0.9867447781005849
30,485,Brier,0.016332230874418378
30,485,precision,0.7536585365853659
30,485,recall,0.9967741935483871
30,485,f1,0.8583333333333333
30,486,PR_AUC,0.9618385990586573
30,486,Brier,0.01827039368625778
30,486,precision,0.7667493796526055
30,486,recall,0.9967741935483871
30,486,f1,0.8667601683029453
30,487,PR_AUC,0.9721653865073785
30,487,Brier,0.02076151895012344
30,487,precision,0.7817258883248731
30,487,recall,0.9935483870967742
30,487,f1,0.875
30,488,PR_AUC,0.9791459868668883
30,488,Brier,0.016800407316781726
30,488,precision,0.8078947368421052
30,488,recall,0.9903225806451613
30,488,f1,0.8898550724637682
30,489,PR_AUC,0.921409192396786
30,489,Brier,0.024977255798422828
30,489,precision,0.7175925925925926
30,489,recall,1.0
30,489,f1,0.8355795148247979
30,490,PR_AUC,0.9618000432387938
30,490,Brier,0.018938429948421716
30,490,precision,0.8181818181818182
30,490,recall,0.9870967741935484
30,490,f1,0.8947368421052632
30,491,PR_AUC,0.9851601728785633
30,491,Brier,0.014934386223529491
30,491,precision,0.7958656330749354
30,491,recall,0.9935483870967742
30,491,f1,0.8837876614060258
30,492,PR_AUC,0.9501586288167958
30,492,Brier,0.01915296013430654
30,492,precision,0.7783375314861462
30,492,recall,0.9967741935483871
30,492,f1,0.8741159830268741
30,493,PR_AUC,0.9822656080926372
30,493,Brier,0.016964536251218906
30,493,precision,0.8480662983425414
30,493,recall,0.9903225806451613
30,493,f1,0.9136904761904762
30,494,PR_AUC,0.9609264861660668
30,494,Brier,0.018642129348416643
30,494,precision,0.8015665796344648
30,494,recall,0.9903225806451613
30,494,f1,0.886002886002886
30,495,PR_AUC,0.9900603047923173
30,495,Brier,0.015823299985521944
30,495,precision,0.9351851851851852
30,495,recall,0.9774193548387097
30,495,f1,0.9558359621451105
30,496,PR_AUC,0.9437087711723842
30,496,Brier,0.020499996300007674
30,496,precision,0.7725
30,496,recall,0.9967741935483871
30,496,f1,0.8704225352112676
30,497,PR_AUC,0.9604651925277183
30,497,Brier,0.020506232184578168
30,497,precision,0.820855614973262
30,497,recall,0.9903225806451613
30,497,f1,0.8976608187134503
30,498,PR_AUC,0.9775773171643386
30,498,Brier,0.017397267311059183
30,498,precision,0.8365122615803815
30,498,recall,0.9903225806451613
30,498,f1,0.9069423929098966
30,499,PR_AUC,0.9502230068256747
30,499,Brier,0.02095339720025427
30,499,precision,0.6928251121076233
30,499,recall,0.9967741935483871
30,499,f1,0.8174603174603174
30,500,PR_AUC,0.9534569565125579
30,500,Brier,0.015622357872334222
30,500,precision,0.7822784810126582
30,500,recall,0.9967741935483871
30,500,f1,0.8765957446808511
30,501,PR_AUC,0.9492927117755986
30,501,Brier,0.016801146953296375
30,501,precision,0.7938144329896907
30,501,recall,0.9935483870967742
30,501,f1,0.8825214899713467
30,502,PR_AUC,0.9545102708049782
30,502,Brier,0.0210315990635168
30,502,precision,0.7848101265822784
30,502,recall,1.0
30,502,f1,0.8794326241134752
30,503,PR_AUC,0.9821568559564637
30,503,Brier,0.013503088866683497
30,503,precision,0.8328840970350404
30,503,recall,0.9967741935483871
30,503,f1,0.9074889867841409
30,504,PR_AUC,0.9544777982212997
30,504,Brier,0.020529593106130853
30,504,precision,0.8126649076517151
30,504,recall,0.9935483870967742
30,504,f1,0.8940493468795355
30,505,PR_AUC,0.9660313358083734
30,505,Brier,0.01717762302482954
30,505,precision,0.8476454293628809
30,505,recall,0.9870967741935484
30,505,f1,0.9120715350223547
30,506,PR_AUC,0.9486927137068789
30,506,Brier,0.018578886918410427
30,506,precision,0.7897435897435897
30,506,recall,0.9935483870967742
30,506,f1,0.88
30,507,PR_AUC,0.9590246476193645
30,507,Brier,0.02174286170440118
30,507,precision,0.7287735849056604
30,507,recall,0.9967741935483871
30,507,f1,0.8419618528610354
30,508,PR_AUC,0.9525058694968949
30,508,Brier,0.01829059156812413
30,508,precision,0.7555012224938875
30,508,recall,0.9967741935483871
30,508,f1,0.8595271210013908
30,509,PR_AUC,0.9797619960502852
30,509,Brier,0.01937430095814659
30,509,precision,0.7912371134020618
30,509,recall,0.9903225806451613
30,509,f1,0.8796561604584527
30,510,PR_AUC,0.9772988343202715
30,510,Brier,0.018704136045924264
30,510,precision,0.8110236220472441
30,510,recall,0.9967741935483871
30,510,f1,0.894356005788712
30,511,PR_AUC,0.973105992235151
30,511,Brier,0.019317600037804108
30,511,precision,0.8288043478260869
30,511,recall,0.9838709677419355
30,511,f1,0.8997050147492626
30,512,PR_AUC,0.9527048581293845
30,512,Brier,0.02174781265859615
30,512,precision,0.8476454293628809
30,512,recall,0.9870967741935484
30,512,f1,0.9120715350223547
30,513,PR_AUC,0.9796000318097062
30,513,Brier,0.01991815375672483
30,513,precision,0.8519553072625698
30,513,recall,0.9838709677419355
30,513,f1,0.9131736526946108
30,514,PR_AUC,0.9492709956304746
30,514,Brier,0.023718849734442306
30,514,precision,0.7592137592137592
30,514,recall,0.9967741935483871
30,514,f1,0.8619246861924686
30,515,PR_AUC,0.9436351041333597
30,515,Brier,0.02247854693096777
30,515,precision,0.7333333333333333
30,515,recall,0.9935483870967742
30,515,f1,0.8438356164383561
30,516,PR_AUC,0.9710521640021401
30,516,Brier,0.01830347107288987
30,516,precision,0.770573566084788
30,516,recall,0.9967741935483871
30,516,f1,0.869198312236287
30,517,PR_AUC,0.947881648931609
30,517,Brier,0.019319095021886577
30,517,precision,0.7380952380952381
30,517,recall,1.0
30,517,f1,0.8493150684931506
30,518,PR_AUC,0.9783488450760097
30,518,Brier,0.01623633249227406
30,518,precision,0.824
30,518,recall,0.9967741935483871
30,518,f1,0.9021897810218978
30,519,PR_AUC,0.947596914146141
30,519,Brier,0.01871085268877839
30,519,precision,0.7311320754716981
30,519,recall,1.0
30,519,f1,0.8446866485013624
30,520,PR_AUC,0.9500770765462617
30,520,Brier,0.020291175560474058
30,520,precision,0.7938144329896907
30,520,recall,0.9935483870967742
30,520,f1,0.8825214899713467
30,521,PR_AUC,0.9612892514213308
30,521,Brier,0.018025460221924288
30,521,precision,0.75
30,521,recall,0.9967741935483871
30,521,f1,0.8559556786703602
30,522,PR_AUC,0.9671128252493528
30,522,Brier,0.01610996683308195
30,522,precision,0.7958656330749354
30,522,recall,0.9935483870967742
30,522,f1,0.8837876614060258
30,523,PR_AUC,0.9608485163453335
30,523,Brier,0.01879166218338512
30,523,precision,0.7524271844660194
30,523,recall,1.0
30,523,f1,0.8587257617728532
30,524,PR_AUC,0.9752547988882072
30,524,Brier,0.015483384000059865
30,524,precision,0.8579387186629527
30,524,recall,0.9935483870967742
30,524,f1,0.9207772795216741
30,525,PR_AUC,0.9634578328355294
30,525,Brier,0.01805478809735142
30,525,precision,0.7623762376237624
30,525,recall,0.9935483870967742
30,525,f1,0.8627450980392157
30,526,PR_AUC,0.9873683500282336
30,526,Brier,0.014084975391995087
30,526,precision,0.8342391304347826
30,526,recall,0.9903225806451613
30,526,f1,0.9056047197640118
30,527,PR_AUC,0.9779876995084925
30,527,Brier,0.01715079946679847
30,527,precision,0.8346883468834688
30,527,recall,0.9935483870967742
30,527,f1,0.9072164948453608
30,528,PR_AUC,0.9774068375968759
30,528,Brier,0.017719450691525803
30,528,precision,0.75
30,528,recall,0.9967741935483871
30,528,f1,0.8559556786703602
30,529,PR_AUC,0.9191709993175167
30,529,Brier,0.02215186713677707
30,529,precision,0.763681592039801
30,529,recall,0.9903225806451613
30,529,f1,0.8623595505617978
30,530,PR_AUC,0.9774135329298292
30,530,Brier,0.015730959597698473
30,530,precision,0.8647887323943662
30,530,recall,0.9903225806451613
30,530,f1,0.9233082706766917
30,531,PR_AUC,0.9826450805505426
30,531,Brier,0.016384412678081536
30,531,precision,0.8551532033426184
30,531,recall,0.9903225806451613
30,531,f1,0.9177877428998505
30,532,PR_AUC,0.9598967492333368
30,532,Brier,0.017916619892824014
30,532,precision,0.7837150127226463
30,532,recall,0.9935483870967742
30,532,f1,0.8762446657183499
30,533,PR_AUC,0.9806279335534258
30,533,Brier,0.014664462155225065
30,533,precision,0.8696883852691218
30,533,recall,0.9903225806451613
30,533,f1,0.9260935143288085
30,534,PR_AUC,0.9818884925302152
30,534,Brier,0.01870960796295805
30,534,precision,0.864406779661017
30,534,recall,0.9870967741935484
30,534,f1,0.9216867469879518
30,535,PR_AUC,0.9649648762043372
30,535,Brier,0.017462608520994165
30,535,precision,0.7744360902255639
30,535,recall,0.9967741935483871
30,535,f1,0.8716502115655853
30,536,PR_AUC,0.9768489636923272
30,536,Brier,0.020482304691139343
30,536,precision,0.7573529411764706
30,536,recall,0.9967741935483871
30,536,f1,0.8607242339832869
30,537,PR_AUC,0.9670763031558703
30,537,Brier,0.016501941317401868
30,537,precision,0.806282722513089
30,537,recall,0.9935483870967742
30,537,f1,0.8901734104046243
30,538,PR_AUC,0.9596103472186642
30,538,Brier,0.019372491494867125
30,538,precision,0.804177545691906
30,538,recall,0.9935483870967742
30,538,f1,0.8888888888888888
30,539,PR_AUC,0.9754189841588582
30,539,Brier,0.017626509115521535
30,539,precision,0.8143236074270557
30,539,recall,0.9903225806451613
30,539,f1,0.893740902474527
30,540,PR_AUC,0.9295266995838096
30,540,Brier,0.021219934493706575
30,540,precision,0.7772151898734178
30,540,recall,0.9903225806451613
30,540,f1,0.8709219858156029
30,541,PR_AUC,0.929739100900986
30,541,Brier,0.020522882213632083
30,541,precision,0.7518248175182481
30,541,recall,0.9967741935483871
30,541,f1,0.8571428571428571
30,542,PR_AUC,0.9590559760207702
30,542,Brier,0.019975470783654158
30,542,precision,0.8126649076517151
30,542,recall,0.9935483870967742
30,542,f1,0.8940493468795355
30,543,PR_AUC,0.9713553682324927
30,543,Brier,0.021838847920785394
30,543,precision,0.7842639593908629
30,543,recall,0.9967741935483871
30,543,f1,0.8778409090909091
30,544,PR_AUC,0.9683067904456275
30,544,Brier,0.015994135587361583
30,544,precision,0.8342391304347826
30,544,recall,0.9903225806451613
30,544,f1,0.9056047197640118
30,545,PR_AUC,0.9405553227947772
30,545,Brier,0.01804827820425088
30,545,precision,0.8052631578947368
30,545,recall,0.9870967741935484
30,545,f1,0.8869565217391304
30,546,PR_AUC,0.9783594925706562
30,546,Brier,0.015423609930933576
30,546,precision,0.8110236220472441
30,546,recall,0.9967741935483871
30,546,f1,0.894356005788712
30,547,PR_AUC,0.9686204202038028
30,547,Brier,0.016628400111748907
30,547,precision,0.75
30,547,recall,0.9967741935483871
30,547,f1,0.8559556786703602
30,548,PR_AUC,0.9540586910350135
30,548,Brier,0.01935297104271917
30,548,precision,0.8434065934065934
30,548,recall,0.9903225806451613
30,548,f1,0.9109792284866469
30,549,PR_AUC,0.9551350069927385
30,549,Brier,0.023077069561697684
30,549,precision,0.7129629629629629
30,549,recall,0.9935483870967742
30,549,f1,0.8301886792452831
30,550,PR_AUC,0.9590363195652716
30,550,Brier,0.018122186121931533
30,550,precision,0.8615819209039548
30,550,recall,0.9838709677419355
30,550,f1,0.9186746987951807
30,551,PR_AUC,0.9741456271122289
30,551,Brier,0.021261324082296123
30,551,precision,0.7661691542288557
30,551,recall,0.9935483870967742
30,551,f1,0.8651685393258427
30,552,PR_AUC,0.9508219885379958
30,552,Brier,0.021357670066928482
30,552,precision,0.7772151898734178
30,552,recall,0.9903225806451613
30,552,f1,0.8709219858156029
30,553,PR_AUC,0.9756442763557267
30,553,Brier,0.023740429852844105
30,553,precision,0.8279569892473119
30,553,recall,0.9935483870967742
30,553,f1,0.9032258064516129
30,554,PR_AUC,0.9610219636508056
30,554,Brier,0.017298952240441045
30,554,precision,0.7897435897435897
30,554,recall,0.9935483870967742
30,554,f1,0.88
30,555,PR_AUC,0.9762964566716119
30,555,Brier,0.016747675125747985
30,555,precision,0.7888040712468194
30,555,recall,1.0
30,555,f1,0.8819345661450925
30,556,PR_AUC,0.9596417326162437
30,556,Brier,0.01909536436443925
30,556,precision,0.7667493796526055
30,556,recall,0.9967741935483871
30,556,f1,0.8667601683029453
30,557,PR_AUC,0.9577234991958672
30,557,Brier,0.01689232806973785
30,557,precision,0.794344473007712
30,557,recall,0.9967741935483871
30,557,f1,0.8841201716738197
30,558,PR_AUC,0.9597006504554485
30,558,Brier,0.01759512134764098
30,558,precision,0.7917737789203085
30,558,recall,0.9935483870967742
30,558,f1,0.8812589413447782
30,559,PR_AUC,0.9615410928187891
30,559,Brier,0.019948725257633138
30,559,precision,0.7667493796526055
30,559,recall,0.9967741935483871
30,559,f1,0.8667601683029453
30,560,PR_AUC,0.9557621600656294
30,560,Brier,0.019653145979929548
30,560,precision,0.8036649214659686
30,560,recall,0.9903225806451613
30,560,f1,0.8872832369942196
30,561,PR_AUC,0.9342900333640842
30,561,Brier,0.0202624120563265
30,561,precision,0.7219626168224299
30,561,recall,0.9967741935483871
30,561,f1,0.8373983739837398
30,562,PR_AUC,0.9742324602367035
30,562,Brier,0.02183338172833404
30,562,precision,0.9023668639053254
30,562,recall,0.9838709677419355
30,562,f1,0.941358024691358
30,563,PR_AUC,0.9586428177954628
30,563,Brier,0.02178319038736647
30,563,precision,0.7259953161592506
30,563,recall,1.0
30,563,f1,0.841248303934871
30,564,PR_AUC,0.9812663139180542
30,564,Brier,0.01855057523555719
30,564,precision,0.7817258883248731
30,564,recall,0.9935483870967742
30,564,f1,0.875
30,565,PR_AUC,0.9824679305678656
30,565,Brier,0.017158367702149707
30,565,precision,0.8551532033426184
30,565,recall,0.9903225806451613
30,565,f1,0.9177877428998505
30,566,PR_AUC,0.9492558195160119
30,566,Brier,0.02355383005897661
30,566,precision,0.762962962962963
30,566,recall,0.9967741935483871
30,566,f1,0.8643356643356643
30,567,PR_AUC,0.9802084601073682
30,567,Brier,0.018017738254155334
30,567,precision,0.8615819209039548
30,567,recall,0.9838709677419355
30,567,f1,0.9186746987951807
30,568,PR_AUC,0.982463085856259
30,568,Brier,0.01660801664121111
30,568,precision,0.8292682926829268
30,568,recall,0.9870967741935484
30,568,f1,0.9013254786450663
30,569,PR_AUC,0.9467603339525598
30,569,Brier,0.019717158970116454
30,569,precision,0.7817258883248731
30,569,recall,0.9935483870967742
30,569,f1,0.875
30,570,PR_AUC,0.9463489680383975
30,570,Brier,0.019264929477965483
30,570,precision,0.7906976744186046
30,570,recall,0.9870967741935484
30,570,f1,0.8780487804878049
30,571,PR_AUC,0.9521987417772904
30,571,Brier,0.021854154353225286
30,571,precision,0.7368421052631579
30,571,recall,0.9935483870967742
30,571,f1,0.8461538461538461
30,572,PR_AUC,0.9555309567560631
30,572,Brier,0.016123760512036983
30,572,precision,0.762962962962963
30,572,recall,0.9967741935483871
30,572,f1,0.8643356643356643
30,573,PR_AUC,0.9855427436545053
30,573,Brier,0.017656901641832746
30,573,precision,0.8619718309859155
30,573,recall,0.9870967741935484
30,573,f1,0.9203007518796993
30,574,PR_AUC,0.9599333946071982
30,574,Brier,0.01732842583405523
30,574,precision,0.8089005235602095
30,574,recall,0.9967741935483871
30,574,f1,0.8930635838150289
30,575,PR_AUC,0.979181447048112
30,575,Brier,0.01607701649537951
30,575,precision,0.8126649076517151
30,575,recall,0.9935483870967742
30,575,f1,0.8940493468795355
30,576,PR_AUC,0.9753701455099775
30,576,Brier,0.016264722573056396
30,576,precision,0.8005181347150259
30,576,recall,0.9967741935483871
30,576,f1,0.8879310344827587
30,577,PR_AUC,0.9831362226523558
30,577,Brier,0.01783835427057805
30,577,precision,0.7958656330749354
30,577,recall,0.9935483870967742
30,577,f1,0.8837876614060258
30,578,PR_AUC,0.966289031030229
30,578,Brier,0.020350763653787615
30,578,precision,0.7857142857142857
30,578,recall,0.9935483870967742
30,578,f1,0.8774928774928775
30,579,PR_AUC,0.9568632819144944
30,579,Brier,0.01971907477357021
30,579,precision,0.7938144329896907
30,579,recall,0.9935483870967742
30,579,f1,0.8825214899713467
30,580,PR_AUC,0.9759262603652392
30,580,Brier,0.018317356180508712
30,580,precision,0.744578313253012
30,580,recall,0.9967741935483871
30,580,f1,0.8524137931034482
30,581,PR_AUC,0.9753242377941582
30,581,Brier,0.015448227815245722
30,581,precision,0.7928388746803069
30,581,recall,1.0
30,581,f1,0.884450784593438
30,582,PR_AUC,0.9457027915148328
30,582,Brier,0.01978515352371773
30,582,precision,0.7871794871794872
30,582,recall,0.9903225806451613
30,582,f1,0.8771428571428571
30,583,PR_AUC,0.9721159526339198
30,583,Brier,0.015571457380089804
30,583,precision,0.7524271844660194
30,583,recall,1.0
30,583,f1,0.8587257617728532
30,584,PR_AUC,0.9667136544023615
30,584,Brier,0.023488348538871235
30,584,precision,0.7788944723618091
30,584,recall,1.0
30,584,f1,0.8757062146892656
30,585,PR_AUC,0.969985796641811
30,585,Brier,0.023885238881672557
30,585,precision,0.7567567567567568
30,585,recall,0.9935483870967742
30,585,f1,0.8591352859135286
30,586,PR_AUC,0.9663759731136496
30,586,Brier,0.02081451220215165
30,586,precision,0.8005181347150259
30,586,recall,0.9967741935483871
30,586,f1,0.8879310344827587
30,587,PR_AUC,0.9106542706515419
30,587,Brier,0.023793971248500353
30,587,precision,0.7103448275862069
30,587,recall,0.9967741935483871
30,587,f1,0.8295302013422818
30,588,PR_AUC,0.9668854830949172
30,588,Brier,0.018164463200610218
30,588,precision,0.7958656330749354
30,588,recall,0.9935483870967742
30,588,f1,0.8837876614060258
30,589,PR_AUC,0.9278354364220764
30,589,Brier,0.019840364920315125
30,589,precision,0.7661691542288557
30,589,recall,0.9935483870967742
30,589,f1,0.8651685393258427
30,590,PR_AUC,0.9491011498072025
30,590,Brier,0.021325236071714607
30,590,precision,0.8203753351206434
30,590,recall,0.9870967741935484
30,590,f1,0.8960468521229868
30,591,PR_AUC,0.9764079345852289
30,591,Brier,0.018700028125991856
30,591,precision,0.7868020304568528
30,591,recall,1.0
30,591,f1,0.8806818181818182
30,592,PR_AUC,0.9801751311563097
30,592,Brier,0.016977154148412915
30,592,precision,0.8020833333333334
30,592,recall,0.9935483870967742
30,592,f1,0.8876080691642652
30,593,PR_AUC,0.9659816480264705
30,593,Brier,0.024483358846283727
30,593,precision,0.7339667458432304
30,593,recall,0.9967741935483871
30,593,f1,0.8454172366621067
30,594,PR_AUC,0.9655421886126339
30,594,Brier,0.017138620317810653
30,594,precision,0.806282722513089
30,594,recall,0.9935483870967742
30,594,f1,0.8901734104046243
30,595,PR_AUC,0.9798894195569828
30,595,Brier,0.01891576136862151
30,595,precision,0.779746835443038
30,595,recall,0.9935483870967742
30,595,f1,0.873758865248227
30,596,PR_AUC,0.9620310717253207
30,596,Brier,0.018082254171066108
30,596,precision,0.8020833333333334
30,596,recall,0.9935483870967742
30,596,f1,0.8876080691642652
30,597,PR_AUC,0.9699762631806694
30,597,Brier,0.019556635469191584
30,597,precision,0.7642679900744417
30,597,recall,0.9935483870967742
30,597,f1,0.8639551192145862
30,598,PR_AUC,0.975451182273751
30,598,Brier,0.01666718284052341
30,598,precision,0.7882653061224489
30,598,recall,0.9967741935483871
30,598,f1,0.8803418803418803
30,599,PR_AUC,0.9813072969390432
30,599,Brier,0.017992485697461775
30,599,precision,0.8324324324324325
30,599,recall,0.9935483870967742
30,599,f1,0.9058823529411765
30,600,PR_AUC,0.9738194532339868
30,600,Brier,0.01766888857845598
30,600,precision,0.7897435897435897
30,600,recall,0.9935483870967742
30,600,f1,0.88
30,601,PR_AUC,0.9387113884605317
30,601,Brier,0.021813359715002506
30,601,precision,0.7667493796526055
30,601,recall,0.9967741935483871
30,601,f1,0.8667601683029453
30,602,PR_AUC,0.9470821498974001
30,602,Brier,0.0194764666383097
30,602,precision,0.7339667458432304
30,602,recall,0.9967741935483871
30,602,f1,0.8454172366621067
30,603,PR_AUC,0.967783463849357
30,603,Brier,0.015913627200271722
30,603,precision,0.8126649076517151
30,603,recall,0.9935483870967742
30,603,f1,0.8940493468795355
30,604,PR_AUC,0.9544098706291471
30,604,Brier,0.020873500113196983
30,604,precision,0.8083989501312336
30,604,recall,0.9935483870967742
30,604,f1,0.8914616497829233
30,605,PR_AUC,0.9552737644475453
30,605,Brier,0.018950618302450095
30,605,precision,0.7984496124031008
30,605,recall,0.9967741935483871
30,605,f1,0.8866571018651362
30,606,PR_AUC,0.9682385255539756
30,606,Brier,0.01633547424958813
30,606,precision,0.8252688172043011
30,606,recall,0.9903225806451613
30,606,f1,0.9002932551319648
30,607,PR_AUC,0.9888307304150075
30,607,Brier,0.012104033204775873
30,607,precision,0.850828729281768
30,607,recall,0.9935483870967742
30,607,f1,0.9166666666666666
30,608,PR_AUC,0.985768535624742
30,608,Brier,0.01752560423905605
30,608,precision,0.850415512465374
30,608,recall,0.9903225806451613
30,608,f1,0.9150521609538003
30,609,PR_AUC,0.9846911431986518
30,609,Brier,0.015244465769568961
30,609,precision,0.8527777777777777
30,609,recall,0.9903225806451613
30,609,f1,0.9164179104477612
30,610,PR_AUC,0.9655607565748656
30,610,Brier,0.018208321317917695
30,610,precision,0.7791878172588832
30,610,recall,0.9903225806451613
30,610,f1,0.8721590909090909
30,611,PR_AUC,0.9814032203300309
30,611,Brier,0.019116040744126917
30,611,precision,0.8551532033426184
30,611,recall,0.9903225806451613
30,611,f1,0.9177877428998505
30,612,PR_AUC,0.9330372720147744
30,612,Brier,0.023125185073625605
30,612,precision,0.7240566037735849
30,612,recall,0.9903225806451613
30,612,f1,0.8365122615803815
30,613,PR_AUC,0.9524491498326007
30,613,Brier,0.022120627264568905
30,613,precision,0.7542997542997543
30,613,recall,0.9903225806451613
30,613,f1,0.8563458856345886
30,614,PR_AUC,0.9291056722869266
30,614,Brier,0.023601302100719895
30,614,precision,0.7136258660508084
30,614,recall,0.9967741935483871
30,614,f1,0.8317631224764468
30,615,PR_AUC,0.9598189811828288
30,615,Brier,0.021331018221619473
30,615,precision,0.7772151898734178
30,615,recall,0.9903225806451613
30,615,f1,0.8709219858156029
30,616,PR_AUC,0.9611692866590278
30,616,Brier,0.0198602922441221
30,616,precision,0.7374701670644391
30,616,recall,0.9967741935483871
30,616,f1,0.8477366255144033
30,617,PR_AUC,0.9693044159371035
30,617,Brier,0.0176383714863884
30,617,precision,0.8495821727019499
30,617,recall,0.9838709677419355
30,617,f1,0.9118086696562033
30,618,PR_AUC,0.9856163350373423
30,618,Brier,0.018305520910327545
30,618,precision,0.7573529411764706
30,618,recall,0.9967741935483871
30,618,f1,0.8607242339832869
30,619,PR_AUC,0.9673307575288189
30,619,Brier,0.015373010054444261
30,619,precision,0.7783375314861462
30,619,recall,0.9967741935483871
30,619,f1,0.8741159830268741
30,620,PR_AUC,0.9741523098327574
30,620,Brier,0.018444975827042916
30,620,precision,0.7932816537467701
30,620,recall,0.9903225806451613
30,620,f1,0.8809182209469153
30,621,PR_AUC,0.986503836987699
30,621,Brier,0.014542498096332101
30,621,precision,0.8944281524926686
30,621,recall,0.9838709677419355
30,621,f1,0.9370199692780338
30,622,PR_AUC,0.9860295366657749
30,622,Brier,0.016342455513342423
30,622,precision,0.7877237851662404
30,622,recall,0.9935483870967742
30,622,f1,0.8787446504992867
30,623,PR_AUC,0.9613266891621
30,623,Brier,0.019724179728751828
30,623,precision,0.7974025974025974
30,623,recall,0.9903225806451613
30,623,f1,0.883453237410072
30,624,PR_AUC,0.9837961376004701
30,624,Brier,0.017560681951451967
30,624,precision,0.7673267326732673
30,624,recall,1.0
30,624,f1,0.8683473389355743
30,625,PR_AUC,0.9496677823400035
30,625,Brier,0.021822951549334328
30,625,precision,0.7635467980295566
30,625,recall,1.0
30,625,f1,0.8659217877094972
30,626,PR_AUC,0.9365727764475249
30,626,Brier,0.017827304237961517
30,626,precision,0.762962962962963
30,626,recall,0.9967741935483871
30,626,f1,0.8643356643356643
30,627,PR_AUC,0.9170429939201626
30,627,Brier,0.020942299622967064
30,627,precision,0.7457627118644068
30,627,recall,0.9935483870967742
30,627,f1,0.8520055325034578
30,628,PR_AUC,0.9557562952750469
30,628,Brier,0.019893909324101004
30,628,precision,0.7439613526570048
30,628,recall,0.9935483870967742
30,628,f1,0.850828729281768
30,629,PR_AUC,0.9850834726912172
30,629,Brier,0.016595303859362972
30,629,precision,0.8619718309859155
30,629,recall,0.9870967741935484
30,629,f1,0.9203007518796993
30,630,PR_AUC,0.9635410866087728
30,630,Brier,0.017783417679548632
30,630,precision,0.8252688172043011
30,630,recall,0.9903225806451613
30,630,f1,0.9002932551319648
30,631,PR_AUC,0.9531809523285494
30,631,Brier,0.023107627508479486
30,631,precision,0.7592137592137592
30,631,recall,0.9967741935483871
30,631,f1,0.8619246861924686
30,632,PR_AUC,0.9432522628196119
30,632,Brier,0.02093650877836825
30,632,precision,0.7866323907455013
30,632,recall,0.9870967741935484
30,632,f1,0.8755364806866953
30,633,PR_AUC,0.9373887297494002
30,633,Brier,0.022630806752801522
30,633,precision,0.75
30,633,recall,0.9967741935483871
30,633,f1,0.8559556786703602
30,634,PR_AUC,0.9792551738722535
30,634,Brier,0.015300344787519488
30,634,precision,0.8191489361702128
30,634,recall,0.9935483870967742
30,634,f1,0.8979591836734694
30,635,PR_AUC,0.976103022847665
30,635,Brier,0.017296470119489298
30,635,precision,0.853185595567867
30,635,recall,0.9935483870967742
30,635,f1,0.9180327868852459
30,636,PR_AUC,0.9354068417693198
30,636,Brier,0.023613951856025536
30,636,precision,0.6968325791855203
30,636,recall,0.9935483870967742
30,636,f1,0.8191489361702128
30,637,PR_AUC,0.9777818361683119
30,637,Brier,0.019204342076138227
30,637,precision,0.8010471204188482
30,637,recall,0.9870967741935484
30,637,f1,0.884393063583815
30,638,PR_AUC,0.9831817190102095
30,638,Brier,0.01717891117721493
30,638,precision,0.8543417366946778
30,638,recall,0.9838709677419355
30,638,f1,0.9145427286356822
30,639,PR_AUC,0.942093566243345
30,639,Brier,0.023619678940691398
30,639,precision,0.7209302325581395
30,639,recall,1.0
30,639,f1,0.8378378378378378
30,640,PR_AUC,0.9533534905031116
30,640,Brier,0.02223333062707859
30,640,precision,0.744578313253012
30,640,recall,0.9967741935483871
30,640,f1,0.8524137931034482
30,641,PR_AUC,0.9837654282845142
30,641,Brier,0.016988021116759382
30,641,precision,0.8057742782152231
30,641,recall,0.9903225806451613
30,641,f1,0.8885672937771346
30,642,PR_AUC,0.9654209365568915
30,642,Brier,0.01701494451908886
30,642,precision,0.8105263157894737
30,642,recall,0.9935483870967742
30,642,f1,0.8927536231884058
30,643,PR_AUC,0.9285009380832474
30,643,Brier,0.024997718071284526
30,643,precision,0.748780487804878
30,643,recall,0.9903225806451613
30,643,f1,0.8527777777777777
30,644,PR_AUC,0.9599100246634564
30,644,Brier,0.020988910080136758
30,644,precision,0.7994791666666666
30,644,recall,0.9903225806451613
30,644,f1,0.8847262247838616
30,645,PR_AUC,0.9438864496493232
30,645,Brier,0.02111091494361254
30,645,precision,0.7524509803921569
30,645,recall,0.9903225806451613
30,645,f1,0.8551532033426184
30,646,PR_AUC,0.9440706435178431
30,646,Brier,0.021254267181905675
30,646,precision,0.748780487804878
30,646,recall,0.9903225806451613
30,646,f1,0.8527777777777777
30,647,PR_AUC,0.937065792006945
30,647,Brier,0.018246334224164072
30,647,precision,0.7518248175182481
30,647,recall,0.9967741935483871
30,647,f1,0.8571428571428571
30,648,PR_AUC,0.964829082579844
30,648,Brier,0.017879103364230618
30,648,precision,0.7694235588972431
30,648,recall,0.9903225806451613
30,648,f1,0.8660084626234132
30,649,PR_AUC,0.9235677663636146
30,649,Brier,0.02166429012290757
30,649,precision,0.7304964539007093
30,649,recall,0.9967741935483871
30,649,f1,0.8431105047748977
30,650,PR_AUC,0.9645256643864499
30,650,Brier,0.018933503864649585
30,650,precision,0.820855614973262
30,650,recall,0.9903225806451613
30,650,f1,0.8976608187134503
30,651,PR_AUC,0.9369650486209055
30,651,Brier,0.021032964964792164
30,651,precision,0.7580246913580246
30,651,recall,0.9903225806451613
30,651,f1,0.8587412587412587
30,652,PR_AUC,0.9750441048734877
30,652,Brier,0.018075253067667708
30,652,precision,0.8148148148148148
30,652,recall,0.9935483870967742
30,652,f1,0.8953488372093024
30,653,PR_AUC,0.9430098482795701
30,653,Brier,0.020951988054439846
30,653,precision,0.7857142857142857
30,653,recall,0.9935483870967742
30,653,f1,0.8774928774928775
30,654,PR_AUC,0.9597066977401294
30,654,Brier,0.020914899925768234
30,654,precision,0.8186666666666667
30,654,recall,0.9903225806451613
30,654,f1,0.8963503649635036
30,655,PR_AUC,0.9847935131995238
30,655,Brier,0.01490286520747369
30,655,precision,0.820855614973262
30,655,recall,0.9903225806451613
30,655,f1,0.8976608187134503
30,656,PR_AUC,0.9825541397244488
30,656,Brier,0.014095794980649534
30,656,precision,0.8369565217391305
30,656,recall,0.9935483870967742
30,656,f1,0.9085545722713865
30,657,PR_AUC,0.9767284026899984
30,657,Brier,0.02067365418165257
30,657,precision,0.7259953161592506
30,657,recall,1.0
30,657,f1,0.841248303934871
30,658,PR_AUC,0.9772496050885777
30,658,Brier,0.016695781136870275
30,658,precision,0.8020833333333334
30,658,recall,0.9935483870967742
30,658,f1,0.8876080691642652
30,659,PR_AUC,0.959869014476838
30,659,Brier,0.020067136517286144
30,659,precision,0.7758186397984886
30,659,recall,0.9935483870967742
30,659,f1,0.8712871287128713
30,660,PR_AUC,0.9204468439312015
30,660,Brier,0.021390182425934247
30,660,precision,0.7192575406032483
30,660,recall,1.0
30,660,f1,0.8367071524966262
30,661,PR_AUC,0.9688683873430046
30,661,Brier,0.016128331656990128
30,661,precision,0.794344473007712
30,661,recall,0.9967741935483871
30,661,f1,0.8841201716738197
30,662,PR_AUC,0.9476320194760788
30,662,Brier,0.019842572761167417
30,662,precision,0.8015665796344648
30,662,recall,0.9903225806451613
30,662,f1,0.886002886002886
30,663,PR_AUC,0.9656742660371245
30,663,Brier,0.017240158890691682
30,663,precision,0.7932816537467701
30,663,recall,0.9903225806451613
30,663,f1,0.8809182209469153
30,664,PR_AUC,0.9295969824110005
30,664,Brier,0.021267637614051593
30,664,precision,0.7397590361445783
30,664,recall,0.9903225806451613
30,664,f1,0.8468965517241379
30,665,PR_AUC,0.9810078067956863
30,665,Brier,0.017589166546120933
30,665,precision,0.7725
30,665,recall,0.9967741935483871
30,665,f1,0.8704225352112676
30,666,PR_AUC,0.9635676492949184
30,666,Brier,0.01697774162019097
30,666,precision,0.8015665796344648
30,666,recall,0.9903225806451613
30,666,f1,0.886002886002886
30,667,PR_AUC,0.9282603782137551
30,667,Brier,0.022918566134566755
30,667,precision,0.7719298245614035
30,667,recall,0.9935483870967742
30,667,f1,0.8688293370944993
30,668,PR_AUC,0.9649876017667489
30,668,Brier,0.01794468518750902
30,668,precision,0.7738693467336684
30,668,recall,0.9935483870967742
30,668,f1,0.8700564971751412
30,669,PR_AUC,0.9614593877955488
30,669,Brier,0.0177952571756832
30,669,precision,0.7783375314861462
30,669,recall,0.9967741935483871
30,669,f1,0.8741159830268741
30,670,PR_AUC,0.9596668842633641
30,670,Brier,0.01845529724455406
30,670,precision,0.7902813299232737
30,670,recall,0.9967741935483871
30,670,f1,0.8815977175463623
30,671,PR_AUC,0.9802673056533556
30,671,Brier,0.017270695933990755
30,671,precision,0.8186666666666667
30,671,recall,0.9903225806451613
30,671,f1,0.8963503649635036
30,672,PR_AUC,0.9490268026350157
30,672,Brier,0.018452612920184457
30,672,precision,0.7579462102689487
30,672,recall,1.0
30,672,f1,0.8623087621696801
30,673,PR_AUC,0.9598767982964125
30,673,Brier,0.018860309334470537
30,673,precision,0.7586206896551724
30,673,recall,0.9935483870967742
30,673,f1,0.8603351955307262
30,674,PR_AUC,0.9546789140015192
30,674,Brier,0.022813712604459486
30,674,precision,0.7475728155339806
30,674,recall,0.9935483870967742
30,674,f1,0.853185595567867
30,675,PR_AUC,0.9804986337143362
30,675,Brier,0.015982891523753533
30,675,precision,0.7882653061224489
30,675,recall,0.9967741935483871
30,675,f1,0.8803418803418803
30,676,PR_AUC,0.9610392845902065
30,676,Brier,0.019496279518173842
30,676,precision,0.7803030303030303
30,676,recall,0.9967741935483871
30,676,f1,0.8753541076487252
30,677,PR_AUC,0.9673930185430425
30,677,Brier,0.022360515334170803
30,677,precision,0.7882653061224489
30,677,recall,0.9967741935483871
30,677,f1,0.8803418803418803
30,678,PR_AUC,0.9611660413910371
30,678,Brier,0.01881339757995013
30,678,precision,0.7837150127226463
30,678,recall,0.9935483870967742
30,678,f1,0.8762446657183499
30,679,PR_AUC,0.9752962279006065
30,679,Brier,0.01741235835369044
30,679,precision,0.7963917525773195
30,679,recall,0.9967741935483871
30,679,f1,0.8853868194842407
30,680,PR_AUC,0.9597841231424951
30,680,Brier,0.02108728893653443
30,680,precision,0.8297297297297297
30,680,recall,0.9903225806451613
30,680,f1,0.9029411764705882
30,681,PR_AUC,0.9908671494809725
30,681,Brier,0.012365352100253045
30,681,precision,0.8599439775910365
30,681,recall,0.9903225806451613
30,681,f1,0.9205397301349325
30,682,PR_AUC,0.9477997743404163
30,682,Brier,0.025280387466910054
30,682,precision,0.8005181347150259
30,682,recall,0.9967741935483871
30,682,f1,0.8879310344827587
30,683,PR_AUC,0.979995792628037
30,683,Brier,0.016054184903258367
30,683,precision,0.8284182305630027
30,683,recall,0.9967741935483871
30,683,f1,0.9048316251830161
30,684,PR_AUC,0.9789417488998656
30,684,Brier,0.01808749896708729
30,684,precision,0.762962962962963
30,684,recall,0.9967741935483871
30,684,f1,0.8643356643356643
30,685,PR_AUC,0.9407930437689288
30,685,Brier,0.020607582043079536
30,685,precision,0.7421686746987952
30,685,recall,0.9935483870967742
30,685,f1,0.8496551724137931
30,686,PR_AUC,0.9500039108312271
30,686,Brier,0.02113761096357299
30,686,precision,0.7386091127098321
30,686,recall,0.9935483870967742
30,686,f1,0.8473177441540578
30,687,PR_AUC,0.977669359305114
30,687,Brier,0.018421680359228622
30,687,precision,0.7725
30,687,recall,0.9967741935483871
30,687,f1,0.8704225352112676
30,688,PR_AUC,0.9847321514651501
30,688,Brier,0.015452196779947436
30,688,precision,0.8599439775910365
30,688,recall,0.9903225806451613
30,688,f1,0.9205397301349325
30,689,PR_AUC,0.9440713872180546
30,689,Brier,0.019743291451775676
30,689,precision,0.7542997542997543
30,689,recall,0.9903225806451613
30,689,f1,0.8563458856345886
30,690,PR_AUC,0.9569535414730669
30,690,Brier,0.01923538764744453
30,690,precision,0.7604938271604939
30,690,recall,0.9935483870967742
30,690,f1,0.8615384615384616
30,691,PR_AUC,0.9600618586866865
30,691,Brier,0.021006386412463874
30,691,precision,0.7549019607843137
30,691,recall,0.9935483870967742
30,691,f1,0.8579387186629527
30,692,PR_AUC,0.9783616697970363
30,692,Brier,0.018989440968432404
30,692,precision,0.850415512465374
30,692,recall,0.9903225806451613
30,692,f1,0.9150521609538003
30,693,PR_AUC,0.9659517610490644
30,693,Brier,0.019575409004060847
30,693,precision,0.8046875
30,693,recall,0.9967741935483871
30,693,f1,0.8904899135446686
30,694,PR_AUC,0.9387580444586934
30,694,Brier,0.02174868326626057
30,694,precision,0.7524271844660194
30,694,recall,1.0
30,694,f1,0.8587257617728532
30,695,PR_AUC,0.9442194464411352
30,695,Brier,0.01967744633598796
30,695,precision,0.7917737789203085
30,695,recall,0.9935483870967742
30,695,f1,0.8812589413447782
30,696,PR_AUC,0.9416774498107325
30,696,Brier,0.020510250824016196
30,696,precision,0.7783375314861462
30,696,recall,0.9967741935483871
30,696,f1,0.8741159830268741
30,697,PR_AUC,0.9476960451349687
30,697,Brier,0.019699717448812014
30,697,precision,0.7831632653061225
30,697,recall,0.9903225806451613
30,697,f1,0.8746438746438746
30,698,PR_AUC,0.9660644480609829
30,698,Brier,0.015691585527894226
30,698,precision,0.8387978142076503
30,698,recall,0.9903225806451613
30,698,f1,0.908284023668639
30,699,PR_AUC,0.9568311342156799
30,699,Brier,0.01956301386756677
30,699,precision,0.7648514851485149
30,699,recall,0.9967741935483871
30,699,f1,0.865546218487395
30,700,PR_AUC,0.9824249527579909
30,700,Brier,0.01600539459144086
30,700,precision,0.8110236220472441
30,700,recall,0.9967741935483871
30,700,f1,0.894356005788712
30,701,PR_AUC,0.9540895727295599
30,701,Brier,0.024148846983452234
30,701,precision,0.806282722513089
30,701,recall,0.9935483870967742
30,701,f1,0.8901734104046243
30,702,PR_AUC,0.9609915436016634
30,702,Brier,0.018428797191856933
30,702,precision,0.804177545691906
30,702,recall,0.9935483870967742
30,702,f1,0.8888888888888888
30,703,PR_AUC,0.9215492848885946
30,703,Brier,0.022091101908258727
30,703,precision,0.7309523809523809
30,703,recall,0.9903225806451613
30,703,f1,0.8410958904109589
30,704,PR_AUC,0.9590642927073862
30,704,Brier,0.01887243828037119
30,704,precision,0.7938144329896907
30,704,recall,0.9935483870967742
30,704,f1,0.8825214899713467
30,705,PR_AUC,0.9334329500245513
30,705,Brier,0.02285038809725152
30,705,precision,0.7070938215102975
30,705,recall,0.9967741935483871
30,705,f1,0.8273092369477911
30,706,PR_AUC,0.9509469352562369
30,706,Brier,0.021507166443805584
30,706,precision,0.7732997481108312
30,706,recall,0.9903225806451613
30,706,f1,0.8684582743988685
30,707,PR_AUC,0.9640241192768526
30,707,Brier,0.015126806166963587
30,707,precision,0.8324324324324325
30,707,recall,0.9935483870967742
30,707,f1,0.9058823529411765
30,708,PR_AUC,0.9406113749700191
30,708,Brier,0.022145375246127197
30,708,precision,0.788659793814433
30,708,recall,0.9870967741935484
30,708,f1,0.8767908309455588
30,709,PR_AUC,0.9707413658097693
30,709,Brier,0.015671778025328043
30,709,precision,0.7974025974025974
30,709,recall,0.9903225806451613
30,709,f1,0.883453237410072
30,710,PR_AUC,0.9664991454469536
30,710,Brier,0.018871899215355266
30,710,precision,0.8710601719197708
30,710,recall,0.9806451612903225
30,710,f1,0.9226100151745068
30,711,PR_AUC,0.9571111088351248
30,711,Brier,0.01917231108710847
30,711,precision,0.8410958904109589
30,711,recall,0.9903225806451613
30,711,f1,0.9096296296296297
30,712,PR_AUC,0.959369584363382
30,712,Brier,0.019383281400068637
30,712,precision,0.7725
30,712,recall,0.9967741935483871
30,712,f1,0.8704225352112676
30,713,PR_AUC,0.96687812008055
30,713,Brier,0.017759630190182826
30,713,precision,0.7463768115942029
30,713,recall,0.9967741935483871
30,713,f1,0.8535911602209945
30,714,PR_AUC,0.9786232391619458
30,714,Brier,0.01881791170273025
30,714,precision,0.7457627118644068
30,714,recall,0.9935483870967742
30,714,f1,0.8520055325034578
30,715,PR_AUC,0.9608371372745101
30,715,Brier,0.018284969274538536
30,715,precision,0.8083989501312336
30,715,recall,0.9935483870967742
30,715,f1,0.8914616497829233
30,716,PR_AUC,0.9852471441109962
30,716,Brier,0.017865493243095682
30,716,precision,0.8575418994413407
30,716,recall,0.9903225806451613
30,716,f1,0.9191616766467066
30,717,PR_AUC,0.9667367056548721
30,717,Brier,0.01706272564696528
30,717,precision,0.8
30,717,recall,0.9935483870967742
30,717,f1,0.8863309352517985
30,718,PR_AUC,0.9598812826579309
30,718,Brier,0.019169093663430274
30,718,precision,0.762962962962963
30,718,recall,0.9967741935483871
30,718,f1,0.8643356643356643
30,719,PR_AUC,0.9609590166438857
30,719,Brier,0.01745310720807917
30,719,precision,0.7857142857142857
30,719,recall,0.9935483870967742
30,719,f1,0.8774928774928775
30,720,PR_AUC,0.9404897772839408
30,720,Brier,0.020458944938035194
30,720,precision,0.7294117647058823
30,720,recall,1.0
30,720,f1,0.8435374149659864
30,721,PR_AUC,0.9567236544053979
30,721,Brier,0.0195185327316521
30,721,precision,0.8213333333333334
30,721,recall,0.9935483870967742
30,721,f1,0.8992700729927007
30,722,PR_AUC,0.9482374835271759
30,722,Brier,0.019959733726447906
30,722,precision,0.7518248175182481
30,722,recall,0.9967741935483871
30,722,f1,0.8571428571428571
30,723,PR_AUC,0.967895554369985
30,723,Brier,0.016961882089729065
30,723,precision,0.8297297297297297
30,723,recall,0.9903225806451613
30,723,f1,0.9029411764705882
30,724,PR_AUC,0.970681199652227
30,724,Brier,0.015983946425837416
30,724,precision,0.8230563002680965
30,724,recall,0.9903225806451613
30,724,f1,0.8989751098096632
30,725,PR_AUC,0.9636927772352226
30,725,Brier,0.018682801452441326
30,725,precision,0.7994791666666666
30,725,recall,0.9903225806451613
30,725,f1,0.8847262247838616
30,726,PR_AUC,0.971623931372324
30,726,Brier,0.022886276206517394
30,726,precision,0.8337874659400545
30,726,recall,0.9870967741935484
30,726,f1,0.9039881831610044
30,727,PR_AUC,0.9847171207370413
30,727,Brier,0.017476596496997857
30,727,precision,0.850415512465374
30,727,recall,0.9903225806451613
30,727,f1,0.9150521609538003
30,728,PR_AUC,0.9635428451121119
30,728,Brier,0.016154159507528344
30,728,precision,0.8252688172043011
30,728,recall,0.9903225806451613
30,728,f1,0.9002932551319648
30,729,PR_AUC,0.9350285178000204
30,729,Brier,0.023538279607717136
30,729,precision,0.7549019607843137
30,729,recall,0.9935483870967742
30,729,f1,0.8579387186629527
30,730,PR_AUC,0.9882143829463992
30,730,Brier,0.017222730601695435
30,730,precision,0.8892128279883382
30,730,recall,0.9838709677419355
30,730,f1,0.9341500765696784
30,731,PR_AUC,0.9784326979499427
30,731,Brier,0.019718375983879148
30,731,precision,0.8438356164383561
30,731,recall,0.9935483870967742
30,731,f1,0.9125925925925926
30,732,PR_AUC,0.9440865099210123
30,732,Brier,0.02078137441724452
30,732,precision,0.7948051948051948
30,732,recall,0.9870967741935484
30,732,f1,0.8805755395683453
30,733,PR_AUC,0.958337009470964
30,733,Brier,0.018019947081607285
30,733,precision,0.8143236074270557
30,733,recall,0.9903225806451613
30,733,f1,0.893740902474527
30,734,PR_AUC,0.9635431328672333
30,734,Brier,0.02062951564413605
30,734,precision,0.7897435897435897
30,734,recall,0.9935483870967742
30,734,f1,0.88
30,735,PR_AUC,0.9482250410931055
30,735,Brier,0.023034220113432192
30,735,precision,0.7549019607843137
30,735,recall,0.9935483870967742
30,735,f1,0.8579387186629527
30,736,PR_AUC,0.9614472827598167
30,736,Brier,0.01949129908182942
30,736,precision,0.7253521126760564
30,736,recall,0.9967741935483871
30,736,f1,0.8396739130434783
30,737,PR_AUC,0.9677046915486327
30,737,Brier,0.017530639371176954
30,737,precision,0.8230563002680965
30,737,recall,0.9903225806451613
30,737,f1,0.8989751098096632
30,738,PR_AUC,0.9394764483591931
30,738,Brier,0.01949003371446848
30,738,precision,0.7333333333333333
30,738,recall,0.9935483870967742
30,738,f1,0.8438356164383561
30,739,PR_AUC,0.944590219398757
30,739,Brier,0.021310400470798428
30,739,precision,0.7758186397984886
30,739,recall,0.9935483870967742
30,739,f1,0.8712871287128713
30,740,PR_AUC,0.9771668106118148
30,740,Brier,0.019247160541407547
30,740,precision,0.7984496124031008
30,740,recall,0.9967741935483871
30,740,f1,0.8866571018651362
30,741,PR_AUC,0.9762800281799624
30,741,Brier,0.019424570175245074
30,741,precision,0.8073878627968337
30,741,recall,0.9870967741935484
30,741,f1,0.888243831640058
30,742,PR_AUC,0.9740641543854007
30,742,Brier,0.014877138981916642
30,742,precision,0.8583333333333333
30,742,recall,0.9967741935483871
30,742,f1,0.9223880597014925
30,743,PR_AUC,0.9398545095090606
30,743,Brier,0.020942318061437093
30,743,precision,0.7927461139896373
30,743,recall,0.9870967741935484
30,743,f1,0.8793103448275862
30,744,PR_AUC,0.979714192847432
30,744,Brier,0.020176370961358374
30,744,precision,0.8346883468834688
30,744,recall,0.9935483870967742
30,744,f1,0.9072164948453608
30,745,PR_AUC,0.9790861065559351
30,745,Brier,0.01745111603980712
30,745,precision,0.8105263157894737
30,745,recall,0.9935483870967742
30,745,f1,0.8927536231884058
30,746,PR_AUC,0.9434561015886954
30,746,Brier,0.021410471000066374
30,746,precision,0.7738693467336684
30,746,recall,0.9935483870967742
30,746,f1,0.8700564971751412
30,747,PR_AUC,0.961823462944893
30,747,Brier,0.01694658857254215
30,747,precision,0.7979274611398963
30,747,recall,0.9935483870967742
30,747,f1,0.8850574712643678
30,748,PR_AUC,0.9758614575684534
30,748,Brier,0.019915423181413178
30,748,precision,0.804177545691906
30,748,recall,0.9935483870967742
30,748,f1,0.8888888888888888
30,749,PR_AUC,0.9626068372779417
30,749,Brier,0.01817771209809896
30,749,precision,0.8138297872340425
30,749,recall,0.9870967741935484
30,749,f1,0.892128279883382
30,750,PR_AUC,0.936877684345768
30,750,Brier,0.020996544159069857
30,750,precision,0.8057742782152231
30,750,recall,0.9903225806451613
30,750,f1,0.8885672937771346
30,751,PR_AUC,0.984087453404838
30,751,Brier,0.017014515801919858
30,751,precision,0.7610837438423645
30,751,recall,0.9967741935483871
30,751,f1,0.8631284916201117
30,752,PR_AUC,0.9236284397347143
30,752,Brier,0.022663265971527066
30,752,precision,0.7270588235294118
30,752,recall,0.9967741935483871
30,752,f1,0.8408163265306122
30,753,PR_AUC,0.9611700738400331
30,753,Brier,0.019251890116671153
30,753,precision,0.7817258883248731
30,753,recall,0.9935483870967742
30,753,f1,0.875
30,754,PR_AUC,0.9204490393418985
30,754,Brier,0.021181729424938196
30,754,precision,0.7339667458432304
30,754,recall,0.9967741935483871
30,754,f1,0.8454172366621067
30,755,PR_AUC,0.9808959177624287
30,755,Brier,0.020229701927267182
30,755,precision,0.8892128279883382
30,755,recall,0.9838709677419355
30,755,f1,0.9341500765696784
30,756,PR_AUC,0.9490128690519835
30,756,Brier,0.018821359174646515
30,756,precision,0.7777777777777778
30,756,recall,0.9935483870967742
30,756,f1,0.8725212464589235
30,757,PR_AUC,0.9358467377342059
30,757,Brier,0.02120444404811496
30,757,precision,0.7573529411764706
30,757,recall,0.9967741935483871
30,757,f1,0.8607242339832869
30,758,PR_AUC,0.9717729988880205
30,758,Brier,0.022190267471870855
30,758,precision,0.7322274881516587
30,758,recall,0.9967741935483871
30,758,f1,0.8442622950819673
30,759,PR_AUC,0.9711730875623495
30,759,Brier,0.022132145449042472
30,759,precision,0.7758186397984886
30,759,recall,0.9935483870967742
30,759,f1,0.8712871287128713
30,760,PR_AUC,0.9536990073427533
30,760,Brier,0.021899026068479908
30,760,precision,0.7719298245614035
30,760,recall,0.9935483870967742
30,760,f1,0.8688293370944993
30,761,PR_AUC,0.9531226690387884
30,761,Brier,0.0176975924649234
30,761,precision,0.7837150127226463
30,761,recall,0.9935483870967742
30,761,f1,0.8762446657183499
30,762,PR_AUC,0.9666612369337836
30,762,Brier,0.01672520761823352
30,762,precision,0.8078947368421052
30,762,recall,0.9903225806451613
30,762,f1,0.8898550724637682
30,763,PR_AUC,0.9577150840215446
30,763,Brier,0.02137818001029961
30,763,precision,0.7410071942446043
30,763,recall,0.9967741935483871
30,763,f1,0.8500687757909215
30,764,PR_AUC,0.9539086832872982
30,764,Brier,0.020133265482013333
30,764,precision,0.7506053268765133
30,764,recall,1.0
30,764,f1,0.8575380359612724
30,765,PR_AUC,0.9675298598948361
30,765,Brier,0.016877485908220753
30,765,precision,0.8095238095238095
30,765,recall,0.9870967741935484
30,765,f1,0.8895348837209303
30,766,PR_AUC,0.9568484494193414
30,766,Brier,0.02011279585943317
30,766,precision,0.7719298245614035
30,766,recall,0.9935483870967742
30,766,f1,0.8688293370944993
30,767,PR_AUC,0.9509396515054593
30,767,Brier,0.020445286605428405
30,767,precision,0.7897435897435897
30,767,recall,0.9935483870967742
30,767,f1,0.88
30,768,PR_AUC,0.9635774687715781
30,768,Brier,0.017914754487061077
30,768,precision,0.820855614973262
30,768,recall,0.9903225806451613
30,768,f1,0.8976608187134503
30,769,PR_AUC,0.9799928616605087
30,769,Brier,0.017980839560486867
30,769,precision,0.7675
30,769,recall,0.9903225806451613
30,769,f1,0.8647887323943662
30,770,PR_AUC,0.9521825675574486
30,770,Brier,0.021933650842975477
30,770,precision,0.7974025974025974
30,770,recall,0.9903225806451613
30,770,f1,0.883453237410072
30,771,PR_AUC,0.9635449893009795
30,771,Brier,0.015338356974966568
30,771,precision,0.8025974025974026
30,771,recall,0.9967741935483871
30,771,f1,0.8892086330935252
30,772,PR_AUC,0.9495613539994607
30,772,Brier,0.019080012328727296
30,772,precision,0.7686567164179104
30,772,recall,0.9967741935483871
30,772,f1,0.8679775280898876
30,773,PR_AUC,0.9489443091216903
30,773,Brier,0.022792732467279118
30,773,precision,0.7518248175182481
30,773,recall,0.9967741935483871
30,773,f1,0.8571428571428571
30,774,PR_AUC,0.9593308831198144
30,774,Brier,0.01971476985389198
30,774,precision,0.8169761273209549
30,774,recall,0.9935483870967742
30,774,f1,0.8966521106259098
30,775,PR_AUC,0.9455213631091011
30,775,Brier,0.01833625109485439
30,775,precision,0.7719298245614035
30,775,recall,0.9935483870967742
30,775,f1,0.8688293370944993
30,776,PR_AUC,0.9423204747425321
30,776,Brier,0.020568035009020096
30,776,precision,0.7623762376237624
30,776,recall,0.9935483870967742
30,776,f1,0.8627450980392157
30,777,PR_AUC,0.9552562057939027
30,777,Brier,0.022201410716027575
30,777,precision,0.75
30,777,recall,0.9967741935483871
30,777,f1,0.8559556786703602
30,778,PR_AUC,0.9774183957916116
30,778,Brier,0.017631140262343113
30,778,precision,0.8010335917312662
30,778,recall,1.0
30,778,f1,0.8895265423242468
30,779,PR_AUC,0.9403159995654506
30,779,Brier,0.02641067476198943
30,779,precision,0.6919642857142857
30,779,recall,1.0
30,779,f1,0.8179419525065963
30,780,PR_AUC,0.9654423781846561
30,780,Brier,0.021223836809488725
30,780,precision,0.7463768115942029
30,780,recall,0.9967741935483871
30,780,f1,0.8535911602209945
30,781,PR_AUC,0.9556353203506862
30,781,Brier,0.022662177440261888
30,781,precision,0.779746835443038
30,781,recall,0.9935483870967742
30,781,f1,0.873758865248227
30,782,PR_AUC,0.9472596432857625
30,782,Brier,0.020308427010923103
30,782,precision,0.7152777777777778
30,782,recall,0.9967741935483871
30,782,f1,0.8328840970350404
30,783,PR_AUC,0.9564663526181639
30,783,Brier,0.021010072784098544
30,783,precision,0.7604938271604939
30,783,recall,0.9935483870967742
30,783,f1,0.8615384615384616
30,784,PR_AUC,0.9567236544053979
30,784,Brier,0.0195185327316521
30,784,precision,0.8213333333333334
30,784,recall,0.9935483870967742
30,784,f1,0.8992700729927007
30,785,PR_AUC,0.9701692263590657
30,785,Brier,0.015441307314022728
30,785,precision,0.7917737789203085
30,785,recall,0.9935483870967742
30,785,f1,0.8812589413447782
30,786,PR_AUC,0.9875675952700916
30,786,Brier,0.017684163682615203
30,786,precision,0.8742857142857143
30,786,recall,0.9870967741935484
30,786,f1,0.9272727272727272
30,787,PR_AUC,0.9852720377453607
30,787,Brier,0.015044367944401914
30,787,precision,0.8453038674033149
30,787,recall,0.9870967741935484
30,787,f1,0.9107142857142857
30,788,PR_AUC,0.9447522202280224
30,788,Brier,0.018399498533436517
30,788,precision,0.7897435897435897
30,788,recall,0.9935483870967742
30,788,f1,0.88
30,789,PR_AUC,0.9657200994417554
30,789,Brier,0.0254349011370725
30,789,precision,0.7979274611398963
30,789,recall,0.9935483870967742
30,789,f1,0.8850574712643678
30,790,PR_AUC,0.9510534345417999
30,790,Brier,0.02156441988846856
30,790,precision,0.7294117647058823
30,790,recall,1.0
30,790,f1,0.8435374149659864
30,791,PR_AUC,0.9556177471895637
30,791,Brier,0.021529809219017395
30,791,precision,0.7542997542997543
30,791,recall,0.9903225806451613
30,791,f1,0.8563458856345886
30,792,PR_AUC,0.9553700509308396
30,792,Brier,0.020407723692400338
30,792,precision,0.7744360902255639
30,792,recall,0.9967741935483871
30,792,f1,0.8716502115655853
30,793,PR_AUC,0.9715981948500088
30,793,Brier,0.0189308610615844
30,793,precision,0.7598039215686274
30,793,recall,1.0
30,793,f1,0.8635097493036211
30,794,PR_AUC,0.9479358428170386
30,794,Brier,0.02235223276306355
30,794,precision,0.7374701670644391
30,794,recall,0.9967741935483871
30,794,f1,0.8477366255144033
30,795,PR_AUC,0.9326838062187673
30,795,Brier,0.02102177256599288
30,795,precision,0.7333333333333333
30,795,recall,0.9935483870967742
30,795,f1,0.8438356164383561
30,796,PR_AUC,0.980667411060256
30,796,Brier,0.018129199104367125
30,796,precision,0.8402203856749312
30,796,recall,0.9838709677419355
30,796,f1,0.9063893016344725
30,797,PR_AUC,0.9638206137271537
30,797,Brier,0.016972011066818598
30,797,precision,0.8360655737704918
30,797,recall,0.9870967741935484
30,797,f1,0.9053254437869822
30,798,PR_AUC,0.9788753770414722
30,798,Brier,0.01927915441231027
30,798,precision,0.7061503416856492
30,798,recall,1.0
30,798,f1,0.8277703604806409
30,799,PR_AUC,0.9827196156093458
30,799,Brier,0.014096005853333744
30,799,precision,0.8025974025974026
30,799,recall,0.9967741935483871
30,799,f1,0.8892086330935252
30,800,PR_AUC,0.9833572814314817
30,800,Brier,0.01646937002248288
30,800,precision,0.85
30,800,recall,0.9870967741935484
30,800,f1,0.9134328358208955
30,801,PR_AUC,0.9770510884533424
30,801,Brier,0.020478006218001037
30,801,precision,0.7481840193704601
30,801,recall,0.9967741935483871
30,801,f1,0.8547717842323651
30,802,PR_AUC,0.9318669699141902
30,802,Brier,0.020098110158363502
30,802,precision,0.7727272727272727
30,802,recall,0.9870967741935484
30,802,f1,0.8668555240793201
30,803,PR_AUC,0.961430058234921
30,803,Brier,0.015623603185961161
30,803,precision,0.8196286472148541
30,803,recall,0.9967741935483871
30,803,f1,0.8995633187772926
30,804,PR_AUC,0.9609075055837244
30,804,Brier,0.0192388835263271
30,804,precision,0.7536585365853659
30,804,recall,0.9967741935483871
30,804,f1,0.8583333333333333
30,805,PR_AUC,0.9804251593465493
30,805,Brier,0.01968206354624644
30,805,precision,0.7287735849056604
30,805,recall,0.9967741935483871
30,805,f1,0.8419618528610354
30,806,PR_AUC,0.954502348265821
30,806,Brier,0.018731434207054427
30,806,precision,0.8036649214659686
30,806,recall,0.9903225806451613
30,806,f1,0.8872832369942196
30,807,PR_AUC,0.9833548347611527
30,807,Brier,0.017182411615866047
30,807,precision,0.8599439775910365
30,807,recall,0.9903225806451613
30,807,f1,0.9205397301349325
30,808,PR_AUC,0.9469745874878162
30,808,Brier,0.022154894804133393
30,808,precision,0.7772151898734178
30,808,recall,0.9903225806451613
30,808,f1,0.8709219858156029
30,809,PR_AUC,0.9375728438128389
30,809,Brier,0.019974668494692323
30,809,precision,0.7871794871794872
30,809,recall,0.9903225806451613
30,809,f1,0.8771428571428571
30,810,PR_AUC,0.9537171098792641
30,810,Brier,0.020887932597740494
30,810,precision,0.7763819095477387
30,810,recall,0.9967741935483871
30,810,f1,0.8728813559322034
30,811,PR_AUC,0.9693655924550603
30,811,Brier,0.021012411598938546
30,811,precision,0.7902813299232737
30,811,recall,0.9967741935483871
30,811,f1,0.8815977175463623
30,812,PR_AUC,0.9740597459099015
30,812,Brier,0.01774244711296877
30,812,precision,0.7984496124031008
30,812,recall,0.9967741935483871
30,812,f1,0.8866571018651362
30,813,PR_AUC,0.9854753854414474
30,813,Brier,0.015089016660784608
30,813,precision,0.8257372654155496
30,813,recall,0.9935483870967742
30,813,f1,0.9019033674963397
30,814,PR_AUC,0.931760522197723
30,814,Brier,0.023472507490038503
30,814,precision,0.7236533957845434
30,814,recall,0.9967741935483871
30,814,f1,0.8385345997286295
30,815,PR_AUC,0.9504919227284454
30,815,Brier,0.022646324783269837
30,815,precision,0.7345971563981043
30,815,recall,1.0
30,815,f1,0.8469945355191257
30,816,PR_AUC,0.9934368547593342
30,816,Brier,0.01214771154938695
30,816,precision,0.7984496124031008
30,816,recall,0.9967741935483871
30,816,f1,0.8866571018651362
30,817,PR_AUC,0.9509731702882565
30,817,Brier,0.01764207245183536
30,817,precision,0.7623762376237624
30,817,recall,0.9935483870967742
30,817,f1,0.8627450980392157
30,818,PR_AUC,0.9849622517026677
30,818,Brier,0.015281858856483107
30,818,precision,0.820855614973262
30,818,recall,0.9903225806451613
30,818,f1,0.8976608187134503
30,819,PR_AUC,0.9628039645418445
30,819,Brier,0.019249158258441323
30,819,precision,0.7667493796526055
30,819,recall,0.9967741935483871
30,819,f1,0.8667601683029453
30,820,PR_AUC,0.9465640644398046
30,820,Brier,0.020213519746848686
30,820,precision,0.7667493796526055
30,820,recall,0.9967741935483871
30,820,f1,0.8667601683029453
30,821,PR_AUC,0.9508007552390791
30,821,Brier,0.0209219831510507
30,821,precision,0.77
30,821,recall,0.9935483870967742
30,821,f1,0.8676056338028169
30,822,PR_AUC,0.9804173910420211
30,822,Brier,0.01583510009962295
30,822,precision,0.853185595567867
30,822,recall,0.9935483870967742
30,822,f1,0.9180327868852459
30,823,PR_AUC,0.9578710065466508
30,823,Brier,0.01831441776172066
30,823,precision,0.8143236074270557
30,823,recall,0.9903225806451613
30,823,f1,0.893740902474527
30,824,PR_AUC,0.9654412248630299
30,824,Brier,0.01917574476462035
30,824,precision,0.7686567164179104
30,824,recall,0.9967741935483871
30,824,f1,0.8679775280898876
30,825,PR_AUC,0.9442176119042879
30,825,Brier,0.018604437291077847
30,825,precision,0.7953367875647669
30,825,recall,0.9903225806451613
30,825,f1,0.882183908045977
30,826,PR_AUC,0.943153111133396
30,826,Brier,0.01904857230813361
30,826,precision,0.7711442786069652
30,826,recall,1.0
30,826,f1,0.8707865168539326
30,827,PR_AUC,0.9680269069328025
30,827,Brier,0.015761607996067562
30,827,precision,0.7837150127226463
30,827,recall,0.9935483870967742
30,827,f1,0.8762446657183499
30,828,PR_AUC,0.9609202085391247
30,828,Brier,0.02056646925280707
30,828,precision,0.7103448275862069
30,828,recall,0.9967741935483871
30,828,f1,0.8295302013422818
30,829,PR_AUC,0.9562992266537469
30,829,Brier,0.02155524536392555
30,829,precision,0.8164893617021277
30,829,recall,0.9903225806451613
30,829,f1,0.8950437317784257
30,830,PR_AUC,0.9635689153323667
30,830,Brier,0.01976052941341993
30,830,precision,0.7287735849056604
30,830,recall,0.9967741935483871
30,830,f1,0.8419618528610354
30,831,PR_AUC,0.9790486450495477
30,831,Brier,0.01773709018084856
30,831,precision,0.8429752066115702
30,831,recall,0.9870967741935484
30,831,f1,0.9093610698365527
30,832,PR_AUC,0.9549429024702653
30,832,Brier,0.018855067560648628
30,832,precision,0.8235294117647058
30,832,recall,0.9935483870967742
30,832,f1,0.9005847953216374
30,833,PR_AUC,0.961475081759364
30,833,Brier,0.02120591930179374
30,833,precision,0.7831632653061225
30,833,recall,0.9903225806451613
30,833,f1,0.8746438746438746
30,834,PR_AUC,0.9865948670536333
30,834,Brier,0.014653010926562375
30,834,precision,0.8551532033426184
30,834,recall,0.9903225806451613
30,834,f1,0.9177877428998505
30,835,PR_AUC,0.9779203089098414
30,835,Brier,0.018925138419530935
30,835,precision,0.7851662404092071
30,835,recall,0.9903225806451613
30,835,f1,0.8758915834522111
30,836,PR_AUC,0.9761078294913215
30,836,Brier,0.018379939370748145
30,836,precision,0.8319783197831978
30,836,recall,0.9903225806451613
30,836,f1,0.9042709867452136
30,837,PR_AUC,0.9682387028599126
30,837,Brier,0.023820588129367735
30,837,precision,0.8020833333333334
30,837,recall,0.9935483870967742
30,837,f1,0.8876080691642652
30,838,PR_AUC,0.9591438586482113
30,838,Brier,0.020515515422220514
30,838,precision,0.7777777777777778
30,838,recall,0.9935483870967742
30,838,f1,0.8725212464589235
30,839,PR_AUC,0.9427096354965507
30,839,Brier,0.02292808494826629
30,839,precision,0.7045454545454546
30,839,recall,1.0
30,839,f1,0.8266666666666667
30,840,PR_AUC,0.9614397510743007
30,840,Brier,0.020320278746638262
30,840,precision,0.7192575406032483
30,840,recall,1.0
30,840,f1,0.8367071524966262
30,841,PR_AUC,0.9721012561894615
30,841,Brier,0.01978234692316101
30,841,precision,0.762962962962963
30,841,recall,0.9967741935483871
30,841,f1,0.8643356643356643
30,842,PR_AUC,0.9691978026158488
30,842,Brier,0.015099902764896114
30,842,precision,0.8297297297297297
30,842,recall,0.9903225806451613
30,842,f1,0.9029411764705882
30,843,PR_AUC,0.9869933980150511
30,843,Brier,0.01694077391392949
30,843,precision,0.8636363636363636
30,843,recall,0.9806451612903225
30,843,f1,0.918429003021148
30,844,PR_AUC,0.978546643950047
30,844,Brier,0.017744044984212493
30,844,precision,0.7783375314861462
30,844,recall,0.9967741935483871
30,844,f1,0.8741159830268741
30,845,PR_AUC,0.9575161040662135
30,845,Brier,0.018436177633733817
30,845,precision,0.8015665796344648
30,845,recall,0.9903225806451613
30,845,f1,0.886002886002886
30,846,PR_AUC,0.9620122370679505
30,846,Brier,0.01765013187989717
30,846,precision,0.8148148148148148
30,846,recall,0.9935483870967742
30,846,f1,0.8953488372093024
30,847,PR_AUC,0.9423323771427683
30,847,Brier,0.019625291115276302
30,847,precision,0.7481840193704601
30,847,recall,0.9967741935483871
30,847,f1,0.8547717842323651
30,848,PR_AUC,0.9571290425232901
30,848,Brier,0.02146081276891401
30,848,precision,0.7493917274939172
30,848,recall,0.9935483870967742
30,848,f1,0.8543689320388349
30,849,PR_AUC,0.9788753318596134
30,849,Brier,0.021050501576945276
30,849,precision,0.827027027027027
30,849,recall,0.9870967741935484
30,849,f1,0.9
30,850,PR_AUC,0.9477029545331243
30,850,Brier,0.01869764474919532
30,850,precision,0.8310626702997275
30,850,recall,0.9838709677419355
30,850,f1,0.9010339734121122
30,851,PR_AUC,0.9754144838490991
30,851,Brier,0.016934268349901704
30,851,precision,0.8619718309859155
30,851,recall,0.9870967741935484
30,851,f1,0.9203007518796993
30,852,PR_AUC,0.9550130061443156
30,852,Brier,0.02106413817787188
30,852,precision,0.8
30,852,recall,0.9935483870967742
30,852,f1,0.8863309352517985
30,853,PR_AUC,0.952861778530199
30,853,Brier,0.017628270798978694
30,853,precision,0.7623762376237624
30,853,recall,0.9935483870967742
30,853,f1,0.8627450980392157
30,854,PR_AUC,0.9605262781486387
30,854,Brier,0.02047926286537251
30,854,precision,0.8015665796344648
30,854,recall,0.9903225806451613
30,854,f1,0.886002886002886
30,855,PR_AUC,0.9670243409062449
30,855,Brier,0.016761659569819724
30,855,precision,0.7979274611398963
30,855,recall,0.9935483870967742
30,855,f1,0.8850574712643678
30,856,PR_AUC,0.9640286385595982
30,856,Brier,0.01794165013333612
30,856,precision,0.7725
30,856,recall,0.9967741935483871
30,856,f1,0.8704225352112676
30,857,PR_AUC,0.9834248489793631
30,857,Brier,0.017916508506587568
30,857,precision,0.8015665796344648
30,857,recall,0.9903225806451613
30,857,f1,0.886002886002886
30,858,PR_AUC,0.9230113298707252
30,858,Brier,0.023623304771571155
30,858,precision,0.7374701670644391
30,858,recall,0.9967741935483871
30,858,f1,0.8477366255144033
30,859,PR_AUC,0.9824100651677882
30,859,Brier,0.01495326237122546
30,859,precision,0.8869565217391304
30,859,recall,0.9870967741935484
30,859,f1,0.934351145038168
30,860,PR_AUC,0.9535909466263748
30,860,Brier,0.024796762653690112
30,860,precision,0.8020833333333334
30,860,recall,0.9935483870967742
30,860,f1,0.8876080691642652
30,861,PR_AUC,0.9205044985428065
30,861,Brier,0.02543150973348185
30,861,precision,0.7054794520547946
30,861,recall,0.9967741935483871
30,861,f1,0.8262032085561497
30,862,PR_AUC,0.9613201470024053
30,862,Brier,0.021345285651279907
30,862,precision,0.8315217391304348
30,862,recall,0.9870967741935484
30,862,f1,0.9026548672566371
30,863,PR_AUC,0.9883103874615399
30,863,Brier,0.01242917042053186
30,863,precision,0.8415300546448088
30,863,recall,0.9935483870967742
30,863,f1,0.9112426035502958
30,864,PR_AUC,0.9701625323060281
30,864,Brier,0.01889533099115667
30,864,precision,0.8015665796344648
30,864,recall,0.9903225806451613
30,864,f1,0.886002886002886
30,865,PR_AUC,0.9865222327767801
30,865,Brier,0.0185289990352147
30,865,precision,0.8866279069767442
30,865,recall,0.9838709677419355
30,865,f1,0.9327217125382263
30,866,PR_AUC,0.941627830102983
30,866,Brier,0.023740117350590687
30,866,precision,0.7938144329896907
30,866,recall,0.9935483870967742
30,866,f1,0.8825214899713467
30,867,PR_AUC,0.9642163535340248
30,867,Brier,0.017607195948903972
30,867,precision,0.8095238095238095
30,867,recall,0.9870967741935484
30,867,f1,0.8895348837209303
30,868,PR_AUC,0.9788793509083504
30,868,Brier,0.02052949769357513
30,868,precision,0.8257372654155496
30,868,recall,0.9935483870967742
30,868,f1,0.9019033674963397
30,869,PR_AUC,0.9757073856397576
30,869,Brier,0.01992399293297336
30,869,precision,0.8052631578947368
30,869,recall,0.9870967741935484
30,869,f1,0.8869565217391304
30,870,PR_AUC,0.958886274609914
30,870,Brier,0.018234406485700946
30,870,precision,0.762962962962963
30,870,recall,0.9967741935483871
30,870,f1,0.8643356643356643
30,871,PR_AUC,0.9368751331767009
30,871,Brier,0.020890669798114752
30,871,precision,0.6966292134831461
30,871,recall,1.0
30,871,f1,0.8211920529801324
30,872,PR_AUC,0.9856872492190232
30,872,Brier,0.013925817705933227
30,872,precision,0.8767908309455588
30,872,recall,0.9870967741935484
30,872,f1,0.928679817905918
30,873,PR_AUC,0.962188022483069
30,873,Brier,0.019366139737064653
30,873,precision,0.7953367875647669
30,873,recall,0.9903225806451613
30,873,f1,0.882183908045977
30,874,PR_AUC,0.9794780267270518
30,874,Brier,0.020006302046643755
30,874,precision,0.7493917274939172
30,874,recall,0.9935483870967742
30,874,f1,0.8543689320388349
30,875,PR_AUC,0.9640019164313083
30,875,Brier,0.01782562104955327
30,875,precision,0.7635467980295566
30,875,recall,1.0
30,875,f1,0.8659217877094972
30,876,PR_AUC,0.976362657288453
30,876,Brier,0.01658978780756825
30,876,precision,0.8319783197831978
30,876,recall,0.9903225806451613
30,876,f1,0.9042709867452136
30,877,PR_AUC,0.9694701327691426
30,877,Brier,0.020004546328244086
30,877,precision,0.7648514851485149
30,877,recall,0.9967741935483871
30,877,f1,0.865546218487395
30,878,PR_AUC,0.9510261042366378
30,878,Brier,0.020727981056481028
30,878,precision,0.8225806451612904
30,878,recall,0.9870967741935484
30,878,f1,0.8973607038123167
30,879,PR_AUC,0.9712952411795063
30,879,Brier,0.01950666913857348
30,879,precision,0.8218085106382979
30,879,recall,0.9967741935483871
30,879,f1,0.9008746355685131
30,880,PR_AUC,0.9694783156603651
30,880,Brier,0.015789799281497534
30,880,precision,0.7979274611398963
30,880,recall,0.9935483870967742
30,880,f1,0.8850574712643678
30,881,PR_AUC,0.9457841745615073
30,881,Brier,0.018869784809682138
30,881,precision,0.7791878172588832
30,881,recall,0.9903225806451613
30,881,f1,0.8721590909090909
30,882,PR_AUC,0.9656015365505026
30,882,Brier,0.01683719573830656
30,882,precision,0.8342391304347826
30,882,recall,0.9903225806451613
30,882,f1,0.9056047197640118
30,883,PR_AUC,0.9785717971907691
30,883,Brier,0.017608631732882078
30,883,precision,0.7822784810126582
30,883,recall,0.9967741935483871
30,883,f1,0.8765957446808511
30,884,PR_AUC,0.9817658334976196
30,884,Brier,0.017637705832261694
30,884,precision,0.8100263852242744
30,884,recall,0.9903225806451613
30,884,f1,0.8911465892597968
30,885,PR_AUC,0.9421749273756457
30,885,Brier,0.020529470347418536
30,885,precision,0.8138297872340425
30,885,recall,0.9870967741935484
30,885,f1,0.892128279883382
30,886,PR_AUC,0.9459177418818017
30,886,Brier,0.020501659044898715
30,886,precision,0.7439613526570048
30,886,recall,0.9935483870967742
30,886,f1,0.850828729281768
30,887,PR_AUC,0.981544664791795
30,887,Brier,0.019357306808746543
30,887,precision,0.8571428571428571
30,887,recall,0.9870967741935484
30,887,f1,0.9175412293853074
30,888,PR_AUC,0.9796967508511005
30,888,Brier,0.019246332935990172
30,888,precision,0.7817258883248731
30,888,recall,0.9935483870967742
30,888,f1,0.875
30,889,PR_AUC,0.9706898337284635
30,889,Brier,0.016642618837186048
30,889,precision,0.744578313253012
30,889,recall,0.9967741935483871
30,889,f1,0.8524137931034482
30,890,PR_AUC,0.9786748531849989
30,890,Brier,0.01792127740518852
30,890,precision,0.7667493796526055
30,890,recall,0.9967741935483871
30,890,f1,0.8667601683029453
30,891,PR_AUC,0.9609224679106851
30,891,Brier,0.019260307143034564
30,891,precision,0.8292682926829268
30,891,recall,0.9870967741935484
30,891,f1,0.9013254786450663
30,892,PR_AUC,0.9624716428743089
30,892,Brier,0.01629250995060266
30,892,precision,0.7803030303030303
30,892,recall,0.9967741935483871
30,892,f1,0.8753541076487252
30,893,PR_AUC,0.9517195890250861
30,893,Brier,0.018381951650766965
30,893,precision,0.8225806451612904
30,893,recall,0.9870967741935484
30,893,f1,0.8973607038123167
30,894,PR_AUC,0.9609135035173624
30,894,Brier,0.01787573692550512
30,894,precision,0.7661691542288557
30,894,recall,0.9935483870967742
30,894,f1,0.8651685393258427
30,895,PR_AUC,0.9761463811903033
30,895,Brier,0.020751421135054574
30,895,precision,0.8078947368421052
30,895,recall,0.9903225806451613
30,895,f1,0.8898550724637682
30,896,PR_AUC,0.977710005562306
30,896,Brier,0.01723523559630989
30,896,precision,0.8410958904109589
30,896,recall,0.9903225806451613
30,896,f1,0.9096296296296297
30,897,PR_AUC,0.9645444855984122
30,897,Brier,0.01796575155845491
30,897,precision,0.820855614973262
30,897,recall,0.9903225806451613
30,897,f1,0.8976608187134503
30,898,PR_AUC,0.9423472467971001
30,898,Brier,0.01986086419746731
30,898,precision,0.7410071942446043
30,898,recall,0.9967741935483871
30,898,f1,0.8500687757909215
30,899,PR_AUC,0.9512114668245819
30,899,Brier,0.02089499761500642
30,899,precision,0.8046875
30,899,recall,0.9967741935483871
30,899,f1,0.8904899135446686
30,900,PR_AUC,0.9556944366093272
30,900,Brier,0.02072816475923087
30,900,precision,0.7772151898734178
30,900,recall,0.9903225806451613
30,900,f1,0.8709219858156029
30,901,PR_AUC,0.963137039665656
30,901,Brier,0.019629250386340898
30,901,precision,0.7567567567567568
30,901,recall,0.9935483870967742
30,901,f1,0.8591352859135286
30,902,PR_AUC,0.9862420521436844
30,902,Brier,0.01719282991996154
30,902,precision,0.8764367816091954
30,902,recall,0.9838709677419355
30,902,f1,0.9270516717325228
30,903,PR_AUC,0.9735719102566249
30,903,Brier,0.01888656002712855
30,903,precision,0.804177545691906
30,903,recall,0.9935483870967742
30,903,f1,0.8888888888888888
30,904,PR_AUC,0.9570029537573441
30,904,Brier,0.01902897941246377
30,904,precision,0.7763819095477387
30,904,recall,0.9967741935483871
30,904,f1,0.8728813559322034
30,905,PR_AUC,0.9626952437930119
30,905,Brier,0.017277709714483624
30,905,precision,0.8036649214659686
30,905,recall,0.9903225806451613
30,905,f1,0.8872832369942196
30,906,PR_AUC,0.9810622492326897
30,906,Brier,0.017341379968401516
30,906,precision,0.7857142857142857
30,906,recall,0.9935483870967742
30,906,f1,0.8774928774928775
30,907,PR_AUC,0.9561356455733534
30,907,Brier,0.017709200408354938
30,907,precision,0.8319783197831978
30,907,recall,0.9903225806451613
30,907,f1,0.9042709867452136
30,908,PR_AUC,0.9750506203984428
30,908,Brier,0.019952413658721014
30,908,precision,0.7811704834605598
30,908,recall,0.9903225806451613
30,908,f1,0.8733997155049786
30,909,PR_AUC,0.9848472127188974
30,909,Brier,0.017159468033922695
30,909,precision,0.9023668639053254
30,909,recall,0.9838709677419355
30,909,f1,0.941358024691358
30,910,PR_AUC,0.9592389333299853
30,910,Brier,0.019628830558302116
30,910,precision,0.744578313253012
30,910,recall,0.9967741935483871
30,910,f1,0.8524137931034482
30,911,PR_AUC,0.975213488083329
30,911,Brier,0.01964523227356334
30,911,precision,0.7661691542288557
30,911,recall,0.9935483870967742
30,911,f1,0.8651685393258427
30,912,PR_AUC,0.9453354117777961
30,912,Brier,0.02084014415852541
30,912,precision,0.8020833333333334
30,912,recall,0.9935483870967742
30,912,f1,0.8876080691642652
30,913,PR_AUC,0.9512556467819306
30,913,Brier,0.019328416093975606
30,913,precision,0.7974025974025974
30,913,recall,0.9903225806451613
30,913,f1,0.883453237410072
30,914,PR_AUC,0.9617191908806193
30,914,Brier,0.019540701143692954
30,914,precision,0.7994791666666666
30,914,recall,0.9903225806451613
30,914,f1,0.8847262247838616
30,915,PR_AUC,0.9438015152046282
30,915,Brier,0.02219921689701158
30,915,precision,0.7129629629629629
30,915,recall,0.9935483870967742
30,915,f1,0.8301886792452831
30,916,PR_AUC,0.9788246702487837
30,916,Brier,0.01782869457525903
30,916,precision,0.8225806451612904
30,916,recall,0.9870967741935484
30,916,f1,0.8973607038123167
30,917,PR_AUC,0.9805055545907913
30,917,Brier,0.019786076366197208
30,917,precision,0.7648514851485149
30,917,recall,0.9967741935483871
30,917,f1,0.865546218487395
30,918,PR_AUC,0.9602882253104831
30,918,Brier,0.02182729330727379
30,918,precision,0.7877237851662404
30,918,recall,0.9935483870967742
30,918,f1,0.8787446504992867
30,919,PR_AUC,0.9659993730024138
30,919,Brier,0.021390306571726914
30,919,precision,0.7427884615384616
30,919,recall,0.9967741935483871
30,919,f1,0.8512396694214877
30,920,PR_AUC,0.9592766509128305
30,920,Brier,0.01801200721805841
30,920,precision,0.85
30,920,recall,0.9870967741935484
30,920,f1,0.9134328358208955
30,921,PR_AUC,0.9676051345559082
30,921,Brier,0.0144309834905957
30,921,precision,0.8191489361702128
30,921,recall,0.9935483870967742
30,921,f1,0.8979591836734694
30,922,PR_AUC,0.937145313001467
30,922,Brier,0.019140710584173548
30,922,precision,0.7862595419847328
30,922,recall,0.9967741935483871
30,922,f1,0.8790896159317212
30,923,PR_AUC,0.9695234430846421
30,923,Brier,0.015833788159885363
30,923,precision,0.8121693121693122
30,923,recall,0.9903225806451613
30,923,f1,0.8924418604651163
30,924,PR_AUC,0.9622758904393224
30,924,Brier,0.01888103116817696
30,924,precision,0.7738693467336684
30,924,recall,0.9935483870967742
30,924,f1,0.8700564971751412
30,925,PR_AUC,0.9518339818353505
30,925,Brier,0.022125770834826995
30,925,precision,0.7806122448979592
30,925,recall,0.9870967741935484
30,925,f1,0.8717948717948718
30,926,PR_AUC,0.9784210767273114
30,926,Brier,0.0165344629980223
30,926,precision,0.7783375314861462
30,926,recall,0.9967741935483871
30,926,f1,0.8741159830268741
30,927,PR_AUC,0.9546037627831415
30,927,Brier,0.023364242498255132
30,927,precision,0.7673267326732673
30,927,recall,1.0
30,927,f1,0.8683473389355743
30,928,PR_AUC,0.9780825020600156
30,928,Brier,0.01754574294852069
30,928,precision,0.8257372654155496
30,928,recall,0.9935483870967742
30,928,f1,0.9019033674963397
30,929,PR_AUC,0.9621322764798717
30,929,Brier,0.01715003694573371
30,929,precision,0.7837150127226463
30,929,recall,0.9935483870967742
30,929,f1,0.8762446657183499
30,930,PR_AUC,0.9529598306509941
30,930,Brier,0.01742051482443492
30,930,precision,0.7686567164179104
30,930,recall,0.9967741935483871
30,930,f1,0.8679775280898876
30,931,PR_AUC,0.9548987670534768
30,931,Brier,0.017655697448834846
30,931,precision,0.7530562347188264
30,931,recall,0.9935483870967742
30,931,f1,0.8567454798331016
30,932,PR_AUC,0.9663328533553086
30,932,Brier,0.017976634054871057
30,932,precision,0.7777777777777778
30,932,recall,0.9935483870967742
30,932,f1,0.8725212464589235
30,933,PR_AUC,0.9505447537074309
30,933,Brier,0.018120209471560008
30,933,precision,0.7777777777777778
30,933,recall,0.9935483870967742
30,933,f1,0.8725212464589235
30,934,PR_AUC,0.9848418453674818
30,934,Brier,0.015866165366548078
30,934,precision,0.8148148148148148
30,934,recall,0.9935483870967742
30,934,f1,0.8953488372093024
30,935,PR_AUC,0.9202610174981793
30,935,Brier,0.0199522478436736
30,935,precision,0.7617866004962779
30,935,recall,0.9903225806451613
30,935,f1,0.8611500701262272
30,936,PR_AUC,0.9772252808222233
30,936,Brier,0.016247765838541997
30,936,precision,0.8148148148148148
30,936,recall,0.9935483870967742
30,936,f1,0.8953488372093024
30,937,PR_AUC,0.9778915346459948
30,937,Brier,0.015767814518148685
30,937,precision,0.8067885117493473
30,937,recall,0.9967741935483871
30,937,f1,0.8917748917748918
30,938,PR_AUC,0.9602299881024967
30,938,Brier,0.017047901767858267
30,938,precision,0.8020833333333334
30,938,recall,0.9935483870967742
30,938,f1,0.8876080691642652
30,939,PR_AUC,0.9811790884828958
30,939,Brier,0.018936992177464196
30,939,precision,0.7979274611398963
30,939,recall,0.9935483870967742
30,939,f1,0.8850574712643678
30,940,PR_AUC,0.9534955813232581
30,940,Brier,0.02238760721345732
30,940,precision,0.7029478458049887
30,940,recall,1.0
30,940,f1,0.8255659121171771
30,941,PR_AUC,0.9491311516427468
30,941,Brier,0.02092996092353263
30,941,precision,0.7029478458049887
30,941,recall,1.0
30,941,f1,0.8255659121171771
30,942,PR_AUC,0.9423258791226197
30,942,Brier,0.021722597861463477
30,942,precision,0.7932816537467701
30,942,recall,0.9903225806451613
30,942,f1,0.8809182209469153
30,943,PR_AUC,0.965783704584317
30,943,Brier,0.016928283562748985
30,943,precision,0.7555012224938875
30,943,recall,0.9967741935483871
30,943,f1,0.8595271210013908
30,944,PR_AUC,0.9843492974912733
30,944,Brier,0.01654258917668109
30,944,precision,0.8337874659400545
30,944,recall,0.9870967741935484
30,944,f1,0.9039881831610044
30,945,PR_AUC,0.9825415411492615
30,945,Brier,0.01941078751212704
30,945,precision,0.820855614973262
30,945,recall,0.9903225806451613
30,945,f1,0.8976608187134503
30,946,PR_AUC,0.950052438925744
30,946,Brier,0.022171472909814152
30,946,precision,0.779746835443038
30,946,recall,0.9935483870967742
30,946,f1,0.873758865248227
30,947,PR_AUC,0.9426160932933532
30,947,Brier,0.019733463542030386
30,947,precision,0.7846153846153846
30,947,recall,0.9870967741935484
30,947,f1,0.8742857142857143
30,948,PR_AUC,0.9825918477257365
30,948,Brier,0.017582307795275812
30,948,precision,0.8571428571428571
30,948,recall,0.9870967741935484
30,948,f1,0.9175412293853074
30,949,PR_AUC,0.9824949954483981
30,949,Brier,0.01588884359771529
30,949,precision,0.7963917525773195
30,949,recall,0.9967741935483871
30,949,f1,0.8853868194842407
30,950,PR_AUC,0.9572762398122687
30,950,Brier,0.019701742846091178
30,950,precision,0.7493917274939172
30,950,recall,0.9935483870967742
30,950,f1,0.8543689320388349
30,951,PR_AUC,0.9497173745582359
30,951,Brier,0.02130706164399492
30,951,precision,0.75
30,951,recall,0.9967741935483871
30,951,f1,0.8559556786703602
30,952,PR_AUC,0.9901935337752942
30,952,Brier,0.014128615402340802
30,952,precision,0.7763819095477387
30,952,recall,0.9967741935483871
30,952,f1,0.8728813559322034
30,953,PR_AUC,0.9470525529041172
30,953,Brier,0.022263571415406073
30,953,precision,0.8010471204188482
30,953,recall,0.9870967741935484
30,953,f1,0.884393063583815
30,954,PR_AUC,0.9568194327666919
30,954,Brier,0.02076981506325987
30,954,precision,0.7783375314861462
30,954,recall,0.9967741935483871
30,954,f1,0.8741159830268741
30,955,PR_AUC,0.9589014538187456
30,955,Brier,0.01890676186000163
30,955,precision,0.7811704834605598
30,955,recall,0.9903225806451613
30,955,f1,0.8733997155049786
30,956,PR_AUC,0.9543659397962184
30,956,Brier,0.022122712344053434
30,956,precision,0.806282722513089
30,956,recall,0.9935483870967742
30,956,f1,0.8901734104046243
30,957,PR_AUC,0.9318288852667755
30,957,Brier,0.022156292536219757
30,957,precision,0.7386091127098321
30,957,recall,0.9935483870967742
30,957,f1,0.8473177441540578
30,958,PR_AUC,0.9493996726204903
30,958,Brier,0.02138530912350522
30,958,precision,0.7953367875647669
30,958,recall,0.9903225806451613
30,958,f1,0.882183908045977
30,959,PR_AUC,0.9558639149569216
30,959,Brier,0.022473685297621802
30,959,precision,0.7573529411764706
30,959,recall,0.9967741935483871
30,959,f1,0.8607242339832869
30,960,PR_AUC,0.9820459141131239
30,960,Brier,0.017806175365882533
30,960,precision,0.8647887323943662
30,960,recall,0.9903225806451613
30,960,f1,0.9233082706766917
30,961,PR_AUC,0.962255827517127
30,961,Brier,0.015994984512425665
30,961,precision,0.7963917525773195
30,961,recall,0.9967741935483871
30,961,f1,0.8853868194842407
30,962,PR_AUC,0.9360361267019308
30,962,Brier,0.024555562767314902
30,962,precision,0.6997742663656885
30,962,recall,1.0
30,962,f1,0.8233731739707836
30,963,PR_AUC,0.9376538769893864
30,963,Brier,0.020176383908303605
30,963,precision,0.7791878172588832
30,963,recall,0.9903225806451613
30,963,f1,0.8721590909090909
30,964,PR_AUC,0.9428219374636619
30,964,Brier,0.022964493123347442
30,964,precision,0.7315914489311164
30,964,recall,0.9935483870967742
30,964,f1,0.8426812585499316
30,965,PR_AUC,0.9698600256531364
30,965,Brier,0.015949683860286543
30,965,precision,0.762962962962963
30,965,recall,0.9967741935483871
30,965,f1,0.8643356643356643
30,966,PR_AUC,0.9767004594938938
30,966,Brier,0.01909826801857754
30,966,precision,0.7592137592137592
30,966,recall,0.9967741935483871
30,966,f1,0.8619246861924686
30,967,PR_AUC,0.9882659975123836
30,967,Brier,0.014899130496613974
30,967,precision,0.8387978142076503
30,967,recall,0.9903225806451613
30,967,f1,0.908284023668639
30,968,PR_AUC,0.9581628378912227
30,968,Brier,0.016820335172237563
30,968,precision,0.7328605200945626
30,968,recall,1.0
30,968,f1,0.8458390177353342
30,969,PR_AUC,0.9444963886197144
30,969,Brier,0.01746421259706467
30,969,precision,0.804177545691906
30,969,recall,0.9935483870967742
30,969,f1,0.8888888888888888
30,970,PR_AUC,0.9695109340670316
30,970,Brier,0.02264209309464191
30,970,precision,0.7882653061224489
30,970,recall,0.9967741935483871
30,970,f1,0.8803418803418803
30,971,PR_AUC,0.974869068632658
30,971,Brier,0.01817381319555765
30,971,precision,0.7363420427553444
30,971,recall,1.0
30,971,f1,0.8481532147742818
30,972,PR_AUC,0.9377645295353164
30,972,Brier,0.022668472009615602
30,972,precision,0.7524509803921569
30,972,recall,0.9903225806451613
30,972,f1,0.8551532033426184
30,973,PR_AUC,0.9526291445472267
30,973,Brier,0.022654048233111703
30,973,precision,0.7655860349127181
30,973,recall,0.9903225806451613
30,973,f1,0.8635724331926864
30,974,PR_AUC,0.9803201513568816
30,974,Brier,0.01803586239061396
30,974,precision,0.8547486033519553
30,974,recall,0.9870967741935484
30,974,f1,0.9161676646706587
30,975,PR_AUC,0.9714168040770471
30,975,Brier,0.020564289468727955
30,975,precision,0.8297297297297297
30,975,recall,0.9903225806451613
30,975,f1,0.9029411764705882
30,976,PR_AUC,0.9748502379103358
30,976,Brier,0.016533639393876247
30,976,precision,0.8373983739837398
30,976,recall,0.9967741935483871
30,976,f1,0.9101620029455081
30,977,PR_AUC,0.9557046937025356
30,977,Brier,0.016210838696784313
30,977,precision,0.7897435897435897
30,977,recall,0.9935483870967742
30,977,f1,0.88
30,978,PR_AUC,0.9760502743538652
30,978,Brier,0.018367282303207368
30,978,precision,0.7877237851662404
30,978,recall,0.9935483870967742
30,978,f1,0.8787446504992867
30,979,PR_AUC,0.9639818246705394
30,979,Brier,0.01637190304870837
30,979,precision,0.8020833333333334
30,979,recall,0.9935483870967742
30,979,f1,0.8876080691642652
30,980,PR_AUC,0.9533549836492088
30,980,Brier,0.01860636974173365
30,980,precision,0.7938144329896907
30,980,recall,0.9935483870967742
30,980,f1,0.8825214899713467
30,981,PR_AUC,0.9494303240534533
30,981,Brier,0.019135289261864794
30,981,precision,0.7974025974025974
30,981,recall,0.9903225806451613
30,981,f1,0.883453237410072
30,982,PR_AUC,0.9553881901620463
30,982,Brier,0.023591307539158363
30,982,precision,0.744578313253012
30,982,recall,0.9967741935483871
30,982,f1,0.8524137931034482
30,983,PR_AUC,0.9626859760025492
30,983,Brier,0.01706523268879164
30,983,precision,0.8213333333333334
30,983,recall,0.9935483870967742
30,983,f1,0.8992700729927007
30,984,PR_AUC,0.9398312241594786
30,984,Brier,0.020242641364344435
30,984,precision,0.7725
30,984,recall,0.9967741935483871
30,984,f1,0.8704225352112676
30,985,PR_AUC,0.9726886258640197
30,985,Brier,0.01907687479393633
30,985,precision,0.8105263157894737
30,985,recall,0.9935483870967742
30,985,f1,0.8927536231884058
30,986,PR_AUC,0.9609264861660668
30,986,Brier,0.01864212934841664
30,986,precision,0.8015665796344648
30,986,recall,0.9903225806451613
30,986,f1,0.886002886002886
30,987,PR_AUC,0.9788945579113706
30,987,Brier,0.01873634745230968
30,987,precision,0.8288043478260869
30,987,recall,0.9838709677419355
30,987,f1,0.8997050147492626
30,988,PR_AUC,0.9743620755628054
30,988,Brier,0.0206905168453079
30,988,precision,0.8083989501312336
30,988,recall,0.9935483870967742
30,988,f1,0.8914616497829233
30,989,PR_AUC,0.9729163910223904
30,989,Brier,0.020446861365302993
30,989,precision,0.7979274611398963
30,989,recall,0.9935483870967742
30,989,f1,0.8850574712643678
30,990,PR_AUC,0.9764677289808208
30,990,Brier,0.016444680714853884
30,990,precision,0.8169761273209549
30,990,recall,0.9935483870967742
30,990,f1,0.8966521106259098
30,991,PR_AUC,0.9621409653297613
30,991,Brier,0.017360903688623443
30,991,precision,0.7984496124031008
30,991,recall,0.9967741935483871
30,991,f1,0.8866571018651362
30,992,PR_AUC,0.9641235011518454
30,992,Brier,0.01595495910193588
30,992,precision,0.8148148148148148
30,992,recall,0.9935483870967742
30,992,f1,0.8953488372093024
30,993,PR_AUC,0.97826289847508
30,993,Brier,0.01664503187439558
30,993,precision,0.7744360902255639
30,993,recall,0.9967741935483871
30,993,f1,0.8716502115655853
30,994,PR_AUC,0.985760322625525
30,994,Brier,0.01438132451541437
30,994,precision,0.8169761273209549
30,994,recall,0.9935483870967742
30,994,f1,0.8966521106259098
30,995,PR_AUC,0.985177009858843
30,995,Brier,0.014618353743788729
30,995,precision,0.7989690721649485
30,995,recall,1.0
30,995,f1,0.8882521489971347
30,996,PR_AUC,0.9488911484374501
30,996,Brier,0.019863028111080927
30,996,precision,0.7061503416856492
30,996,recall,1.0
30,996,f1,0.8277703604806409
30,997,PR_AUC,0.975500819499078
30,997,Brier,0.016897648462163416
30,997,precision,0.8342391304347826
30,997,recall,0.9903225806451613
30,997,f1,0.9056047197640118
30,998,PR_AUC,0.9864738592560678
30,998,Brier,0.01602913897871708
30,998,precision,0.7822784810126582
30,998,recall,0.9967741935483871
30,998,f1,0.8765957446808511
30,999,PR_AUC,0.979209972247908
30,999,Brier,0.016586046336079636
30,999,precision,0.8213333333333334
30,999,recall,0.9935483870967742
30,999,f1,0.8992700729927007
30,1000,PR_AUC,0.9553218804545884
30,1000,Brier,0.01681744507259787
30,1000,precision,0.7661691542288557
30,1000,recall,0.9935483870967742
30,1000,f1,0.8651685393258427
