engine_id,cycle,label_h10,raw_probability_h10,platt_probability_h10,monotone_probability_h10,label_h20,raw_probability_h20,platt_probability_h20,monotone_probability_h20,label_h30,raw_probability_h30,platt_probability_h30,monotone_probability_h30,decision_h10,decision_h20,decision_h30
19,1,0,3.6077891129534016e-07,3.372987780340188e-19,3.372987780340188e-19,0,1.1769623800352921e-19,1.1953572228657005e-19,3.372987780340188e-19,0,2.0845748086733135e-17,2.479703233951261e-15,2.479703233951261e-15,0,0,0
19,2,0,5.1244290267257346e-05,8.047473845693303e-14,8.047473845693303e-14,0,3.4191018126043025e-14,3.399558805729071e-14,8.047473845693303e-14,0,2.0423636196012933e-12,4.9714711895346597e-11,4.9714711895346597e-11,0,0,0
19,3,0,0.00024338777786194146,3.948441921399874e-12,3.948441921399874e-12,0,1.499285162413668e-08,1.4583716707324889e-08,1.4583716707324889e-08,0,1.2282473951566534e-07,6.54438540688653e-07,6.54438540688653e-07,0,0,0
19,4,0,0.00024201435190235695,3.89299691132244e-12,3.89299691132244e-12,0,2.495695277964322e-10,2.4444371807808303e-10,2.4444371807808303e-10,0,8.195202846735207e-09,6.345320257443616e-08,6.345320257443616e-08,0,0,0
19,5,0,0.00023926021559620125,3.7832269279976675e-12,3.7832269279976675e-12,0,9.816748599521321e-12,9.667801676631761e-12,9.667801676631761e-12,0,1.3225426445226524e-09,1.3172279622976813e-08,1.3172279622976813e-08,0,0,0
19,6,0,0.00027184858285779533,5.205363611645477e-12,5.205363611645477e-12,0,3.639020040160625e-10,3.5620105732646286e-10,3.5620105732646286e-10,0,3.868110404158616e-09,3.322047664150981e-08,3.322047664150981e-08,0,0,0
19,7,0,0.00018141204869829522,1.8944352741360178e-12,1.8944352741360178e-12,0,1.2548957785996647e-11,1.235343285134674e-11,1.235343285134674e-11,0,1.0389092927119263e-09,1.069796315511911e-08,1.069796315511911e-08,0,0,0
19,8,0,0.00031534913773694493,7.543228355282269e-12,7.543228355282269e-12,0,5.152358881388037e-11,5.0599983404975364e-11,5.0599983404975364e-11,0,2.689320470792444e-09,2.428520862739587e-08,2.428520862739587e-08,0,0,0
19,9,0,0.0003269864997425767,8.258293370197377e-12,8.258293370197377e-12,0,2.4167644098592143e-10,2.3672558982060026e-10,2.3672558982060026e-10,0,6.0182562744365005e-09,4.862680065015734e-08,4.862680065015734e-08,0,0,0
19,10,0,0.00026700693325108966,4.976762150998752e-12,4.976762150998752e-12,0,6.43756674787204e-11,6.319790883550332e-11,6.319790883550332e-11,0,1.8867435376850156e-09,1.7892142951348947e-08,1.7892142951348947e-08,0,0,0
19,11,0,0.0005695591259593519,3.3059252081691874e-11,3.3059252081691874e-11,0,1.3499330257833374e-09,1.3184439191300863e-09,1.3184439191300863e-09,0,3.451934593300989e-08,2.1915070032446132e-07,2.1915070032446132e-07,0,0,0
19,12,0,0.001142059435898277,1.882821746330067e-10,1.882821746330067e-10,0,1.29864451304179e-07,1.258609779511571e-07,1.258609779511571e-07,0,1.96132607786675e-06,7.128833206628447e-06,7.128833206628447e-06,0,0,0
19,13,0,0.0008095470028234543,7.962858807706307e-11,7.962858807706307e-11,0,3.458082305847742e-08,3.358972547288041e-08,3.358972547288041e-08,0,2.735444921220913e-07,1.304981895314905e-06,1.304981895314905e-06,0,0,0
19,14,0,0.001031565465744588,1.4597539127757522e-10,1.4597539127757522e-10,0,5.599171540117049e-08,5.434273793162763e-08,5.434273793162763e-08,0,1.554263898947815e-07,8.016660687667543e-07,8.016660687667543e-07,0,0,0
19,15,0,0.0009610328033128312,1.2228001252795795e-10,1.2228001252795795e-10,0,8.089685995845609e-08,7.846564871136248e-08,7.846564871136248e-08,0,5.491603557663394e-07,2.3795298149695078e-06,2.3795298149695078e-06,0,0,0
19,16,0,0.0008565330607981584,9.169301373793807e-11,9.169301373793807e-11,0,2.8630968194697815e-08,2.7819262986137542e-08,2.7819262986137542e-08,0,3.9093705717907864e-07,1.7753105778451692e-06,1.7753105778451692e-06,0,0,0
19,17,0,0.001010021806020822,1.3847000458983852e-10,1.3847000458983852e-10,0,3.4274515474577104e-08,3.329269691676425e-08,3.329269691676425e-08,0,5.806757249200804e-07,2.496778406611916e-06,2.496778406611916e-06,0,0,0
19,18,0,0.0010283045767039759,1.4482406292075625e-10,1.4482406292075625e-10,0,3.723619174454114e-08,3.6164472506372254e-08,3.6164472506372254e-08,0,6.296343698098097e-07,2.6772044197779367e-06,2.6772044197779367e-06,0,0,0
19,19,0,0.0015698338426856134,4.1731772355687337e-10,4.1731772355687337e-10,0,1.4834138206345198e-07,1.4373601142227864e-07,1.4373601142227864e-07,0,3.207096212398354e-06,1.0891731300246974e-05,1.0891731300246974e-05,0,0,0
19,20,0,0.0011743287913260165,2.0187267196209563e-10,2.0187267196209563e-10,0,8.830134123868005e-08,8.563493681841916e-08,8.563493681841916e-08,0,2.5165647965545164e-06,8.837532516374374e-06,8.837532516374374e-06,0,0,0
19,21,0,0.0009809520631149792,1.2871728765983162e-10,1.2871728765983162e-10,0,3.586728421005863e-08,3.4837167578551375e-08,3.4837167578551375e-08,0,5.994550187346717e-07,2.566224411030312e-06,2.566224411030312e-06,0,0,0
19,22,0,0.000777974867006243,7.208932121983345e-11,7.208932121983345e-11,0,9.65948539679863e-09,9.402868337116894e-09,9.402868337116894e-09,0,2.212757269522638e-07,1.0869863586143386e-06,1.0869863586143386e-06,0,0,0
19,23,0,0.0014685519910283664,3.531765854749023e-10,3.531765854749023e-10,0,4.776823641113694e-08,4.6373879730284126e-08,4.6373879730284126e-08,0,9.380657263316843e-07,3.7750536714491086e-06,3.7750536714491086e-06,0,0,0
19,24,0,0.001151164794459377,1.9205941302913531e-10,1.9205941302913531e-10,0,7.569899915819246e-08,7.343223417391248e-08,7.343223417391248e-08,0,4.082937734070435e-06,1.3411604785592214e-05,1.3411604785592214e-05,0,0,0
19,25,0,0.0009903057545337314,1.3180876235181274e-10,1.3180876235181274e-10,0,3.658427106016586e-08,3.553237487475221e-08,3.553237487475221e-08,0,2.374929818371652e-06,8.407111876001965e-06,8.407111876001965e-06,0,0,0
19,26,0,0.0009349428266003344,1.1414666920446887e-10,1.1414666920446887e-10,0,4.1127170374112175e-08,3.993675967770751e-08,3.993675967770751e-08,0,1.7795562670792689e-06,6.555586932644719e-06,6.555586932644719e-06,0,0,0
19,27,0,0.00107828777635113,1.6307768481193443e-10,1.6307768481193443e-10,0,6.345930188349185e-08,6.157738270571028e-08,6.157738270571028e-08,0,3.562466329648835e-06,1.1924354714523157e-05,1.1924354714523157e-05,0,0,0
19,28,0,0.0008986392081276128,1.0338366604998064e-10,1.0338366604998064e-10,0,7.822242024947755e-08,7.58758915465075e-08,7.58758915465075e-08,0,3.685140463505423e-06,1.2277452122814742e-05,1.2277452122814742e-05,0,0,0
19,29,0,0.000955627905264363,1.205674361275099e-10,1.205674361275099e-10,0,5.663938566733229e-08,5.497026656325842e-08,5.497026656325842e-08,0,8.918985641581153e-06,2.6301041131684235e-05,2.6301041131684235e-05,0,0,0
19,30,0,0.0011147345715500534,1.772160900028791e-10,1.772160900028791e-10,0,8.762970803109462e-08,8.498468031078901e-08,8.498468031078901e-08,0,3.3185952506190656e-05,8.16242767400494e-05,8.16242767400494e-05,0,0,0
19,31,0,0.0010951025465365007,1.6951275698729378e-10,1.6951275698729378e-10,0,1.4087328726253908e-07,1.3651167540894363e-07,1.3651167540894363e-07,0,4.4038382177029106e-05,0.00010416632406001364,0.00010416632406001364,0,0,0
19,32,0,0.0019573493547884327,7.248904793463817e-10,7.248904793463817e-10,0,9.416244027101003e-07,9.095482811129652e-07,9.095482811129652e-07,0,0.00013782398462484842,0.0002784688562480942,0.0002784688562480942,0,0,0
19,33,0,0.0016153643645582991,4.482688912866216e-10,4.482688912866216e-10,0,7.162341187305356e-07,6.921555224389881e-07,6.921555224389881e-07,0,0.0001595884095786615,0.00031597621755022207,0.00031597621755022207,0,0,0
19,34,0,0.0016919829024887316,5.033888181609217e-10,5.033888181609217e-10,0,8.103048679603456e-07,7.829006236867837e-07,7.829006236867837e-07,0,0.0001261128053124764,0.0002579524042357149,0.0002579524042357149,0,0,0
19,35,0,0.0016692149648041268,4.866076353222185e-10,4.866076353222185e-10,0,5.088649767585293e-07,4.920416940394853e-07,4.920416940394853e-07,0,6.920354843381955e-05,0.0001537847049126932,0.0001537847049126932,0,0,0
19,36,0,0.0017006817642107876,5.098908175496e-10,5.098908175496e-10,0,5.569470430701662e-07,5.384520544318712e-07,5.384520544318712e-07,0,6.348092354321991e-05,0.00014275967027232132,0.00014275967027232132,0,0,0
19,37,0,0.0017567432880055867,5.530047439889418e-10,5.530047439889418e-10,0,6.52351245127942e-07,6.305197382973145e-07,6.305197382973145e-07,0,0.0001256478803189182,0.00025713262252646373,0.00025713262252646373,0,0,0
19,38,0,0.0015671751808798457,4.155514048470495e-10,4.155514048470495e-10,0,4.6595968600448853e-07,4.506218851543392e-07,4.506218851543392e-07,0,7.355803132264476e-05,0.00016208928244447034,0.00016208928244447034,0,0,0
19,39,0,0.001596080792690876,4.3499760652646895e-10,4.3499760652646895e-10,0,3.125172183293592e-07,3.024341284693956e-07,3.024341284693956e-07,0,7.630048184700705e-05,0.00016728447007701057,0.00016728447007701057,0,0,0
19,40,0,0.0013509754568457983,2.866269920836429e-10,2.866269920836429e-10,0,1.1289785946586598e-07,1.094433036061668e-07,1.094433036061668e-07,0,2.656269154088716e-05,6.73733216659909e-05,6.73733216659909e-05,0,0,0
19,41,0,0.0013087975807815576,2.647620385923612e-10,2.647620385923612e-10,0,1.3568897002790454e-07,1.3149619603863452e-07,1.3149619603863452e-07,0,2.797929286181728e-05,7.045904024383142e-05,7.045904024383142e-05,0,0,0
19,42,0,0.0010229001039181286,1.4292793844528717e-10,1.4292793844528717e-10,0,8.429454137566769e-08,8.1755539191213e-08,8.1755539191213e-08,0,1.5855491625246108e-05,4.318553947304632e-05,4.318553947304632e-05,0,0,0
19,43,0,0.0011064564716241438,1.739428018410075e-10,1.739428018410075e-10,0,5.679703776463072e-08,5.5123014063108734e-08,5.5123014063108734e-08,0,1.9821156698283823e-05,5.2348127916335585e-05,5.2348127916335585e-05,0,0,0
19,44,0,0.0008134895128428352,8.06017861756497e-11,8.06017861756497e-11,0,6.64140749780866e-08,6.443957841967461e-08,6.443957841967461e-08,0,1.917353157584017e-05,5.0870537128102866e-05,5.0870537128102866e-05,0,0,0
19,45,0,0.001161793395842516,1.9652568063364047e-10,1.9652568063364047e-10,0,6.43135511151616e-08,6.240488972711004e-08,6.240488972711004e-08,0,2.6633534665869715e-05,6.752816671805815e-05,6.752816671805815e-05,0,0,0
19,46,0,0.0012157119975861079,2.2014106586725383e-10,2.2014106586725383e-10,0,8.392211739648822e-08,8.139494139983786e-08,8.139494139983786e-08,0,4.9707940636753774e-05,0.00011562670957836577,0.00011562670957836577,0,0,0
19,47,0,0.0011203383767658666,1.7945275596471216e-10,1.7945275596471216e-10,0,1.0003469287250694e-07,9.699354560760755e-08,9.699354560760755e-08,0,4.5245662436058676e-05,0.0001066229815979118,0.0001066229815979118,0,0,0
19,48,0,0.001119391060002492,1.7907346641858865e-10,1.7907346641858865e-10,0,8.885627311246746e-08,8.61722000515535e-08,8.61722000515535e-08,0,4.694356217200322e-05,0.00011006274972481214,0.00011006274972481214,0,0,0
19,49,0,0.0010747418256300682,1.617396991266892e-10,1.617396991266892e-10,0,1.5366130201996022e-07,1.4888191259797577e-07,1.4888191259797577e-07,0,8.998466755030431e-05,0.00019284159346743795,0.00019284159346743795,0,0,0
19,50,0,0.001248351608666405,2.352251701254898e-10,2.352251701254898e-10,0,1.7393899027264804e-07,1.6849362683311537e-07,1.6849362683311537e-07,0,7.053641401522177e-05,0.00015633412637630048,0.00015633412637630048,0,0,0
19,51,0,0.0009651440957216784,1.235924264880679e-10,1.235924264880679e-10,0,6.891138801316142e-08,6.685847888380354e-08,6.685847888380354e-08,0,1.888630396810397e-05,5.021301618633819e-05,5.021301618633819e-05,0,0,0
19,52,0,0.001069286470220104,1.5969415505212726e-10,1.5969415505212726e-10,0,1.0854533387421848e-07,1.0523094622802045e-07,1.0523094622802045e-07,0,1.6247228218218597e-05,4.4103634504455956e-05,4.4103634504455956e-05,0,0,0
19,53,0,0.0012489513921013164,2.3550798639571474e-10,2.3550798639571474e-10,0,2.0324074836345244e-07,1.9682631100123652e-07,1.9682631100123652e-07,0,3.686457092093526e-05,8.936542722099505e-05,8.936542722099505e-05,0,0,0
19,54,0,0.0014563662439116053,3.4588968302583216e-10,3.4588968302583216e-10,0,2.904035898398243e-07,2.810688032306786e-07,2.810688032306786e-07,0,9.156338044184668e-05,0.00019575397755752186,0.00019575397755752186,0,0,0
19,55,0,0.0013142952612956414,2.6755307211429375e-10,2.6755307211429375e-10,0,1.9967583172137422e-07,1.9337968399518165e-07,1.9337968399518165e-07,0,8.13675706857011e-05,0.00017681637990224779,0.00017681637990224779,0,0,0
19,56,0,0.0009358186308685667,1.144142535327004e-10,1.144142535327004e-10,0,7.178029739746628e-08,6.963712562550031e-08,6.963712562550031e-08,0,1.5961480444022584e-05,4.343424658611419e-05,4.343424658611419e-05,0,0,0
19,57,0,0.0009213968087648458,1.100557483641337e-10,1.100557483641337e-10,0,3.7396601027892606e-08,3.6320001322636697e-08,3.6320001322636697e-08,0,9.032899462990137e-06,2.6590326488710827e-05,2.6590326488710827e-05,0,0,0
19,58,0,0.0013225041858241895,2.717533119793432e-10,2.717533119793432e-10,0,6.443237864033802e-08,6.251999588923339e-08,6.251999588923339e-08,0,1.3271582425033131e-05,3.7046610534937186e-05,3.7046610534937186e-05,0,0,0
19,59,0,0.0011852054076118843,2.06582139835553e-10,2.06582139835553e-10,0,6.303960861728692e-08,6.117082103185516e-08,6.117082103185516e-08,0,1.0756031494514021e-05,3.090861877780717e-05,3.090861877780717e-05,0,0,0
19,60,0,0.0013263613677412206,2.7374049462930486e-10,2.7374049462930486e-10,0,7.052403796123128e-08,6.842041459901066e-08,6.842041459901066e-08,0,1.2903677049860895e-05,3.6159715404034126e-05,3.6159715404034126e-05,0,0,0
19,61,0,0.0012696108822065869,2.453745454904432e-10,2.453745454904432e-10,0,3.3435428463995475e-08,3.2479005434239845e-08,3.2479005434239845e-08,0,1.1457970642087524e-05,3.263957237169586e-05,3.263957237169586e-05,0,0,0
19,62,0,0.0012523064704939805,2.370937755704704e-10,2.370937755704704e-10,0,5.7733559449202133e-08,5.6030385625358965e-08,5.6030385625358965e-08,0,1.3871585947308357e-05,3.848579221469331e-05,3.848579221469331e-05,0,0,0
19,63,0,0.0014695757450905594,3.537929360916517e-10,3.537929360916517e-10,0,9.402866652652496e-08,9.11796401852805e-08,9.11796401852805e-08,0,9.689012059262524e-06,2.8246948055321758e-05,2.8246948055321758e-05,0,0,0
19,64,0,0.0010779700507539734,1.6295752803210698e-10,1.6295752803210698e-10,0,1.0323719508422358e-07,1.0009336281733777e-07,1.0009336281733777e-07,0,5.739662352990605e-06,1.798760300732904e-05,1.798760300732904e-05,0,0,0
19,65,0,0.0012034631501907495,2.1463472388555556e-10,2.1463472388555556e-10,0,9.39354706216401e-08,9.108942059322419e-08,9.108942059322419e-08,0,6.534418032313078e-06,2.0114910530874596e-05,2.0114910530874596e-05,0,0,0
19,66,0,0.0013377046330293738,2.7963492503739204e-10,2.7963492503739204e-10,0,1.1608739968572094e-07,1.1252995352982402e-07,1.1252995352982402e-07,0,1.9679242153595728e-05,5.202492031255281e-05,5.202492031255281e-05,0,0,0
19,67,0,0.002164066864776935,9.320381124221708e-10,9.320381124221708e-10,0,7.512093486609452e-07,7.258965045952284e-07,7.258965045952284e-07,0,7.906249531220356e-05,0.0001724906957820023,0.0001724906957820023,0,0,0
19,68,0,0.0016798239748935751,4.943844935163377e-10,4.943844935163377e-10,0,8.104192023599367e-07,7.830109047982884e-07,7.830109047982884e-07,0,6.113801223598761e-05,0.0001382067832889484,0.0001382067832889484,0,0,0
19,69,0,0.0021603897692870377,9.280779162363651e-10,9.280779162363651e-10,0,9.316196165913505e-07,8.999005353023741e-07,8.999005353023741e-07,0,4.6845253890649786e-05,0.00010986406189857524,0.00010986406189857524,0,0,0
19,70,0,0.00170342994531666,5.119553903703031e-10,5.119553903703031e-10,0,4.348736113181043e-07,4.2060808955127324e-07,4.2060808955127324e-07,0,3.48386423029304e-05,8.51160657427629e-05,8.51160657427629e-05,0,0,0
19,71,0,0.002453896108025344,1.2768087629756885e-09,1.2768087629756885e-09,0,7.507710591586402e-07,7.254736986525877e-07,7.254736986525877e-07,0,6.345163393031816e-05,0.00014270289794132032,0.00014270289794132032,0,0,0
19,72,0,0.002710450457726262,1.6379459238190535e-09,1.6379459238190535e-09,0,2.153405761244992e-06,2.077147541403627e-06,2.077147541403627e-06,0,0.00022068793035259136,0.00041780706156931325,0.00041780706156931325,0,0,0
19,73,0,0.002481814433186525,1.3135035414105434e-09,1.3135035414105434e-09,0,1.7411338982028886e-06,1.6800781320414967e-06,1.6800781320414967e-06,0,0.00021805703798055543,0.0004135111466225139,0.0004135111466225139,0,0,0
19,74,0,0.0024365185402500282,1.2542835613147724e-09,1.2542835613147724e-09,0,1.454611416568005e-06,1.4040292114052945e-06,1.4040292114052945e-06,0,9.34075150721277e-05,0.0001991472379353095,0.0001991472379353095,0,0,0
19,75,0,0.0026969550897298325,1.6175917562992043e-09,1.6175917562992043e-09,0,3.012438466845788e-06,2.9041129327012435e-06,2.9041129327012435e-06,0,0.00015531432207198457,0.0003086695100009043,0.0003086695100009043,0,0,0
19,76,0,0.002881199255919835,1.9088540677653168e-09,1.9088540677653168e-09,0,2.5864844280518795e-06,2.494117854536203e-06,2.494117854536203e-06,0,0.00017644988115097826,0.00034454544814612495,0.00034454544814612495,0,0,0
19,77,0,0.003246481236224432,2.5744644667007596e-09,2.5744644667007596e-09,0,2.4269731716153127e-06,2.3405544836921088e-06,2.3405544836921088e-06,0,0.00013082617020363817,0.000266239982769463,0.000266239982769463,0,0,0
19,78,0,0.0028380189233238704,1.8379815485240531e-09,1.8379815485240531e-09,0,2.2187681477144198e-06,2.1400872111360444e-06,2.1400872111360444e-06,0,9.153587847422058e-05,0.0001957033020991632,0.0001957033020991632,0,0,0
19,79,0,0.003351048819007709,2.7873948814894905e-09,2.7873948814894905e-09,0,2.7080812179367247e-06,2.6111697227747795e-06,2.6111697227747795e-06,0,6.70198479205675e-05,0.00014959310489384318,0.00014959310489384318,0,0,0
19,80,0,0.004699009083405388,6.50874790729024e-09,6.50874790729024e-09,0,6.5726652779591995e-06,6.327975378814296e-06,6.327975378814296e-06,0,0.00026270398487116014,0.0004855135172330079,0.0004855135172330079,0,0,0
19,81,0,0.00801146963448562,2.4889207865957743e-08,2.4889207865957743e-08,0,8.09712416167566e-05,7.762719260654332e-05,7.762719260654332e-05,0,0.002207821973394736,0.0030387069649576567,0.0030387069649576567,0,0,0
19,82,0,0.00606835966864246,1.23730661008642e-08,1.23730661008642e-08,0,2.765290582155332e-05,2.655894144451887e-05,2.655894144451887e-05,0,0.0009366324163618631,0.0014518364360803506,0.0014518364360803506,0,0,0
19,83,0,0.007715494078804997,2.2638218517510347e-08,2.2638218517510347e-08,0,6.954033511292627e-05,6.668547624632955e-05,6.668547624632955e-05,0,0.0014617486183771372,0.0021302816107923216,0.0021302816107923216,0,0,0
19,84,0,0.007673344787746432,2.2328130776403067e-08,2.2328130776403067e-08,0,7.633056956569181e-05,7.318545577867923e-05,7.318545577867923e-05,0,0.001956718173872455,0.0027385987010912364,0.0027385987010912364,0,0,0
19,85,0,0.010555862787361339,4.989547822158013e-08,4.989547822158013e-08,0,0.00026927290919492663,0.000257630952755664,0.000257630952755664,0,0.007084703637971757,0.008292444063097724,0.008292444063097724,0,0,0
19,86,0,0.008712415737457112,3.0745824523240825e-08,3.0745824523240825e-08,0,0.00010780070140529675,0.00010329880190942965,0.00010329880190942965,0,0.005034115709726999,0.00617906685781699,0.00617906685781699,0,0,0
19,87,0,0.009192415945597929,3.51967318531276e-08,3.51967318531276e-08,0,8.516500478173279e-05,8.164080943219531e-05,8.164080943219531e-05,0,0.0028233793603653972,0.0037555024553252167,0.0037555024553252167,0,0,0
19,88,0,0.01211427202310999,7.066191741087378e-08,7.066191741087378e-08,0,0.00014603856388147973,0.00013986830900600256,0.00013986830900600256,0,0.008923252149210133,0.01011454133357259,0.01011454133357259,0,0,0
19,89,0,0.021702951752965015,3.107561362721898e-07,3.107561362721898e-07,0,0.0014641309103494546,0.0013969050208749892,0.0013969050208749892,0,0.0527822963576556,0.04686551986639848,0.04686551986639848,0,0,0
19,90,0,0.015374538612052723,1.2923187265842824e-07,1.2923187265842824e-07,0,0.0012261779581063629,0.0011702153874316047,0.0011702153874316047,0,0.03429836721564063,0.03227362828053899,0.03227362828053899,0,0,0
19,91,0,0.01601413202789386,1.43317700613874e-07,1.43317700613874e-07,0,0.0004864386850783527,0.00046494751837543525,0.00046494751837543525,0,0.014262308931236695,0.015146255053967132,0.015146255053967132,0,0,0
19,92,0,0.01517690546892592,1.250586242964712e-07,1.250586242964712e-07,0,0.0004365333431835891,0.0004173223779104428,0.0004173223779104428,0,0.008972957296665203,0.010163027268378432,0.010163027268378432,0,0,0
19,93,0,0.016689477464210307,1.5917124357153982e-07,1.5917124357153982e-07,0,0.0007059718426962178,0.0006743638987777141,0.0006743638987777141,0,0.01050292980145579,0.011638293608881354,0.011638293608881354,0,0,0
19,94,0,0.023926937796070576,3.9878846519553166e-07,3.9878846519553166e-07,0,0.0010113423015687668,0.0009654893405718617,0.0009654893405718617,0,0.06238919457436637,0.054189490877547014,0.054189490877547014,0,0,0
19,95,0,0.024980598591205445,4.453218948725761e-07,4.453218948725761e-07,0,0.0014290800454893108,0.0013635171173458844,0.0013635171173458844,0,0.10935585140615733,0.08854582626473134,0.08854582626473134,0,0,0
19,96,0,0.03229391143107384,8.619069742162971e-07,8.619069742162971e-07,0,0.002283862081880748,0.0021774454688624346,0.0021774454688624346,0,0.08564007966999164,0.07143322619714032,0.07143322619714032,0,0,0
19,97,0,0.04268721719585465,1.777980342633097e-06,1.777980342633097e-06,0,0.005967995029463848,0.005681689877492044,0.005681689877492044,0,0.13076750365596226,0.10373301425184944,0.10373301425184944,0,0,0
19,98,0,0.031008665071958874,7.761655886867947e-07,7.761655886867947e-07,0,0.0016735569907015402,0.001596370244685408,0.001596370244685408,0,0.04703592340273838,0.0424098635285646,0.0424098635285646,0,0,0
19,99,0,0.024457092948423624,4.21804527911336e-07,4.21804527911336e-07,0,0.0004068303413179712,0.0003889723189667687,0.0003889723189667687,0,0.0198995536183124,0.020179520383519247,0.020179520383519247,0,0,0
19,100,0,0.030876219556384643,7.676472004498631e-07,7.676472004498631e-07,0,0.0005366542654702168,0.0005128605986390531,0.0005128605986390531,0,0.028220569029963612,0.02727245168302488,0.02727245168302488,0,0,0
19,101,0,0.02598127615100703,4.924988053439003e-07,4.924988053439003e-07,0,0.0005744035763086104,0.0005488741307037339,0.0005488741307037339,0,0.04365795089358801,0.03975981910419789,0.03975981910419789,0,0,0
19,102,0,0.02651302401015497,5.187769511395407e-07,5.187769511395407e-07,0,0.0002699408237966964,0.00025826891730229985,0.00025826891730229985,0,0.03602902805347053,0.033675747788260914,0.033675747788260914,0,0,0
19,103,0,0.026198782654355185,5.031451967494857e-07,5.031451967494857e-07,0,0.00021848396920397435,0.0002091111917475118,0.0002091111917475118,0,0.02313929463239811,0.022981068790724132,0.022981068790724132,0,0,0
19,104,0,0.035751490447150674,1.121263269400598e-06,1.121263269400598e-06,0,0.001048850056789779,0.0010012366783386586,0.0010012366783386586,0,0.028690124713768486,0.027663540277281917,0.027663540277281917,0,0,0
19,105,0,0.04401952420404107,1.9265733665942614e-06,1.9265733665942614e-06,0,0.0016976797244514785,0.001619343075718356,0.001619343075718356,0,0.14211519820948243,0.1117129390780567,0.1117129390780567,0,0,0
19,106,0,0.05379279832557408,3.2620708006571223e-06,3.2620708006571223e-06,0,0.0017463029965796727,0.0016656470239575694,0.0016656470239575694,0,0.1507451802028878,0.1177581481922679,0.1177581481922679,0,0,1
19,107,0,0.042069164321430985,1.7115983615651797e-06,1.7115983615651797e-06,0,0.0009764786911845814,0.0009322601501754881,0.0009322601501754881,0,0.08009309313439487,0.0673698109424244,0.0673698109424244,0,0,0
19,108,0,0.03874890568585652,1.3817940041520404e-06,1.3817940041520404e-06,0,0.00043288631107868457,0.00041384164055731425,0.00041384164055731425,0,0.03528716443634992,0.03307580598471938,0.03307580598471938,0,0,0
19,109,0,0.03818205832063878,1.329883432602597e-06,1.329883432602597e-06,0,0.0004394258237616362,0.00042008293510959805,0.00042008293510959805,0,0.024603984937162805,0.024229919553538766,0.024229919553538766,0,0,0
19,110,0,0.04834106180527845,2.4621464313310083e-06,2.4621464313310083e-06,0,0.0009360198954692262,0.0008936956960566075,0.0008936956960566075,0,0.07209267952013956,0.06145736078359642,0.06145736078359642,0,0,0
19,111,0,0.039380474191041605,1.4411162156950194e-06,1.4411162156950194e-06,0,0.0005035735235921986,0.0004812975583296726,0.0004812975583296726,0,0.04887012388546608,0.04383890420556975,0.04383890420556975,0,0,0
19,112,0,0.05369760637301128,3.2468515513326433e-06,3.2468515513326433e-06,0,0.0011400088228583844,0.0010881085942014842,0.0010881085942014842,0,0.0843263884299859,0.07047333023702296,0.07047333023702296,0,0,0
19,113,0,0.049995928238291826,2.6898318329112604e-06,2.6898318329112604e-06,0,0.0016583277943654042,0.0015818667458524648,0.0015818667458524648,0,0.07744136704556435,0.06541730016523627,0.06541730016523627,0,0,0
19,114,0,0.08635263629279381,1.1615465695827063e-05,1.1615465695827063e-05,0,0.0035164384006858133,0.003350341689025769,0.003350341689025769,0,0.19481950995893332,0.14844839241591049,0.14844839241591049,0,0,1
19,115,0,0.05488182022769421,3.4394573618392683e-06,3.4394573618392683e-06,0,0.0014818955468648039,0.0014138263522372875,0.0014138263522372875,0,0.15339885548961507,0.11961361098933687,0.11961361098933687,0,0,1
19,116,0,0.049620660099854996,2.637069518628918e-06,2.637069518628918e-06,0,0.0004932910677021465,0.00047148616447590774,0.00047148616447590774,0,0.03985765496468759,0.036747567115417844,0.036747567115417844,0,0,0
19,117,0,0.04819482469764773,2.4426419174298997e-06,2.4426419174298997e-06,0,0.0002534772961749577,0.0002425428501879065,0.0002425428501879065,0,0.014812332594868246,0.015647963866078987,0.015647963866078987,0,0,0
19,118,0,0.06394470272015199,5.161533132382306e-06,5.161533132382306e-06,0,0.0005945560047589701,0.0005680983121397653,0.0005680983121397653,0,0.04463568173911164,0.040529387641257415,0.040529387641257415,0,0,0
19,119,0,0.07199800622030632,7.093511295007521e-06,7.093511295007521e-06,0,0.0012258397255820498,0.0011698931187057544,0.0011698931187057544,0,0.1192424825874795,0.09558293940115282,0.09558293940115282,0,0,0
19,120,0,0.08270201353484839,1.0323842680958893e-05,1.0323842680958893e-05,0,0.00143706929598296,0.0013711274348299962,0.0013711274348299962,0,0.17827890323248816,0.13695364175956076,0.13695364175956076,0,0,1
19,121,0,0.12159140845256217,3.0132730405435206e-05,3.0132730405435206e-05,0,0.003248555396805455,0.0030954869171844522,0.0030954869171844522,0,0.3482021170243866,0.25652221059428143,0.25652221059428143,0,0,1
19,122,0,0.15624441396339042,6.234152527464518e-05,6.234152527464518e-05,0,0.01172513413494657,0.011153050478915273,0.011153050478915273,0,0.48632407059310584,0.3610321123234286,0.3610321123234286,0,0,1
19,123,0,0.14348538480743792,4.853613756908857e-05,4.853613756908857e-05,0,0.005923581885714454,0.0056394664470457495,0.0056394664470457495,0,0.3785886130813069,0.27871260985931406,0.27871260985931406,0,0,1
19,124,0,0.18944798616500216,0.00011153174321723445,0.00011153174321723445,0,0.009725983508520943,0.009253452408286646,0.009253452408286646,0,0.5512571455323083,0.41426135620621757,0.41426135620621757,0,0,1
19,125,0,0.21182535426270938,0.00015808760280685744,0.00015808760280685744,0,0.025281624956922676,0.024033212479452986,0.024033212479452986,0,0.7665552768892749,0.6227177990321575,0.6227177990321575,0,0,1
19,126,0,0.19187860190664788,0.00011600795197698853,0.00011600795197698853,0,0.020256353032303154,0.019258418774793003,0.019258418774793003,0,0.6067301804472537,0.46257190828336586,0.46257190828336586,0,0,1
19,127,0,0.17617366162491638,8.932232282263369e-05,8.932232282263369e-05,0,0.009603089201874726,0.00913667004072954,0.00913667004072954,0,0.5411222967964302,0.40573586512781995,0.40573586512781995,0,0,1
19,128,0,0.2737035739765774,0.0003677909686869261,0.0003677909686869261,0,0.06016004821717682,0.0572082360811788,0.0572082360811788,1,0.8410275496493952,0.7134482752463129,0.7134482752463129,0,0,1
19,129,0,0.19743446523275796,0.0001267476561280781,0.0001267476561280781,0,0.02742863605724317,0.026073450346227222,0.026073450346227222,1,0.7291420568124544,0.5817208494091104,0.5817208494091104,0,0,1
19,130,0,0.265449882478176,0.00033123196428326036,0.00033123196428326036,0,0.024223126041863243,0.02302741360368459,0.02302741360368459,1,0.5962481986914935,0.45321543290301614,0.45321543290301614,0,0,1
19,131,0,0.25121018036235315,0.0002751049700888891,0.0002751049700888891,0,0.03640481223505851,0.03460542475594928,0.03460542475594928,1,0.6838377759501055,0.5352513424419352,0.5352513424419352,0,0,1
19,132,0,0.35339706658159714,0.0009305648077464958,0.0009305648077464958,0,0.09310911911169997,0.08862873755059189,0.08862873755059189,1,0.81013783604951,0.6741208388512843,0.6741208388512843,0,0,1
19,133,0,0.3248551251740788,0.000677038653460402,0.000677038653460402,0,0.07576704784428019,0.07208027062206465,0.07208027062206465,1,0.7120903622135168,0.5638546299975565,0.5638546299975565,0,0,1
19,134,0,0.4121715144539361,0.0017327303702520062,0.0017327303702520062,0,0.17278553035990804,0.16500412527276187,0.16500412527276187,1,0.8871767352995009,0.7779578961381306,0.7779578961381306,0,0,1
19,135,0,0.4914031944517879,0.0038519375267863296,0.0038519375267863296,0,0.45511086947845414,0.4408224276795589,0.4408224276795589,1,0.9650077891649236,0.9117642355477451,0.9117642355477451,0,1,1
19,136,0,0.5360952644853547,0.0060115318020878775,0.0060115318020878775,0,0.5260782936214086,0.5115339431800294,0.5115339431800294,1,0.9698983570544353,0.9219750130833876,0.9219750130833876,0,1,1
19,137,0,0.5874261182576073,0.010084485679290045,0.010084485679290045,0,0.5714976504928924,0.5570974114829639,0.5570974114829639,1,0.967285187885573,0.9164764604401242,0.9164764604401242,0,1,1
19,138,0,0.6148738727867081,0.013379976155189039,0.013379976155189039,1,0.615011407167932,0.6009796129303564,0.6009796129303564,1,0.9659383175435623,0.9136809732896694,0.9136809732896694,0,1,1
19,139,0,0.760658920658152,0.07040418578177246,0.07040418578177246,1,0.853134590970021,0.8453181058685318,0.8453181058685318,1,0.991488382056459,0.9728072098008131,0.9728072098008131,0,1,1
19,140,0,0.7831435162148371,0.09438446957631448,0.09438446957631448,1,0.9275903443667429,0.9232861358533294,0.9232861358533294,1,0.9962235543947291,0.9863705913544979,0.9863705913544979,0,1,1
19,141,0,0.7078659986796658,0.037033381646788315,0.037033381646788315,1,0.7301521249351285,0.7182153092627944,0.7182153092627944,1,0.9832685292501149,0.9520063178428073,0.9520063178428073,0,1,1
19,142,0,0.7477710293344477,0.05984840555914679,0.05984840555914679,1,0.8031576137350185,0.7934233934170848,0.7934233934170848,1,0.9854015130088942,0.9571771665401023,0.9571771665401023,0,1,1
19,143,0,0.8062694939903612,0.12934198492764162,0.12934198492764162,1,0.9143846378620052,0.9093974486697531,0.9093974486697531,1,0.9947639171606645,0.9819936770688125,0.9819936770688125,1,1,1
19,144,0,0.8209666191612387,0.1591530963193941,0.1591530963193941,1,0.9613649610828433,0.9589354925262443,0.9589354925262443,1,0.9982067104127587,0.9927927665219308,0.9927927665219308,1,1,1
19,145,0,0.7823211850385106,0.0933568820776227,0.0933568820776227,1,0.854092957704152,0.8463166063784229,0.8463166063784229,1,0.9960002223634985,0.9856857962079922,0.9856857962079922,0,1,1
19,146,0,0.8969567261563552,0.4842075634741993,0.4842075634741993,1,0.9853772016259439,0.9844074341078457,0.9844074341078457,1,0.9995368309927073,0.9977474051264572,0.9977474051264572,1,1,1
19,147,0,0.8850717588530355,0.40872454195838337,0.40872454195838337,1,0.9813494256712613,0.9801260686949408,0.9801260686949408,1,0.9989842767312872,0.9955751458417657,0.9955751458417657,1,1,1
19,148,1,0.9089532070831223,0.569361115832056,0.569361115832056,1,0.9807359600779175,0.979474325287096,0.979474325287096,1,0.9971235121610703,0.9891985467405534,0.9891985467405534,1,1,1
19,149,1,0.9407573266925415,0.8082710722030227,0.8082710722030227,1,0.9912819699405787,0.9906919617864416,0.9906919617864416,1,0.9988708626257787,0.9951540081292345,0.9951540081292345,1,1,1
19,150,1,0.942378524932248,0.819422472628138,0.819422472628138,1,0.9926649619048042,0.9921655256189963,0.9921655256189963,1,0.9995362133713056,0.9977448209135368,0.9977448209135368,1,1,1
19,151,1,0.9636383781428823,0.9381036175270637,0.9381036175270637,1,0.9973299540107637,0.9971423594816988,0.9971423594816988,1,0.9997907936545912,0.9988635263949072,0.9988635263949072,1,1,1
19,152,1,0.9602441350118869,0.9231982114565311,0.9231982114565311,1,0.9955524416047736,0.995244650606102,0.995244650606102,1,0.9997912320305763,0.9988655774306775,0.9988655774306775,1,1,1
19,153,1,0.9628272159765969,0.9346962562165413,0.9346962562165413,1,0.998457539199423,0.9983475054645765,0.9983475054645765,1,0.9997445202878809,0.9986501511296927,0.9986501511296927,1,1,1
19,154,1,0.9724367015301791,0.9687273105805632,0.9687273105805632,1,0.9993563186440937,0.9993093376273113,0.9993093376273113,1,0.9998804053298496,0.9992979319920834,0.9993093376273113,1,1,1
19,155,1,0.9829157574860198,0.990576477884918,0.990576477884918,1,0.9997559679710898,0.9997377196690836,0.9997377196690836,1,0.9999517215016998,0.9996786736772332,0.9997377196690836,1,1,1
19,156,1,0.9819572534139289,0.9891883378376094,0.9891883378376094,1,0.9998326432258579,0.9998200129453835,0.9998200129453835,1,0.9999466310234456,0.9996496834514227,0.9998200129453835,1,1,1
19,157,1,0.9821592684604954,0.9894904365981074,0.9894904365981074,1,0.9997502093852777,0.9997315411540695,0.9997315411540695,1,0.9998554459056562,0.999173412585781,0.9997315411540695,1,1,1
19,158,1,0.9929636136722796,0.9989899380613674,0.9989899380613674,1,0.9999729597215297,0.9999708290562787,0.9999708290562787,1,0.9999891540064277,0.9999112694690341,0.9999708290562787,1,1,1
23,1,0,1.9506270976654391e-07,7.257246340854765e-20,7.257246340854765e-20,0,1.7142799526250288e-21,1.753549929222948e-21,7.257246340854765e-20,0,2.275265621744468e-18,3.6746648177604107e-16,3.6746648177604107e-16,0,0,0
23,2,0,3.0946886234959406e-05,2.282518917006888e-14,2.282518917006888e-14,0,2.2630144521474078e-10,2.2169016163326347e-10,2.2169016163326347e-10,0,3.2599891596325607e-12,7.439300769045416e-11,2.2169016163326347e-10,0,0,0
23,3,0,0.00011955309231768691,6.682473177938364e-13,6.682473177938364e-13,0,4.657942745581353e-10,4.557470622958704e-10,4.557470622958704e-10,0,1.5468508766341228e-06,5.809661113943933e-06,5.809661113943933e-06,0,0,0
23,4,0,0.0004984034315371145,2.3681729818502647e-11,2.3681729818502647e-11,0,9.530590908160067e-11,9.350031451728672e-11,9.350031451728672e-11,0,8.091887896665744e-09,6.276309317982283e-08,6.276309317982283e-08,0,0,0
23,5,0,0.00044287187095953855,1.7626957941802823e-11,1.7626957941802823e-11,0,6.000179421708837e-10,5.868245617125526e-10,5.868245617125526e-10,0,2.6245815944797334e-08,1.7304890526532206e-07,1.7304890526532206e-07,0,0,0
23,6,0,0.0005088314700989352,2.4939790319621514e-11,2.4939790319621514e-11,0,9.018299029676543e-10,8.813935690274473e-10,8.813935690274473e-10,0,7.138063592638582e-08,4.099236500217218e-07,4.099236500217218e-07,0,0,0
23,7,0,0.00041632631980025465,1.5103606010232514e-11,1.5103606010232514e-11,0,6.71769271702321e-11,6.5943176374617e-11,6.5943176374617e-11,0,2.1959712380871862e-08,1.4839703562847864e-07,1.4839703562847864e-07,0,0,0
23,8,0,0.00022090883953927262,3.0992319096296516e-12,3.0992319096296516e-12,0,1.466829040313802e-11,1.4435939935608737e-11,1.4435939935608737e-11,0,6.573735637701749e-09,5.247158077329205e-08,5.247158077329205e-08,0,0,0
23,9,0,0.00020182530356386107,2.4728742505198993e-12,2.4728742505198993e-12,0,3.335231008220755e-12,3.2906192146554585e-12,3.2906192146554585e-12,0,2.358991335541461e-09,2.169117054883442e-08,2.169117054883442e-08,0,0,0
23,10,0,0.0003222476448994941,7.962419691373477e-12,7.962419691373477e-12,0,4.797311855866051e-11,4.7118838648833334e-11,4.7118838648833334e-11,0,2.8713680416497527e-08,1.8698624373315785e-07,1.8698624373315785e-07,0,0,0
23,11,0,0.00021133459692710622,2.774393345762814e-12,2.774393345762814e-12,0,1.6539919851618814e-11,1.6274621802126256e-11,1.6274621802126256e-11,0,1.132546372098075e-08,8.38598573137562e-08,8.38598573137562e-08,0,0,0
23,12,0,0.00024576155121056845,4.045382257980054e-12,4.045382257980054e-12,0,1.3075768063627737e-11,1.2871141149604064e-11,1.2871141149604064e-11,0,6.574906715325706e-09,5.247963777800897e-08,5.247963777800897e-08,0,0,0
23,13,0,0.00023891837972270425,3.7697338202483685e-12,3.7697338202483685e-12,0,1.3059690324975184e-11,1.2855341722909852e-11,1.2855341722909852e-11,0,7.866997052850789e-09,6.125666353535447e-08,6.125666353535447e-08,0,0,0
23,14,0,0.00024755991132667255,4.119764884388218e-12,4.119764884388218e-12,0,2.727460585011326e-11,2.6814468924237404e-11,2.6814468924237404e-11,0,1.8074024806298932e-08,1.2546676777313406e-07,1.2546676777313406e-07,0,0,0
23,15,0,0.00026257213989720713,4.772752309255466e-12,4.772752309255466e-12,0,3.927072521297972e-11,3.8584451313011743e-11,3.8584451313011743e-11,0,3.348611770429363e-08,2.1348485700884423e-07,2.1348485700884423e-07,0,0,0
23,16,0,0.00023342710937454192,3.5569282556616398e-12,3.5569282556616398e-12,0,9.751228641489346e-11,9.566119464301107e-11,9.566119464301107e-11,0,6.524209587186162e-08,3.7935143383309685e-07,3.7935143383309685e-07,0,0,0
23,17,0,0.00034647300784778696,9.543780848984193e-12,9.543780848984193e-12,0,1.4580189102536484e-10,1.42936988364001e-10,1.42936988364001e-10,0,1.143507590558298e-07,6.153300643644017e-07,6.153300643644017e-07,0,0,0
23,18,0,0.00033529127523564025,8.792514292205728e-12,8.792514292205728e-12,0,8.839092646706714e-10,8.639083078885845e-10,8.639083078885845e-10,0,4.410916890425865e-07,1.969968929495431e-06,1.969968929495431e-06,0,0,0
23,19,0,0.00048206556210748507,2.1788704191086287e-11,2.1788704191086287e-11,0,3.011881471114539e-09,2.93764170733438e-09,2.93764170733438e-09,0,2.2739980284878315e-06,8.098227474689454e-06,8.098227474689454e-06,0,0,0
23,20,0,0.0004088300249864382,1.4433024330914896e-11,1.4433024330914896e-11,0,6.576993749475922e-09,6.406423604538187e-09,6.406423604538187e-09,0,4.889170218142824e-06,1.5665282783068734e-05,1.5665282783068734e-05,0,0,0
23,21,0,0.00036320254470040557,1.0737539032106018e-11,1.0737539032106018e-11,0,4.1302318519248235e-09,4.026278605594749e-09,4.026278605594749e-09,0,3.888635913860477e-06,1.2859638000259323e-05,1.2859638000259323e-05,0,0,0
23,22,0,0.0003998390077466762,1.3652710426520477e-11,1.3652710426520477e-11,0,7.72993429132571e-09,7.52741011352207e-09,7.52741011352207e-09,0,5.22296571237161e-06,1.658289652135448e-05,1.658289652135448e-05,0,0,0
23,23,0,0.0003381889234741116,8.983655811754987e-12,8.983655811754987e-12,0,5.12150779374211e-09,4.990792146573857e-09,4.990792146573857e-09,0,2.8688545402583353e-06,9.894091659845708e-06,9.894091659845708e-06,0,0,0
23,24,0,0.00024919011676946936,4.1878961894585744e-12,4.1878961894585744e-12,0,1.844486557819929e-09,1.800512054005839e-09,1.800512054005839e-09,0,1.1492683687884223e-06,4.49714179481988e-06,4.49714179481988e-06,0,0,0
23,25,0,0.00045001117317018105,1.8345817910362123e-11,1.8345817910362123e-11,0,6.826030454917387e-09,6.648584459658559e-09,6.648584459658559e-09,0,4.604351531438079e-06,1.487545754774794e-05,1.487545754774794e-05,0,0,0
23,26,0,0.00034108685800646204,9.177288360869658e-12,9.177288360869658e-12,0,1.578957378108396e-08,1.535735470433887e-08,1.535735470433887e-08,0,9.153275708326885e-06,2.689547642945336e-05,2.689547642945336e-05,0,0,0
23,27,0,0.00022659623281536556,3.302491266046587e-12,3.302491266046587e-12,0,3.1908582595105597e-09,3.1119035727782813e-09,3.1119035727782813e-09,0,1.2684716235348146e-06,4.896423449440958e-06,4.896423449440958e-06,0,0,0
23,28,0,0.0003455799013726626,9.48241471976663e-12,9.48241471976663e-12,0,8.273166608468696e-09,8.055485905035787e-09,8.055485905035787e-09,0,4.174339185597723e-06,1.3669992807880822e-05,1.3669992807880822e-05,0,0,0
23,29,0,0.0003073449222564622,7.073792264779395e-12,7.073792264779395e-12,0,1.4284165969061371e-08,1.3895506202248537e-08,1.3895506202248537e-08,0,9.314082338552701e-06,2.7302253744233735e-05,2.7302253744233735e-05,0,0,0
23,30,0,0.00036312713044400654,1.0731967645866499e-11,1.0731967645866499e-11,0,9.418111298549953e-09,9.168298408066952e-09,9.168298408066952e-09,0,6.505533793682262e-06,2.003824849771557e-05,2.003824849771557e-05,0,0,0
23,31,0,0.0003709110453360777,1.1316205727022154e-11,1.1316205727022154e-11,0,1.7275244165270196e-08,1.6799805731564717e-08,1.6799805731564717e-08,0,1.1813206749294182e-05,3.350994691808991e-05,3.350994691808991e-05,0,0,0
23,32,0,0.00032148226797297817,7.915239393672972e-12,7.915239393672972e-12,0,1.8103542257203216e-08,1.76039157792769e-08,1.76039157792769e-08,0,1.3269121218025451e-05,3.704068877862718e-05,3.704068877862718e-05,0,0,0
23,33,0,0.0004254152081338612,1.5941290123743525e-11,1.5941290123743525e-11,0,3.3103069186588574e-08,3.215669574588954e-08,3.215669574588954e-08,0,1.8817090028138993e-05,5.005436595018318e-05,5.005436595018318e-05,0,0,0
23,34,0,0.00027733560912214766,5.471918716693951e-12,5.471918716693951e-12,0,1.9931801486529993e-08,1.9378569909062337e-08,1.9378569909062337e-08,0,7.450551834802484e-06,2.2523327421734146e-05,2.2523327421734146e-05,0,0,0
23,35,0,0.00036568908039125,1.0922209911592953e-11,1.0922209911592953e-11,0,2.0088634691715343e-08,1.9530791543161847e-08,1.9530791543161847e-08,0,9.686336449209425e-06,2.8240224539102166e-05,2.8240224539102166e-05,0,0,0
23,36,0,0.0004420150805295785,1.754184420281199e-11,1.754184420281199e-11,0,5.24901237975618e-08,5.094982490720068e-08,5.094982490720068e-08,0,3.165667638205045e-05,7.837178638292664e-05,7.837178638292664e-05,0,0,0
23,37,0,0.0003856355585380063,1.2472634843167547e-11,1.2472634843167547e-11,0,6.518035123916061e-08,6.324453576680724e-08,6.324453576680724e-08,0,2.5674802566245434e-05,6.542772652709464e-05,6.542772652709464e-05,0,0,0
23,38,0,0.00046182472835575115,1.9573420721265583e-11,1.9573420721265583e-11,0,7.914552484485841e-08,7.676978391566388e-08,7.676978391566388e-08,0,2.907584936467329e-05,7.283278513729311e-05,7.283278513729311e-05,0,0,0
23,39,0,0.0006299253367131519,4.252699313410551e-11,4.252699313410551e-11,0,2.091632916521758e-07,2.025521100196232e-07,2.025521100196232e-07,0,5.957342519052377e-05,0.00013515298468299607,0.00013515298468299607,0,0,0
23,40,0,0.0005071939581843582,2.4739647933545063e-11,2.4739647933545063e-11,0,1.202847190871044e-07,1.16591655415098e-07,1.16591655415098e-07,0,3.6782734903296896e-05,8.919441385352769e-05,8.919441385352769e-05,0,0,0
23,41,0,0.000537255871908353,2.8569599344137862e-11,2.8569599344137862e-11,0,1.0140317788577796e-07,9.831817172581084e-08,9.831817172581084e-08,0,1.9750381462454153e-05,5.218697879049009e-05,5.218697879049009e-05,0,0,0
23,42,0,0.00045628417252455996,1.8991733202634747e-11,1.8991733202634747e-11,0,1.652924626676399e-07,1.6013157466038252e-07,1.6013157466038252e-07,0,3.066848857465394e-05,7.625858181842712e-05,7.625858181842712e-05,0,0,0
23,43,0,0.0006848242118070196,5.240728662017792e-11,5.240728662017792e-11,0,2.616965464552008e-07,2.5332904296365294e-07,2.5332904296365294e-07,0,5.454246767236446e-05,0.00012525644791589678,0.00012525644791589678,0,0,0
23,44,0,0.0006854153206146458,5.252045433863764e-11,5.252045433863764e-11,0,2.934359003161991e-07,2.839986613310813e-07,2.839986613310813e-07,0,7.721304524405307e-05,0.00016900743251078534,0.00016900743251078534,0,0,0
23,45,0,0.0005511639991386735,3.045445176106289e-11,3.045445176106289e-11,0,2.8654552559129655e-07,2.773410162750857e-07,2.773410162750857e-07,0,3.3347767278836235e-05,8.196720048804126e-05,8.196720048804126e-05,0,0,0
23,46,0,0.0005363668285703261,2.8451566245468078e-11,2.8451566245468078e-11,0,1.4390047334689216e-07,1.3944013012630358e-07,1.3944013012630358e-07,0,8.098739282649415e-06,2.4202463909327097e-05,2.4202463909327097e-05,0,0,0
23,47,0,0.0006355510387438576,4.348285363134085e-11,4.348285363134085e-11,0,1.7458881433175577e-07,1.6912204252749696e-07,1.6912204252749696e-07,0,1.915451413664426e-05,5.082704470373049e-05,5.082704470373049e-05,0,0,0
23,48,0,0.0005835510986371382,3.5127047794166135e-11,3.5127047794166135e-11,0,1.7818787333396164e-07,1.7260245991196538e-07,1.7260245991196538e-07,0,1.9330079788242e-05,5.1228333368157106e-05,5.1228333368157106e-05,0,0,0
23,49,0,0.000495851444070654,2.3379789233338305e-11,2.3379789233338305e-11,0,1.151418324691399e-07,1.1161490415863932e-07,1.1161490415863932e-07,0,2.239062427542391e-05,5.814719260249858e-05,5.814719260249858e-05,0,0,0
23,50,0,0.000582373758652099,3.495014922227096e-11,3.495014922227096e-11,0,1.183231365239175e-07,1.1469348288392593e-07,1.1469348288392593e-07,0,2.4022368456227512e-05,6.178171903358725e-05,6.178171903358725e-05,0,0,0
23,51,0,0.0007228814736333071,5.999507963025491e-11,5.999507963025491e-11,0,3.4676195036306765e-07,3.355150735543576e-07,3.355150735543576e-07,0,7.364360375049353e-05,0.00016225178720539254,0.00016225178720539254,0,0,0
23,52,0,0.0007178814654070116,5.896293747356072e-11,5.896293747356072e-11,0,2.91614445344539e-07,2.822387538446381e-07,2.822387538446381e-07,0,9.207228361980303e-05,0.00019669130983049156,0.00019669130983049156,0,0,0
23,53,0,0.000993495651223305,1.3287313937318686e-10,1.3287313937318686e-10,0,1.5264745711300912e-06,1.473273458468422e-06,1.473273458468422e-06,0,0.00018439805753382168,0.00035787969794106385,0.00035787969794106385,0,0,0
23,54,0,0.0009662533483957767,1.2394796614794122e-10,1.2394796614794122e-10,0,6.935619035692061e-07,6.702819133542216e-07,6.702819133542216e-07,0,0.0001420169869591772,0.0002857549234017651,0.0002857549234017651,0,0,0
23,55,0,0.0017549120927701166,5.515631532555629e-10,5.515631532555629e-10,0,3.730944890040555e-06,3.5954834790004638e-06,3.5954834790004638e-06,0,0.0007519368310612457,0.001201539175256684,0.001201539175256684,0,0,0
23,56,0,0.0014232074173060054,3.2652125892077916e-10,3.2652125892077916e-10,0,4.224072352718111e-06,4.069853604842301e-06,4.069853604842301e-06,0,0.001101701069731426,0.001669734722397186,0.001669734722397186,0,0,0
23,57,0,0.0013140377383115897,2.674219415271329e-10,2.674219415271329e-10,0,9.918368944166512e-07,9.579662642386392e-07,9.579662642386392e-07,0,0.00044864920895331994,0.0007700144459332427,0.0007700144459332427,0,0,0
23,58,0,0.0009854172985227804,1.301875897263505e-10,1.301875897263505e-10,0,1.8559611074852298e-07,1.797661165569935e-07,1.797661165569935e-07,0,0.00011310698468165406,0.0002348554474281984,0.0002348554474281984,0,0,0
23,59,0,0.0010363072218729573,1.476593518450027e-10,1.476593518450027e-10,0,1.84619708678341e-07,1.7882197816105824e-07,1.7882197816105824e-07,0,4.909837086158444e-05,0.00011440356432039187,0.00011440356432039187,0,0,0
23,60,0,0.0011442581237824938,1.8919014564945118e-10,1.8919014564945118e-10,0,2.881487407094136e-07,2.78890105007987e-07,2.78890105007987e-07,0,0.00012610905055745791,0.0002579457853176111,0.0002579457853176111,0,0,0
23,61,0,0.0010528129476605492,1.5361184635177866e-10,1.5361184635177866e-10,0,1.872987697385122e-07,1.8141249381443745e-07,1.8141249381443745e-07,0,0.0001240585745791597,0.00025432709099006986,0.00025432709099006986,0,0,0
23,62,0,0.0009680398975235762,1.2452188398479976e-10,1.2452188398479976e-10,0,1.1062084122255488e-07,1.0723964907391277e-07,1.0723964907391277e-07,0,3.7058319625272115e-05,8.977009662904304e-05,8.977009662904304e-05,0,0,0
23,63,0,0.001135219645889117,1.8547436904989612e-10,1.8547436904989612e-10,0,2.931472565197724e-07,2.8371977212409405e-07,2.8371977212409405e-07,0,6.710054844854507e-05,0.00014974834141965728,0.00014974834141965728,0,0,0
23,64,0,0.0012753092449135036,2.4813886247279267e-10,2.4813886247279267e-10,0,2.7070390864897277e-07,2.620334303631333e-07,2.620334303631333e-07,0,0.00020963857428989767,0.00039971613515172677,0.00039971613515172677,0,0,0
23,65,0,0.0010538861054600996,1.5400376033126178e-10,1.5400376033126178e-10,0,1.5208731899777288e-07,1.4735944761474252e-07,1.4735944761474252e-07,0,7.972963115318125e-05,0.00017374440765007408,0.00017374440765007408,0,0,0
23,66,0,0.0010436336548035638,1.5028406364485677e-10,1.5028406364485677e-10,0,1.4150332338310766e-07,1.3712117164641599e-07,1.3712117164641599e-07,0,6.155944705422301e-05,0.00013902749386393893,0.00013902749386393893,0,0,0
23,67,0,0.0012252627867288524,2.244927864800986e-10,2.244927864800986e-10,0,3.382874843012842e-07,3.273291430860718e-07,3.273291430860718e-07,0,0.0001129778129804183,0.00023462427215069885,0.00023462427215069885,0,0,0
23,68,0,0.00101250702343714,1.3932368260218933e-10,1.3932368260218933e-10,0,4.254809879598655e-07,4.1153875286530717e-07,4.1153875286530717e-07,0,0.0001519545292314226,0.0003029063057917546,0.0003029063057917546,0,0,0
23,69,0,0.0008909638283641305,1.0118969530491044e-10,1.0118969530491044e-10,0,2.2556082407056556e-07,2.1840351829798354e-07,2.1840351829798354e-07,0,7.820371910638888e-05,0.00017087468908044272,0.00017087468908044272,0,0,0
23,70,0,0.0011277347771387592,1.8243074262295958e-10,1.8243074262295958e-10,0,4.6650974267858e-07,4.5115293711502594e-07,4.5115293711502594e-07,0,0.0001885688107647788,0.0003648447935935365,0.0003648447935935365,0,0,0
23,71,0,0.001115958774300052,1.7770327218597625e-10,1.7770327218597625e-10,0,7.534183770738544e-07,7.280274877900525e-07,7.280274877900525e-07,0,0.0003081878869189815,0.0005571375471711272,0.0005571375471711272,0,0,0
23,72,0,0.0014169592797332242,3.229465419703354e-10,3.229465419703354e-10,0,7.94282597736664e-07,7.674461001271996e-07,7.674461001271996e-07,0,0.00043857970026871983,0.0007550994730235002,0.0007550994730235002,0,0,0
23,73,0,0.0014779378070178192,3.588515165169421e-10,3.588515165169421e-10,0,2.0858349111596794e-06,2.012077874225181e-06,2.012077874225181e-06,0,0.0005358368565351326,0.0008973348948483122,0.0008973348948483122,0,0,0
23,74,0,0.0013246468906214783,2.728561387167717e-10,2.728561387167717e-10,0,6.376488151222608e-07,6.16333060181865e-07,6.16333060181865e-07,0,0.00030863550259946273,0.0005578347862693164,0.0005578347862693164,0,0,0
23,75,0,0.001072616032824085,1.6094075068473375e-10,1.6094075068473375e-10,0,2.2086008213958358e-07,2.1385954121188094e-07,2.1385954121188094e-07,0,0.00016538714281902545,0.0003258463238826024,0.0003258463238826024,0,0,0
23,76,0,0.0013679743961114346,2.95735321561225e-10,2.95735321561225e-10,0,5.250440101573083e-07,5.076590120959187e-07,5.076590120959187e-07,0,0.0002229293929829931,0.0004214614974852574,0.0004214614974852574,0,0,0
23,77,0,0.001598989377852995,4.3698400434477005e-10,4.3698400434477005e-10,0,8.701914620538271e-07,8.406606566164109e-07,8.406606566164109e-07,0,0.0005528166759246538,0.0009217824719925373,0.0009217824719925373,0,0,0
23,78,0,0.001329526022607834,2.753773944651679e-10,2.753773944651679e-10,0,5.176117100333987e-07,5.004848543644854e-07,5.004848543644854e-07,0,0.00020942176905014973,0.0003993598644217429,0.0003993598644217429,0,0,0
23,79,0,0.0011543479000642551,1.9339052558427732e-10,1.9339052558427732e-10,0,3.785644893165446e-07,3.662318631204532e-07,3.662318631204532e-07,0,4.078444070910582e-05,9.749769964483278e-05,9.749769964483278e-05,0,0,0
23,80,0,0.0011483749735534668,1.9089730262016834e-10,1.9089730262016834e-10,0,2.606068401011629e-07,2.522759563925255e-07,2.522759563925255e-07,0,5.9340551858483964e-05,0.00013469751567957608,0.00013469751567957608,0,0,0
23,81,0,0.0013531058352538273,2.8775911044960974e-10,2.8775911044960974e-10,0,4.80929049386905e-07,4.6507367664768863e-07,4.6507367664768863e-07,0,7.378486038612046e-05,0.00016251998097756239,0.00016251998097756239,0,0,0
23,82,0,0.001566224682919784,4.1492102074169837e-10,4.1492102074169837e-10,0,7.065245199123661e-07,6.827880798417498e-07,6.827880798417498e-07,0,0.0001491351712649587,0.0002980565323012681,0.0002980565323012681,0,0,0
23,83,0,0.0011250773491696983,1.8135740272388059e-10,1.8135740272388059e-10,0,1.4076581703664122e-07,1.36407708373811e-07,1.36407708373811e-07,0,4.933006150725295e-05,0.00011486871392001367,0.00011486871392001367,0,0,0
23,84,0,0.0009399269362198406,1.156744893207087e-10,1.156744893207087e-10,0,6.961012561327163e-08,6.753525024354794e-08,6.753525024354794e-08,0,2.8442763184907116e-05,7.146386620125908e-05,7.146386620125908e-05,0,0,0
23,85,0,0.000993825925291536,1.3298363614547392e-10,1.3298363614547392e-10,0,1.057657979654423e-07,1.0254077362582967e-07,1.0254077362582967e-07,0,3.593305171595674e-05,8.74156930887348e-05,8.74156930887348e-05,0,0,0
23,86,0,0.0012681326027503,2.446604589040856e-10,2.446604589040856e-10,0,3.1887938436787445e-07,3.085805240116179e-07,3.085805240116179e-07,0,6.205250177729492e-05,0.0001399866938927454,0.0001399866938927454,0,0,0
23,87,0,0.0012417257881146538,2.321144646456526e-10,2.321144646456526e-10,0,2.6583758930632353e-07,2.5733085803669413e-07,2.5733085803669413e-07,0,3.2390296457930544e-05,7.993470774642606e-05,7.993470774642606e-05,0,0,0
23,88,0,0.0016764444940338818,4.918991434662517e-10,4.918991434662517e-10,0,3.309884818386932e-07,3.202783772004664e-07,3.202783772004664e-07,0,6.500447779052827e-05,0.00014570784298179336,0.00014570784298179336,0,0,0
23,89,0,0.0012267455538402272,2.251729872589958e-10,2.251729872589958e-10,0,2.7000955464190633e-07,2.6136244949847534e-07,2.6136244949847534e-07,0,4.0195058508334845e-05,9.628210354555138e-05,9.628210354555138e-05,0,0,0
23,90,0,0.0016959510418022013,5.063485984995754e-10,5.063485984995754e-10,0,5.440288067202659e-07,5.259836463306133e-07,5.259836463306133e-07,0,3.5422993809997614e-05,8.634515607977977e-05,8.634515607977977e-05,0,0,0
23,91,0,0.0016503423118755852,4.72955923010454e-10,4.72955923010454e-10,0,6.815005265094247e-07,6.586448966756506e-07,6.586448966756506e-07,0,6.267476833173981e-05,0.00014119576431437678,0.00014119576431437678,0,0,0
23,92,0,0.001635576349823366,4.624372331783687e-10,4.624372331783687e-10,0,5.946721441945105e-07,5.748607678094884e-07,5.748607678094884e-07,0,0.0001274877604241683,0.00026037436398317326,0.00026037436398317326,0,0,0
23,93,0,0.001156862097651568,1.9444581980992628e-10,1.9444581980992628e-10,0,1.7928862553114646e-07,1.736669024146284e-07,1.736669024146284e-07,0,4.562552888518644e-05,0.00010739407750335245,0.00010739407750335245,0,0,0
23,94,0,0.0010804900195865432,1.6391198704751917e-10,1.6391198704751917e-10,0,8.426088922538963e-08,8.17229557634423e-08,8.17229557634423e-08,0,1.3766653909793892e-05,3.823473047302675e-05,3.823473047302675e-05,0,0,0
23,95,0,0.0016578248141980803,4.783405317022119e-10,4.783405317022119e-10,0,2.525410881198838e-07,2.444810222056874e-07,2.444810222056874e-07,0,6.909710616180499e-05,0.00015358081781717282,0.00015358081781717282,0,0,0
23,96,0,0.0015993668270784121,4.372421794564139e-10,4.372421794564139e-10,0,2.2688412924263963e-07,2.1968266363417904e-07,2.1968266363417904e-07,0,5.004580319161532e-05,0.0001163037611834843,0.0001163037611834843,0,0,0
23,97,0,0.0011840122701121103,2.060623354457312e-10,2.060623354457312e-10,0,7.208608038916288e-08,6.99332767716763e-08,6.99332767716763e-08,0,1.0743525800058612e-05,3.087764152841341e-05,3.087764152841341e-05,0,0,0
23,98,0,0.0014328520676058908,3.320856966783107e-10,3.320856966783107e-10,0,7.24057476943177e-08,7.024287262221084e-08,7.024287262221084e-08,0,1.2854321306141621e-05,3.6040471730727865e-05,3.6040471730727865e-05,0,0,0
23,99,0,0.0016314263727459442,4.595065208273811e-10,4.595065208273811e-10,0,1.900672719220151e-07,1.8408942875596496e-07,1.8408942875596496e-07,0,2.796932814162501e-05,7.043741113067997e-05,7.043741113067997e-05,0,0,0
23,100,0,0.002501625168002524,1.3399223706664403e-09,1.3399223706664403e-09,0,6.245728663538879e-07,6.037153436879465e-07,6.037153436879465e-07,0,9.64990351743836e-05,0.00020481508012138935,0.00020481508012138935,0,0,0
23,101,0,0.002380269409501338,1.1830188387977438e-09,1.1830188387977438e-09,0,5.695949192952657e-07,5.506590434711049e-07,5.506590434711049e-07,0,0.0001461401303688589,0.0002928906406792783,0.0002928906406792783,0,0,0
23,102,0,0.003878574512436388,4.021615121038496e-09,4.021615121038496e-09,0,3.079775156893375e-06,2.9689174173935985e-06,2.9689174173935985e-06,0,0.00032013635595185897,0.0005757019981115,0.0005757019981115,0,0,0
23,103,0,0.003159022292064084,2.4041415576449075e-09,2.4041415576449075e-09,0,1.6249357594977152e-06,1.5681375385034788e-06,1.5681375385034788e-06,0,0.0002932025356846746,0.000533712858968606,0.000533712858968606,0,0,0
23,104,0,0.0035169776550141776,3.1464289738697486e-09,3.1464289738697486e-09,0,1.5084272744895913e-06,1.4558843870698998e-06,1.4558843870698998e-06,0,0.00020244736570271078,0.0003878714339671278,0.0003878714339671278,0,0,0
23,105,0,0.0031400157519406494,2.368052648788664e-09,2.368052648788664e-09,0,6.271637954781397e-07,6.06215511684853e-07,6.06215511684853e-07,0,0.0002734825702226992,0.0005026319898505185,0.0005026319898505185,0,0,0
23,106,0,0.0029122918924327705,1.960889726340493e-09,1.960889726340493e-09,0,4.699863822666909e-07,4.5450943278341385e-07,4.5450943278341385e-07,0,0.00011871482952562013,0.0002448571081196889,0.0002448571081196889,0,0,0
23,107,0,0.005913743581542392,1.159589606751111e-08,1.159589606751111e-08,0,4.850219025536724e-06,4.672049532819971e-06,4.672049532819971e-06,0,0.0009818339330344102,0.0015119991994639549,0.0015119991994639549,0,0,0
23,108,0,0.004639526039922789,6.303906033131606e-09,6.303906033131606e-09,0,4.110988379503332e-06,3.961079745937601e-06,3.961079745937601e-06,0,0.0007934980659846043,0.0012585420486281636,0.0012585420486281636,0,0,0
23,109,0,0.0039696479147306035,4.262685735731899e-09,4.262685735731899e-09,0,1.0496737555471183e-06,1.0137310166247222e-06,1.0137310166247222e-06,0,0.00023655986876241345,0.00044357701901397823,0.00044357701901397823,0,0,0
23,110,0,0.00404903886430687,4.479773189927494e-09,4.479773189927494e-09,0,9.156767722998812e-07,8.845262802277181e-07,8.845262802277181e-07,0,0.00016091110690045693,0.00031823190422544407,0.00031823190422544407,0,0,0
23,111,0,0.005514491934786207,9.728019040927617e-09,9.728019040927617e-09,0,2.2435751226229103e-06,2.1639738682153853e-06,2.1639738682153853e-06,0,0.0005848427692975041,0.0009676137887484401,0.0009676137887484401,0,0,0
23,112,0,0.004596774970339455,6.159118891532044e-09,6.159118891532044e-09,0,2.5490379096711926e-06,2.458069122806604e-06,2.458069122806604e-06,0,0.0008968897552342201,0.0013986058945737701,0.0013986058945737701,0,0,0
23,113,0,0.005721927780270771,1.067376004737182e-08,1.067376004737182e-08,0,3.3764082250836043e-06,3.254367753293585e-06,3.254367753293585e-06,0,0.0005749483283255133,0.000953492267465746,0.000953492267465746,0,0,0
23,114,0,0.008947048561980298,3.2875900941215954e-08,3.2875900941215954e-08,0,2.2770870911900916e-05,2.187721272372966e-05,2.187721272372966e-05,0,0.0015166599981987332,0.0021990355657156534,0.0021990355657156534,0,0,0
23,115,0,0.009192664858078048,3.519913512444846e-08,3.519913512444846e-08,0,1.93646988925876e-05,1.8609806518298528e-05,1.8609806518298528e-05,0,0.0015318936299728427,0.0022180476522735346,0.0022180476522735346,0,0,0
23,116,0,0.012497302245377711,7.645080980811605e-08,7.645080980811605e-08,0,6.296123298119443e-05,6.0386584670905055e-05,6.0386584670905055e-05,0,0.0030106035083483145,0.003968991075098043,0.003968991075098043,0,0,0
23,117,0,0.015342444972006188,1.2854847269502154e-07,1.2854847269502154e-07,0,0.000139490806744026,0.00013360751160946567,0.00013360751160946567,0,0.010548752252590148,0.01168199636946635,0.01168199636946635,0,0,0
23,118,0,0.014558228940826699,1.1253153624402622e-07,1.1253153624402622e-07,0,0.0001654934970849476,0.00015846791814512368,0.00015846791814512368,0,0.01238593098075981,0.013413826016199757,0.013413826016199757,0,0,0
23,119,0,0.01407336847897798,1.0327321150927271e-07,1.0327321150927271e-07,0,0.00010367514940790881,9.935206729369047e-05,9.935206729369047e-05,0,0.0053365890917165554,0.006497403655420804,0.006497403655420804,0,0,0
23,120,0,0.01653235076767546,1.5539156858563528e-07,1.5539156858563528e-07,0,0.00025897885422712473,0.00024779815768773426,0.00024779815768773426,0,0.00953686107295189,0.010710543720035704,0.010710543720035704,0,0,0
23,121,0,0.017678461246022677,1.8425573611583848e-07,1.8425573611583848e-07,0,0.000288632989176659,0.0002761218620661661,0.0002761218620661661,0,0.013227156053886116,0.014194690324935335,0.014194690324935335,0,0,0
23,122,0,0.02092250766865201,2.830199660189061e-07,2.830199660189061e-07,0,0.00042423216143274453,0.00040558190223268593,0.00040558190223268593,0,0.018748283678494147,0.019169467468885853,0.019169467468885853,0,0,0
23,123,0,0.030609708896495547,7.506837434727337e-07,7.506837434727337e-07,0,0.000861302189013065,0.0008224692668251731,0.0008224692668251731,0,0.04240031712633258,0.038766765497375316,0.038766765497375316,0,0,0
23,124,0,0.02869850637027317,6.358646570403417e-07,6.358646570403417e-07,0,0.0007023073118981867,0.0006708692225349621,0.0006708692225349621,0,0.0397127900664421,0.036632044754293915,0.036632044754293915,0,0,0
23,125,0,0.024087001668660016,4.056532749943691e-07,4.056532749943691e-07,0,0.00045551299356280043,0.00043543584259992144,0.00043543584259992144,0,0.017753614711407024,0.018289996606572868,0.018289996606572868,0,0,0
23,126,0,0.033291669680614935,9.323865412114293e-07,9.323865412114293e-07,0,0.0008337614020396635,0.0007962128944425824,0.0007962128944425824,0,0.030543044094421577,0.029198730994108853,0.029198730994108853,0,0,0
23,127,0,0.03184857735373664,8.31561252214761e-07,8.31561252214761e-07,0,0.0017189868087748887,0.0016396340606883574,0.0016396340606883574,0,0.04560416053375739,0.041289612436968624,0.041289612436968624,0,0,0
23,128,0,0.03610936571284177,1.1505824895820156e-06,1.1505824895820156e-06,0,0.0013852929978103432,0.0013218057191810985,0.0013218057191810985,0,0.07341307099215946,0.062437735799597084,0.062437735799597084,0,0,0
23,129,0,0.048387135184460264,2.4683120404864415e-06,2.4683120404864415e-06,0,0.003287448300620349,0.0031324900300874615,0.0031324900300874615,0,0.17830214218858983,0.13696980322398306,0.13696980322398306,0,0,1
23,130,0,0.059119305877474486,4.188573187757024e-06,4.188573187757024e-06,0,0.00947204103685622,0.009012138127158745,0.009012138127158745,0,0.2674356578846802,0.19904316028030855,0.19904316028030855,0,0,1
23,131,0,0.08683596034616933,1.1794156046979133e-05,1.1794156046979133e-05,0,0.026291294856257044,0.02499264916203167,0.02499264916203167,0,0.4325496761147348,0.3191447672751114,0.3191447672751114,0,0,1
23,132,0,0.08492654961594151,1.1098792877334461e-05,1.1098792877334461e-05,0,0.03172234540708881,0.03015419546075436,0.03015419546075436,0,0.4649387111846785,0.34416081632487766,0.34416081632487766,0,0,1
23,133,0,0.09174717983815603,1.3715518435459764e-05,1.3715518435459764e-05,0,0.02381641957075856,0.022640965572384476,0.022640965572384476,0,0.44629413078642555,0.3296855495458038,0.3296855495458038,0,0,1
23,134,0,0.0702252153309208,6.633448762782242e-06,6.633448762782242e-06,0,0.014244195380677794,0.013546439418470196,0.013546439418470196,0,0.2901943414110733,0.21506081717707196,0.21506081717707196,0,0,1
23,135,0,0.08980076600006637,1.2930724737876313e-05,1.2930724737876313e-05,0,0.02433855682548376,0.02313709560642614,0.02313709560642614,0,0.2343628714337057,0.17593555088191262,0.17593555088191262,0,0,1
23,136,0,0.10565573761817136,2.028183606098933e-05,2.028183606098933e-05,0,0.05191901071831864,0.04936268433722662,0.04936268433722662,0,0.30880531037219144,0.22825252518919917,0.22825252518919917,0,0,1
23,137,0,0.10369766464827786,1.9250293513264258e-05,1.9250293513264258e-05,0,0.023904295134564442,0.022724463540178916,0.022724463540178916,0,0.2026790161409497,0.1539073963240778,0.1539073963240778,0,0,1
23,138,0,0.13923154709214886,4.4466937579207235e-05,4.4466937579207235e-05,0,0.017534135739939512,0.016672101930580836,0.016672101930580836,1,0.14972643361310845,0.11704543683447842,0.11704543683447842,0,0,1
23,139,0,0.184024598816179,0.00010201206797241535,0.00010201206797241535,0,0.0593450991279612,0.05643217655540366,0.05643217655540366,1,0.4655576729775048,0.34464500218247957,0.34464500218247957,0,0,1
23,140,0,0.13793744063760252,4.327881914291535e-05,4.327881914291535e-05,0,0.04126985218087732,0.039231485804830234,0.039231485804830234,1,0.1835603567745543,0.14062555532971216,0.14062555532971216,0,0,1
23,141,0,0.17888132660311587,9.355775504583301e-05,9.355775504583301e-05,0,0.03786254522258648,0.03599140860453211,0.03599140860453211,1,0.14900481989072245,0.11654045954796569,0.11654045954796569,0,0,1
23,142,0,0.20169108590512444,0.0001354724265169507,0.0001354724265169507,0,0.05370138735618058,0.051059113467100584,0.051059113467100584,1,0.3468776481267597,0.255563196610957,0.255563196610957,0,0,1
23,143,0,0.250985405372913,0.0002742848550471372,0.0002742848550471372,0,0.1626448483492782,0.15525051895264555,0.15525051895264555,1,0.40641191407918303,0.29938131049862626,0.29938131049862626,0,0,1
23,144,0,0.24286544555945586,0.00024594073684210837,0.00024594073684210837,0,0.17663539180296975,0.16870964654754642,0.16870964654754642,1,0.5025297149938904,0.37402173929229077,0.37402173929229077,0,0,1
23,145,0,0.2382632800131628,0.00023094219165158318,0.00023094219165158318,0,0.1455259460308725,0.1388074353419647,0.1388074353419647,1,0.4045398463855334,0.29797917173379873,0.29797917173379873,0,0,1
23,146,0,0.32714993366903844,0.000694925029760955,0.000694925029760955,0,0.4141383207308715,0.40025910033990597,0.40025910033990597,1,0.7055711216475167,0.5571475832188683,0.5571475832188683,0,1,1
23,147,0,0.311970904580848,0.0005837559749493309,0.0005837559749493309,0,0.3460037097848315,0.33321830554242204,0.33321830554242204,1,0.7716882843996771,0.6285535750240668,0.6285535750240668,0,1,1
23,148,0,0.41137049478976384,0.001718497385419188,0.001718497385419188,1,0.5079511085148322,0.49341681652635694,0.49341681652635694,1,0.8598725294185458,0.7388597964000863,0.7388597964000863,0,1,1
23,149,0,0.41704322862917004,0.001821679092519351,0.001821679092519351,1,0.6586164305697879,0.6451842718988966,0.6451842718988966,1,0.9203793507503613,0.8300393630429095,0.8300393630429095,0,1,1
23,150,0,0.49181953608421414,0.0038679403325534664,0.0038679403325534664,1,0.7006292332232763,0.6879972002264414,0.6879972002264414,1,0.9317061157324994,0.8492483674433641,0.8492483674433641,0,1,1
23,151,0,0.5365326392331576,0.006037845623893255,0.006037845623893255,1,0.6767433835440648,0.6636294261995123,0.6636294261995123,1,0.887512879489508,0.7784581667929265,0.7784581667929265,0,1,1
23,152,0,0.5647094184569874,0.008009638209800767,0.008009638209800767,1,0.5457322841830686,0.531220434708323,0.531220434708323,1,0.9453001674882174,0.8735282116476116,0.8735282116476116,0,1,1
23,153,0,0.5864744287942183,0.009987049045264887,0.009987049045264887,1,0.5977830913318988,0.5835781902686807,0.5835781902686807,1,0.9186363384875225,0.8271563945580773,0.8271563945580773,0,1,1
23,154,0,0.6852139402771353,0.0285803415603454,0.0285803415603454,1,0.7827754531079513,0.7723559134183829,0.7723559134183829,1,0.9754853626775126,0.9340975993282675,0.9340975993282675,0,1,1
23,155,0,0.558231774974799,0.0075039201047246065,0.0075039201047246065,1,0.3564963478416865,0.34350934807937394,0.34350934807937394,1,0.9252619510424452,0.838216105611782,0.838216105611782,0,1,1
23,156,0,0.5982464157335979,0.011266165674485065,0.011266165674485065,1,0.2877239276621983,0.2762737023673883,0.2762737023673883,1,0.8485005856449467,0.7233856305523141,0.7233856305523141,0,1,1
23,157,0,0.7169513396180681,0.04119376202148235,0.04119376202148235,1,0.6837453252458341,0.6707652323817397,0.6707652323817397,1,0.9719405152157238,0.9263451204177885,0.9263451204177885,0,1,1
23,158,1,0.7967419564207137,0.11340399728926802,0.11340399728926802,1,0.9321004981202476,0.9280357884287387,0.9280357884287387,1,0.9877704808323697,0.9630879932891688,0.9630879932891688,1,1,1
23,159,1,0.8671914767908593,0.3139963117775555,0.3139963117775555,1,0.9833679898941887,0.982271217818406,0.982271217818406,1,0.9964912532861694,0.9871997546775334,0.9871997546775334,1,1,1
23,160,1,0.8490787487414971,0.2398213710640097,0.2398213710640097,1,0.9605155416939438,0.9580365273999009,0.9580365273999009,1,0.9918026137688232,0.9736589067602126,0.9736589067602126,1,1,1
23,161,1,0.9140873996698162,0.6078617269988118,0.6078617269988118,1,0.9908866803262674,0.9902709107204148,0.9902709107204148,1,0.9976955138227549,0.9910650827783468,0.9910650827783468,1,1,1
23,162,1,0.9299890397280363,0.7296393262611119,0.7296393262611119,1,0.9960130170554061,0.9957361765149555,0.9957361765149555,1,0.9973256350387565,0.9898510981638671,0.9957361765149555,1,1,1
23,163,1,0.9217470172076253,0.666520975236554,0.666520975236554,1,0.994458688896128,0.9940778527221743,0.9940778527221743,1,0.9974245708089217,0.9901731980388799,0.9940778527221743,1,1,1
23,164,1,0.9542768491939861,0.8929892704792283,0.8929892704792283,1,0.9947136741291599,0.9943498133943616,0.9943498133943616,1,0.9973275702289022,0.9898573810611611,0.9943498133943616,1,1,1
23,165,1,0.9501630053056117,0.8693934629621326,0.8693934629621326,1,0.9961570672025768,0.9958899323469413,0.9958899323469413,1,0.9982596794903216,0.9929756663188547,0.9958899323469413,1,1,1
23,166,1,0.9647691121716773,0.9426896065749003,0.9426896065749003,1,0.9962655644424394,0.996005748238384,0.996005748238384,1,0.99852353923763,0.9938995671845536,0.996005748238384,1,1,1
23,167,1,0.9779073766170141,0.9820138910784781,0.9820138910784781,1,0.9994368982967182,0.9993956586105714,0.9993956586105714,1,0.9997140767752846,0.9985127634073677,0.9993956586105714,1,1,1
23,168,1,0.9900600230950087,0.9975913824324465,0.9975913824324465,1,0.9999104406292855,0.9999035793496385,0.9999035793496385,1,0.999944133580003,0.9996356024348111,0.9999035793496385,1,1,1
32,1,0,1.6720250800629178e-06,1.555828377069529e-17,1.555828377069529e-17,0,6.915674256249537e-17,6.948547664676593e-17,6.948547664676593e-17,0,2.6995238115810305e-15,1.6408453675576758e-13,1.6408453675576758e-13,0,0,0
32,2,0,6.597836892919738e-06,4.801936422750574e-16,4.801936422750574e-16,0,1.0581385473218408e-21,1.083260071165922e-21,4.801936422750574e-16,0,7.634642091842622e-20,1.9701334213165923e-17,4.801936422750574e-16,0,0,0
32,3,0,4.681884953811506e-05,6.421777552406877e-14,6.421777552406877e-14,0,1.3557496641144417e-17,1.3659471709401726e-17,6.421777552406877e-14,0,2.1376663539539986e-17,2.5340447938008604e-15,6.421777552406877e-14,0,0,0
32,4,0,0.00018436183412112966,1.9723503841075687e-12,1.9723503841075687e-12,0,4.720403497019103e-14,4.690867252814144e-14,1.9723503841075687e-12,0,4.297241300239956e-12,9.439373796108367e-11,9.439373796108367e-11,0,0,0
32,5,0,0.0002369506816524754,3.6926254888797975e-12,3.6926254888797975e-12,0,5.4416618744653965e-12,5.364438548576131e-12,5.364438548576131e-12,0,1.5546763048615514e-10,2.0808809087141226e-09,2.0808809087141226e-09,0,0,0
32,6,0,0.0002221107787911922,3.141542831207973e-12,3.141542831207973e-12,0,8.763401095518328e-12,8.632090570656762e-12,8.632090570656762e-12,0,2.450506211098232e-10,3.0802212805029786e-09,3.0802212805029786e-09,0,0,0
32,7,0,0.0006359368596849746,4.354887599878985e-11,4.354887599878985e-11,0,2.052557374951165e-09,2.0032606669058725e-09,2.0032606669058725e-09,0,5.1096292076638175e-08,3.072952206491596e-07,3.072952206491596e-07,0,0,0
32,8,0,0.0007126955940028027,5.79037670449677e-11,5.79037670449677e-11,0,4.494077756008133e-09,4.38034243259407e-09,4.38034243259407e-09,0,3.68950723756896e-07,1.6889091863199732e-06,1.6889091863199732e-06,0,0,0
32,9,0,0.0006129697563262887,3.972281608799676e-11,3.972281608799676e-11,0,1.1236033231953522e-08,1.093474132142685e-08,1.093474132142685e-08,0,5.144009185141721e-07,2.2491274083903357e-06,2.2491274083903357e-06,0,0,0
32,10,0,0.0007860551148214765,7.397605289440898e-11,7.397605289440898e-11,0,2.0779108233645835e-08,2.02009385355005e-08,2.02009385355005e-08,0,1.2948227601123168e-06,4.983974025455555e-06,4.983974025455555e-06,0,0,0
32,11,0,0.0007213111051035212,5.966975299249827e-11,5.966975299249827e-11,0,1.4152330363356135e-08,1.3767473277588748e-08,1.3767473277588748e-08,0,5.34586647641586e-07,2.324998549741903e-06,2.324998549741903e-06,0,0,0
32,12,0,0.0006323700362115496,4.294080423819111e-11,4.294080423819111e-11,0,2.5825201785894956e-09,2.5195179406725528e-09,2.5195179406725528e-09,0,1.2069200047626572e-07,6.446317802736976e-07,6.446317802736976e-07,0,0,0
32,13,0,0.0008326545618527838,8.543418319293816e-11,8.543418319293816e-11,0,9.868671045973706e-09,9.606149172309689e-09,9.606149172309689e-09,0,3.0101271926701563e-07,1.417177789241047e-06,1.417177789241047e-06,0,0,0
32,14,0,0.000921367360610538,1.1004695251394257e-10,1.1004695251394257e-10,0,1.2531560415301294e-08,1.2193282293123548e-08,1.2193282293123548e-08,0,5.755322725294646e-07,2.477704135316467e-06,2.477704135316467e-06,0,0,0
32,15,0,0.0011590710239669866,1.9537582947730815e-10,1.9537582947730815e-10,0,2.5702390029464365e-08,2.4978262375459657e-08,2.4978262375459657e-08,0,8.528619803695825e-07,3.477585058003993e-06,3.477585058003993e-06,0,0,0
32,16,0,0.0006922489417159235,5.383940825225037e-11,5.383940825225037e-11,0,3.654805574066983e-09,3.5635540276923122e-09,3.5635540276923122e-09,0,1.5735416587057113e-07,8.102292703867699e-07,8.102292703867699e-07,0,0,0
32,17,0,0.001213316895937862,2.1905777946537996e-10,2.1905777946537996e-10,0,2.501257369680614e-08,2.4308997266362453e-08,2.4308997266362453e-08,0,7.562616078798745e-07,3.1352947818399982e-06,3.1352947818399982e-06,0,0,0
32,18,0,0.0009254329492074977,1.1126529746153315e-10,1.1126529746153315e-10,0,1.6539391283369356e-08,1.6085386769119616e-08,1.6085386769119616e-08,0,1.0038922727144456e-06,4.002310292588363e-06,4.002310292588363e-06,0,0,0
32,19,0,0.0008044393170126801,7.837830842682959e-11,7.837830842682959e-11,0,4.568583937856541e-09,4.452839395160655e-09,4.452839395160655e-09,0,4.5251297109925225e-07,2.0138580308028084e-06,2.0138580308028084e-06,0,0,0
32,20,0,0.0014971155588349213,3.7061640405117583e-10,3.7061640405117583e-10,0,2.8831801804549817e-08,2.8014072194883344e-08,2.8014072194883344e-08,0,1.700974599443398e-06,6.305296149151533e-06,6.305296149151533e-06,0,0,0
32,21,0,0.002230909143064973,1.0058040478593515e-09,1.0058040478593515e-09,0,3.449343526297434e-07,3.337497300710288e-07,3.337497300710288e-07,0,1.1430510310263077e-05,3.2572137173140935e-05,3.2572137173140935e-05,0,0,0
32,22,0,0.001466610159839365,3.5200928068963036e-10,3.5200928068963036e-10,0,6.225732368480357e-08,6.041300043549036e-08,6.041300043549036e-08,0,6.038233190800648e-06,1.8791273492574464e-05,1.8791273492574464e-05,0,0,0
32,23,0,0.0017625908962980033,5.576233722322629e-10,5.576233722322629e-10,0,9.239011692333249e-08,8.959339730434975e-08,8.959339730434975e-08,0,5.04153550526621e-06,1.608517842254376e-05,1.608517842254376e-05,0,0,0
32,24,0,0.001522574385429447,3.865882520310765e-10,3.865882520310765e-10,0,5.440843213148997e-08,5.280864064806031e-08,5.280864064806031e-08,0,4.596969966780829e-06,1.485489981100888e-05,1.485489981100888e-05,0,0,0
32,25,0,0.0014337254455944618,3.325923799288597e-10,3.325923799288597e-10,0,5.733131793167409e-08,5.5640667323749695e-08,5.5640667323749695e-08,0,4.117590281444937e-06,1.3509659115426569e-05,1.3509659115426569e-05,0,0,0
32,26,0,0.0021369078524406605,9.030268356373795e-10,9.030268356373795e-10,0,2.4506152311621754e-07,2.3725221760233008e-07,2.3725221760233008e-07,0,1.1249792466827027e-05,3.212778168992431e-05,3.212778168992431e-05,0,0,0
32,27,0,0.0027362236663987364,1.6772444807064813e-09,1.6772444807064813e-09,0,8.189390151479183e-07,7.912286066071722e-07,7.912286066071722e-07,0,5.245971130968297e-05,0.00012112297119324517,0.00012112297119324517,0,0,0
32,28,0,0.0022565592587164545,1.035012346046167e-09,1.035012346046167e-09,0,6.696642175845071e-07,6.472246914070364e-07,6.472246914070364e-07,0,6.814845446630787e-05,0.00015176177664854006,0.00015176177664854006,0,0,0
32,29,0,0.0020864130309623864,8.505473350259781e-10,8.505473350259781e-10,0,3.3668313334969655e-07,3.2577937778221927e-07,3.2577937778221927e-07,0,3.366402504996812e-05,8.263676322936412e-05,8.263676322936412e-05,0,0,0
32,30,0,0.002048189456920328,8.120715417310705e-10,8.120715417310705e-10,0,1.075372245767319e-06,1.038507130292243e-06,1.038507130292243e-06,0,6.066012722037641e-05,0.0001372751939067605,0.0001372751939067605,0,0,0
32,31,0,0.0018944051342240375,6.679405626208175e-10,6.679405626208175e-10,0,8.993723719655631e-07,8.688028961771569e-07,8.688028961771569e-07,0,6.633013812600136e-05,0.00014826531319526615,0.00014826531319526615,0,0,0
32,32,0,0.002438908438649905,1.2573671014585492e-09,1.2573671014585492e-09,0,1.3849354147177185e-06,1.3368868961449972e-06,1.3368868961449972e-06,0,8.083228835973644e-05,0.00017581340088038515,0.00017581340088038515,0,0,0
32,33,0,0.0016915968488279837,5.031014226575204e-10,5.031014226575204e-10,0,8.041418129256218e-07,7.769560171796845e-07,7.769560171796845e-07,0,2.6446918481742133e-05,6.712014833061303e-05,6.712014833061303e-05,0,0,0
32,34,0,0.002006689596124696,7.715045347141837e-10,7.715045347141837e-10,0,7.219175186898089e-07,6.976385455882785e-07,6.976385455882785e-07,0,2.1188418238100753e-05,5.544604565566422e-05,5.544604565566422e-05,0,0,0
32,35,0,0.00199298931749835,7.58385894131611e-10,7.58385894131611e-10,0,8.000037455821706e-07,7.729645798601156e-07,7.729645798601156e-07,0,4.094919923945264e-05,9.783707750237777e-05,9.783707750237777e-05,0,0,0
32,36,0,0.0017768217656783907,5.689600107814202e-10,5.689600107814202e-10,0,9.395257302871049e-07,9.07524518316047e-07,9.07524518316047e-07,0,2.783347015481794e-05,7.014241562913295e-05,7.014241562913295e-05,0,0,0
32,37,0,0.0021596676335486806,9.273013743199051e-10,9.273013743199051e-10,0,2.2922024901783675e-06,2.2107959122452487e-06,2.2107959122452487e-06,0,5.533471258911603e-05,0.00012682298908112664,0.00012682298908112664,0,0,0
32,38,0,0.0023685901222149585,1.168535335877069e-09,1.168535335877069e-09,0,4.676772926486051e-06,4.505251840508451e-06,4.505251840508451e-06,0,0.00010121718110089383,0.00021341711584409179,0.00021341711584409179,0,0,0
32,39,0,0.002118657078707078,8.838405366242838e-10,8.838405366242838e-10,0,4.960702350165877e-06,4.778292619513365e-06,4.778292619513365e-06,0,0.0001094522256543054,0.00022830034550530098,0.00022830034550530098,0,0,0
32,40,0,0.0018884490842471927,6.62696324463969e-10,6.62696324463969e-10,0,2.5159845570625368e-06,2.4262488282400418e-06,2.4262488282400418e-06,0,8.172664168021603e-05,0.00017748867378238842,0.00017748867378238842,0,0,0
32,41,0,0.0016103282959660386,4.4477984472848155e-10,4.4477984472848155e-10,0,1.8499341158078647e-06,1.784880409321263e-06,1.784880409321263e-06,0,5.3402054147441937e-05,0.00012299591822100524,0.00012299591822100524,0,0,0
32,42,0,0.0018994124404216777,6.723686867497871e-10,6.723686867497871e-10,0,3.373680395115564e-06,3.251742958283084e-06,3.251742958283084e-06,0,9.542690859540812e-05,0.00020285237925602334,0.00020285237925602334,0,0,0
32,43,0,0.0017945255133571642,5.832551362633795e-10,5.832551362633795e-10,0,2.4028381598702863e-06,2.3173179652590024e-06,2.3173179652590024e-06,0,0.00010808035409365392,0.00022583201635767612,0.00022583201635767612,0,0,0
32,44,0,0.001843990610916639,6.24332929314762e-10,6.24332929314762e-10,0,3.1797195279907275e-06,3.0650989717721902e-06,3.0650989717721902e-06,0,9.33555160889898e-05,0.0001990516860007215,0.0001990516860007215,0,0,0
32,45,0,0.0017413775954466945,5.409782987841979e-10,5.409782987841979e-10,0,4.598074898803345e-06,4.42956698553984e-06,4.42956698553984e-06,0,0.00013062750709102433,0.000265891513839894,0.000265891513839894,0,0,0
32,46,0,0.0016338374867809378,4.612078854998036e-10,4.612078854998036e-10,0,1.5967810279248545e-06,1.5410124085029242e-06,1.5410124085029242e-06,0,6.384626714134923e-05,0.00014346751565843095,0.00014346751565843095,0,0,0
32,47,0,0.0015200123944179287,3.849626147919831e-10,3.849626147919831e-10,0,2.4019194331368537e-06,2.3164334329370845e-06,2.3164334329370845e-06,0,8.101308268081401e-05,0.00017615226449628265,0.00017615226449628265,0,0,0
32,48,0,0.0014335635181573572,3.324984039684262e-10,3.324984039684262e-10,0,1.8238417932685472e-06,1.7597478398685064e-06,1.7597478398685064e-06,0,8.937882185937317e-05,0.00019172206931746322,0.00019172206931746322,0,0,0
32,49,0,0.0022243504372906914,9.984161439685085e-10,9.984161439685085e-10,0,3.484660150891714e-06,3.358527952189275e-06,3.358527952189275e-06,0,0.00010998066687395227,0.00022924999583761989,0.00022924999583761989,0,0,0
32,50,0,0.0012768611356322175,2.4889492105133477e-10,2.4889492105133477e-10,0,1.7815484235086892e-06,1.7190088523977532e-06,1.7190088523977532e-06,0,0.0001259903927685014,0.00025773660018976204,0.00025773660018976204,0,0,0
32,51,0,0.0009399650952907002,1.1568623360939193e-10,1.1568623360939193e-10,0,6.241630672828021e-07,6.033198984154347e-07,6.033198984154347e-07,0,3.369597464095279e-05,8.270435661711969e-05,8.270435661711969e-05,0,0,0
32,52,0,0.0013742266744136014,2.9912854376920256e-10,2.9912854376920256e-10,0,6.871453741976853e-07,6.640911822895111e-07,6.640911822895111e-07,0,2.7348936124903807e-05,6.908869390549792e-05,6.908869390549792e-05,0,0,0
32,53,0,0.0013314874419311665,2.7639487203474576e-10,2.7639487203474576e-10,0,1.3797748147287709e-06,1.3319137319374824e-06,1.3319137319374824e-06,0,5.245484147611598e-05,0.0001211132801823322,0.0001211132801823322,0,0,0
32,54,0,0.001054396851514669,1.5419049392728002e-10,1.5419049392728002e-10,0,6.327223977090962e-07,6.115793354410742e-07,6.115793354410742e-07,0,2.1771887614966938e-05,5.675957116407488e-05,5.675957116407488e-05,0,0,0
32,55,0,0.0010251847941434252,1.437276762642718e-10,1.437276762642718e-10,0,2.5948412222751513e-07,2.511909598832194e-07,2.511909598832194e-07,0,9.460811141442414e-06,2.7672574082595787e-05,2.7672574082595787e-05,0,0,0
32,56,0,0.0011951835522459378,2.1096008066523502e-10,2.1096008066523502e-10,0,5.166754530974962e-07,4.995811036919125e-07,4.995811036919125e-07,0,2.6707893628169357e-05,6.769063531800011e-05,6.769063531800011e-05,0,0,0
32,57,0,0.0010038943637365597,1.3637865921730798e-10,1.3637865921730798e-10,0,3.2990515571337646e-07,3.192318723899446e-07,3.192318723899446e-07,0,1.8985396198521912e-05,5.044001294425771e-05,5.044001294425771e-05,0,0,0
32,58,0,0.0012643410018306296,2.428346290925297e-10,2.428346290925297e-10,0,4.9970622534072e-07,4.832005527702552e-07,4.832005527702552e-07,0,2.3215145823006977e-05,5.998813330083544e-05,5.998813330083544e-05,0,0,0
32,59,0,0.0013257087346499068,2.734036529136449e-10,2.734036529136449e-10,0,7.346083838489768e-07,7.098817129814105e-07,7.098817129814105e-07,0,5.5405612266682695e-05,0.00012696303049716709,0.00012696303049716709,0,0,0
32,60,0,0.0011264781918315933,1.8192273143180186e-10,1.8192273143180186e-10,0,3.2068001410210377e-07,3.1032004828251937e-07,3.1032004828251937e-07,0,3.341924193717273e-05,8.211859894656616e-05,8.211859894656616e-05,0,0,0
32,61,0,0.0010675614330764914,1.5905058559360045e-10,1.5905058559360045e-10,0,2.537948216435618e-07,2.456926873036577e-07,2.456926873036577e-07,0,1.0988262287464568e-05,3.148296972483631e-05,3.148296972483631e-05,0,0,0
32,62,0,0.0011314292781943384,1.8392928392141314e-10,1.8392928392141314e-10,0,1.999897471995263e-07,1.9368318740069864e-07,1.9368318740069864e-07,0,2.7026481271077656e-05,6.838602006619043e-05,6.838602006619043e-05,0,0,0
32,63,0,0.0011421796601783578,1.8833175469856892e-10,1.8833175469856892e-10,0,2.5437932278884396e-07,2.4625757233671626e-07,2.4625757233671626e-07,0,4.870281027976581e-05,0.00011360872220486274,0.00011360872220486274,0,0,0
32,64,0,0.0013341706678817965,2.7779043699852973e-10,2.7779043699852973e-10,0,4.865532386884914e-07,4.705032097119208e-07,4.705032097119208e-07,0,5.518402883005093e-05,0.00012652527533873857,0.00012652527533873857,0,0,0
32,65,0,0.0013986121830688741,3.1258601420842267e-10,3.1258601420842267e-10,0,7.118208312127828e-07,6.878977813657749e-07,6.878977813657749e-07,0,7.957653016022029e-05,0.00017345682194212412,0.00017345682194212412,0,0,0
32,66,0,0.001981816248826048,7.477871793903291e-10,7.477871793903291e-10,0,1.1141954987309111e-06,1.0759350410085301e-06,1.0759350410085301e-06,0,0.00012965755292977142,0.0002641890919818971,0.0002641890919818971,0,0,0
32,67,0,0.001633125832094741,4.607053244285594e-10,4.607053244285594e-10,0,8.878602224137121e-07,8.577006990313456e-07,8.577006990313456e-07,0,0.00015218229893320035,0.00030329756217742804,0.00030329756217742804,0,0,0
32,68,0,0.001653428844023357,4.751726346606229e-10,4.751726346606229e-10,0,4.5823824297009496e-07,4.4316710926180715e-07,4.4316710926180715e-07,0,7.682331718967651e-05,0.00016827195391377962,0.00016827195391377962,0,0,0
32,69,0,0.0011983956902843493,2.123811637427752e-10,2.123811637427752e-10,0,1.1514290083792603e-07,1.1161593805334367e-07,1.1161593805334367e-07,0,1.8113703198955717e-05,4.843745068708013e-05,4.843745068708013e-05,0,0,0
32,70,0,0.0011256945168587405,1.8160633872502195e-10,1.8160633872502195e-10,0,8.029934074527144e-08,7.788706185535711e-08,7.788706185535711e-08,0,1.1120153760867108e-05,3.1808414609307564e-05,3.1808414609307564e-05,0,0,0
32,71,0,0.0013198013913550872,2.7036603864886376e-10,2.7036603864886376e-10,0,1.781892007743929e-07,1.726037435717792e-07,1.726037435717792e-07,0,1.1359658352202905e-05,3.23980403072927e-05,3.23980403072927e-05,0,0,0
32,72,0,0.001806663990817021,5.931799885159256e-10,5.931799885159256e-10,0,3.6761524772804083e-07,3.556569435434502e-07,3.556569435434502e-07,0,3.5289666378428926e-05,8.606497130014251e-05,8.606497130014251e-05,0,0,0
32,73,0,0.0018547792640567953,6.335162493401236e-10,6.335162493401236e-10,0,6.131522447523185e-07,5.926945806219424e-07,5.926945806219424e-07,0,6.964190313253429e-05,0.00015462390482762138,0.00015462390482762138,0,0,0
32,74,0,0.00141546783850274,3.220967446936485e-10,3.220967446936485e-10,0,1.9290535352297527e-07,1.8683357346591537e-07,1.8683357346591537e-07,0,3.4546374431734523e-05,8.450026060523335e-05,8.450026060523335e-05,0,0,0
32,75,0,0.0014288730523458412,3.2978317446397306e-10,3.2978317446397306e-10,0,1.559319805813709e-07,1.510782232530288e-07,1.510782232530288e-07,0,2.5724322630888483e-05,6.553647977326359e-05,6.553647977326359e-05,0,0,0
32,76,0,0.0014573240735533443,3.4645914760986586e-10,3.4645914760986586e-10,0,2.1699767148454792e-07,2.1012581585964138e-07,2.1012581585964138e-07,0,2.249018539195354e-05,5.8369977122407796e-05,5.8369977122407796e-05,0,0,0
32,77,0,0.0013979513047667036,3.1221660212764537e-10,3.1221660212764537e-10,0,1.3054883147390187e-07,1.2652313708631686e-07,1.2652313708631686e-07,0,1.7159822815957383e-05,4.6230742835135684e-05,4.6230742835135684e-05,0,0,0
32,78,0,0.0015662549505626117,4.149410858180541e-10,4.149410858180541e-10,0,7.728322831604279e-08,7.496640265122453e-08,7.496640265122453e-08,0,2.387885481280958e-05,6.146345916618322e-05,6.146345916618322e-05,0,0,0
32,79,0,0.0016722022330057005,4.8878993583704e-10,4.8878993583704e-10,0,1.6950871527222857e-07,1.6420920021921048e-07,1.6420920021921048e-07,0,4.236332851457881e-05,0.00010074230424142317,0.00010074230424142317,0,0,0
32,80,0,0.0015500274202219885,4.042670115747179e-10,4.042670115747179e-10,0,7.986679210544662e-08,7.746821395787636e-08,7.746821395787636e-08,0,1.405139744436191e-05,3.891540330942542e-05,3.891540330942542e-05,0,0,0
32,81,0,0.0015224612245929388,3.8651636218424583e-10,3.8651636218424583e-10,0,1.353058285445114e-07,1.3112551964752178e-07,1.3112551964752178e-07,0,1.329021319054981e-05,3.7091431938586015e-05,3.7091431938586015e-05,0,0,0
32,82,0,0.0014493878080374955,3.4175772512328493e-10,3.4175772512328493e-10,0,8.136780215873485e-08,7.892166405124319e-08,7.892166405124319e-08,0,1.756029552806936e-05,4.715920769387627e-05,4.715920769387627e-05,0,0,0
32,83,0,0.0014403634707952605,3.3645856077324915e-10,3.3645856077324915e-10,0,8.762139424041817e-08,8.497663107832872e-08,8.497663107832872e-08,0,1.0014186514403009e-05,2.9062190762407034e-05,2.9062190762407034e-05,0,0,0
32,84,0,0.0014790226603974535,3.5951095673293035e-10,3.5951095673293035e-10,0,6.178930792990976e-08,5.995961322673312e-08,5.995961322673312e-08,0,8.53732715014807e-06,2.5328050515577153e-05,2.5328050515577153e-05,0,0,0
32,85,0,0.002043740267374172,8.076624534548482e-10,8.076624534548482e-10,0,1.3642806764535995e-07,1.3221124292885172e-07,1.3221124292885172e-07,0,2.0541501497438888e-05,5.3983826867254504e-05,5.3983826867254504e-05,0,0,0
32,86,0,0.0019834596891120035,7.49340513667342e-10,7.49340513667342e-10,0,2.1895259081457534e-07,2.1201561635104518e-07,2.1201561635104518e-07,0,3.232716487723125e-05,7.980040454500215e-05,7.980040454500215e-05,0,0,0
32,87,0,0.002106009740125621,8.706900168289959e-10,8.706900168289959e-10,0,1.9522102643694985e-07,1.890725500031402e-07,1.890725500031402e-07,0,1.968419482162926e-05,5.2036205325461834e-05,5.2036205325461834e-05,0,0,0
32,88,0,0.0028078457636276084,1.7894130354969839e-09,1.7894130354969839e-09,0,5.482955768951122e-07,5.301018972425664e-07,5.301018972425664e-07,0,7.78739872844409e-05,0.0001702535640398979,0.0001702535640398979,0,0,0
32,89,0,0.002345495366936285,1.140210824471552e-09,1.140210824471552e-09,0,6.321228392108759e-07,6.110007898582236e-07,6.110007898582236e-07,0,7.973996348855538e-05,0.00017376381321239026,0.00017376381321239026,0,0,0
32,90,0,0.001532724116468505,3.930689822788619e-10,3.930689822788619e-10,0,9.460199535142163e-08,9.173465581321567e-08,9.173465581321567e-08,0,1.2601377935395875e-05,3.542836095615271e-05,3.542836095615271e-05,0,0,0
32,91,0,0.002524228916424655,1.370453380038391e-09,1.370453380038391e-09,0,2.21582991569741e-07,2.1455835290547445e-07,2.1455835290547445e-07,0,2.1638550067752915e-05,5.6459830457902304e-05,5.6459830457902304e-05,0,0,0
32,92,0,0.002456928010402622,1.2807635211997301e-09,1.2807635211997301e-09,0,8.787621478714838e-07,8.489264388873248e-07,8.489264388873248e-07,0,6.33079326398105e-05,0.00014242430788060663,0.00014242430788060663,0,0,0
32,93,0,0.0030292049703402476,2.1641513675668655e-09,2.1641513675668655e-09,0,5.871937029763207e-07,5.676435989559303e-07,5.676435989559303e-07,0,9.251228689377679e-05,0.0001975011604299515,0.0001975011604299515,0,0,0
32,94,0,0.0031188728227537054,2.3282928415134463e-09,2.3282928415134463e-09,0,8.03493732983481e-07,7.763309038705607e-07,7.763309038705607e-07,0,0.00016288788949346102,0.0003215982774269332,0.0003215982774269332,0,0,0
32,95,0,0.00363389169891488,3.415297947373323e-09,3.415297947373323e-09,0,1.0140400275219362e-06,9.793745628670241e-07,9.793745628670241e-07,0,0.0003598830339367786,0.0006367893618570918,0.0006367893618570918,0,0,0
32,96,0,0.0033033670589870034,2.6890363862259185e-09,2.6890363862259185e-09,0,9.40877999237017e-07,9.08828520501185e-07,9.08828520501185e-07,0,0.0004639348208929621,0.0007925673957249031,0.0007925673957249031,0,0,0
32,97,0,0.0030855539878873375,2.2664568819938537e-09,2.2664568819938537e-09,0,1.0495558268818019e-06,1.013617318342384e-06,1.013617318342384e-06,0,0.0004322115241436028,0.0007456424696011674,0.0007456424696011674,0,0,0
32,98,0,0.0035285193950839915,3.1723820817580805e-09,3.1723820817580805e-09,0,1.890057426182013e-06,1.8235267003296263e-06,1.8235267003296263e-06,0,0.0003367737269949737,0.0006013930931031304,0.0006013930931031304,0,0,0
32,99,0,0.0031711143577862876,2.4272728264930975e-09,2.4272728264930975e-09,0,9.019412230917755e-07,8.712802365984544e-07,8.712802365984544e-07,0,0.00029419110626400017,0.0005352631858695495,0.0005352631858695495,0,0,0
32,100,0,0.003758739677251424,3.7172084715571454e-09,3.7172084715571454e-09,0,7.885292740948063e-07,7.618965167216276e-07,7.618965167216276e-07,0,0.00021870328331150373,0.00041456704482761874,0.00041456704482761874,0,0,0
32,101,0,0.002991031736142574,2.0964559616285253e-09,2.0964559616285253e-09,0,4.3138366516256076e-07,4.1723830358527227e-07,4.1723830358527227e-07,0,0.00022810054478498854,0.00042987315449010885,0.00042987315449010885,0,0,0
32,102,0,0.0028509539414299408,1.85904271533091e-09,1.85904271533091e-09,0,4.1737668905212376e-07,4.0371312609373025e-07,4.0371312609373025e-07,0,0.000200089224964283,0.0003839747287848743,0.0003839747287848743,0,0,0
32,103,0,0.004545176557149539,5.987064289998281e-09,5.987064289998281e-09,0,1.072864273441478e-06,1.036089219137904e-06,1.036089219137904e-06,0,0.0005139803467966897,0.000865706853909143,0.000865706853909143,0,0,0
32,104,0,0.004899355350594856,7.228009267094004e-09,7.228009267094004e-09,0,2.5256463369324697e-06,2.4355502472060963e-06,2.4355502472060963e-06,0,0.00058997002089805,0.0009749184394013597,0.0009749184394013597,0,0,0
32,105,0,0.006246365608707734,1.3305828884089213e-08,1.3305828884089213e-08,0,6.263580257792821e-06,6.03088751521223e-06,6.03088751521223e-06,0,0.0012406777830316937,0.0018496677461029268,0.0018496677461029268,0,0,0
32,106,0,0.004637619457659135,6.2974056360325346e-09,6.2974056360325346e-09,0,2.6456707679080785e-06,2.5510931215223046e-06,2.5510931215223046e-06,0,0.0005396501818580621,0.0009028345624362948,0.0009028345624362948,0,0,0
32,107,0,0.005111669469629255,8.040452755790763e-09,8.040452755790763e-09,0,2.6553423650367363e-06,2.5604032029845768e-06,2.5604032029845768e-06,0,0.0003556448735521275,0.0006303219808782179,0.0006303219808782179,0,0,0
32,108,0,0.003681482313992696,3.528566358564448e-09,3.528566358564448e-09,0,2.1020402739032482e-06,2.0276837041294553e-06,2.0276837041294553e-06,0,0.0002050083220130333,0.00039209617695142946,0.00039209617695142946,0,0,0
32,109,0,0.0030065859452086284,2.123883034796274e-09,2.123883034796274e-09,0,5.333289178529675e-07,5.156559622011295e-07,5.156559622011295e-07,0,8.799135854031184e-05,0.00018915425072720592,0.00018915425072720592,0,0,0
32,110,0,0.006153740290574098,1.2815351577568566e-08,1.2815351577568566e-08,0,2.0659609016799245e-06,1.9929388430318887e-06,1.9929388430318887e-06,0,0.0003353052435587034,0.0005991326842962298,0.0005991326842962298,0,0,0
32,111,0,0.005701957703465659,1.0580400429696814e-08,1.0580400429696814e-08,0,4.625444002434226e-06,4.455888433097169e-06,4.455888433097169e-06,0,0.0006859663148008994,0.001110144938068476,0.001110144938068476,0,0,0
32,112,0,0.004931833632761498,7.348915419557025e-09,7.348915419557025e-09,0,1.7451651429140896e-06,1.6839614389608492e-06,1.6839614389608492e-06,0,0.0001728252349018421,0.00033843714573933333,0.00033843714573933333,0,0,0
32,113,0,0.005371135807510112,9.10516384116583e-09,9.10516384116583e-09,0,2.3964168555318675e-06,2.3111356457281995e-06,2.3111356457281995e-06,0,0.00022783878738374274,0.00042944800546297396,0.00042944800546297396,0,0,0
32,114,0,0.004289563114621765,5.177630525149138e-09,5.177630525149138e-09,0,1.3977304083771685e-06,1.3492170340090748e-06,1.3492170340090748e-06,0,0.0001229524047501784,0.00025237148677633635,0.00025237148677633635,0,0,0
32,115,0,0.00630354581529065,1.3614191692370639e-08,1.3614191692370639e-08,0,3.819290054118694e-06,3.680475617940594e-06,3.680475617940594e-06,0,0.00026771641200702104,0.0004934860742322029,0.0004934860742322029,0,0,0
32,116,0,0.006529762061893891,1.4876325360392e-08,1.4876325360392e-08,0,7.934125355892566e-06,7.636323110371796e-06,7.636323110371796e-06,0,0.0007805194749241568,0.0012407869050988713,0.0012407869050988713,0,0,0
32,117,0,0.006276354918984237,1.3467023160625839e-08,1.3467023160625839e-08,0,7.780468887276149e-06,7.4886812775156945e-06,7.4886812775156945e-06,0,0.0005321415912525589,0.0008920003187110047,0.0008920003187110047,0,0,0
32,118,0,0.009309524879095862,3.6338456706942615e-08,3.6338456706942615e-08,0,2.1228057190046312e-05,2.039736273340998e-05,2.039736273340998e-05,0,0.003487913765268737,0.004505204687275505,0.004505204687275505,0,0,0
32,119,0,0.008453532778542393,2.8495269046939636e-08,2.8495269046939636e-08,0,2.0733790306944554e-05,1.9923229598340786e-05,1.9923229598340786e-05,0,0.0017317603407586279,0.0024651588981027483,0.0024651588981027483,0,0,0
32,120,0,0.00825574822917245,2.684529556395355e-08,2.684529556395355e-08,0,1.939461476672193e-05,1.8638507624585853e-05,1.8638507624585853e-05,0,0.0009373558892076059,0.0014528024977034414,0.0014528024977034414,0,0,0
32,121,0,0.008801117274055529,3.154091511358299e-08,3.154091511358299e-08,0,2.9252764799541342e-05,2.80928428510755e-05,2.80928428510755e-05,0,0.001000496501711855,0.0015367259173904289,0.0015367259173904289,0,0,0
32,122,0,0.009979252690116909,4.32990670720803e-08,4.32990670720803e-08,0,2.5472778277682195e-05,2.4468451456750036e-05,2.4468451456750036e-05,0,0.0012625033001901322,0.0018776632457025303,0.0018776632457025303,0,0,0
32,123,0,0.011031478509780052,5.577022892402112e-08,5.577022892402112e-08,0,3.34775942940228e-05,3.214283358222465e-05,3.214283358222465e-05,0,0.001638914215090509,0.0023508886996733225,0.0023508886996733225,0,0,0
32,124,0,0.008766072155051444,3.122531040101443e-08,3.122531040101443e-08,0,2.0962864721783548e-05,2.014297510913395e-05,2.014297510913395e-05,0,0.0007154615213165607,0.0011511511027535164,0.0011511511027535164,0,0,0
32,125,0,0.00927067260256973,3.5957222059535207e-08,3.5957222059535207e-08,0,1.6034188535534284e-05,1.5414038388201304e-05,1.5414038388201304e-05,0,0.00043900328570857413,0.0007557278372561777,0.0007557278372561777,0,0,0
32,126,0,0.008350576030331642,2.7628928710589428e-08,2.7628928710589428e-08,0,7.031507210645202e-06,6.76896414517091e-06,6.76896414517091e-06,0,0.00033742620486290105,0.0006023970017846947,0.0006023970017846947,0,0,0
32,127,0,0.009462786600329757,3.78662154169091e-08,3.78662154169091e-08,0,1.0142541733828522e-05,9.757802003691589e-06,9.757802003691589e-06,0,0.00023451194840286478,0.0004402657582570155,0.0004402657582570155,0,0,0
32,128,0,0.012132678011310573,7.093375696965304e-08,7.093375696965304e-08,0,1.4263994606255544e-05,1.3715017719441103e-05,1.3715017719441103e-05,0,0.0008446421285721444,0.0013281239191582854,0.0013281239191582854,0,0,0
32,129,0,0.011627725212294025,6.370493052730276e-08,6.370493052730276e-08,0,1.646729657848605e-05,1.5829683069880613e-05,1.5829683069880613e-05,0,0.0012066507878959864,0.0018058842810267147,0.0018058842810267147,0,0,0
32,130,0,0.009974586886055868,4.324799649408198e-08,4.324799649408198e-08,0,8.27960800682566e-06,7.968264911276947e-06,7.968264911276947e-06,0,0.0005159695506649109,0.0008685929836318966,0.0008685929836318966,0,0,0
32,131,0,0.0155030664096473,1.3199100164398127e-07,1.3199100164398127e-07,0,1.515688098694355e-05,1.4572046171984783e-05,1.4572046171984783e-05,0,0.0008463531999432565,0.0013304415494729237,0.0013304415494729237,0,0,0
32,132,0,0.016178058733706698,1.4707236806084594e-07,1.4707236806084594e-07,0,3.844822439867784e-05,3.6906662659344574e-05,3.6906662659344574e-05,0,0.0019490804586190155,0.002729389484558262,0.002729389484558262,0,0,0
32,133,0,0.0156449232195542,1.350777952625897e-07,1.350777952625897e-07,0,2.064208558398542e-05,1.9835258344168665e-05,1.9835258344168665e-05,0,0.0016118101762138284,0.002317362552905365,0.002317362552905365,0,0,0
32,134,0,0.022009130763215427,3.220771342934652e-07,3.220771342934652e-07,0,3.799580842280014e-05,3.647311436657666e-05,3.647311436657666e-05,0,0.0028966806061875437,0.0038393146398427495,0.0038393146398427495,0,0,0
32,135,0,0.025781450608546967,4.828420789670579e-07,4.828420789670579e-07,0,0.00014465866818034955,0.00013854892799230778,0.00013854892799230778,0,0.006478730757199695,0.007678071461668276,0.007678071461668276,0,0,0
32,136,0,0.0415526951978177,1.6573485405660464e-06,1.6573485405660464e-06,0,0.000511371249941556,0.0004887378337361648,0.0004887378337361648,0,0.02617908441639442,0.025561856273988454,0.025561856273988454,0,0,0
32,137,0,0.03166477137646197,8.192341810104884e-07,8.192341810104884e-07,0,0.0003710439840238185,0.00035481142478261275,0.00035481142478261275,0,0.01233015964678748,0.01336180253100839,0.01336180253100839,0,0,0
32,138,0,0.042112024128609246,1.7161501545927043e-06,1.7161501545927043e-06,0,0.00021100405653684456,0.00020196397548535538,0.00020196397548535538,0,0.009720240713427968,0.010887614979808098,0.010887614979808098,0,0,0
32,139,0,0.04431612046258039,1.9606883513683936e-06,1.9606883513683936e-06,0,0.00013960594121519213,0.00013371760442610088,0.00013371760442610088,0,0.010833832180097263,0.01195330324977849,0.01195330324977849,0,0,0
32,140,0,0.043878368255340715,1.9104707223503693e-06,1.9104707223503693e-06,0,0.00015627411131744458,0.00014965434182367507,0.00014965434182367507,0,0.014404284913428655,0.015276010523875757,0.015276010523875757,0,0,0
32,141,0,0.04097046685315528,1.5975114146355344e-06,1.5975114146355344e-06,0,0.000122273788941061,0.00011714262427869395,0.00011714262427869395,0,0.01331854050917192,0.014279097769468563,0.014279097769468563,0,0,0
32,142,0,0.08532440180682326,1.1241357093109388e-05,1.1241357093109388e-05,0,0.0008238518335364541,0.0007867651370848553,0.0007867651370848553,0,0.08159082052454429,0.0684696751379484,0.0684696751379484,0,0,0
32,143,0,0.08835660157340847,1.2368342080659984e-05,1.2368342080659984e-05,0,0.0014240321941319566,0.0013587086533038686,0.0013587086533038686,0,0.15415139329047306,0.12013952632723697,0.12013952632723697,0,0,1
32,144,0,0.06863060504735885,6.2367446496609496e-06,6.2367446496609496e-06,0,0.0008740539148127986,0.0008346258322758584,0.0008346258322758584,0,0.043065350766437055,0.03929234187704295,0.03929234187704295,0,0,0
32,145,0,0.11294537959620883,2.445558825293737e-05,2.445558825293737e-05,0,0.001737083248797701,0.0016568672098340991,0.0016568672098340991,0,0.10516787091410701,0.08554988784525709,0.08554988784525709,0,0,0
32,146,0,0.08338012205331957,1.0556116142995266e-05,1.0556116142995266e-05,0,0.002921075888784468,0.002783894394184936,0.002783894394184936,0,0.12531251384428968,0.09988184256542353,0.09988184256542353,0,0,0
32,147,0,0.08852860540910025,1.2434444992393502e-05,1.2434444992393502e-05,0,0.0020963590224778086,0.0019989507960556517,0.0019989507960556517,0,0.0696608218789754,0.05964663444066727,0.05964663444066727,0,0,0
32,148,0,0.08035455240464781,9.546065329003862e-06,9.546065329003862e-06,0,0.0012184971525454375,0.0011628970636731785,0.0011628970636731785,0,0.060872393567133795,0.053042381872822696,0.053042381872822696,0,0,0
32,149,0,0.09528441686785695,1.522272382852472e-05,1.522272382852472e-05,0,0.002614120499200054,0.0024917856370233332,0.0024917856370233332,0,0.08176056953946212,0.0685942013399233,0.0685942013399233,0,0,0
32,150,0,0.0930291960798562,1.424955897114446e-05,1.424955897114446e-05,0,0.0025093178047567934,0.0023920409923169875,0.0023920409923169875,0,0.10614134666215666,0.08624714575259809,0.08624714575259809,0,0,0
32,151,0,0.08758798656270934,1.2075832182048093e-05,1.2075832182048093e-05,0,0.0009244979155239672,0.0008827127090677971,0.0008827127090677971,0,0.06443281919630495,0.05573002838691462,0.05573002838691462,0,0,0
32,152,0,0.10874995362077142,2.1988069089942738e-05,2.1988069089942738e-05,0,0.0024152112826538188,0.0023024711562447345,0.0023024711562447345,0,0.11233077793054456,0.09066831651829343,0.09066831651829343,0,0,0
32,153,0,0.15593160229334835,6.197276599063809e-05,6.197276599063809e-05,0,0.007584263059977505,0.007218063084647927,0.007218063084647927,0,0.2573965165325848,0.19201086788668828,0.19201086788668828,0,0,1
32,154,0,0.17841834141711296,9.282319225874509e-05,9.282319225874509e-05,0,0.015156402513481536,0.014413104067256191,0.014413104067256191,0,0.5230569965497421,0.39074742833538595,0.39074742833538595,0,0,1
32,155,0,0.14913100817523534,5.433909574005859e-05,5.433909574005859e-05,0,0.006404577878934368,0.00609672991441372,0.00609672991441372,0,0.2609499906836447,0.1944979727271674,0.1944979727271674,0,0,1
32,156,0,0.14341760830435074,4.8469298428183776e-05,4.8469298428183776e-05,0,0.0026866156478932844,0.002560778597385687,0.002560778597385687,0,0.11546266122165594,0.09289802909813723,0.09289802909813723,0,0,0
32,157,0,0.1132374325278634,2.4634140440292687e-05,2.4634140440292687e-05,0,0.0009193813831845358,0.0008778354555702962,0.0008778354555702962,0,0.040170481680471715,0.03699684929422811,0.03699684929422811,0,0,0
32,158,0,0.1929998395598615,0.00011811779551748927,0.00011811779551748927,0,0.005272790587794228,0.005020718827234114,0.005020718827234114,0,0.2373759777164131,0.17803449694827206,0.17803449694827206,0,0,1
32,159,0,0.2977973417822025,0.0004939627260475303,0.0004939627260475303,0,0.05507373151906191,0.052365434786903864,0.052365434786903864,0,0.665880947724058,0.5176645693575259,0.5176645693575259,0,0,1
32,160,0,0.22647612903835507,0.0001957967120577366,0.0001957967120577366,0,0.019861262265326068,0.018883045897609203,0.018883045897609203,0,0.3594867301710757,0.26471997205038306,0.26471997205038306,0,0,1
32,161,0,0.33529822524397934,0.0007617688468782615,0.0007617688468782615,0,0.04854846446670555,0.04615526797709488,0.04615526797709488,1,0.460529902855439,0.3407188887621532,0.3407188887621532,0,0,1
32,162,0,0.28635538103489483,0.0004302021729759155,0.0004302021729759155,0,0.03927701276217851,0.03733637179131283,0.03733637179131283,1,0.3980103952855986,0.2931020717071086,0.2931020717071086,0,0,1
32,163,0,0.44686973768532273,0.0024667729482617693,0.0024667729482617693,0,0.1032949754090559,0.09836038404766258,0.09836038404766258,1,0.5468656649801604,0.41055661474784705,0.41055661474784705,0,0,1
32,164,0,0.4513561061263776,0.002580804623337447,0.002580804623337447,0,0.18126373715174904,0.17316637840196192,0.17316637840196192,1,0.7364494492095575,0.5895270838940314,0.5895270838940314,0,0,1
32,165,0,0.4570925465662673,0.0027339864633643515,0.0027339864633643515,0,0.11404701388123402,0.10864285490496897,0.10864285490496897,1,0.6144540963268412,0.46953978643344063,0.46953978643344063,0,0,1
32,166,0,0.5791374454489355,0.009268505838317143,0.009268505838317143,0,0.40123687861491164,0.3875254613029448,0.3875254613029448,1,0.8928082380143171,0.7864056257833818,0.7864056257833818,0,1,1
32,167,0,0.6452360842231077,0.018434239693198767,0.018434239693198767,0,0.741323572106353,0.7296788482275702,0.7296788482275702,1,0.9719327362526705,0.9263283460903625,0.9263283460903625,0,1,1
32,168,0,0.6414461648610275,0.017702189756071216,0.017702189756071216,0,0.7514159610948437,0.740048940596511,0.740048940596511,1,0.9710939253625459,0.9245253679880157,0.9245253679880157,0,1,1
32,169,0,0.7035016030371514,0.035205925377509696,0.035205925377509696,0,0.8554889632088972,0.8477713025748895,0.8477713025748895,1,0.973117690948651,0.9288952245343904,0.9288952245343904,0,1,1
32,170,0,0.6617751240878665,0.022043926886527086,0.022043926886527086,0,0.8308730884277817,0.8221602092919515,0.8221602092919515,1,0.9609247435823242,0.903487198706828,0.903487198706828,0,1,1
32,171,0,0.6672076760108754,0.023395304616285965,0.023395304616285965,1,0.7255993986832583,0.7135481362629752,0.7135481362629752,1,0.9060933186829835,0.806928822804718,0.806928822804718,0,1,1
32,172,0,0.732508353941514,0.04961693209389195,0.04961693209389195,1,0.8575760223879046,0.8499466146693891,0.8499466146693891,1,0.9697281520299319,0.9216137515162858,0.9216137515162858,0,1,1
32,173,0,0.8289474640865145,0.1785149794960336,0.1785149794960336,1,0.9871958220168272,0.9863419293774441,0.9863419293774441,1,0.9973583055600154,0.9899572603373219,0.9899572603373219,1,1,1
32,174,0,0.8385737762183665,0.2053997861267749,0.2053997861267749,1,0.9911511168611798,0.9905525748917646,0.9905525748917646,1,0.9974608717770267,0.9902918446134672,0.9905525748917646,1,1,1
32,175,0,0.8062413179892562,0.12929124433934333,0.12929124433934333,1,0.9815857144070247,0.9803771245496237,0.9803771245496237,1,0.9957876634455247,0.9850395354079305,0.9850395354079305,1,1,1
32,176,0,0.8069825572790303,0.13063364095877503,0.13063364095877503,1,0.9599041114823722,0.9573895142175506,0.9573895142175506,1,0.9888924113714586,0.9659580425169569,0.9659580425169569,1,1,1
32,177,0,0.869880719516262,0.3268083044499722,0.3268083044499722,1,0.9873098995725805,0.9864633058995351,0.9864633058995351,1,0.9970252433007781,0.9888838147992195,0.9888838147992195,1,1,1
32,178,0,0.9060513146680279,0.5480680633931176,0.5480680633931176,1,0.9971771366268135,0.9969791216639537,0.9969791216639537,1,0.9992996237132103,0.9967852148931118,0.9969791216639537,1,1,1
32,179,0,0.9288827104605061,0.7212454293251717,0.7212454293251717,1,0.998279470020231,0.9981570968359266,0.9981570968359266,1,0.9993633326007723,0.9970383246434996,0.9981570968359266,1,1,1
32,180,0,0.8880448366707685,0.42668724771999106,0.42668724771999106,1,0.9885488191323768,0.9877817358782859,0.9877817358782859,1,0.9964292748655723,0.9870069428414557,0.9877817358782859,1,1,1
32,181,1,0.9291984790066764,0.7236450369148523,0.7236450369148523,1,0.9945903608260188,0.994218286723669,0.994218286723669,1,0.9954718730369223,0.9840886975633608,0.994218286723669,1,1,1
32,182,1,0.9023304544914806,0.5213733885399463,0.5213733885399463,1,0.9836659354437638,0.9825879320996384,0.9825879320996384,1,0.9911974416817405,0.9720233798268102,0.9825879320996384,1,1,1
32,183,1,0.9089167098748158,0.5690909856333829,0.5690909856333829,1,0.9775188873190452,0.9760579300107224,0.9760579300107224,1,0.9890411472020408,0.9663422945014322,0.9760579300107224,1,1,1
32,184,1,0.9267451294241021,0.7049335839157753,0.7049335839157753,1,0.9902859412406113,0.9896311222782759,0.9896311222782759,1,0.9965042135393439,0.9872401393035399,0.9896311222782759,1,1,1
32,185,1,0.9351602468292897,0.7682324986951817,0.7682324986951817,1,0.9879825886339004,0.987179110836687,0.987179110836687,1,0.9942405784443121,0.9804741332627137,0.987179110836687,1,1,1
32,186,1,0.9492389607024126,0.8638069517403869,0.8638069517403869,1,0.9958717067951035,0.9955853572522921,0.9955853572522921,1,0.9963559989200117,0.9867796476241578,0.9955853572522921,1,1,1
32,187,1,0.9335933450391882,0.7566702396127789,0.7566702396127789,1,0.986337866325742,0.9854291959939208,0.9854291959939208,1,0.993158990688265,0.97740159209194,0.9854291959939208,1,1,1
32,188,1,0.9461354345849424,0.844333156737625,0.844333156737625,1,0.9886641948412676,0.9879045390571856,0.9879045390571856,1,0.9952015051226225,0.9832828949273319,0.9879045390571856,1,1,1
32,189,1,0.9431550106172857,0.8246816404949102,0.8246816404949102,1,0.9939815246692848,0.9935690031038931,0.9935690031038931,1,0.9955825571545489,0.984420744612693,0.9935690031038931,1,1,1
32,190,1,0.9671314978405617,0.9516520640135651,0.9516520640135651,1,0.9981704857540329,0.9980405794243278,0.9980405794243278,1,0.9982457244986117,0.9929274019355852,0.9980405794243278,1,1,1
32,191,1,0.9840925443724736,0.9921267171760944,0.9921267171760944,1,0.9997433773984593,0.9997242112815218,0.9997242112815218,1,0.999888335918153,0.9993382269150515,0.9997242112815218,1,1,1
43,1,0,2.3267669337809876e-09,1.1357310936554087e-24,1.1357310936554087e-24,0,1.3805869318582676e-22,1.418232432031199e-22,1.418232432031199e-22,0,7.083572660961247e-21,2.5380628236631153e-18,2.5380628236631153e-18,0,0,0
43,2,0,2.736090622740998e-07,1.6901643010440525e-19,1.6901643010440525e-19,0,1.7089408088089846e-24,1.76860659307547e-24,1.6901643010440525e-19,0,1.1950177385348964e-17,1.5350260203088857e-15,1.5350260203088857e-15,0,0,0
43,3,0,4.634145393240487e-06,1.986453285541705e-16,1.986453285541705e-16,0,1.7629041664516902e-16,1.7684875798514973e-16,1.986453285541705e-16,0,3.092512851445371e-14,1.3424318250764684e-12,1.3424318250764684e-12,0,0,0
43,4,0,2.658391332788779e-06,4.9554486797244826e-17,4.9554486797244826e-17,0,4.853236781865738e-15,4.841430070354907e-15,4.841430070354907e-15,0,9.032422702735778e-12,1.790689637115973e-10,1.790689637115973e-10,0,0,0
43,5,0,1.1447981146016155e-06,6.038622859405327e-18,6.038622859405327e-18,0,9.488635154100648e-16,9.491673623823101e-16,9.491673623823101e-16,0,2.857568361367943e-13,9.125637188578924e-12,9.125637188578924e-12,0,0,0
43,6,0,1.4750113985087518e-06,1.1374426045879011e-17,1.1374426045879011e-17,0,3.59165030366795e-15,3.584734374822182e-15,3.584734374822182e-15,0,2.316685496632523e-12,5.54195295934064e-11,5.54195295934064e-11,0,0,0
43,7,0,1.1525791278985687e-06,6.1416894372031474e-18,6.1416894372031474e-18,0,1.8130897860913618e-14,1.8046584087085725e-14,1.8046584087085725e-14,0,5.8447463320923015e-12,1.230491931476346e-10,1.230491931476346e-10,0,0,0
43,8,0,1.3767519781476374e-06,9.574757992231467e-18,9.574757992231467e-18,0,2.0405226121406242e-14,2.030628381007641e-14,2.030628381007641e-14,0,9.657690648803028e-12,1.8970393363841052e-10,1.8970393363841052e-10,0,0,0
43,9,0,1.6680339968406328e-06,1.5465665396505267e-17,1.5465665396505267e-17,0,1.0747931544816284e-13,1.0665851382348996e-13,1.0665851382348996e-13,0,5.825675598140427e-11,8.929023634602136e-10,8.929023634602136e-10,0,0,0
43,10,0,2.457967351928859e-06,4.07408298373649e-17,4.07408298373649e-17,0,3.505611264056034e-13,3.4719018820672543e-13,3.4719018820672543e-13,0,1.2842851002786872e-10,1.7649158010204293e-09,1.7649158010204293e-09,0,0,0
43,11,0,3.1444978320262854e-06,7.538736300228399e-17,7.538736300228399e-17,0,1.0340927651179445e-12,1.0222801560936888e-12,1.0222801560936888e-12,0,1.8219544786334313e-10,2.385796338566836e-09,2.385796338566836e-09,0,0,0
43,12,0,3.2070593923376136e-06,7.919071766109285e-17,7.919071766109285e-17,0,2.80101317059163e-13,2.775130316475886e-13,2.775130316475886e-13,0,1.1291727965273009e-10,1.5795747001006276e-09,1.5795747001006276e-09,0,0,0
43,13,0,3.025180854131632e-06,6.844240079808498e-17,6.844240079808498e-17,0,2.761336233256292e-13,2.7358859196158154e-13,2.7358859196158154e-13,0,1.42970929717329e-10,1.9358824654020684e-09,1.9358824654020684e-09,0,0,0
43,14,0,2.130808868964815e-06,2.851340478490528e-17,2.851340478490528e-17,0,1.3234757734106083e-13,1.3129071257600274e-13,1.3129071257600274e-13,0,9.514568815375816e-11,1.3628119509572874e-09,1.3628119509572874e-09,0,0,0
43,15,0,2.8545856944997886e-06,5.920310347101375e-17,5.920310347101375e-17,0,1.603521832320358e-13,1.5902014104170147e-13,1.5902014104170147e-13,0,3.3585920999621747e-10,4.0418848552243995e-09,4.0418848552243995e-09,0,0,0
43,16,0,2.685113291467858e-06,5.0808381716812596e-17,5.0808381716812596e-17,0,1.3508800484578038e-13,1.3400461891282955e-13,1.3400461891282955e-13,0,4.0734061230132435e-10,4.7732658077457675e-09,4.7732658077457675e-09,0,0,0
43,17,0,2.2794630481104177e-06,3.374604169571795e-17,3.374604169571795e-17,0,2.0284452644170152e-13,2.0107967400760094e-13,2.0107967400760094e-13,0,4.229310550621431e-10,4.930325679107173e-09,4.930325679107173e-09,0,0,0
43,18,0,2.2052003248943706e-06,3.106592940825221e-17,3.106592940825221e-17,0,1.1869210714837184e-13,1.1776594094641721e-13,1.1776594094641721e-13,0,3.4246585043517897e-10,4.110323752553925e-09,4.110323752553925e-09,0,0,0
43,19,0,2.0892873802973264e-06,2.7145436658646805e-17,2.7145436658646805e-17,0,1.3486780669374244e-13,1.3378655524313375e-13,1.3378655524313375e-13,0,5.358805337866001e-10,6.046200600787516e-09,6.046200600787516e-09,0,0,0
43,20,0,2.255410145399775e-06,3.2863405749454514e-17,3.2863405749454514e-17,0,1.7067307336676543e-13,1.692374698861919e-13,1.692374698861919e-13,0,8.477113090504736e-10,8.977707974145375e-09,8.977707974145375e-09,0,0,0
43,21,0,3.2424374186375804e-06,8.139134838652003e-17,8.139134838652003e-17,0,1.0117288370694887e-12,1.000208619333473e-12,1.000208619333473e-12,0,5.768341073388895e-09,4.688121113484003e-08,4.688121113484003e-08,0,0,0
43,22,0,2.3754817793335514e-06,3.741039799957127e-17,3.741039799957127e-17,0,5.033225780266065e-13,4.981783658849286e-13,4.981783658849286e-13,0,7.56766018296543e-09,5.924228156882285e-08,5.924228156882285e-08,0,0,0
43,23,0,2.1336608998575977e-06,2.8608851045414213e-17,2.8608851045414213e-17,0,3.4472280379579326e-13,3.4141768762526107e-13,3.4141768762526107e-13,0,2.653454561974729e-09,2.400578434949808e-08,2.400578434949808e-08,0,0,0
43,24,0,2.9872022378636965e-06,6.631581664607451e-17,6.631581664607451e-17,0,4.603285779963756e-13,4.55692485314426e-13,4.55692485314426e-13,0,3.9208189695175286e-09,3.361029562302504e-08,3.361029562302504e-08,0,0,0
43,25,0,2.3519199422855242e-06,3.649020150970688e-17,3.649020150970688e-17,0,5.945548251473541e-13,5.883126719613115e-13,5.883126719613115e-13,0,7.180424177534943e-09,5.661994160135973e-08,5.661994160135973e-08,0,0,0
43,26,0,2.5192449489728067e-06,4.332600592140335e-17,4.332600592140335e-17,0,4.1488980345776586e-13,4.10783416123613e-13,4.10783416123613e-13,0,2.9108911990002427e-09,2.600031297120609e-08,2.600031297120609e-08,0,0,0
43,27,0,2.9565344988709536e-06,6.462789714174321e-17,6.462789714174321e-17,0,1.0487377359766543e-12,1.0367332173191268e-12,1.0367332173191268e-12,0,1.3776901636821105e-08,9.928922440291645e-08,9.928922440291645e-08,0,0,0
43,28,0,2.077959720676132e-06,2.6779220566269866e-17,2.6779220566269866e-17,0,4.347723383559096e-13,4.304351405404787e-13,4.304351405404787e-13,0,5.93318570106198e-09,4.8033750298590574e-08,4.8033750298590574e-08,0,0,0
43,29,0,2.103877133671763e-06,2.7621516893999777e-17,2.7621516893999777e-17,0,2.9511814644427745e-13,2.923653151482206e-13,2.923653151482206e-13,0,4.857192850920118e-09,4.0424152835946736e-08,4.0424152835946736e-08,0,0,0
43,30,0,1.7000921872214095e-06,1.6219013580596725e-17,1.6219013580596725e-17,0,2.4939500379080993e-13,2.4713891014852956e-13,2.4713891014852956e-13,0,3.149809294982721e-09,2.7829631682614637e-08,2.7829631682614637e-08,0,0,0
43,31,0,1.5155490545221954e-06,1.2171591642400802e-17,1.2171591642400802e-17,0,8.620194246617334e-14,8.557550317303419e-14,8.557550317303419e-14,0,9.752905152195651e-10,1.0130854981043414e-08,1.0130854981043414e-08,0,0,0
43,32,0,1.829779790989039e-06,1.9489007332751976e-17,1.9489007332751976e-17,0,3.1137608047927834e-13,3.0844366674340306e-13,3.0844366674340306e-13,0,5.595680318495432e-09,4.566913584122491e-08,4.566913584122491e-08,0,0,0
43,33,0,2.2915906466349994e-06,3.419640095054681e-17,3.419640095054681e-17,0,1.0308850859770333e-12,1.0191144648324097e-12,1.0191144648324097e-12,0,2.199802242783291e-08,1.4862015656446612e-07,1.4862015656446612e-07,0,0,0
43,34,0,1.8664525330534454e-06,2.0479595167601833e-17,2.0479595167601833e-17,0,8.95437396318127e-13,8.854238824771495e-13,8.854238824771495e-13,0,1.4470380334134637e-08,1.0358242917843426e-07,1.0358242917843426e-07,0,0,0
43,35,0,1.980072175129332e-06,2.3737822382171322e-17,2.3737822382171322e-17,0,3.888279499403284e-13,3.8502168528746117e-13,3.8502168528746117e-13,0,6.064089881195025e-09,4.894583886950009e-08,4.894583886950009e-08,0,0,0
43,36,0,2.0687029599844967e-06,2.6482167715107842e-17,2.6482167715107842e-17,0,4.060307529067742e-13,4.020266999388772e-13,4.020266999388772e-13,0,6.663959733265084e-09,5.309174442276432e-08,5.309174442276432e-08,0,0,0
43,37,0,2.1235149042110217e-06,2.827017409480137e-17,2.827017409480137e-17,0,4.033877716208141e-13,3.9941418660070817e-13,3.9941418660070817e-13,0,9.386134191592202e-09,7.132563296266656e-08,7.132563296266656e-08,0,0,0
43,38,0,3.20471770576919e-06,7.904633215042863e-17,7.904633215042863e-17,0,1.0272613381813995e-12,1.0155381311608962e-12,1.0155381311608962e-12,0,3.0353242006564504e-08,1.9615374248539352e-07,1.9615374248539352e-07,0,0,0
43,39,0,2.2608351389124614e-06,3.3061254487201465e-17,3.3061254487201465e-17,0,6.532601481032097e-13,6.462988891565632e-13,6.462988891565632e-13,0,2.7006224247468642e-08,1.773618805523111e-07,1.773618805523111e-07,0,0,0
43,40,0,2.662737107285831e-06,4.975712808380004e-17,4.975712808380004e-17,0,1.4910505949725099e-12,1.4731075349504124e-12,1.4731075349504124e-12,0,3.7693467615686186e-08,2.3641353683884203e-07,2.3641353683884203e-07,0,0,0
43,41,0,1.7510546884597418e-06,1.746112414339264e-17,1.746112414339264e-17,0,4.718185916353735e-13,4.67047336970364e-13,4.67047336970364e-13,0,1.6320059397234612e-08,1.1489888803679394e-07,1.1489888803679394e-07,0,0,0
43,42,0,3.1873106417404236e-06,7.797798278129436e-17,7.797798278129436e-17,0,8.604752274136269e-13,8.509099102975758e-13,8.509099102975758e-13,0,1.4392040669514565e-08,1.0309888986152042e-07,1.0309888986152042e-07,0,0,0
43,43,0,2.8382206087066144e-06,5.83587639532535e-17,5.83587639532535e-17,0,1.164018242667464e-12,1.1504915348524194e-12,1.1504915348524194e-12,0,5.021181944563274e-08,3.0270478266995347e-07,3.0270478266995347e-07,0,0,0
43,44,0,2.44132657969761e-06,4.005520563934824e-17,4.005520563934824e-17,0,3.836905024686703e-13,3.799430614894742e-13,3.799430614894742e-13,0,1.7751858372949805e-08,1.2353669751020952e-07,1.2353669751020952e-07,0,0,0
43,45,0,2.058342788788845e-06,2.6152059894803536e-17,2.6152059894803536e-17,0,4.219229188973777e-13,4.1773506413286874e-13,4.1773506413286874e-13,0,7.773781683600677e-09,6.063052577580916e-08,6.063052577580916e-08,0,0,0
43,46,0,3.524461331204816e-06,1.0024756772357296e-16,1.0024756772357296e-16,0,9.741195378235692e-13,9.630891656747168e-13,9.630891656747168e-13,0,1.87214517906973e-08,1.293311953420242e-07,1.293311953420242e-07,0,0,0
43,47,0,3.1394023046417904e-06,7.508252148519808e-17,7.508252148519808e-17,0,1.2154500968727602e-12,1.2012380148916274e-12,1.2012380148916274e-12,0,2.6711175014185164e-08,1.7569040135949074e-07,1.7569040135949074e-07,0,0,0
43,48,0,3.410171581099912e-06,9.232199452724607e-17,9.232199452724607e-17,0,1.5601275100049023e-12,1.541235331441518e-12,1.541235331441518e-12,0,1.540100356352815e-08,1.0929951675462692e-07,1.0929951675462692e-07,0,0,0
43,49,0,3.3046159133146885e-06,8.53470798791735e-17,8.53470798791735e-17,0,1.8045462776383973e-12,1.7822562974127618e-12,1.7822562974127618e-12,0,1.8803919182982018e-08,1.2982209814685843e-07,1.2982209814685843e-07,0,0,0
43,50,0,3.0340248041085526e-06,6.894339872005999e-17,6.894339872005999e-17,0,1.0225382862722388e-12,1.0108768449896049e-12,1.0108768449896049e-12,0,2.274560790159387e-08,1.5296355055395063e-07,1.5296355055395063e-07,0,0,0
43,51,0,3.3307554669666695e-06,8.704376239196356e-17,8.704376239196356e-17,0,2.1373543252479353e-12,2.1103502403147776e-12,2.1103502403147776e-12,0,3.2911036971516775e-08,2.1032090200699698e-07,2.1032090200699698e-07,0,0,0
43,52,0,2.409006436073808e-06,3.874345371985292e-17,3.874345371985292e-17,0,1.0874139323186537e-12,1.0749009695398597e-12,1.0749009695398597e-12,0,1.5260996820876238e-08,1.0844253240737606e-07,1.0844253240737606e-07,0,0,0
43,53,0,3.3596523687304874e-06,8.894278109819125e-17,8.894278109819125e-17,0,5.364636404223108e-13,5.309235409507684e-13,5.309235409507684e-13,0,8.5268353569582e-09,6.566037259366646e-08,6.566037259366646e-08,0,0,0
43,54,0,3.172478048915544e-06,7.707451182518703e-17,7.707451182518703e-17,0,8.062765790387776e-13,7.974013421708516e-13,7.974013421708516e-13,0,9.120761744530772e-09,6.958401861451174e-08,6.958401861451174e-08,0,0,0
43,55,0,4.371044500306536e-06,1.716553528890773e-16,1.716553528890773e-16,0,2.7893963571735523e-12,2.7529162162631283e-12,2.7529162162631283e-12,0,2.82515663053876e-08,1.8438945574934353e-07,1.8438945574934353e-07,0,0,0
43,56,0,5.764710977750395e-06,3.427272156758555e-16,3.427272156758555e-16,0,1.0657438791554977e-11,1.0494280200089083e-11,1.0494280200089083e-11,0,1.299625632596918e-07,6.870914413311562e-07,6.870914413311562e-07,0,0,0
43,57,0,3.1917919990752677e-06,7.825219051924329e-17,7.825219051924329e-17,0,1.8040682112403267e-12,1.7817849332957551e-12,1.7817849332957551e-12,0,3.602556805046474e-08,2.2736861886474474e-07,2.2736861886474474e-07,0,0,0
43,58,0,5.407563373682031e-06,2.9211412280756984e-16,2.9211412280756984e-16,0,1.986053484613802e-12,1.961204101966562e-12,1.961204101966562e-12,0,2.667533876520282e-08,1.7548721285135167e-07,1.7548721285135167e-07,0,0,0
43,59,0,7.087107091318151e-06,5.74164194057504e-16,5.74164194057504e-16,0,9.242695270349348e-12,9.103384472348419e-12,9.103384472348419e-12,0,1.4883487401727208e-07,7.722743157951057e-07,7.722743157951057e-07,0,0,0
43,60,0,5.334807294516481e-06,2.823934520843684e-16,2.823934520843684e-16,0,5.362867000501711e-12,5.286892068407699e-12,5.286892068407699e-12,0,8.403674308883844e-08,4.7185162672364884e-07,4.7185162672364884e-07,0,0,0
43,61,0,4.307431122699654e-06,1.6548178103900133e-16,1.6548178103900133e-16,0,2.308271653500171e-12,2.278812107039975e-12,2.278812107039975e-12,0,2.5894014870868356e-08,1.710477031749917e-07,1.710477031749917e-07,0,0,0
43,62,0,7.256743597954022e-06,6.09118680787391e-16,6.09118680787391e-16,0,7.333824066496146e-12,7.226106859490092e-12,7.226106859490092e-12,0,7.145430840570204e-08,4.10288301647023e-07,4.10288301647023e-07,0,0,0
43,63,0,7.119131695498205e-06,5.806682860438359e-16,5.806682860438359e-16,0,2.009744694497523e-11,1.976858271429411e-11,1.976858271429411e-11,0,1.7868016980813612e-07,9.040362226882101e-07,9.040362226882101e-07,0,0,0
43,64,0,7.377567914873049e-06,6.347741683359378e-16,6.347741683359378e-16,0,1.4100862370417991e-11,1.3878424632679176e-11,1.3878424632679176e-11,0,1.0951256255949292e-07,5.928228871896885e-07,5.928228871896885e-07,0,0,0
43,65,0,8.06790837270208e-06,7.937387784886143e-16,7.937387784886143e-16,0,1.6019806323159472e-11,1.576370124736556e-11,1.576370124736556e-11,0,1.2475516592342568e-07,6.63294768779038e-07,6.63294768779038e-07,0,0,0
43,66,0,9.731835802800619e-06,1.2680445257513484e-15,1.2680445257513484e-15,0,1.9057863323057218e-11,1.874769155708523e-11,1.874769155708523e-11,0,1.695015399636739e-07,8.63863029599534e-07,8.63863029599534e-07,0,0,0
43,67,0,1.1458133182330606e-05,1.90687130408064e-15,1.90687130408064e-15,0,6.913395191389024e-11,6.786096851121414e-11,6.786096851121414e-11,0,6.378902341235841e-07,2.7074348850922537e-06,2.7074348850922537e-06,0,0,0
43,68,0,1.1296486782303053e-05,1.8403687375837405e-15,1.8403687375837405e-15,0,5.0480390989597754e-11,4.9577198090595745e-11,4.9577198090595745e-11,0,4.930078018629941e-07,2.1682677269224795e-06,2.1682677269224795e-06,0,0,0
43,69,0,1.165920096955934e-05,1.991576067511989e-15,1.991576067511989e-15,0,7.669142301270558e-11,7.526609596736803e-11,7.526609596736803e-11,0,4.957425069018922e-07,2.1786306980483448e-06,2.1786306980483448e-06,0,0,0
43,70,0,1.2961975217060326e-05,2.5949631056403268e-15,2.5949631056403268e-15,0,6.691004848479707e-11,6.568164057499144e-11,6.568164057499144e-11,0,9.110455795581464e-07,3.6811397605632803e-06,3.6811397605632803e-06,0,0,0
43,71,0,9.68657309412701e-06,1.2533608944954597e-15,1.2533608944954597e-15,0,5.198699874695965e-11,5.1054314422359186e-11,5.1054314422359186e-11,0,4.2614976457548237e-07,1.9123128201819933e-06,1.9123128201819933e-06,0,0,0
43,72,0,9.28835088154972e-06,1.1285630327131328e-15,1.1285630327131328e-15,0,7.524598800811416e-11,7.384989729166407e-11,7.384989729166407e-11,0,2.1902906185386028e-07,1.0774668374194746e-06,1.0774668374194746e-06,0,0,0
43,73,0,8.428709490493328e-06,8.854175165465278e-16,8.854175165465278e-16,0,5.906308944707347e-11,5.799095796386974e-11,5.799095796386974e-11,0,1.6216323290988572e-07,8.315285511405542e-07,8.315285511405542e-07,0,0,0
43,74,0,1.061395256605268e-05,1.5750033737198455e-15,1.5750033737198455e-15,0,1.6300572212517348e-10,1.597726835366087e-10,1.597726835366087e-10,0,2.6267014973186243e-07,1.2601415598336931e-06,1.2601415598336931e-06,0,0,0
43,75,0,1.0311938004087702e-05,1.4654093741472276e-15,1.4654093741472276e-15,0,1.8978877753195068e-10,1.8597674905739162e-10,1.8597674905739162e-10,0,3.3722153785536417e-07,1.5629482825209906e-06,1.5629482825209906e-06,0,0,0
43,76,0,1.0205412298748605e-05,1.4278798729082784e-15,1.4278798729082784e-15,0,1.398590935991491e-10,1.3712059704940987e-10,1.3712059704940987e-10,0,2.778504911713618e-07,1.3226692147857029e-06,1.3226692147857029e-06,0,0,0
43,77,0,1.0552084259788425e-05,1.552166217542899e-15,1.552166217542899e-15,0,1.6703577622165697e-10,1.6371605448135352e-10,1.6371605448135352e-10,0,2.451043167074045e-07,1.1871603681637034e-06,1.1871603681637034e-06,0,0,0
43,78,0,1.0715138542724244e-05,1.612785718541899e-15,1.612785718541899e-15,0,1.9011483902884452e-10,1.8629572143802364e-10,1.8629572143802364e-10,0,3.0207710546624483e-07,1.4214960985738721e-06,1.4214960985738721e-06,0,0,0
43,79,0,1.5697135724771193e-05,4.186730980071362e-15,4.186730980071362e-15,0,8.441956924251668e-10,8.251574151358323e-10,8.251574151358323e-10,0,1.4249772783197935e-06,5.412907923659559e-06,5.412907923659559e-06,0,0,0
43,80,0,1.3061438494254767e-05,2.6449993883870353e-15,2.6449993883870353e-15,0,4.2528531516532957e-10,4.161758148419736e-10,4.161758148419736e-10,0,5.003497941998504e-07,2.196071870916277e-06,2.196071870916277e-06,0,0,0
43,81,0,1.0189590234119562e-05,1.4223554378253015e-15,1.4223554378253015e-15,0,4.2035747984948676e-10,4.11361627684116e-10,4.11361627684116e-10,0,2.1409590462545856e-07,1.0565166155544286e-06,1.0565166155544286e-06,0,0,0
43,82,0,9.893544206409378e-06,1.321344669976419e-15,1.321344669976419e-15,0,1.9663782426602513e-10,1.9267669418027028e-10,1.9267669418027028e-10,0,3.2059276795067676e-07,1.496286899735445e-06,1.496286899735445e-06,0,0,0
43,83,0,1.1878087312107137e-05,2.086308892996531e-15,2.086308892996531e-15,0,3.2048069820124156e-10,3.1376594973868485e-10,3.1376594973868485e-10,0,4.2746143773622634e-07,1.917385189639673e-06,1.917385189639673e-06,0,0,0
43,84,0,1.3205486168042906e-05,2.7184830109811854e-15,2.7184830109811854e-15,0,5.200051552865151e-10,5.086940377015202e-10,5.086940377015202e-10,0,5.802648058706412e-07,2.495255390937969e-06,2.495255390937969e-06,0,0,0
43,85,0,1.4677492275937545e-05,3.539964696632866e-15,3.539964696632866e-15,0,6.254304547212331e-10,6.116354552844131e-10,6.116354552844131e-10,0,6.93517912275903e-07,2.9097575154783557e-06,2.9097575154783557e-06,0,0,0
43,86,0,1.63479110698896e-05,4.633960774529487e-15,4.633960774529487e-15,0,1.4051125970577578e-09,1.3722435185210835e-09,1.3722435185210835e-09,0,2.319139726627898e-06,8.236604991491458e-06,8.236604991491458e-06,0,0,0
43,87,0,1.0051879080031981e-05,1.374813288232581e-15,1.374813288232581e-15,0,2.9383614238071205e-10,2.877218198942418e-10,2.877218198942418e-10,0,7.655552776348569e-07,3.1684771256804505e-06,3.1684771256804505e-06,0,0,0
43,88,0,1.5460525154982124e-05,4.030833457585221e-15,4.030833457585221e-15,0,4.938490305762955e-10,4.831489601452995e-10,4.831489601452995e-10,0,7.952367026811762e-07,3.2740839660313912e-06,3.2740839660313912e-06,0,0,0
43,89,0,1.2096261916990972e-05,2.183373088315088e-15,2.183373088315088e-15,0,2.864470241509925e-10,2.804985213158845e-10,2.804985213158845e-10,0,6.688109861594233e-07,2.820184001828591e-06,2.820184001828591e-06,0,0,0
43,90,0,1.2695268259810783e-05,2.463610174437136e-15,2.463610174437136e-15,0,2.6348386950965393e-10,2.580486378065167e-10,2.580486378065167e-10,0,3.7812914441415727e-07,1.725062428472626e-06,1.725062428472626e-06,0,0,0
43,91,0,1.2929510196477574e-05,2.5787550950888106e-15,2.5787550950888106e-15,0,1.336093722681999e-10,1.3100335956213852e-10,1.3100335956213852e-10,0,4.371719103525602e-07,1.9548702144785663e-06,1.9548702144785663e-06,0,0,0
43,92,0,1.9390289492918423e-05,7.09811291148265e-15,7.09811291148265e-15,0,3.6493766330749833e-10,3.572130856989349e-10,3.572130856989349e-10,0,1.506299971430095e-06,5.6781460373006475e-06,5.6781460373006475e-06,0,0,0
43,93,0,1.472804156171656e-05,3.5705035054293006e-15,3.5705035054293006e-15,0,2.827093635872226e-10,2.768446184939322e-10,2.768446184939322e-10,0,1.176471931787671e-06,4.588746327043427e-06,4.588746327043427e-06,0,0,0
43,94,0,1.5445443291909004e-05,4.021016461126065e-15,4.021016461126065e-15,0,2.8029658777871634e-10,2.744858676490555e-10,2.744858676490555e-10,0,1.2885638952974498e-06,4.963201660263613e-06,4.963201660263613e-06,0,0,0
43,95,0,1.1641214435535191e-05,1.9839087698397107e-15,1.9839087698397107e-15,0,1.0980914238840994e-10,1.0770301676719947e-10,1.0770301676719947e-10,0,7.365089273581756e-07,3.0645811956497953e-06,3.0645811956497953e-06,0,0,0
43,96,0,1.1804827007746943e-05,2.0543081313466952e-15,2.0543081313466952e-15,0,1.342251790382746e-10,1.3160613333752503e-10,1.3160613333752503e-10,0,5.173744350542855e-07,2.2603292741619e-06,2.2603292741619e-06,0,0,0
43,97,0,9.982004222203535e-06,1.3510601823328081e-15,1.3510601823328081e-15,0,4.5414728786849196e-11,4.461013526576612e-11,4.461013526576612e-11,0,3.2740130360744094e-07,1.5236373009212713e-06,1.5236373009212713e-06,0,0,0
43,98,0,1.0882263208843313e-05,1.6763695161849564e-15,1.6763695161849564e-15,0,4.1072287117871107e-11,4.0351473880625604e-11,4.0351473880625604e-11,0,1.7118939121488252e-07,8.712725312596179e-07,8.712725312596179e-07,0,0,0
43,99,0,1.2338294324655955e-05,2.294163678531801e-15,2.294163678531801e-15,0,6.841759253016368e-11,6.715898080751765e-11,6.715898080751765e-11,0,3.034363453227453e-07,1.4270076031998214e-06,1.4270076031998214e-06,0,0,0
43,100,0,1.1639639999922194e-05,1.983238463763877e-15,1.983238463763877e-15,0,5.955081132440598e-11,5.846901466273728e-11,5.846901466273728e-11,0,4.3327957152594584e-07,1.939858690910676e-06,1.939858690910676e-06,0,0,0
43,101,0,9.353601828218854e-06,1.1484754660534763e-15,1.1484754660534763e-15,0,3.3558840978327624e-11,3.298113686648114e-11,3.298113686648114e-11,0,1.245129281696076e-07,6.621844971059379e-07,6.621844971059379e-07,0,0,0
43,102,0,1.5532220252357148e-05,4.077697316229676e-15,4.077697316229676e-15,0,1.2784213352235916e-10,1.2535794853327667e-10,1.2535794853327667e-10,0,3.506041606368373e-07,1.616266751576325e-06,1.616266751576325e-06,0,0,0
43,103,0,1.1628274300857215e-05,1.9784036182593044e-15,1.9784036182593044e-15,0,7.408022596060973e-11,7.270768129810889e-11,7.270768129810889e-11,0,5.460580119452937e-07,2.3679385142725417e-06,2.3679385142725417e-06,0,0,0
43,104,0,1.2484162688700103e-05,2.3625291665291437e-15,2.3625291665291437e-15,0,6.790464574412531e-11,6.665631719823341e-11,6.665631719823341e-11,0,3.087770782077223e-07,1.4486306046394004e-06,1.4486306046394004e-06,0,0,0
43,105,0,1.841599224318145e-05,6.2402862207001245e-15,6.2402862207001245e-15,0,1.240793319542107e-10,1.2167440208837275e-10,1.2167440208837275e-10,0,6.747598660622781e-07,2.841792464058796e-06,2.841792464058796e-06,0,0,0
43,106,0,2.2587464467837362e-05,1.039319291635227e-14,1.039319291635227e-14,0,3.2744490419329525e-10,3.2057260412444197e-10,3.2057260412444197e-10,0,1.805898777625324e-06,6.639146233387215e-06,6.639146233387215e-06,0,0,0
43,107,0,1.5175387811357734e-05,3.847656445982531e-15,3.847656445982531e-15,0,8.014650490809934e-11,7.865111201320579e-11,7.865111201320579e-11,0,4.1906499178621026e-07,1.8848778422080125e-06,1.8848778422080125e-06,0,0,0
43,108,0,2.0162472970966108e-05,7.825562188327649e-15,7.825562188327649e-15,0,2.118425266486426e-10,2.0754900559471493e-10,2.0754900559471493e-10,0,5.457425704598532e-07,2.3667594204650348e-06,2.3667594204650348e-06,0,0,0
43,109,0,2.2194323292298414e-05,9.947106015656451e-15,9.947106015656451e-15,0,3.833800020290166e-10,3.75233821124618e-10,3.75233821124618e-10,0,1.812676816562256e-06,6.660619088690993e-06,6.660619088690993e-06,0,0,0
43,110,0,2.055323384260346e-05,8.210009003970079e-15,8.210009003970079e-15,0,2.48238698103713e-10,2.4314241687225125e-10,2.4314241687225125e-10,0,1.1661557406285386e-06,4.554042654640858e-06,4.554042654640858e-06,0,0,0
43,111,0,2.6223828584797504e-05,1.5091118407325248e-14,1.5091118407325248e-14,0,2.808560114837799e-10,2.7503276822411236e-10,2.7503276822411236e-10,0,1.1357266234081622e-06,4.451430409867388e-06,4.451430409867388e-06,0,0,0
43,112,0,2.805988460478684e-05,1.7871094936171998e-14,1.7871094936171998e-14,0,8.489645570442875e-10,8.298108396048719e-10,8.298108396048719e-10,0,2.3894890154522294e-06,8.45151656516755e-06,8.45151656516755e-06,0,0,0
43,113,0,4.897928843640246e-05,7.187962376073812e-14,7.187962376073812e-14,0,3.69513448220868e-09,3.6028092616499762e-09,3.6028092616499762e-09,0,1.3774329239432452e-05,3.825310350011517e-05,3.825310350011517e-05,0,0,0
43,114,0,3.7819735051835484e-05,3.767360709694665e-14,3.767360709694665e-14,0,2.561374755694767e-09,2.4989230644993955e-09,2.4989230644993955e-09,0,1.237989091070361e-05,3.4890979044278184e-05,3.4890979044278184e-05,0,0,0
43,115,0,4.777618576181415e-05,6.754903761475846e-14,6.754903761475846e-14,0,2.2354198599413483e-09,2.1814169352405274e-09,2.1814169352405274e-09,0,1.038266799805713e-05,2.9981606403561625e-05,2.9981606403561625e-05,0,0,0
43,116,0,4.951568031304265e-05,7.386259399519574e-14,7.386259399519574e-14,0,3.6182391924270923e-09,3.527960518684014e-09,3.527960518684014e-09,0,1.670817363537549e-05,4.518002863696947e-05,4.518002863696947e-05,0,0,0
43,117,0,8.950371022621608e-05,3.241940274721522e-13,3.241940274721522e-13,0,9.227155942375067e-09,8.982718771780459e-09,8.982718771780459e-09,0,1.953799604080456e-05,5.1702915271807035e-05,5.1702915271807035e-05,0,0,0
43,118,0,4.823304604805639e-05,6.917451604206897e-14,6.917451604206897e-14,0,3.33807898858964e-09,3.255233535520752e-09,3.255233535520752e-09,0,7.162285918941568e-06,2.1770165963954514e-05,2.1770165963954514e-05,0,0,0
43,119,0,5.339875807800585e-05,8.919647002519693e-14,8.919647002519693e-14,0,4.791086665611635e-10,4.687519545104878e-10,4.687519545104878e-10,0,9.402863937753849e-07,3.7827553010414474e-06,3.7827553010414474e-06,0,0,0
43,120,0,4.8726820027568006e-05,7.095746380606237e-14,7.095746380606237e-14,0,6.7190603062374e-10,6.570064061030652e-10,6.570064061030652e-10,0,1.5564878884573319e-06,5.840845550584756e-06,5.840845550584756e-06,0,0,0
43,121,0,6.674182600375807e-05,1.5573115175486124e-13,1.5573115175486124e-13,0,9.357505891030988e-10,9.144885641089072e-10,9.144885641089072e-10,0,4.3877419730796084e-06,1.4270269558844791e-05,1.4270269558844791e-05,0,0,0
43,122,0,5.29265510964643e-05,8.723873945586001e-14,8.723873945586001e-14,0,1.194421718737006e-09,1.1668012429225127e-09,1.1668012429225127e-09,0,4.982384427673837e-06,1.592237801200429e-05,1.592237801200429e-05,0,0,0
43,123,0,7.133649751604592e-05,1.8391568460416578e-13,1.8391568460416578e-13,0,1.9430213391330088e-09,1.8965309960135124e-09,1.8965309960135124e-09,0,7.3794043563700096e-06,2.2337818107133036e-05,2.2337818107133036e-05,0,0,0
43,124,0,8.771265238174403e-05,3.082265417204578e-13,3.082265417204578e-13,0,3.343463365242033e-09,3.260475407995238e-09,3.260475407995238e-09,0,1.7987643735759518e-05,4.814676282552911e-05,4.814676282552911e-05,0,0,0
43,125,0,6.06784460391148e-05,1.2275115234625642e-13,1.2275115234625642e-13,0,1.3597211117984597e-09,1.327987484049334e-09,1.327987484049334e-09,0,7.072759150437522e-06,2.1535411189074532e-05,2.1535411189074532e-05,0,0,0
43,126,0,5.069686720079265e-05,7.834395556880663e-14,7.834395556880663e-14,0,3.325430837896265e-10,3.255552920586144e-10,3.255552920586144e-10,0,1.4680251675769687e-06,5.553563790741428e-06,5.553563790741428e-06,0,0,0
43,127,0,0.00011702221585741528,6.33458265010249e-13,6.33458265010249e-13,0,4.349373386155734e-09,4.2395344975541526e-09,4.2395344975541526e-09,0,8.307283234195578e-06,2.473869110989616e-05,2.473869110989616e-05,0,0,0
43,128,0,8.05840373276381e-05,2.4939500901926647e-13,2.4939500901926647e-13,0,1.929881377648677e-09,1.8837270150403574e-09,1.8837270150403574e-09,0,1.0551385917908947e-05,3.040107115702545e-05,3.040107115702545e-05,0,0,0
43,129,0,8.45468216383936e-05,2.8117686153749874e-13,2.8117686153749874e-13,0,1.888113586852592e-09,1.8430262177305439e-09,1.8430262177305439e-09,0,4.955050931329274e-06,1.5847058533221153e-05,1.5847058533221153e-05,0,0,0
43,130,0,0.00010312528899592554,4.61883393871311e-13,4.61883393871311e-13,0,2.703299265643986e-09,2.637147008582056e-09,2.637147008582056e-09,0,1.3853715022002816e-05,3.844305259101254e-05,3.844305259101254e-05,0,0,0
43,131,0,0.00012318830451994747,7.201818164534496e-13,7.201818164534496e-13,0,4.16783947889299e-09,4.062877508042847e-09,4.062877508042847e-09,0,2.3198706923164392e-05,5.995151878176843e-05,5.995151878176843e-05,0,0,0
43,132,0,0.0001067520657218992,5.035472126900862e-13,5.035472126900862e-13,0,3.15294146481231e-09,3.0749870593311274e-09,3.0749870593311274e-09,0,1.6416778877165617e-05,4.450005129975342e-05,4.450005129975342e-05,0,0,0
43,133,0,0.00012320205743551738,7.203827354890709e-13,7.203827354890709e-13,0,2.392281483234904e-09,2.3342218072925194e-09,2.3342218072925194e-09,0,1.5772551967235824e-05,4.299075804965842e-05,4.299075804965842e-05,0,0,0
43,134,0,8.54091122503727e-05,2.8839705076625e-13,2.8839705076625e-13,0,1.04629573054585e-09,1.0223291390288523e-09,1.0223291390288523e-09,0,6.5846760133901975e-06,2.0248189529065358e-05,2.0248189529065358e-05,0,0,0
43,135,0,0.00011840630252523826,6.523454651872251e-13,6.523454651872251e-13,0,1.5818580660931706e-09,1.5445454392205516e-09,1.5445454392205516e-09,0,1.3409910267248587e-05,3.737918967585221e-05,3.737918967585221e-05,0,0,0
43,136,0,0.00016284253888761258,1.446400312041489e-12,1.446400312041489e-12,0,8.468255308423257e-09,8.245117009917951e-09,8.245117009917951e-09,0,4.250030230904832e-05,0.00010102298874269674,0.00010102298874269674,0,0,0
43,137,0,0.00026099765954175385,4.701552204377182e-12,4.701552204377182e-12,0,4.4183110245735575e-08,4.289905446782304e-08,4.289905446782304e-08,0,0.00010775673330097077,0.00022524911457888253,0.00022524911457888253,0,0,0
43,138,0,0.0003325599390477815,8.614596950006069e-12,8.614596950006069e-12,0,6.900656398277509e-08,6.695066348190412e-08,6.695066348190412e-08,0,0.0003436662327409477,0.0006119844771515379,0.0006119844771515379,0,0,0
43,139,0,0.00025442733382893725,4.411330709095242e-12,4.411330709095242e-12,0,5.2918792997407546e-08,5.136520957419062e-08,5.136520957419062e-08,0,0.00014551113184738397,0.00029180388304886427,0.00029180388304886427,0,0,0
43,140,0,0.0003209441568516044,7.882169164221722e-12,7.882169164221722e-12,0,6.539793675221429e-08,6.345530204918889e-08,6.345530204918889e-08,0,0.00015554747971858148,0.00030906881210369095,0.00030906881210369095,0,0,0
43,141,0,0.00030836351728199857,7.132528145775171e-12,7.132528145775171e-12,0,6.908994732397578e-08,6.703142591631998e-08,6.703142591631998e-08,0,0.00012171203689705583,0.000250175736962138,0.000250175736962138,0,0,0
43,142,0,0.0003270365955516504,8.261455775959026e-12,8.261455775959026e-12,0,6.329838385646223e-08,6.14215001081842e-08,6.14215001081842e-08,0,6.569255050508034e-05,0.00014703616650048673,0.00014703616650048673,0,0,0
43,143,0,0.00037092277540136387,1.131710019893199e-11,1.131710019893199e-11,0,1.1123817728089788e-07,1.0783710255935442e-07,1.0783710255935442e-07,0,0.00010925685147375077,0.00022794908241641923,0.00022794908241641923,0,0,0
43,144,0,0.00031950409279299006,7.794076674651962e-12,7.794076674651962e-12,0,8.192519548076749e-08,7.946138462407755e-08,7.946138462407755e-08,0,0.00013177818866703624,0.0002679088763353256,0.0002679088763353256,0,0,0
43,145,0,0.00028087920149071733,5.6483237966064436e-12,5.6483237966064436e-12,0,3.5382632657166576e-08,3.436722478157307e-08,3.436722478157307e-08,0,6.24008521961203e-05,0.0001406637477461661,0.0001406637477461661,0,0,0
43,146,0,0.00028428448725457766,5.8210176021221246e-12,5.8210176021221246e-12,0,3.694680496478473e-08,3.588388748102258e-08,3.588388748102258e-08,0,7.352605769058678e-05,0.00016202855679761392,0.00016202855679761392,0,0,0
43,147,0,0.00035416643719124403,1.0082277320451928e-11,1.0082277320451928e-11,0,1.1786994381001978e-07,1.142549325336244e-07,1.142549325336244e-07,0,0.00017738442675322604,0.0003461175302236378,0.0003461175302236378,0,0,0
43,148,0,0.000291452276025785,6.194770564331253e-12,6.194770564331253e-12,0,6.20762850423355e-08,6.023762111676797e-08,6.023762111676797e-08,0,0.00013239795320080873,0.0002689944306521772,0.0002689944306521772,0,0,0
43,149,0,0.00029765641745147403,6.52960510931192e-12,6.52960510931192e-12,0,1.5194478195549875e-07,1.4722157464283367e-07,1.4722157464283367e-07,0,6.47570746439315e-05,0.00014522975750223425,0.00014522975750223425,0,0,0
43,150,0,0.00038235063960970255,1.220878425671539e-11,1.220878425671539e-11,0,2.823390317333857e-07,2.7327646869956834e-07,2.7327646869956834e-07,0,0.0001334508215755907,0.0002708369838317324,0.0002708369838317324,0,0,0
43,151,0,0.0005359163195780235,2.839186672407953e-11,2.839186672407953e-11,0,6.676596186601001e-07,6.452905302705597e-07,6.452905302705597e-07,0,0.0004983040131608696,0.00084290737042738,0.00084290737042738,0,0,0
43,152,0,0.0005585438824310824,3.1484061939801934e-11,3.1484061939801934e-11,0,9.431847194582874e-07,9.110528992662937e-07,9.110528992662937e-07,0,0.00041223725937407363,0.0007158529748207795,0.0007158529748207795,0,0,0
43,153,0,0.0005604787807982013,3.175741621625861e-11,3.175741621625861e-11,0,7.723587046112497e-07,7.462982216321676e-07,7.462982216321676e-07,0,0.00022709515752722176,0.0004282398252485623,0.0004282398252485623,0,0,0
43,154,0,0.0007172841610953852,5.884035553799561e-11,5.884035553799561e-11,0,1.3800876653935768e-06,1.3322152205900697e-06,1.3322152205900697e-06,0,0.0006341861343827252,0.0010375557088599064,0.0010375557088599064,0,0,0
43,155,0,0.0013266956441785984,2.7391312031276964e-10,2.7391312031276964e-10,0,8.14083352479359e-06,7.834932422936426e-06,7.834932422936426e-06,0,0.002805846175005956,0.00373541045958357,0.00373541045958357,0,0,0
43,156,0,0.0010607895908607643,1.5653924808922189e-10,1.5653924808922189e-10,0,4.422779208947088e-06,4.2609750611500904e-06,4.2609750611500904e-06,0,0.002710876787838303,0.003626273914969192,0.003626273914969192,0,0,0
43,157,0,0.001168875854222294,1.99536117336001e-10,1.99536117336001e-10,0,4.012057750914223e-06,3.865915648742221e-06,3.865915648742221e-06,0,0.0010802564507108496,0.001641697991772129,0.001641697991772129,0,0,0
43,158,0,0.0009638457420170108,1.231770546409133e-10,1.231770546409133e-10,0,2.845808101405221e-06,2.7437380907522038e-06,2.7437380907522038e-06,0,0.00045488621640243313,0.0007792294115723829,0.0007792294115723829,0,0,0
43,159,0,0.0012098479082023506,2.1749447063390777e-10,2.1749447063390777e-10,0,5.174832026902467e-06,4.984192920229336e-06,4.984192920229336e-06,0,0.0004484421109987953,0.0007697081625788194,0.0007697081625788194,0,0,0
43,160,0,0.0014006910905493242,3.1374977601862377e-10,3.1374977601862377e-10,0,7.482012236407481e-06,7.201893078955662e-06,7.201893078955662e-06,0,0.0012330574894293166,0.001839877161985867,0.001839877161985867,0,0,0
43,161,0,0.0011908796854491887,2.0906498196884933e-10,2.0906498196884933e-10,0,5.41169695478654e-06,5.211937982218531e-06,5.211937982218531e-06,0,0.0010047422370974887,0.0015423422680728896,0.0015423422680728896,0,0,0
43,162,0,0.0014569819316003583,3.462556671385582e-10,3.462556671385582e-10,0,6.260811479610137e-06,6.0282260972911806e-06,6.0282260972911806e-06,0,0.0011972481570771117,0.0017937555841612855,0.0017937555841612855,0,0,0
43,163,0,0.0029891095002337912,2.0930813364818732e-09,2.0930813364818732e-09,0,2.1540477818467935e-05,2.0697047409138446e-05,2.0697047409138446e-05,0,0.00694921764959618,0.008155737356338602,0.008155737356338602,0,0,0
43,164,0,0.0028631066612498732,1.878961891889521e-09,1.878961891889521e-09,0,3.248551555487792e-05,3.119189237971987e-05,3.119189237971987e-05,0,0.008988584230534037,0.010178263175848391,0.010178263175848391,0,0,0
43,165,0,0.0025357814996806965,1.3862176043048111e-09,1.3862176043048111e-09,0,1.2219886566677501e-05,1.1752649160788264e-05,1.1752649160788264e-05,0,0.002353411270552468,0.003210507518641767,0.003210507518641767,0,0,0
43,166,0,0.003758749284923003,3.7172322998499187e-09,3.7172322998499187e-09,0,2.1906231496657994e-05,2.1047881682780144e-05,2.1047881682780144e-05,0,0.006477181126116612,0.007676490379026446,0.007676490379026446,0,0,0
43,167,0,0.004089523148556571,4.5929855494111695e-09,4.5929855494111695e-09,0,3.258128500188631e-05,3.1283692762380086e-05,3.1283692762380086e-05,0,0.012991893635238592,0.013977017958862616,0.013977017958862616,0,0,0
43,168,0,0.008027254283416817,2.501290050332399e-08,2.501290050332399e-08,0,0.0003051188507066431,0.00029186595841395485,0.00029186595841395485,0,0.05264756626282884,0.04676174745969347,0.04676174745969347,0,0,0
43,169,0,0.013378902208531388,9.084785085974841e-08,9.084785085974841e-08,0,0.002860374341749791,0.0027261324366795185,0.0027261324366795185,0,0.3017428137180826,0.22323560126367284,0.22323560126367284,0,0,1
43,170,0,0.01772704288687081,1.8554633125172622e-07,1.8554633125172622e-07,0,0.004698996905169345,0.004475103543917681,0.004475103543917681,0,0.47750974673696545,0.35404224529325673,0.35404224529325673,0,0,1
43,171,0,0.018256932136780767,1.9998447677036977e-07,1.9998447677036977e-07,0,0.004081864664159272,0.003888185699861871,0.003888185699861871,0,0.41050746534299043,0.3024548341363594,0.3024548341363594,0,0,1
43,172,0,0.02022886037367176,2.596965084388229e-07,2.596965084388229e-07,0,0.008563801570106416,0.008149022412125801,0.008149022412125801,0,0.49868009617203046,0.37091942320137905,0.37091942320137905,0,0,1
43,173,0,0.025195886411788743,4.552235604449594e-07,4.552235604449594e-07,0,0.012105276264979899,0.011514240520275111,0.011514240520275111,0,0.5812483552522021,0.44001758780370476,0.44001758780370476,0,0,1
43,174,0,0.03470780752489387,1.0384530317602075e-06,1.0384530317602075e-06,0,0.028300014824528187,0.026901545156976358,0.026901545156976358,0,0.6619278054320399,0.513850702507699,0.513850702507699,0,0,1
43,175,0,0.035175750735326694,1.0750884798863744e-06,1.0750884798863744e-06,0,0.03211832029388933,0.030530572660910724,0.030530572660910724,0,0.7344540324765338,0.587386231249181,0.587386231249181,0,0,1
43,176,0,0.04990810778887591,2.6774244160105774e-06,2.6774244160105774e-06,0,0.06064528963509372,0.057670345067771085,0.057670345067771085,0,0.8187214780758962,0.6847837606088705,0.6847837606088705,0,0,1
43,177,0,0.07581513655858978,8.154288471445387e-06,8.154288471445387e-06,0,0.26191021552986,0.2511662404722858,0.2511662404722858,1,0.9601554000194225,0.9019507584454586,0.9019507584454586,0,1,1
43,178,0,0.06581484501385405,5.574768594774391e-06,5.574768594774391e-06,0,0.16921784085480968,0.16157148242040723,0.16157148242040723,1,0.9394476690169825,0.8628958742523322,0.8628958742523322,0,0,1
43,179,0,0.054049588184639924,3.303354762653994e-06,3.303354762653994e-06,0,0.08483217658943591,0.08072743415517843,0.08072743415517843,1,0.7639643310450698,0.6197925563314335,0.6197925563314335,0,0,1
43,180,0,0.06383022860392594,5.1369087160940916e-06,5.1369087160940916e-06,0,0.047635237185377724,0.04528637193833229,0.04528637193833229,1,0.6833324125020722,0.5347503371018776,0.5347503371018776,0,0,1
43,181,0,0.08989507889159742,1.2968037377593491e-05,1.2968037377593491e-05,0,0.21522817995919727,0.20593618725466042,0.20593618725466042,1,0.9074541188328774,0.8090813346569489,0.8090813346569489,0,0,1
43,182,0,0.10838075871259896,2.1779500575721136e-05,2.1779500575721136e-05,0,0.26014261406620304,0.2494495401686331,0.2494495401686331,1,0.8977070388149014,0.7938730292793185,0.7938730292793185,0,1,1
43,183,0,0.12695970153613004,3.408520681893617e-05,3.408520681893617e-05,0,0.2990781069568383,0.2873393860122506,0.2873393860122506,1,0.9201960129852694,0.829735246396469,0.829735246396469,0,1,1
43,184,0,0.18045823216944912,9.609208701643358e-05,9.609208701643358e-05,0,0.6648721576775183,0.6515452033565842,0.6515452033565842,1,0.9808990243597814,0.9464072549758936,0.9464072549758936,0,1,1
43,185,0,0.26795488117525607,0.0003419995361783748,0.0003419995361783748,0,0.9023235689318377,0.8967358555366097,0.8967358555366097,1,0.9941447459844726,0.9801983353718099,0.9801983353718099,0,1,1
43,186,0,0.3642240637627786,0.0010465546504878312,0.0010465546504878312,0,0.958445024559138,0.9558457863243099,0.9558457863243099,1,0.9977099416918784,0.9911130017397782,0.9911130017397782,0,1,1
43,187,0,0.3071717990418288,0.0005519273434432623,0.0005519273434432623,1,0.9046327429421036,0.8991583122442011,0.8991583122442011,1,0.9940446735414332,0.9799111116951869,0.9799111116951869,0,1,1
43,188,0,0.4697772840105582,0.0031044748044672774,0.0031044748044672774,1,0.9715534187046838,0.9697287706841344,0.9697287706841344,1,0.9976686319160745,0.9909759195961352,0.9909759195961352,0,1,1
43,189,0,0.6555166728828303,0.0205934190070601,0.0205934190070601,1,0.9965709653365497,0.9963317902340635,0.9963317902340635,1,0.9998356492883906,0.999076790542927,0.999076790542927,0,1,1
43,190,0,0.6365357962357201,0.016800740248190244,0.016800740248190244,1,0.9897597544157216,0.9890708295868317,0.9890708295868317,1,0.9998268685089298,0.9990344627507796,0.9990344627507796,0,1,1
43,191,0,0.8021957015464831,0.12223461458003447,0.12223461458003447,1,0.9991325326726986,0.9990697019030546,0.9990697019030546,1,0.9999687501630385,0.9997791200477597,0.9997791200477597,1,1,1
43,192,0,0.7335476420295852,0.05024635003176729,0.05024635003176729,1,0.9958627714293224,0.9955758210055384,0.9955758210055384,1,0.999941076241485,0.9996184826272442,0.9996184826272442,0,1,1
43,193,0,0.8334098297222435,0.19046603012083654,0.19046603012083654,1,0.9987421552053388,0.9986519333274142,0.9986519333274142,1,0.9999648967186534,0.9997558391661516,0.9997558391661516,1,1,1
43,194,0,0.8768331779939412,0.3622584966042551,0.3622584966042551,1,0.9994331019555494,0.9993915913097541,0.9993915913097541,1,0.9999917908060032,0.9999302070738668,0.9999302070738668,1,1,1
43,195,0,0.8318193411549798,0.18610847572382377,0.18610847572382377,1,0.9975107509049976,0.9973355096348396,0.9973355096348396,1,0.9999658764066449,0.9997617229079865,0.9997617229079865,1,1,1
43,196,0,0.8391028295534263,0.20700015998787863,0.20700015998787863,1,0.9973893871097705,0.997205850401216,0.997205850401216,1,0.9998957116493989,0.9993760610077385,0.9993760610077385,1,1,1
43,197,1,0.875402380989143,0.35468436300822187,0.35468436300822187,1,0.9983731701743952,0.9982572850433129,0.9982572850433129,1,0.9998721803495361,0.9992565318884504,0.9992565318884504,1,1,1
43,198,1,0.9136276369330321,0.6043781692311994,0.6043781692311994,1,0.9992370655233708,0.9991816224648675,0.9991816224648675,1,0.9999368604633051,0.9995950759009795,0.9995950759009795,1,1,1
43,199,1,0.9439259263854847,0.8298479175989348,0.8298479175989348,1,0.9999429678171979,0.9999385515353173,0.9999385515353173,1,0.9999953952938082,0.9999575978512075,0.9999575978512075,1,1,1
43,200,1,0.9383938041314442,0.7916320988077811,0.7916320988077811,1,0.9998429028378149,0.9998310286624932,0.9998310286624932,1,0.9999888773391549,0.9999093220908478,0.9999093220908478,1,1,1
43,201,1,0.9697024579964102,0.9604524174550635,0.9604524174550635,1,0.9999783624445394,0.9999766486952436,0.9999766486952436,1,0.9999980510583649,0.9999797911207646,0.9999797911207646,1,1,1
43,202,1,0.9748785277741732,0.9751870043479699,0.9751870043479699,1,0.9999924980279403,0.9999918893499726,0.9999918893499726,1,0.9999995087542043,0.9999938387115408,0.9999938387115408,1,1,1
43,203,1,0.9846545452614897,0.9928087027470816,0.9928087027470816,1,0.9999973148181496,0.999997091912218,0.999997091912218,1,0.999999721036326,0.999996216901988,0.999997091912218,1,1,1
43,204,1,0.9854604446361749,0.9937225285549811,0.9937225285549811,1,0.9999985687488623,0.9999984482880715,0.9999984482880715,1,0.99999985344531,0.9999978278376271,0.9999984482880715,1,1,1
43,205,1,0.9922077269688445,0.9986945457889075,0.9986945457889075,1,0.9999993520050279,0.9999992965260643,0.9999992965260643,1,0.999999917714348,0.9999986792423445,0.9999992965260643,1,1,1
43,206,1,0.9927258099764553,0.9989019197061597,0.9989019197061597,1,0.9999996128018505,0.9999995792856998,0.9999995792856998,1,0.9999999118661871,0.9999985987195206,0.9999995792856998,1,1,1
43,207,1,0.9959764762419042,0.9997517325071389,0.9997517325071389,1,0.9999997635612097,0.9999997428808405,0.9999997428808405,1,0.999999967783375,0.9999994114274975,0.9999997428808405,1,1,1
56,1,0,1.728962274735422e-07,5.3688747639823534e-20,5.3688747639823534e-20,0,1.4651520774459427e-19,1.4875008487354942e-19,1.4875008487354942e-19,0,8.471410809845313e-17,8.303729687526964e-15,8.303729687526964e-15,0,0,0
56,2,0,0.6679385627116826,0.023584047504379823,0.023584047504379823,0,1.0,1.0,1.0,0,0.9999999999998401,0.9999999999842357,1.0,0,1,1
56,3,0,0.0037805578580986264,3.771557971002416e-09,3.771557971002416e-09,0,2.9447659425203235e-05,2.8279692708807275e-05,2.8279692708807275e-05,0,1.6957180448194975e-06,6.288497244344101e-06,2.8279692708807275e-05,0,0,0
56,4,0,0.0004561549152473014,1.897828841565224e-11,1.897828841565224e-11,0,1.4335404533685018e-10,1.4054125894673277e-10,1.4054125894673277e-10,0,9.482635686887373e-10,9.888401044999141e-09,9.888401044999141e-09,0,0,0
56,5,0,0.000548038316789856,3.002455098190609e-11,3.002455098190609e-11,0,2.833407029461097e-09,2.7638515333221386e-09,2.7638515333221386e-09,0,3.536633404123963e-07,1.6284152056890087e-06,1.6284152056890087e-06,0,0,0
56,6,0,0.002235358121577355,1.0108341586572648e-09,1.0108341586572648e-09,0,1.229932914434997e-06,1.1874999685095146e-06,1.1874999685095146e-06,0,1.691972745099016e-05,4.56726682760548e-05,4.56726682760548e-05,0,0,0
56,7,0,0.003000723213934453,2.1135199447205954e-09,2.1135199447205954e-09,0,5.603774743375669e-06,5.396607924242676e-06,5.396607924242676e-06,0,0.00010164242290592167,0.00021418964998664797,0.00021418964998664797,0,0,0
56,8,0,0.0038167725024087122,3.862821278876539e-09,3.862821278876539e-09,0,2.250771957461005e-05,2.1624813139637832e-05,2.1624813139637832e-05,0,0.00024227205649903855,0.0004527921662787376,0.0004527921662787376,0,0,0
56,9,0,0.003203063368206803,2.4890322144287587e-09,2.4890322144287587e-09,0,1.581020895689421e-05,1.5199082496625882e-05,1.5199082496625882e-05,0,0.0002555642772418724,0.0004741208818055347,0.0004741208818055347,0,0,0
56,10,0,0.0020004018430397883,7.654669262114201e-10,7.654669262114201e-10,0,1.775648434603035e-06,1.7133255732554606e-06,1.7133255732554606e-06,0,1.707290431717724e-05,4.602883591379355e-05,4.602883591379355e-05,0,0,0
56,11,0,0.0014764382767440407,3.5794120789526025e-10,3.5794120789526025e-10,0,1.9848330397578776e-07,1.9222670312654834e-07,1.9222670312654834e-07,0,3.5058313838567615e-06,1.176077644392261e-05,1.176077644392261e-05,0,0,0
56,12,0,0.0012887927560791496,2.547540645669153e-10,2.547540645669153e-10,0,1.1607737562047268e-07,1.1252025305389646e-07,1.1252025305389646e-07,0,1.948881033160863e-06,7.089826894406746e-06,7.089826894406746e-06,0,0,0
56,13,0,0.001066583139893737,1.5868630156216177e-10,1.5868630156216177e-10,0,1.4773173365399708e-07,1.43146285399417e-07,1.43146285399417e-07,0,2.0820814971460184e-06,7.505577452010246e-06,7.505577452010246e-06,0,0,0
56,14,0,0.000783230873498443,7.331326709314977e-11,7.331326709314977e-11,0,1.2659912669757009e-08,1.2317957846062753e-08,1.2317957846062753e-08,0,1.336610430610501e-06,5.122310427056389e-06,5.122310427056389e-06,0,0,0
56,15,0,0.000681638870625198,5.179997369830794e-11,5.179997369830794e-11,0,7.65417332810513e-09,7.453758046947902e-09,7.453758046947902e-09,0,6.509196860367365e-07,2.75503528865021e-06,2.75503528865021e-06,0,0,0
56,16,0,0.0012524323395848717,2.371533924758058e-10,2.371533924758058e-10,0,7.476786442151989e-08,7.25304975052222e-08,7.25304975052222e-08,0,5.142289391324903e-06,1.6361876638090174e-05,1.6361876638090174e-05,0,0,0
56,17,0,0.0009634368862121023,1.2304642651506176e-10,1.2304642651506176e-10,0,5.42532511044011e-08,5.26582764250029e-08,5.26582764250029e-08,0,4.792753964133377e-06,1.539864275728018e-05,1.539864275728018e-05,0,0,0
56,18,0,0.0014351426397477163,3.3341554169706986e-10,3.3341554169706986e-10,0,1.3639466286665533e-07,1.3217892530522607e-07,1.3217892530522607e-07,0,1.165868686702712e-05,3.3131803750127006e-05,3.3131803750127006e-05,0,0,0
56,19,0,0.001157543481559401,1.947324141013814e-10,1.947324141013814e-10,0,1.1705093797139124e-07,1.1346238101475824e-07,1.1346238101475824e-07,0,1.278060654719266e-05,3.586225873304918e-05,3.586225873304918e-05,0,0,0
56,20,0,0.0010841210403099318,1.6529315793880407e-10,1.6529315793880407e-10,0,7.538439463460797e-08,7.312756454615039e-08,7.312756454615039e-08,0,1.3697268912422204e-05,3.806857396127005e-05,3.806857396127005e-05,0,0,0
56,21,0,0.0010314356086296276,1.4592943767390845e-10,1.4592943767390845e-10,0,7.058492865903995e-08,6.847938923031146e-08,6.847938923031146e-08,0,1.0631895724603981e-05,3.0600906698926814e-05,3.0600906698926814e-05,0,0,0
56,22,0,0.0009352325854977656,1.1423515754506888e-10,1.1423515754506888e-10,0,6.815969835578493e-08,6.613040718161115e-08,6.613040718161115e-08,0,7.275787201481534e-06,2.206720486467127e-05,2.206720486467127e-05,0,0,0
56,23,0,0.0015442817488914612,4.005276644755724e-10,4.005276644755724e-10,0,1.8723563095647241e-07,1.8135144255003737e-07,1.8135144255003737e-07,0,2.248229284235174e-05,5.835232121135407e-05,5.835232121135407e-05,0,0,0
56,24,0,0.0013524491163384733,2.8740983324154666e-10,2.8740983324154666e-10,0,1.92802043283883e-07,1.86733683866012e-07,1.86733683866012e-07,0,2.8048030081937768e-05,7.060821016656835e-05,7.060821016656835e-05,0,0,0
56,25,0,0.0011513877433762154,1.921524660927928e-10,1.921524660927928e-10,0,1.0250846394849506e-07,9.938801216375444e-08,9.938801216375444e-08,0,1.5564437358203106e-05,4.250138195642974e-05,4.250138195642974e-05,0,0,0
56,26,0,0.0015582148404141094,4.096316012266484e-10,4.096316012266484e-10,0,1.297108768779394e-07,1.2571238910101762e-07,1.2571238910101762e-07,0,3.6732761307553335e-05,8.908995779644346e-05,8.908995779644346e-05,0,0,0
56,27,0,0.0016287133583497886,4.575966418392263e-10,4.575966418392263e-10,0,4.002901956589536e-07,3.872133171136618e-07,3.872133171136618e-07,0,5.4236954857926553e-05,0.0001246515058463915,0.0001246515058463915,0,0,0
56,28,0,0.0015112234002352596,3.794170637901293e-10,3.794170637901293e-10,0,2.5261842629811526e-07,2.445557656319534e-07,2.445557656319534e-07,0,3.985082096627625e-05,9.557097874903925e-05,9.557097874903925e-05,0,0,0
56,29,0,0.0011364999398257231,1.8599801606550065e-10,1.8599801606550065e-10,0,8.37908737690205e-08,8.126786472268909e-08,8.126786472268909e-08,0,1.4549339200909191e-05,4.010117551500811e-05,4.010117551500811e-05,0,0,0
56,30,0,0.0010965076337954844,1.70057270902743e-10,1.70057270902743e-10,0,4.164739090883477e-08,4.044106428494424e-08,4.044106428494424e-08,0,7.34773696738132e-06,2.225516951862416e-05,2.225516951862416e-05,0,0,0
56,31,0,0.0017421427360657007,5.41573402155101e-10,5.41573402155101e-10,0,1.0227901459847657e-07,9.916592267671951e-08,9.916592267671951e-08,0,5.701078062829615e-05,0.00013012701067376017,0.00013012701067376017,0,0,0
56,32,0,0.0014575986252776713,3.466224824153769e-10,3.466224824153769e-10,0,1.8498759648444388e-07,1.791777106793894e-07,1.791777106793894e-07,0,0.00011394744813366991,0.0002363587141583671,0.0002363587141583671,0,0,0
56,33,0,0.00152344740776334,3.8714314374550835e-10,3.8714314374550835e-10,0,1.1545689287990314e-07,1.1191979751118553e-07,1.1191979751118553e-07,0,7.512367406832844e-05,0.000165058388577632,0.000165058388577632,0,0,0
56,34,0,0.0016234509748347132,4.5390570699280345e-10,4.5390570699280345e-10,0,1.8391917318550952e-07,1.7814458557231646e-07,1.7814458557231646e-07,0,0.00010365536138233798,0.00021784051715913988,0.00021784051715913988,0,0,0
56,35,0,0.0010227413750223898,1.4287247618659e-10,1.4287247618659e-10,0,6.95198559066711e-08,6.744781899679848e-08,6.744781899679848e-08,0,3.622735703259183e-05,8.80324406589126e-05,8.80324406589126e-05,0,0,0
56,36,0,0.000813444036763999,8.059052004644121e-11,8.059052004644121e-11,0,1.5783296286257165e-08,1.5351259355217735e-08,1.5351259355217735e-08,0,8.713128061935948e-06,2.577696329506634e-05,2.577696329506634e-05,0,0,0
56,37,0,0.001312297847929817,2.665370018411881e-10,2.665370018411881e-10,0,5.264972832776523e-08,5.110448393214948e-08,5.110448393214948e-08,0,2.7212903063743627e-05,6.879239932500388e-05,6.879239932500388e-05,0,0,0
56,38,0,0.0012631842035883607,2.422792127938244e-10,2.422792127938244e-10,0,7.005635369845412e-08,6.796744423048415e-08,6.796744423048415e-08,0,5.550158040441308e-05,0.00012715254783818907,0.00012715254783818907,0,0,0
56,39,0,0.0010918312946600857,1.6824910875477461e-10,1.6824910875477461e-10,0,2.860078367445152e-08,2.7789983711181228e-08,2.7789983711181228e-08,0,4.298644556833245e-05,0.00010201818018983267,0.00010201818018983267,0,0,0
56,40,0,0.000976699127890449,1.2732620572369493e-10,1.2732620572369493e-10,0,1.7485756241614994e-08,1.7004176462596007e-08,1.7004176462596007e-08,0,2.195939466379558e-05,5.7180655694078634e-05,5.7180655694078634e-05,0,0,0
56,41,0,0.0008066792201260498,7.892513837902833e-11,7.892513837902833e-11,0,1.1685023635936663e-08,1.1370939819318852e-08,1.1370939819318852e-08,0,1.2914502101137452e-05,3.618586034191375e-05,3.618586034191375e-05,0,0,0
56,42,0,0.0010317188024318944,1.4602966497893594e-10,1.4602966497893594e-10,0,2.0891988823069325e-08,2.03104924727996e-08,2.03104924727996e-08,0,2.4171605871111686e-05,6.211239371624383e-05,6.211239371624383e-05,0,0,0
56,43,0,0.0008777779918211155,9.748634734814338e-11,9.748634734814338e-11,0,1.0096721948212821e-08,9.82775445453707e-09,9.82775445453707e-09,0,1.8210776524230103e-05,4.866110729541132e-05,4.866110729541132e-05,0,0,0
56,44,0,0.0008983699754654034,1.0330622863217672e-10,1.0330622863217672e-10,0,1.138232614385168e-08,1.1076869469688202e-08,1.1076869469688202e-08,0,1.072994137993688e-05,3.084398657746677e-05,3.084398657746677e-05,0,0,0
56,45,0,0.0009507286336855237,1.1902758722542885e-10,1.1902758722542885e-10,0,1.2045158400324752e-08,1.1720793699044057e-08,1.1720793699044057e-08,0,1.6311661771477088e-05,4.425434992941527e-05,4.425434992941527e-05,0,0,0
56,46,0,0.0008003974575087953,7.739733442876984e-11,7.739733442876984e-11,0,7.314149721475542e-09,7.123184063472873e-09,7.123184063472873e-09,0,9.93826817193847e-06,2.8872187783523744e-05,2.8872187783523744e-05,0,0,0
56,47,0,0.001002637890489447,1.3595217462521354e-10,1.3595217462521354e-10,0,1.340581645363951e-08,1.3042453344797878e-08,1.3042453344797878e-08,0,1.599357410624279e-05,4.350951063826104e-05,4.350951063826104e-05,0,0,0
56,48,0,0.0009475640592170274,1.1803926839561754e-10,1.1803926839561754e-10,0,2.7618830159942352e-08,2.6837450577899063e-08,2.6837450577899063e-08,0,2.1531732689581208e-05,5.621952265027697e-05,5.621952265027697e-05,0,0,0
56,49,0,0.0015137796743825965,3.8102499830769666e-10,3.8102499830769666e-10,0,1.3041502228484476e-07,1.2639367298918288e-07,1.2639367298918288e-07,0,0.00017505861188042232,0.0003422029343060785,0.0003422029343060785,0,0,0
56,50,0,0.002020790043610717,7.851478864844766e-10,7.851478864844766e-10,0,4.1250744904268627e-07,3.9901119532413306e-07,3.9901119532413306e-07,0,0.0006614779550189788,0.001075913736346111,0.001075913736346111,0,0,0
56,51,0,0.0019413919851039203,7.101873162567436e-10,7.101873162567436e-10,0,5.144182809910783e-07,4.974022878300236e-07,4.974022878300236e-07,0,0.0006756279930422187,0.0010957144776520512,0.0010957144776520512,0,0,0
56,52,0,0.0014711022331205521,3.547131571000847e-10,3.547131571000847e-10,0,9.675757388766512e-08,9.38213305933885e-08,9.38213305933885e-08,0,0.0001831675531511629,0.00035582062938975913,0.00035582062938975913,0,0,0
56,53,0,0.0010514092229735818,1.5310011540308159e-10,1.5310011540308159e-10,0,3.7380258456826253e-08,3.630415602740356e-08,3.630415602740356e-08,0,5.550113634074659e-05,0.0001271516710080706,0.0001271516710080706,0,0,0
56,54,0,0.0014269458617926518,3.2867143285909796e-10,3.2867143285909796e-10,0,6.197176413143385e-08,6.013636716866885e-08,6.013636716866885e-08,0,8.196369610579944e-05,0.00017793229047976232,0.00017793229047976232,0,0,0
56,55,0,0.0014269971496997352,3.2870099018400884e-10,3.2870099018400884e-10,0,8.902455799875152e-08,8.63351257442065e-08,8.63351257442065e-08,0,8.473077951258127e-05,0.00018309756730796063,0.00018309756730796063,0,0,0
56,56,0,0.0015701730186521124,4.175433837056487e-10,4.175433837056487e-10,0,1.28033772282447e-07,1.2408970991843144e-07,1.2408970991843144e-07,0,7.209129806010596e-05,0.00015929981826777424,0.00015929981826777424,0,0,0
56,57,0,0.0009874486062046112,1.3085977510301036e-10,1.3085977510301036e-10,0,6.155688514558892e-08,5.973445301883776e-08,5.973445301883776e-08,0,5.771725436799191e-05,0.00013151563859885976,0.00013151563859885976,0,0,0
56,58,0,0.001779056405917741,5.707526481476297e-10,5.707526481476297e-10,0,1.3971974246087195e-07,1.3539572551645148e-07,1.3539572551645148e-07,0,0.00011050289627608332,0.00023018786352714426,0.00023018786352714426,0,0,0
56,59,0,0.0010797314733967734,1.6362432918414476e-10,1.6362432918414476e-10,0,5.02446149112339e-08,4.8773810033608053e-08,4.8773810033608053e-08,0,6.705542804311663e-05,0.00014966155043595806,0.00014966155043595806,0,0,0
56,60,0,0.0012037849753261684,2.1477832610970236e-10,2.1477832610970236e-10,0,4.25240669691675e-08,4.1290894813753256e-08,4.1290894813753256e-08,0,7.339266121200085e-05,0.00016177516528327008,0.00016177516528327008,0,0,0
56,61,0,0.0013070959107783211,2.639017053723378e-10,2.639017053723378e-10,0,6.315731484778326e-08,6.1284844865309e-08,6.1284844865309e-08,0,0.00014897863242776133,0.00029778688946096227,0.00029778688946096227,0,0,0
56,62,0,0.0015168985437456228,3.82992350749046e-10,3.82992350749046e-10,0,3.131938776415059e-07,3.0308784909830413e-07,3.0308784909830413e-07,0,0.0003585713009303512,0.0006347888060220263,0.0006347888060220263,0,0,0
56,63,0,0.0018706838446534068,6.472015717662405e-10,6.472015717662405e-10,0,3.157207126545867e-07,3.055290036173202e-07,3.055290036173202e-07,0,0.00042377409895221,0.0007330827298893384,0.0007330827298893384,0,0,0
56,64,0,0.0015632197752945796,4.129319041457085e-10,4.129319041457085e-10,0,3.731904811034436e-07,3.610416417446688e-07,3.610416417446688e-07,0,0.000473697661032696,0.0008069178412764832,0.0008069178412764832,0,0,0
56,65,0,0.0015576719138589955,4.092745467709948e-10,4.092745467709948e-10,0,2.0877911682444495e-07,2.021807056972602e-07,2.021807056972602e-07,0,0.00021155034333902626,0.00040285549865282745,0.00040285549865282745,0,0,0
56,66,0,0.0018968170825170686,6.700713310241864e-10,6.700713310241864e-10,0,2.139553520162618e-07,2.0718477951645902e-07,2.0718477951645902e-07,0,0.00039165861293841267,0.0006849520949020223,0.0006849520949020223,0,0,0
56,67,0,0.001817524892386566,6.021457248121034e-10,6.021457248121034e-10,0,4.763755815224582e-07,4.6067772829027865e-07,4.6067772829027865e-07,0,0.0006263517506696388,0.0010265027355301475,0.0010265027355301475,0,0,0
56,68,0,0.0013646656948232492,2.9394903470873667e-10,2.9394903470873667e-10,0,1.4108077372685077e-07,1.3671239808944988e-07,1.3671239808944988e-07,0,0.0001836144931316017,0.0003565687384853387,0.0003565687384853387,0,0,0
56,69,0,0.0012466999228484773,2.34447404552951e-10,2.34447404552951e-10,0,8.450197395653844e-08,8.195638365884934e-08,8.195638365884934e-08,0,7.223340154787835e-05,0.00015957041438786538,0.00015957041438786538,0,0,0
56,70,0,0.001205079266270584,2.1535643693339526e-10,2.1535643693339526e-10,0,7.555455061646957e-08,7.329234743849532e-08,7.329234743849532e-08,0,8.705686372872183e-05,0.0001874216027536837,0.0001874216027536837,0,0,0
56,71,0,0.0013551391786559975,2.888421647474704e-10,2.888421647474704e-10,0,3.680136997649003e-08,3.57428745265112e-08,3.57428745265112e-08,0,7.465685123219542e-05,0.00016417400214692723,0.00016417400214692723,0,0,0
56,72,0,0.0016179262913688683,4.5005011531703104e-10,4.5005011531703104e-10,0,8.680349261262064e-08,8.418475007479333e-08,8.418475007479333e-08,0,0.00011562646390363103,0.0002393572544294152,0.0002393572544294152,0,0,0
56,73,0,0.00185519875507168,6.338749499863732e-10,6.338749499863732e-10,0,2.849308001932211e-07,2.7578079106980553e-07,2.7578079106980553e-07,0,0.00012796823969314956,0.00026121986675685307,0.00026121986675685307,0,0,0
56,74,0,0.0026604279695822885,1.5632666913967286e-09,1.5632666913967286e-09,0,4.566857381945813e-07,4.4166819617138974e-07,4.4166819617138974e-07,0,0.0003676742488340256,0.0006486512675748321,0.0006486512675748321,0,0,0
56,75,0,0.002060865361839129,8.24712445604619e-10,8.24712445604619e-10,0,3.9155026795226265e-07,3.78773028246646e-07,3.78773028246646e-07,0,0.0002788025679897934,0.0005110465800401225,0.0005110465800401225,0,0,0
56,76,0,0.0019035739158519557,6.760622091636665e-10,6.760622091636665e-10,0,1.7829082589793766e-07,1.727020169258438e-07,1.727020169258438e-07,0,0.0001167143967720184,0.0002412969676858078,0.0002412969676858078,0,0,0
56,77,0,0.0024057050373766063,1.2149338821831794e-09,1.2149338821831794e-09,0,2.2320731813337858e-07,2.161285195292692e-07,2.161285195292692e-07,0,0.0002008212687861717,0.00038518506980171483,0.00038518506980171483,0,0,0
56,78,0,0.0019438140422472772,7.124073495564626e-10,7.124073495564626e-10,0,2.835474962764488e-07,2.7444416454046994e-07,2.7444416454046994e-07,0,0.00016520727826022972,0.0003255409013810152,0.0003255409013810152,0,0,0
56,79,0,0.002225752661815472,9.999928945327943e-10,9.999928945327943e-10,0,2.6954429121595694e-07,2.6091284600478094e-07,2.6091284600478094e-07,0,0.00015281165418544134,0.0003043782303648864,0.0003043782303648864,0,0,0
56,80,0,0.0016048146709474397,4.4097871605388313e-10,4.4097871605388313e-10,0,2.2739257165724008e-07,2.2017413553258143e-07,2.2017413553258143e-07,0,0.00015514458686261972,0.00030837877202435346,0.00030837877202435346,0,0,0
56,81,0,0.001603424335122374,4.4002330387050755e-10,4.4002330387050755e-10,0,1.779357355167467e-07,1.7235863761709444e-07,1.7235863761709444e-07,0,5.532716734045797e-05,0.00012680808420721803,0.00012680808420721803,0,0,0
56,82,0,0.0020676528981919203,8.315295651765395e-10,8.315295651765395e-10,0,2.0887610057566208e-07,2.0227446568255918e-07,2.0227446568255918e-07,0,9.631188192498445e-05,0.00020447268393777933,0.00020447268393777933,0,0,0
56,83,0,0.0024185617953383456,1.2312605794337196e-09,1.2312605794337196e-09,0,5.569944656246828e-07,5.384978247704419e-07,5.384978247704419e-07,0,0.0003322801215217948,0.0005944718418812943,0.0005944718418812943,0,0,0
56,84,0,0.0015710704133704322,4.1814079093761307e-10,4.1814079093761307e-10,0,1.8735143752425843e-07,1.8146342025189172e-07,1.8146342025189172e-07,0,6.23368730216683e-05,0.00014053943706123165,0.00014053943706123165,0,0,0
56,85,0,0.0017617488833580421,5.569568999787302e-10,5.569568999787302e-10,0,1.1820243187798567e-07,1.1457667840461921e-07,1.1457667840461921e-07,0,3.735229873302852e-05,9.038355291083468e-05,9.038355291083468e-05,0,0,0
56,86,0,0.00193261601109854,7.021782137378241e-10,7.021782137378241e-10,0,1.5596304862398553e-07,1.5110827339739087e-07,1.5110827339739087e-07,0,7.1755029666742e-05,0.00015865919577325182,0.00015865919577325182,0,0,0
56,87,0,0.0015164995636907485,3.8274033833277687e-10,3.8274033833277687e-10,0,8.835090632813045e-08,8.568292402161231e-08,8.568292402161231e-08,0,3.09743553289613e-05,7.691365843016696e-05,7.691365843016696e-05,0,0,0
56,88,0,0.0017940214867098608,5.828452017314103e-10,5.828452017314103e-10,0,1.3519587868009085e-07,1.3101914655553827e-07,1.3101914655553827e-07,0,4.6088131871033383e-05,0.00010833192515901732,0.00010833192515901732,0,0,0
56,89,0,0.0017286258689814833,5.311182146344816e-10,5.311182146344816e-10,0,1.0349344176067693e-07,1.0034138611941023e-07,1.0034138611941023e-07,0,5.222237935626563e-05,0.00012065053372420485,0.00012065053372420485,0,0,0
56,90,0,0.0016718514159423511,4.8853334788223e-10,4.8853334788223e-10,0,6.937521294824021e-08,6.730772382254541e-08,6.730772382254541e-08,0,3.1731102318054655e-05,7.853057134419015e-05,7.853057134419015e-05,0,0,0
56,91,0,0.0017271410196907666,5.299771583382954e-10,5.299771583382954e-10,0,1.3799713652279827e-07,1.337292316243706e-07,1.337292316243706e-07,0,3.5809200321636356e-05,8.715594118760523e-05,8.715594118760523e-05,0,0,0
56,92,0,0.0012007506522442764,2.1342666640494418e-10,2.1342666640494418e-10,0,3.487125133863244e-08,3.387135165606459e-08,3.387135165606459e-08,0,4.64866289977228e-06,1.4998769837304692e-05,1.4998769837304692e-05,0,0,0
56,93,0,0.0011474695545787821,1.9052105720951584e-10,1.9052105720951584e-10,0,1.8577156552217437e-08,1.806367143739952e-08,1.806367143739952e-08,0,1.7161500317932039e-06,6.353753701447748e-06,6.353753701447748e-06,0,0,0
56,94,0,0.001437461293379852,3.347649439787988e-10,3.347649439787988e-10,0,3.990812809201648e-08,3.8754971042210424e-08,3.8754971042210424e-08,0,5.4076915213592495e-06,1.7087208813207818e-05,1.7087208813207818e-05,0,0,0
56,95,0,0.001268285177201879,2.447341025169297e-10,2.447341025169297e-10,0,4.305129418519216e-08,4.180196301893184e-08,4.180196301893184e-08,0,7.179381763359138e-06,2.1814948034788644e-05,2.1814948034788644e-05,0,0,0
56,96,0,0.001596072777128031,4.3499213986855556e-10,4.3499213986855556e-10,0,8.723878166587213e-08,8.460619245513095e-08,8.460619245513095e-08,0,1.6313579753496893e-05,4.4258834986859354e-05,4.4258834986859354e-05,0,0,0
56,97,0,0.0015726020859768005,4.191616311952898e-10,4.191616311952898e-10,0,1.6938387058759838e-07,1.640884628105557e-07,1.640884628105557e-07,0,1.908997236719303e-05,5.067939472867692e-05,5.067939472867692e-05,0,0,0
56,98,0,0.0013299069780082647,2.7557483698285087e-10,2.7557483698285087e-10,0,7.770389184994267e-08,7.537376450523907e-08,7.537376450523907e-08,0,1.4593854512822725e-05,4.0206906405301605e-05,4.0206906405301605e-05,0,0,0
56,99,0,0.0015392489775859898,3.9726942331789026e-10,3.9726942331789026e-10,0,1.1523864394489182e-07,1.1170859165975843e-07,1.1170859165975843e-07,0,1.4214162523935976e-05,3.9303632213760516e-05,3.9303632213760516e-05,0,0,0
56,100,0,0.0013658471851876294,2.9458614609243324e-10,2.9458614609243324e-10,0,7.799021080957603e-08,7.565102772488824e-08,7.565102772488824e-08,0,1.1548114365667276e-05,3.2860784618045584e-05,3.2860784618045584e-05,0,0,0
56,101,0,0.001405928318706868,3.166930772850519e-10,3.166930772850519e-10,0,6.698425424213095e-08,6.499186807837355e-08,6.499186807837355e-08,0,5.271103364802441e-06,1.6714549023860117e-05,1.6714549023860117e-05,0,0,0
56,102,0,0.0013422563052643592,2.8202140123732065e-10,2.8202140123732065e-10,0,6.412204541100773e-08,6.221938071787984e-08,6.221938071787984e-08,0,7.4737002236042815e-06,2.258363149646886e-05,2.258363149646886e-05,0,0,0
56,103,0,0.0012778353072506645,2.493702294269522e-10,2.493702294269522e-10,0,8.744797164634542e-08,8.480872677645258e-08,8.480872677645258e-08,0,8.229731404348028e-06,2.453950235929923e-05,2.453950235929923e-05,0,0,0
56,104,0,0.0019468070461351608,7.151564643828009e-10,7.151564643828009e-10,0,3.4480321376311705e-07,3.3362305763790154e-07,3.3362305763790154e-07,0,4.4934821263315004e-05,0.00010599133564110433,0.00010599133564110433,0,0,0
56,105,0,0.0013177973166393086,2.6934015272929005e-10,2.6934015272929005e-10,0,1.669394963390801e-07,1.6172447582845087e-07,1.6172447582845087e-07,0,2.1061893037893476e-05,5.516055294180133e-05,5.516055294180133e-05,0,0,0
56,106,0,0.001261164596085448,2.413113645804532e-10,2.413113645804532e-10,0,6.094793127469089e-08,5.914452046969017e-08,5.914452046969017e-08,0,4.6829782324109835e-06,1.5094153047180215e-05,1.5094153047180215e-05,0,0,0
56,107,0,0.0013229914608354897,2.720038713840723e-10,2.720038713840723e-10,0,8.545624559829902e-08,8.288033669018011e-08,8.288033669018011e-08,0,9.592172831346185e-06,2.8003437720922225e-05,2.8003437720922225e-05,0,0,0
56,108,0,0.0013653373421315194,2.9431111471539036e-10,2.9431111471539036e-10,0,1.019679871605753e-07,9.886487047332656e-08,9.886487047332656e-08,0,1.586014689512309e-05,4.319646806493973e-05,4.319646806493973e-05,0,0,0
56,109,0,0.001506080984707279,3.76194777860564e-10,3.76194777860564e-10,0,6.67493853903281e-08,6.47643692972482e-08,6.47643692972482e-08,0,2.8075991891485794e-05,7.066887697090496e-05,7.066887697090496e-05,0,0,0
56,110,0,0.002044003946056218,8.079233532145234e-10,8.079233532145234e-10,0,3.641461085004658e-07,3.5230629366409105e-07,3.5230629366409105e-07,0,4.298545696993454e-05,0.00010201615799791004,0.00010201615799791004,0,0,0
56,111,0,0.0018284555959751842,6.11250850014581e-10,6.11250850014581e-10,0,3.7204056157142877e-07,3.5993103222303617e-07,3.5993103222303617e-07,0,7.398219429519043e-05,0.00016289452587067748,0.00016289452587067748,0,0,0
56,112,0,0.0015907266656426781,4.313552549396596e-10,4.313552549396596e-10,0,2.2574888117078605e-07,2.1858530054112798e-07,2.1858530054112798e-07,0,3.400903193211977e-05,8.336620193598348e-05,8.336620193598348e-05,0,0,0
56,113,0,0.0016679134616982593,4.856586784820248e-10,4.856586784820248e-10,0,3.3207303917906964e-07,3.21326065584823e-07,3.21326065584823e-07,0,7.598042902610846e-05,0.0001666795222415203,0.0001666795222415203,0,0,0
56,114,0,0.0018364490428616816,6.179613518587334e-10,6.179613518587334e-10,0,6.244211526772725e-07,6.035689440509276e-07,6.035689440509276e-07,0,8.400518890840608e-05,0.00018174540306998174,0.00018174540306998174,0,0,0
56,115,0,0.0025024723659194045,1.3410592247001124e-09,1.3410592247001124e-09,0,1.6550059389769242e-06,1.5971071936026253e-06,1.5971071936026253e-06,0,0.00027963851516538655,0.0005123667596033589,0.0005123667596033589,0,0,0
56,116,0,0.0027962717457647984,1.7709902510789959e-09,1.7709902510789959e-09,0,3.3516481482323864e-06,3.2305427767007834e-06,3.2305427767007834e-06,0,0.00029744044400138335,0.000540353898555761,0.000540353898555761,0,0,0
56,117,0,0.0032252358973473986,2.5324435700000806e-09,2.5324435700000806e-09,0,3.077389348776956e-06,2.9666213691027087e-06,2.9666213691027087e-06,0,0.0003529963666852272,0.0006262749777355078,0.0006262749777355078,0,0,0
56,118,0,0.002512932593239707,1.3551436329328633e-09,1.3551436329328633e-09,0,2.1773884311657285e-06,2.1002416412152836e-06,2.1002416412152836e-06,0,0.00019951246125287137,0.00038302069216621473,0.00038302069216621473,0,0,0
56,119,0,0.0021159220924336732,8.809866871166835e-10,8.809866871166835e-10,0,4.4477700684866437e-07,4.3017025993703314e-07,4.3017025993703314e-07,0,7.253708483935157e-05,0.00016014844744283535,0.00016014844744283535,0,0,0
56,120,0,0.003119370334318509,2.3292237689247446e-09,2.3292237689247446e-09,0,1.6955316554199929e-06,1.6361483253270358e-06,1.6361483253270358e-06,0,0.00015483197852912608,0.00030784319274355904,0.00030784319274355904,0,0,0
56,121,0,0.0034028213530906868,2.896611609648478e-09,2.896611609648478e-09,0,3.225207006451942e-06,3.108872187182698e-06,3.108872187182698e-06,0,0.0002604188027846126,0.00048187183317072055,0.00048187183317072055,0,0,0
56,122,0,0.0027641740042549205,1.7204982104358387e-09,1.7204982104358387e-09,0,1.0967882067748967e-06,1.0591536595954022e-06,1.0591536595954022e-06,0,0.00012409171296230904,0.00025438563924152157,0.00025438563924152157,0,0,0
56,123,0,0.003698374457994685,3.5693072345309734e-09,3.5693072345309734e-09,0,3.0870219416315763e-06,2.9758915422994204e-06,2.9758915422994204e-06,0,0.00020017701423826988,0.00038411990942856353,0.00038411990942856353,0,0,0
56,124,0,0.0023916331317702876,1.1972141666610104e-09,1.1972141666610104e-09,0,1.0025308622536672e-06,9.68277506087464e-07,9.68277506087464e-07,0,0.0001469749554029631,0.0002943320187285049,0.0002943320187285049,0,0,0
56,125,0,0.0036078102080963526,3.354165017115127e-09,3.354165017115127e-09,0,1.5931291059819014e-06,1.5374939762806668e-06,1.5374939762806668e-06,0,0.00024241156684836636,0.000453016851561943,0.000453016851561943,0,0,0
56,126,0,0.0067499787719364655,1.6170592761261407e-08,1.6170592761261407e-08,0,2.0593242984669143e-05,1.978840394846894e-05,1.978840394846894e-05,0,0.0026987663107995784,0.0036123189116748183,0.0036123189116748183,0,0,0
56,127,0,0.004229719548519102,4.998294246766638e-09,4.998294246766638e-09,0,6.253210701663988e-06,6.02092003173061e-06,6.02092003173061e-06,0,0.0018188925812122555,0.0025716232768073655,0.0025716232768073655,0,0,0
56,128,0,0.003471449007699363,3.0453015708059494e-09,3.0453015708059494e-09,0,1.3942187405916446e-06,1.345832967916236e-06,1.345832967916236e-06,0,0.00031803169619893816,0.0005724390281796068,0.0005724390281796068,0,0,0
56,129,0,0.004631611939219892,6.276949761243042e-09,6.276949761243042e-09,0,1.6849121264490478e-06,1.6259179770564237e-06,1.6259179770564237e-06,0,0.0007073868278442605,0.0011399488507740933,0.0011399488507740933,0,0,0
56,130,0,0.005531067815128326,9.801648386452166e-09,9.801648386452166e-09,0,7.650275834837957e-06,7.363580575001643e-06,7.363580575001643e-06,0,0.0016536650541903485,0.0023691021907903498,0.0023691021907903498,0,0,0
56,131,0,0.005380854365649038,9.146604069782447e-09,9.146604069782447e-09,0,5.5996450158459615e-06,5.3926375812715246e-06,5.3926375812715246e-06,0,0.0021599110568109115,0.0029818295779150835,0.0029818295779150835,0,0,0
56,132,0,0.0043347516748553135,5.315583786026762e-09,5.315583786026762e-09,0,2.142680852729289e-06,2.0668198559670562e-06,2.0668198559670562e-06,0,0.0007528002906756034,0.0012027278142159887,0.0012027278142159887,0,0,0
56,133,0,0.006813322768010208,1.655503423010403e-08,1.655503423010403e-08,0,3.895715207458908e-06,3.753997474102282e-06,3.753997474102282e-06,0,0.0016085975347301985,0.0023133835254263322,0.0023133835254263322,0,0,0
56,134,0,0.006732859222266841,1.6067629492054276e-08,1.6067629492054276e-08,0,1.5539285345427884e-05,1.4939066979450168e-05,1.4939066979450168e-05,0,0.0030306462994314216,0.003991734064826371,0.003991734064826371,0,0,0
56,135,0,0.005066986232048517,7.865117864251448e-09,7.865117864251448e-09,0,4.920699210336089e-06,4.739825225656108e-06,4.739825225656108e-06,0,0.0008872203880061088,0.0013856058835839493,0.0013856058835839493,0,0,0
56,136,0,0.005071706362837984,7.883529235814487e-09,7.883529235814487e-09,0,4.350237463232026e-06,4.1912042262889895e-06,4.1912042262889895e-06,0,0.0005757112061333537,0.0009545822518468804,0.0009545822518468804,0,0,0
56,137,0,0.006782333670790765,1.636627510378652e-08,1.636627510378652e-08,0,7.649830527710423e-06,7.363152679412731e-06,7.363152679412731e-06,0,0.0022678666692187853,0.0031097472400342012,0.0031097472400342012,0,0,0
56,138,0,0.008147931539428893,2.5970878440500737e-08,2.5970878440500737e-08,0,1.4236318291812158e-05,1.3688451455628814e-05,1.3688451455628814e-05,0,0.004237210735073273,0.005327021369128065,0.005327021369128065,0,0,0
56,139,0,0.0059173580232730625,1.161371675187932e-08,1.161371675187932e-08,0,1.4774258098018658e-05,1.420479998543632e-05,1.420479998543632e-05,0,0.0009228322886623485,0.0014333890279862604,0.0014333890279862604,0,0,0
56,140,0,0.007284602660186168,1.9589175813827708e-08,1.9589175813827708e-08,0,8.47349088902941e-06,8.15453844013895e-06,8.15453844013895e-06,0,0.0006164937172196765,0.0010125674453146775,0.0010125674453146775,0,0,0
56,141,0,0.005670982186138047,1.0436570036240859e-08,1.0436570036240859e-08,0,6.917081939425104e-06,6.6589957424331414e-06,6.6589957424331414e-06,0,0.00039384708307258674,0.0006882487942908752,0.0006882487942908752,0,0,0
56,142,0,0.006411217262630077,1.4206486963828887e-08,1.4206486963828887e-08,0,4.626481388558764e-06,4.4568861041581606e-06,4.4568861041581606e-06,0,0.0003764439660724307,0.0006619613729180371,0.0006619613729180371,0,0,0
56,143,0,0.00589576711095175,1.150751025669347e-08,1.150751025669347e-08,0,4.81729197254856e-06,4.640385400642637e-06,4.640385400642637e-06,0,0.0003597917199111388,0.0006366501293609069,0.0006366501293609069,0,0,0
56,144,0,0.006391677053724783,1.4097863093946642e-08,1.4097863093946642e-08,0,2.9944467260799107e-06,2.886797361996305e-06,2.886797361996305e-06,0,0.00039573341379355156,0.0006910883167467371,0.0006910883167467371,0,0,0
56,145,0,0.004377023918188111,5.446620026283498e-09,5.446620026283498e-09,0,1.3663500254148914e-06,1.3189763908188252e-06,1.3189763908188252e-06,0,0.00018871094768270287,0.00036508178213843183,0.00036508178213843183,0,0,0
56,146,0,0.006499058113620613,1.4701039635893868e-08,1.4701039635893868e-08,0,2.5262637298907702e-06,2.436144610863278e-06,2.436144610863278e-06,0,0.00048401941337099523,0.0008220453473330465,0.0008220453473330465,0,0,0
56,147,0,0.004218719854264949,4.9657450342692286e-09,4.9657450342692286e-09,0,1.6729972776882387e-06,1.61443964978326e-06,1.61443964978326e-06,0,0.00020917939393703125,0.0003989615149292008,0.0003989615149292008,0,0,0
56,148,0,0.0048633289104965715,7.095308270208692e-09,7.095308270208692e-09,0,1.8767351881659292e-06,1.8106950356301537e-06,1.8106950356301537e-06,0,0.0001599968141567991,0.00031667297290136764,0.00031667297290136764,0,0,0
56,149,0,0.007480656761668454,2.0943380867582886e-08,2.0943380867582886e-08,0,8.077934216819815e-06,7.77449843013475e-06,7.77449843013475e-06,0,0.0004184693416596296,0.0007251684892852033,0.0007251684892852033,0,0,0
56,150,0,0.005218080182169372,8.467443407402654e-09,8.467443407402654e-09,0,2.5281514878311245e-06,2.437961952248751e-06,2.437961952248751e-06,0,0.0003824105993046238,0.0006709925610650553,0.0006709925610650553,0,0,0
56,151,0,0.006946189210510124,1.7379249972706272e-08,1.7379249972706272e-08,0,3.250697941197674e-06,3.133402001612654e-06,3.133402001612654e-06,0,0.000635318506295126,0.0010391517206500495,0.0010391517206500495,0,0,0
56,152,0,0.006009806993050379,1.2075166741218517e-08,1.2075166741218517e-08,0,3.945528721739658e-06,3.8019173206801676e-06,3.8019173206801676e-06,0,0.00043085664150414307,0.0007436279311838073,0.0007436279311838073,0,0,0
56,153,0,0.007881909758819807,2.3887945187760322e-08,2.3887945187760322e-08,0,4.542306313076016e-06,4.375932333336077e-06,4.375932333336077e-06,0,0.0006922311981412488,0.0011188749069186836,0.0011188749069186836,0,0,0
56,154,0,0.006526333398149241,1.4856689106168114e-08,1.4856689106168114e-08,0,3.60225758703392e-06,3.4716742320860254e-06,3.4716742320860254e-06,0,0.000474379549495646,0.0008079186122564156,0.0008079186122564156,0,0,0
56,155,0,0.007595883823296066,2.1765000335561244e-08,2.1765000335561244e-08,0,5.597240026344528e-06,5.390325408737548e-06,5.390325408737548e-06,0,0.000502959578696393,0.0008496886131932911,0.0008496886131932911,0,0,0
56,156,0,0.006408149313010329,1.418939887575632e-08,1.418939887575632e-08,0,3.3905497483233794e-06,3.26797506889047e-06,3.26797506889047e-06,0,0.0006024089115914351,0.0009926033922755466,0.0009926033922755466,0,0,0
56,157,0,0.0054890817793042,9.615798737730553e-09,9.615798737730553e-09,0,3.5292531939583968e-06,3.401433860407464e-06,3.401433860407464e-06,0,0.00035805785962510206,0.0006340054684128991,0.0006340054684128991,0,0,0
56,158,0,0.005888179265717099,1.1470325348329308e-08,1.1470325348329308e-08,0,2.9517106919778567e-06,2.845666738035665e-06,2.845666738035665e-06,0,0.00025897742288954437,0.0004795725657366036,0.0004795725657366036,0,0,0
56,159,0,0.005071627754593658,7.883222403153987e-09,7.883222403153987e-09,0,2.476961797998153e-06,2.388680907171217e-06,2.388680907171217e-06,0,0.00013917029182271848,0.00028081159555219855,0.00028081159555219855,0,0,0
56,160,0,0.004980921552518059,7.533957216517431e-09,7.533957216517431e-09,0,1.6782060307534057e-06,1.6194575879204609e-06,1.6194575879204609e-06,0,0.00015609147787362258,0.00031000013316600193,0.00031000013316600193,0,0,0
56,161,0,0.006916089229236212,1.719040413218525e-08,1.719040413218525e-08,0,5.061862474223927e-06,4.875566815106065e-06,4.875566815106065e-06,0,0.00035989847104288383,0.0006368128993438579,0.0006368128993438579,0,0,0
56,162,0,0.006620727592799144,1.5403037773644323e-08,1.5403037773644323e-08,0,6.687120046133526e-06,6.4379815332381084e-06,6.4379815332381084e-06,0,0.000458059550314698,0.000783911174195818,0.000783911174195818,0,0,0
56,163,0,0.005468522803356935,9.525578064257051e-09,9.525578064257051e-09,0,3.863359175404191e-06,3.7228709077615546e-06,3.7228709077615546e-06,0,0.00036511040193154185,0.0006447517611715133,0.0006447517611715133,0,0,0
56,164,0,0.003404321742694797,2.899814513503704e-09,2.899814513503704e-09,0,2.1811903037469455e-06,2.1039026129259167e-06,2.1039026129259167e-06,0,0.00010429211973778922,0.00021899335790704591,0.00021899335790704591,0,0,0
56,165,0,0.004218340795875383,4.96462564753926e-09,4.96462564753926e-09,0,1.5006874724130825e-06,1.4484267654886973e-06,1.4484267654886973e-06,0,4.267973339868738e-05,0.00010139048708771226,0.00010139048708771226,0,0,0
56,166,0,0.00553717495168236,9.828860619776319e-09,9.828860619776319e-09,0,4.010860731817155e-06,3.864764179032605e-06,3.864764179032605e-06,0,0.0001285277323509838,0.00026220385708641635,0.00026220385708641635,0,0,0
56,167,0,0.005581838984701748,1.0029262797795482e-08,1.0029262797795482e-08,0,1.0767471904464851e-05,1.0357981002738545e-05,1.0357981002738545e-05,0,0.0003151192135267207,0.0005679187078550645,0.0005679187078550645,0,0,0
56,168,0,0.006275216928706432,1.3460884961635158e-08,1.3460884961635158e-08,0,1.2174948168479314e-05,1.1709501842778419e-05,1.1709501842778419e-05,0,0.0005063765410679003,0.0008546601841994015,0.0008546601841994015,0,0,0
56,169,0,0.007535168722419861,2.1329688161000088e-08,2.1329688161000088e-08,0,1.6019149027486146e-05,1.539960495117106e-05,1.539960495117106e-05,0,0.00047635960180216684,0.0008108234999400064,0.0008108234999400064,0,0,0
56,170,0,0.006713270000952545,1.595030060706662e-08,1.595030060706662e-08,0,1.552636807314775e-05,1.4926669600396139e-05,1.4926669600396139e-05,0,0.00030304463920571,0.000549115926607469,0.000549115926607469,0,0,0
56,171,0,0.007196285035597416,1.8996967471446585e-08,1.8996967471446585e-08,0,6.234287332554264e-06,6.002730331730681e-06,6.002730331730681e-06,0,0.00013520909435731736,0.00027390954732296074,0.00027390954732296074,0,0,0
56,172,0,0.006895173109331471,1.705991214883509e-08,1.705991214883509e-08,0,9.48893976532647e-06,9.130019906619068e-06,9.130019906619068e-06,0,0.0001618967074797872,0.0003199110489412609,0.0003199110489412609,0,0,0
56,173,0,0.007941741283435971,2.4347238102321335e-08,2.4347238102321335e-08,0,1.4784323520641535e-05,1.4214461106438413e-05,1.4214461106438413e-05,0,0.00014938758026152629,0.0002984912319562651,0.0002984912319562651,0,0,0
56,174,0,0.007487632676698852,2.0992578222656126e-08,2.0992578222656126e-08,0,1.721099844547684e-05,1.654335534700013e-05,1.654335534700013e-05,0,0.0001895405528189133,0.00036646451221715714,0.00036646451221715714,0,0,0
56,175,0,0.006681949960162056,1.5763790305592647e-08,1.5763790305592647e-08,0,8.886914712276744e-06,8.551712727218291e-06,8.551712727218291e-06,0,8.379677249504986e-05,0.00018135671367594885,0.00018135671367594885,0,0,0
56,176,0,0.007875973222044886,2.3842662597275435e-08,2.3842662597275435e-08,0,1.1464531111216205e-05,1.1027363031153217e-05,1.1027363031153217e-05,0,0.0001521793444544943,0.0003032924875756793,0.0003032924875756793,0,0,0
56,177,0,0.006930154445694689,1.7278493189236553e-08,1.7278493189236553e-08,0,6.486708663224426e-06,6.2453575919654765e-06,6.2453575919654765e-06,0,0.0001919204884871822,0.00037042659892648104,0.00037042659892648104,0,0,0
56,178,0,0.009159834179765765,3.4883011518198567e-08,3.4883011518198567e-08,0,2.1922336272139028e-05,2.1063329302407088e-05,2.1063329302407088e-05,0,0.0004045189701595804,0.0007042888194843816,0.0007042888194843816,0,0,0
56,179,0,0.0063685872168849685,1.3970156312298605e-08,1.3970156312298605e-08,0,1.1029134530455095e-05,1.0609262476090192e-05,1.0609262476090192e-05,0,0.00018079920405738377,0.00035185214396022915,0.00035185214396022915,0,0,0
56,180,0,0.008163777614135451,2.6098294017260342e-08,2.6098294017260342e-08,0,9.061814960730725e-06,8.719729084590658e-06,8.719729084590658e-06,0,0.0001980513759760434,0.0003806021704759095,0.0003806021704759095,0,0,0
56,181,0,0.005271787599003013,8.688037880387967e-09,8.688037880387967e-09,0,3.6751661286306634e-06,3.5418199826684322e-06,3.5418199826684322e-06,0,6.17763507110607e-05,0.0001394495935214794,0.0001394495935214794,0,0,0
56,182,0,0.00890466976001866,3.248475546153556e-08,3.248475546153556e-08,0,1.0885874467669407e-05,1.0471687347216257e-05,1.0471687347216257e-05,0,0.000131362480636814,0.0002671803436337331,0.0002671803436337331,0,0,0
56,183,0,0.00963911496019498,3.9671407501430176e-08,3.9671407501430176e-08,0,1.6531594370422832e-05,1.589138672453783e-05,1.589138672453783e-05,0,0.0005273415996190509,0.0008850632564696921,0.0008850632564696921,0,0,0
56,184,0,0.007781763990844161,2.3131009828432865e-08,2.3131009828432865e-08,0,9.506833125933908e-06,9.147207357981818e-06,9.147207357981818e-06,0,0.00024255944019037964,0.0004532549861426233,0.0004532549861426233,0,0,0
56,185,0,0.008765832477732145,3.122315857474288e-08,3.122315857474288e-08,0,1.1806131403587491e-05,1.1355374519097747e-05,1.1355374519097747e-05,0,0.0001705795220027436,0.0003346437638321876,0.0003346437638321876,0,0,0
56,186,0,0.0077199149404184484,2.267089255475664e-08,2.267089255475664e-08,0,8.913879847330417e-06,8.577616903896244e-06,8.577616903896244e-06,0,0.00018800434544685238,0.00036390340188768557,0.00036390340188768557,0,0,0
56,187,0,0.008093113721941294,2.5533009809575404e-08,2.5533009809575404e-08,0,8.15958188851253e-06,7.852945798708183e-06,7.852945798708183e-06,0,0.0001522904395748004,0.0003034832947720518,0.0003034832947720518,0,0,0
56,188,0,0.007946091109000587,2.4380836142291208e-08,2.4380836142291208e-08,0,8.024472772870282e-06,7.723131763542785e-06,7.723131763542785e-06,0,0.00014525123770801188,0.0002913546591703397,0.0002913546591703397,0,0,0
56,189,0,0.009118865286182398,3.4490951331338036e-08,3.4490951331338036e-08,0,8.953703795152542e-06,8.615873714345557e-06,8.615873714345557e-06,0,0.00019259099584491388,0.0003715416208042118,0.0003715416208042118,0,0,0
56,190,0,0.008039174590325113,2.510655759680531e-08,2.510655759680531e-08,0,7.799520361947075e-06,7.506987278119561e-06,7.506987278119561e-06,0,0.00018283504895263557,0.00035526390448181147,0.00035526390448181147,0,0,0
56,191,0,0.009040103714715834,3.3744768401205316e-08,3.3744768401205316e-08,0,1.0230581084523091e-05,9.842358132583464e-06,9.842358132583464e-06,0,0.0002047714344077539,0.0003917056974073382,0.0003917056974073382,0,0,0
56,192,0,0.014986967331090813,1.2112657125625682e-07,1.2112657125625682e-07,0,4.4060589914001554e-05,4.228428352865742e-05,4.228428352865742e-05,0,0.0006240692683763184,0.0010232789470171128,0.0010232789470171128,0,0,0
56,193,0,0.0100165674582751,4.3708822878426424e-08,4.3708822878426424e-08,0,2.3900772196651513e-05,2.2960893643108925e-05,2.2960893643108925e-05,0,0.0003497350940718659,0.0006212858656516623,0.0006212858656516623,0,0,0
56,194,0,0.012545718888137195,7.720240291129311e-08,7.720240291129311e-08,0,1.1710625309413188e-05,1.1263669275135917e-05,1.1263669275135917e-05,0,0.00020183889541665594,0.0003868665723596727,0.0003868665723596727,0,0,0
56,195,0,0.010881088450010718,5.386956382801025e-08,5.386956382801025e-08,0,7.91473729810402e-06,7.617694234993871e-06,7.617694234993871e-06,0,0.0001511967809102643,0.00030160408248997646,0.00030160408248997646,0,0,0
56,196,0,0.008689167949607467,3.0539473418017484e-08,3.0539473418017484e-08,0,4.146066205937668e-06,3.994821140271272e-06,3.994821140271272e-06,0,9.08641975138104e-05,0.0001944649995405252,0.0001944649995405252,0,0,0
56,197,0,0.009572661216987266,3.8985077650430085e-08,3.8985077650430085e-08,0,2.442388685771547e-06,2.3553959078017417e-06,2.3553959078017417e-06,0,9.611419750029507e-05,0.00020411092111493449,0.00020411092111493449,0,0,0
56,198,0,0.014176065275754893,1.0519371761015157e-07,1.0519371761015157e-07,0,4.695425855400539e-06,4.523190273649632e-06,4.523190273649632e-06,0,0.00031064534360858713,0.0005609637404230887,0.0005609637404230887,0,0,0
56,199,0,0.013069418614774881,8.562093881113116e-08,8.562093881113116e-08,0,3.2918027546484427e-06,3.1729562999148023e-06,3.1729562999148023e-06,0,0.0002961318371596564,0.0005383046447699071,0.0005383046447699071,0,0,0
56,200,0,0.010145814097791498,4.5146270259050415e-08,4.5146270259050415e-08,0,2.5620521757556934e-06,2.470597698977518e-06,2.470597698977518e-06,0,0.0001168851625816021,0.00024160120446957786,0.00024160120446957786,0,0,0
56,201,0,0.008734082021809019,3.093889748395855e-08,3.093889748395855e-08,0,1.724333552169012e-06,1.6638941577981333e-06,1.6638941577981333e-06,0,8.129319870903798e-05,0.00017667708095571967,0.00017667708095571967,0,0,0
56,202,0,0.009671702400359857,4.0010630471793005e-08,4.0010630471793005e-08,0,1.8932580069151036e-06,1.8266094012344197e-06,1.8266094012344197e-06,0,0.00012539370306612852,0.000256684265749195,0.000256684265749195,0,0,0
56,203,0,0.010230427690271387,4.6102674695378945e-08,4.6102674695378945e-08,0,2.668058695944924e-06,2.572644121705763e-06,2.572644121705763e-06,0,0.0001616952217519711,0.0003195678976449395,0.0003195678976449395,0,0,0
56,204,0,0.018067093801219528,1.947354218087387e-07,1.947354218087387e-07,0,1.866442359671186e-05,1.7937945071355044e-05,1.7937945071355044e-05,0,0.0008478369322319242,0.0013324507247602605,0.0013324507247602605,0,0,0
56,205,0,0.021554226672563067,3.0534697598663383e-07,3.0534697598663383e-07,0,4.936509511321948e-05,4.7365854702787737e-05,4.7365854702787737e-05,0,0.002345290294645578,0.003200964261423882,0.003200964261423882,0,0,0
56,206,0,0.02136128367956169,2.9841671490749743e-07,2.9841671490749743e-07,0,2.7682770016936278e-05,2.6587575769713995e-05,2.6587575769713995e-05,0,0.002414530544294293,0.0032821852141593994,0.0032821852141593994,0,0,0
56,207,0,0.026783307856913394,5.324604252907311e-07,5.324604252907311e-07,0,6.849003680400054e-05,6.567998105310047e-05,6.567998105310047e-05,0,0.0031057717013973857,0.00407679540164871,0.00407679540164871,0,0,0
56,208,0,0.017684188045236207,1.8440758387480003e-07,1.8440758387480003e-07,0,2.3746490146835916e-05,2.2812927927103938e-05,2.2812927927103938e-05,0,0.0008945873455126294,0.0013955121847422582,0.0013955121847422582,0,0,0
56,209,0,0.01861945945860871,2.1024787995969418e-07,2.1024787995969418e-07,0,1.3494773161154379e-05,1.2976615451207729e-05,1.2976615451207729e-05,0,0.0004843339040556826,0.0008225055569794024,0.0008225055569794024,0,0,0
56,210,0,0.021092797551778897,2.889357862988338e-07,2.889357862988338e-07,0,2.6378344811036915e-05,2.5336820175739064e-05,2.5336820175739064e-05,0,0.0007179143752520193,0.0011545505365615379,0.0011545505365615379,0,0,0
56,211,0,0.02734062891645835,5.613779652410958e-07,5.613779652410958e-07,0,2.4993133926402872e-05,2.4008488404530887e-05,2.4008488404530887e-05,0,0.0012764949298298,0.0018955748379023746,0.0018955748379023746,0,0,0
56,212,0,0.028714353035118288,6.367681915983568e-07,6.367681915983568e-07,0,6.695323446300586e-05,6.420868800618728e-05,6.420868800618728e-05,0,0.0025529709693068534,0.0034436198426746672,0.0034436198426746672,0,0,0
56,213,0,0.03120488540806639,7.888938540967207e-07,7.888938540967207e-07,0,0.00012000577271275094,0.00011497340810082613,0.00011497340810082613,0,0.002179633213886153,0.003005263759258928,0.003005263759258928,0,0,0
56,214,0,0.04692125955350751,2.276934980130516e-06,2.276934980130516e-06,0,0.0004661083792630907,0.0004455471359508697,0.0004455471359508697,0,0.0061857388840452394,0.0073781801940573585,0.0073781801940573585,0,0,0
56,215,0,0.04173712041992775,1.6765935861808024e-06,1.6765935861808024e-06,0,0.0004476468552241739,0.000427928849937401,0.000427928849937401,0,0.007553278647041555,0.008762488067163069,0.008762488067163069,0,0,0
56,216,0,0.043024025324742254,1.8148315503297189e-06,1.8148315503297189e-06,0,0.000301100325244375,0.0002880283758928305,0.0002880283758928305,0,0.0062700086838645705,0.0074646330956784235,0.0074646330956784235,0,0,0
56,217,0,0.04716146293951532,2.307621649414652e-06,2.307621649414652e-06,0,0.0004922001406063756,0.0004704451955569962,0.0004704451955569962,0,0.007217981409620393,0.008426568090238975,0.008426568090238975,0,0,0
56,218,0,0.04362045246461251,1.8812696901425476e-06,1.8812696901425476e-06,0,0.00041406072045359446,0.00039587366686256255,0.00039587366686256255,0,0.006559455023684334,0.0077603616454616645,0.0077603616454616645,0,0,0
56,219,0,0.06707773775001806,5.86567217582925e-06,5.86567217582925e-06,0,0.0011398797930031687,0.0010879856401312968,0.0010879856401312968,0,0.016127084657231117,0.016837074038027994,0.016837074038027994,0,0,0
56,220,0,0.05395590154455238,3.288254131622059e-06,3.288254131622059e-06,0,0.0010002925307298863,0.000954957788430665,0.000954957788430665,0,0.0216133207472555,0.021668586852356394,0.021668586852356394,0,0,0
56,221,0,0.06655807443063126,5.744798904135511e-06,5.744798904135511e-06,0,0.0011728140268640831,0.001119368352322378,0.001119368352322378,0,0.04016278893016854,0.036990722129041045,0.036990722129041045,0,0,0
56,222,0,0.07310875481377949,7.392176965654259e-06,7.392176965654259e-06,0,0.0021057970790028255,0.002007935960307002,0.002007935960307002,0,0.14270648150197832,0.11212771702509734,0.11212771702509734,0,0,0
56,223,0,0.06794015896883077,6.06991725906669e-06,6.06991725906669e-06,0,0.0018267831927978133,0.001742284034898348,0.001742284034898348,0,0.03738181419118353,0.034765681438122115,0.034765681438122115,0,0,0
56,224,0,0.0673030413532697,5.91858964328293e-06,5.91858964328293e-06,0,0.0015099420796582392,0.0014405408495129152,0.0014405408495129152,0,0.03678045187121892,0.03428180255962406,0.03428180255962406,0,0,0
56,225,0,0.09785672320658109,1.6386449546846067e-05,1.6386449546846067e-05,0,0.004712808433324557,0.004488237713797741,0.004488237713797741,0,0.060595306790345804,0.05283247851111505,0.05283247851111505,0,0,0
56,226,0,0.09593627328165137,1.5512150617574026e-05,1.5512150617574026e-05,0,0.004451992319488968,0.004240204579080649,0.004240204579080649,0,0.12025710420513501,0.09630257586535647,0.09630257586535647,0,0,0
56,227,0,0.14428715847160217,4.933183046992887e-05,4.933183046992887e-05,0,0.01082217343720668,0.010295081795147123,0.010295081795147123,0,0.2653715684279853,0.19759579082620699,0.19759579082620699,0,0,1
56,228,0,0.11889179559075916,2.8271426910268557e-05,2.8271426910268557e-05,0,0.009164145729729282,0.008719547508578675,0.008719547508578675,0,0.3057086703652569,0.2260510761522884,0.2260510761522884,0,0,1
56,229,0,0.1261841355600655,3.349300446970145e-05,3.349300446970145e-05,0,0.0068808582603051465,0.00654947453870823,0.00654947453870823,0,0.2216782833602863,0.1671090615134103,0.1671090615134103,0,0,1
56,230,0,0.17165154673810276,8.256729177414571e-05,8.256729177414571e-05,0,0.018320482131360803,0.017419183476915817,0.017419183476915817,0,0.3167438872042073,0.23390890045918286,0.23390890045918286,0,0,1
56,231,0,0.18118852218362946,9.728291870290463e-05,9.728291870290463e-05,0,0.03810128698069689,0.03621841096776662,0.03621841096776662,0,0.4252121901062295,0.3135604640268525,0.3135604640268525,0,0,1
56,232,0,0.2549337446710141,0.00028897922903710794,0.00028897922903710794,0,0.08339607730131089,0.07935709715014322,0.07935709715014322,0,0.6528062984752387,0.505126962759665,0.505126962759665,0,0,1
56,233,0,0.2778772424086945,0.0003874953920537868,0.0003874953920537868,0,0.127522953025372,0.12154495292447495,0.12154495292447495,0,0.7273616955595087,0.5798328732614458,0.5798328732614458,0,0,1
56,234,0,0.36568978941652797,0.0010632043966757115,0.0010632043966757115,0,0.193069485695953,0.18454390494566894,0.18454390494566894,0,0.7982809472428105,0.6597004497777362,0.6597004497777362,0,0,1
56,235,0,0.28575958496234677,0.0004270793286665791,0.0004270793286665791,0,0.07290515160554617,0.06935171662375929,0.06935171662375929,0,0.684225079705708,0.5356355495224321,0.5356355495224321,0,0,1
56,236,0,0.3373118503340838,0.0007791200561989681,0.0007791200561989681,0,0.08659221134106475,0.0824071078244977,0.0824071078244977,0,0.7501527343095367,0.6044222986119476,0.6044222986119476,0,0,1
56,237,0,0.34040541072213576,0.0008064462265212125,0.0008064462265212125,0,0.13238506637832748,0.1262041042522592,0.1262041042522592,0,0.8416324530912078,0.7142461041115253,0.7142461041115253,0,0,1
56,238,0,0.28128606659144195,0.0004042249433078563,0.0004042249433078563,0,0.047724998021771006,0.045371773009597584,0.045371773009597584,0,0.6051425467683903,0.4611474686672061,0.4611474686672061,0,0,1
56,239,0,0.36455548733634935,0.0010502989643699507,0.0010502989643699507,0,0.09492560153299777,0.09036356120184309,0.09036356120184309,0,0.6749032788238588,0.5264462344598743,0.5264462344598743,0,0,1
56,240,0,0.4310212554162555,0.0021011427498920303,0.0021011427498920303,0,0.18389806683666682,0.17570396662794166,0.17570396662794166,0,0.83819081526091,0.7097218455243713,0.7097218455243713,0,0,1
56,241,0,0.4584549004285758,0.002771630365991575,0.002771630365991575,0,0.1841103714718667,0.17590850436539196,0.17590850436539196,0,0.8110575512979945,0.6752541467958407,0.6752541467958407,0,0,1
56,242,0,0.5718856841942271,0.008611688915621132,0.008611688915621132,0,0.3772406233106577,0.3638903842633444,0.3638903842633444,0,0.8869952894607549,0.7776880632596262,0.7776880632596262,0,1,1
56,243,0,0.5601395202924143,0.007649309248502998,0.007649309248502998,0,0.3679199668299078,0.3547271125487012,0.3547271125487012,0,0.9164400138108446,0.823549675168053,0.823549675168053,0,1,1
56,244,0,0.48984423758958073,0.0037925958093710274,0.0037925958093710274,0,0.13236914144365527,0.1261888405158949,0.1261888405158949,0,0.7587141657008728,0.6139061392285539,0.6139061392285539,0,0,1
56,245,0,0.4784743641431743,0.003386215767540291,0.003386215767540291,0,0.10182870669212044,0.09695894308521898,0.09695894308521898,1,0.7428882923029447,0.5964834417481726,0.5964834417481726,0,0,1
56,246,0,0.4326013597550613,0.0021351513915780895,0.0021351513915780895,0,0.04109238750672515,0.0390627140553414,0.0390627140553414,1,0.6320578021636736,0.4856633999579513,0.4856633999579513,0,0,1
56,247,0,0.49664263865248226,0.004058194992574368,0.004058194992574368,0,0.0715449498302201,0.068055119167391,0.068055119167391,1,0.6529392425016073,0.5052533566798256,0.5052533566798256,0,0,1
56,248,0,0.549701997793764,0.006888100279153895,0.006888100279153895,0,0.09326228413766068,0.08877500621641264,0.08877500621641264,1,0.8242643453063924,0.6917741674184463,0.6917741674184463,0,0,1
56,249,0,0.6460199458670524,0.01858976370933792,0.01858976370933792,0,0.26913147858425895,0.2581829252727799,0.2581829252727799,1,0.9646016513098442,0.910931309322863,0.910931309322863,0,1,1
56,250,0,0.6603048781757639,0.02169326617526147,0.02169326617526147,0,0.23728046544738254,0.2272748022666503,0.2272748022666503,1,0.9509122252995846,0.884006445539167,0.884006445539167,0,1,1
56,251,0,0.7211464156097676,0.04329244140167479,0.04329244140167479,0,0.34865568481763587,0.3358181995420565,0.3358181995420565,1,0.9804824794567928,0.9454373596008793,0.9454373596008793,0,1,1
56,252,0,0.703692902943468,0.035283851894474805,0.035283851894474805,0,0.49668112474714066,0.48217232454614395,0.48217232454614395,1,0.9803727399237601,0.9451825193112513,0.9451825193112513,0,1,1
56,253,0,0.6407233512872716,0.01756623012532392,0.01756623012532392,0,0.11334628818932806,0.10797241762803579,0.10797241762803579,1,0.9224386565854938,0.8334696142023116,0.8334696142023116,0,0,1
56,254,0,0.7904498757473367,0.10410624608065139,0.10410624608065139,0,0.2737561363005822,0.2626794186262798,0.2626794186262798,1,0.971019944508913,0.924366896951875,0.924366896951875,0,1,1
56,255,0,0.8109545895084208,0.13810128210812805,0.13810128210812805,1,0.6405041361746747,0.6267946187042374,0.6267946187042374,1,0.99488874708372,0.9823596415683942,0.9823596415683942,1,1,1
56,256,0,0.8585612534695997,0.27612080857097415,0.27612080857097415,1,0.779163184227794,0.7686279333615305,0.7686279333615305,1,0.9954304106776465,0.9839646420032379,0.9839646420032379,1,1,1
56,257,0,0.8976981325843921,0.4892303680539053,0.4892303680539053,1,0.9337896881979392,0.9298155103184583,0.9298155103184583,1,0.9987714863932357,0.9947900090333572,0.9947900090333572,1,1,1
56,258,0,0.9128863216446554,0.5987745071565954,0.5987745071565954,1,0.9535308207371491,0.9506492944531602,0.9506492944531602,1,0.9986613838124282,0.9943916593910109,0.9943916593910109,1,1,1
56,259,0,0.884262953793357,0.40394706050957446,0.40394706050957446,1,0.9203054687782499,0.9156211614884733,0.9156211614884733,1,0.9969744071113884,0.9887216196434055,0.9887216196434055,1,1,1
56,260,0,0.9177962152008027,0.6361522030376365,0.6361522030376365,1,0.9321880250008973,0.928127995103948,0.928127995103948,1,0.9966009416087399,0.9875422803518761,0.9875422803518761,1,1,1
56,261,0,0.9372146224076129,0.7831775762566388,0.7831775762566388,1,0.980689696173165,0.9794251782681628,0.9794251782681628,1,0.9990627676972367,0.9958705508702594,0.9958705508702594,1,1,1
56,262,0,0.9458014435682431,0.84217529169796,0.84217529169796,1,0.9926845986247289,0.992186453511884,0.992186453511884,1,0.9996895040032365,0.9984033669839634,0.9984033669839634,1,1,1
56,263,0,0.9578210887501404,0.9115323581625827,0.9115323581625827,1,0.994368316954403,0.9939814717324259,0.9939814717324259,1,0.9998245809271695,0.9990234851232617,0.9990234851232617,1,1,1
56,264,0,0.9588845336188464,0.9167557509631952,0.9167557509631952,1,0.9972361482854784,0.997042155032115,0.997042155032115,1,0.9998647259753165,0.9992193302119992,0.9992193302119992,1,1,1
56,265,1,0.947295578847042,0.851736972715266,0.851736972715266,1,0.993876555066636,0.9934570769188591,0.9934570769188591,1,0.999559884813507,0.9978442197352855,0.9978442197352855,1,1,1
56,266,1,0.9640593456639003,0.939833291570528,0.939833291570528,1,0.9960782022007788,0.9958057520879341,0.9958057520879341,1,0.9998036240472823,0.9989238104577788,0.9989238104577788,1,1,1
56,267,1,0.9685640833659124,0.9566782601384523,0.9566782601384523,1,0.9981305815709386,0.9979979204233255,0.9979979204233255,1,0.9999518209842178,0.9996792443197419,0.9996792443197419,1,1,1
56,268,1,0.97457575050106,0.9744330047360908,0.9744330047360908,1,0.9995157589372747,0.9994801593201245,0.9994801593201245,1,0.9999665913212299,0.9997660312345781,0.9997660312345781,1,1,1
56,269,1,0.9805683828406823,0.9869707897843036,0.9869707897843036,1,0.9991571410440563,0.9990960471273449,0.9990960471273449,1,0.9999662261401194,0.9997638289476574,0.9997638289476574,1,1,1
56,270,1,0.9817368197746712,0.9888528268492032,0.9888528268492032,1,0.9995645561228617,0.9995324583722621,0.9995324583722621,1,0.9999614542191625,0.9997353398170054,0.9997353398170054,1,1,1
56,271,1,0.985396815095835,0.9936530863435311,0.9936530863435311,1,0.9998561981355115,0.9998453056327458,0.9998453056327458,1,0.9999841970309318,0.9998772667183471,0.9998772667183471,1,1,1
56,272,1,0.9869201332592901,0.995191343987147,0.995191343987147,1,0.9999183174906869,0.999912045945138,0.999912045945138,1,0.999989951824203,0.9999169243100795,0.9999169243100795,1,1,1
56,273,1,0.9898353935000571,0.9974519911486477,0.9974519911486477,1,0.9999651526811961,0.9999624229728501,0.9999624229728501,1,0.9999956854542474,0.9999599110951273,0.9999624229728501,1,1,1
56,274,1,0.9887235954635228,0.9966908430821045,0.9966908430821045,1,0.9999499230910356,0.9999460335113084,0.9999460335113084,1,0.9999909005896364,0.999923730832571,0.9999460335113084,1,1,1
56,275,1,0.9922765727910818,0.998723356158861,0.998723356158861,1,0.9999650162749968,0.9999622761307447,0.9999622761307447,1,0.9999955339392498,0.9999587005808594,0.9999622761307447,1,1,1
70,1,0,1.0824310593095114e-07,1.6662620587447983e-20,1.6662620587447983e-20,0,4.818742189100684e-20,4.9014398179104187e-20,4.9014398179104187e-20,0,2.478650226074069e-17,2.87883195606235e-15,2.87883195606235e-15,0,0,0
70,2,0,0.0019162042386173187,6.873468617355597e-10,6.873468617355597e-10,0,0.9998980200002664,0.9998902313359077,0.9998902313359077,0,0.9984672745279197,0.9937006608636132,0.9998902313359077,0,1,1
70,3,0,7.644303033819329e-05,2.1859582538698867e-13,2.1859582538698867e-13,0,1.4087690736102812e-12,1.3919495850521122e-12,1.3919495850521122e-12,0,1.0865402030243348e-10,1.5280340675441015e-09,1.5280340675441015e-09,0,0,0
70,4,0,7.351777220925617e-05,1.9829042009000598e-13,1.9829042009000598e-13,0,5.1350147570253086e-14,5.102158889985318e-14,1.9829042009000598e-13,0,7.30063699467847e-12,1.490523314131059e-10,1.490523314131059e-10,0,0,0
70,5,0,3.987621250885745e-05,4.300227514589064e-14,4.300227514589064e-14,0,2.988230246398807e-15,2.9834026464958466e-15,4.300227514589064e-14,0,2.6980840200187445e-13,8.684907566313776e-12,8.684907566313776e-12,0,0,0
70,6,0,4.889276124609669e-05,7.156277216075984e-14,7.156277216075984e-14,0,1.0385690498872631e-14,1.0347124328286137e-14,7.156277216075984e-14,0,2.3413810208562788e-12,5.592836462045379e-11,5.592836462045379e-11,0,0,0
70,7,0,7.863449184657668e-05,2.3459173357262926e-13,2.3459173357262926e-13,0,3.7403206529205945e-12,3.689576212513938e-12,3.689576212513938e-12,0,2.5905246462324417e-10,3.2313380379943444e-09,3.2313380379943444e-09,0,0,0
70,8,0,6.748867982481137e-05,1.601219037941378e-13,1.601219037941378e-13,0,3.885837259163685e-12,3.832871593868196e-12,3.832871593868196e-12,0,2.0862182138539868e-10,2.6812363056300715e-09,2.6812363056300715e-09,0,0,0
70,9,0,0.00013585607913903808,9.197341793131648e-13,9.197341793131648e-13,0,1.6773694187997903e-10,1.6440212212586995e-10,1.6440212212586995e-10,0,1.91757285966407e-09,1.814385716667327e-08,1.814385716667327e-08,0,0,0
70,10,0,9.071126460404621e-05,3.3523358850130494e-13,3.3523358850130494e-13,0,4.579229528295288e-11,4.498038375303924e-11,4.498038375303924e-11,0,7.391069321705404e-10,7.97708921596133e-09,7.97708921596133e-09,0,0,0
70,11,0,0.00016978576385909394,1.6054646173543086e-12,1.6054646173543086e-12,0,5.099507105615224e-10,4.988747430437614e-10,4.988747430437614e-10,0,1.566581320246556e-08,1.1091749224097916e-07,1.1091749224097916e-07,0,0,0
70,12,0,0.00018814714760705456,2.075107946402627e-12,2.075107946402627e-12,0,1.0545778889799147e-09,1.0304078671664721e-09,1.0304078671664721e-09,0,6.938255481855562e-08,4.000138643810306e-07,4.000138643810306e-07,0,0,0
70,13,0,0.00020194549106260579,2.476555803043125e-12,2.476555803043125e-12,0,3.1410155806943806e-09,3.0633756368791926e-09,3.0633756368791926e-09,0,1.1671267959106066e-07,6.262696457376496e-07,6.262696457376496e-07,0,0,0
70,14,0,0.0001544392788945844,1.2670411295605842e-12,1.2670411295605842e-12,0,2.471076145253621e-09,2.410972227558014e-09,2.410972227558014e-09,0,7.992101595361091e-08,4.5186416535365435e-07,4.5186416535365435e-07,0,0,0
70,15,0,0.0001963008073868926,2.3071794493755234e-12,2.3071794493755234e-12,0,2.804210721539815e-09,2.7354197868630968e-09,2.7354197868630968e-09,0,1.9474853653328086e-07,9.73690269625434e-07,9.73690269625434e-07,0,0,0
70,16,0,0.00018093126612547252,1.881914194147343e-12,1.881914194147343e-12,0,9.83055369919137e-09,9.569108334351667e-09,9.569108334351667e-09,0,5.794464916048068e-07,2.4922219765553213e-06,2.4922219765553213e-06,0,0,0
70,17,0,0.00025067879364803423,4.250699147225184e-12,4.250699147225184e-12,0,2.436118082269149e-08,2.3676982292560602e-08,2.3676982292560602e-08,0,1.8451882695662035e-06,6.763462262903849e-06,6.763462262903849e-06,0,0,0
70,18,0,0.00021397046464310295,2.8616756814763923e-12,2.8616756814763923e-12,0,4.263566793537142e-08,4.139907620511527e-08,4.139907620511527e-08,0,1.7543102689796697e-06,6.475345419303261e-06,6.475345419303261e-06,0,0,0
70,19,0,0.0002025700353249742,2.4957396095109164e-12,2.4957396095109164e-12,0,2.497664390232411e-08,2.427413705694297e-08,2.427413705694297e-08,0,1.9080162353042258e-06,6.961501674056264e-06,6.961501674056264e-06,0,0,0
70,20,0,0.00013062268521202554,8.337437503698296e-13,8.337437503698296e-13,0,6.0488699274493864e-09,5.892829166659975e-09,5.892829166659975e-09,0,3.246035247479928e-07,1.5124080090430118e-06,1.5124080090430118e-06,0,0,0
70,21,0,0.00012663981573179315,7.71664999040152e-13,7.71664999040152e-13,0,2.861366995752955e-09,2.7910788503581372e-09,2.7910788503581372e-09,0,1.1886324271337088e-07,6.362037286828553e-07,6.362037286828553e-07,0,0,0
70,22,0,0.00018113489354596582,1.887211207841567e-12,1.887211207841567e-12,0,8.7083821214294e-09,8.478516178767077e-09,8.478516178767077e-09,0,7.771881832190093e-07,3.2099333168854206e-06,3.2099333168854206e-06,0,0,0
70,23,0,0.0002366284542002969,3.680089352551329e-12,3.680089352551329e-12,0,2.1677811248784217e-08,2.1073128880586907e-08,2.1073128880586907e-08,0,2.647522236599927e-06,9.232534151534197e-06,9.232534151534197e-06,0,0,0
70,24,0,0.00019941673173941494,2.3997867764660734e-12,2.3997867764660734e-12,0,2.100047169211157e-08,2.041577735102778e-08,2.041577735102778e-08,0,2.473827762814101e-06,8.70801811788629e-06,8.70801811788629e-06,0,0,0
70,25,0,0.00023355062538610663,3.5616335251422396e-12,3.5616335251422396e-12,0,3.64238386823689e-08,3.5376817885789626e-08,3.5376817885789626e-08,0,3.890839457170476e-06,1.2865918779827067e-05,1.2865918779827067e-05,0,0,0
70,26,0,0.00022797802321449924,3.3530476568691162e-12,3.3530476568691162e-12,0,2.620719942879937e-08,2.546801306919677e-08,2.546801306919677e-08,0,4.1175598268614595e-06,1.3509572989987432e-05,1.3509572989987432e-05,0,0,0
70,27,0,0.00018666475418597549,2.034493260115943e-12,2.034493260115943e-12,0,1.2937030193196767e-08,1.2587129977178589e-08,1.2587129977178589e-08,0,2.2877024717139402e-06,8.14027687786765e-06,8.14027687786765e-06,0,0,0
70,28,0,0.00036949527632237824,1.1208558125738292e-11,1.1208558125738292e-11,0,8.200740603736872e-08,7.954098808167818e-08,7.954098808167818e-08,0,1.640954938461969e-05,4.448316001162544e-05,4.448316001162544e-05,0,0,0
70,29,0,0.00021219373003771496,2.8026639931046256e-12,2.8026639931046256e-12,0,6.419624544876562e-08,6.229125741095467e-08,6.229125741095467e-08,0,8.584476530522695e-06,2.544857204733747e-05,2.544857204733747e-05,0,0,0
70,30,0,0.00025091219778408067,4.260596682759818e-12,4.260596682759818e-12,0,4.180970955594459e-08,4.059841467820405e-08,4.059841467820405e-08,0,8.42128523679149e-06,2.503103558676053e-05,2.503103558676053e-05,0,0,0
70,31,0,0.00018895049239406745,2.0973195136807926e-12,2.0973195136807926e-12,0,3.781771324604885e-08,3.6728295815255905e-08,3.6728295815255905e-08,0,5.840610664507283e-06,1.8259959619294915e-05,1.8259959619294915e-05,0,0,0
70,32,0,0.00019499819025008567,2.2691112777409576e-12,2.2691112777409576e-12,0,2.1955711969912945e-08,2.1342818763199985e-08,2.1342818763199985e-08,0,3.856850003348179e-06,1.2768983501653013e-05,1.2768983501653013e-05,0,0,0
70,33,0,0.0002856042366203193,5.888787142801527e-12,5.888787142801527e-12,0,6.308046127575944e-08,6.121039567031431e-08,6.121039567031431e-08,0,1.0632541296738814e-05,3.060250824431546e-05,3.060250824431546e-05,0,0,0
70,34,0,0.000266623210462487,4.958907405175438e-12,4.958907405175438e-12,0,1.3293683284426187e-07,1.2883355709885106e-07,1.2883355709885106e-07,0,1.0968000402802899e-05,3.143292545927153e-05,3.143292545927153e-05,0,0,0
70,35,0,0.00026354279939409044,4.816967107227849e-12,4.816967107227849e-12,0,6.637496425428695e-08,6.440169451803332e-08,6.440169451803332e-08,0,1.092249013925687e-05,3.132047433919236e-05,3.132047433919236e-05,0,0,0
70,36,0,0.00021400749583087392,2.8629134724039893e-12,2.8629134724039893e-12,0,3.3338445185693104e-08,3.2384955212837175e-08,3.2384955212837175e-08,0,1.094581887135389e-05,3.137812527116791e-05,3.137812527116791e-05,0,0,0
70,37,0,0.00022695494531520954,3.315571421551944e-12,3.315571421551944e-12,0,2.9456557471268967e-08,2.862007250116607e-08,2.862007250116607e-08,0,1.1518758479170728e-05,3.278877169015837e-05,3.278877169015837e-05,0,0,0
70,38,0,0.0003303570791685472,8.47269112271753e-12,8.47269112271753e-12,0,9.525477678497398e-08,9.236657927186215e-08,9.236657927186215e-08,0,3.0914273675147264e-05,7.678505198920683e-05,7.678505198920683e-05,0,0,0
70,39,0,0.00034310780006382643,9.313791368279191e-12,9.313791368279191e-12,0,1.2645750815095275e-07,1.2256456601388528e-07,1.2256456601388528e-07,0,3.091147756498253e-05,7.67790659978426e-05,7.67790659978426e-05,0,0,0
70,40,0,0.00026993230843344525,5.114148843731961e-12,5.114148843731961e-12,0,1.260876080966557e-07,1.222066576477101e-07,1.222066576477101e-07,0,3.426911230603095e-05,8.39154069472459e-05,8.39154069472459e-05,0,0,0
70,41,0,0.0002467366716714349,4.085613655715831e-12,4.085613655715831e-12,0,3.783654043467272e-08,3.674654976593482e-08,3.674654976593482e-08,0,1.9845765555365588e-05,5.2404141536540885e-05,5.2404141536540885e-05,0,0,0
70,42,0,0.00020201519350308245,2.478692415715492e-12,2.478692415715492e-12,0,1.8710872869391256e-08,1.819347141761242e-08,1.819347141761242e-08,0,5.099373563599192e-06,1.6244110199500433e-05,1.6244110199500433e-05,0,0,0
70,43,0,0.00020612873216037177,2.6067503014668034e-12,2.6067503014668034e-12,0,2.217468863789952e-08,2.1555321495413097e-08,2.1555321495413097e-08,0,5.0056106327763095e-06,1.5986334711681496e-05,1.5986334711681496e-05,0,0,0
70,44,0,0.00018137582214212554,1.8934900859641828e-12,1.8934900859641828e-12,0,8.082065802865308e-09,7.86972381321735e-09,7.86972381321735e-09,0,4.094990917067531e-06,1.3445723971079766e-05,1.3445723971079766e-05,0,0,0
70,45,0,0.00023931225750534183,3.785283688149939e-12,3.785283688149939e-12,0,1.913417287867672e-08,1.860436337242628e-08,1.860436337242628e-08,0,8.018948647777984e-06,2.3996796781964977e-05,2.3996796781964977e-05,0,0,0
70,46,0,0.00021163523178639452,2.784266486180803e-12,2.784266486180803e-12,0,4.0072952807289826e-08,3.8914762275830103e-08,3.8914762275830103e-08,0,6.505045136308554e-06,2.0036951142105448e-05,2.0036951142105448e-05,0,0,0
70,47,0,0.0003708097780797278,1.1308485392744819e-11,1.1308485392744819e-11,0,1.496141239448262e-07,1.4496714885681505e-07,1.4496714885681505e-07,0,4.0326923135028705e-05,9.655428588210271e-05,9.655428588210271e-05,0,0,0
70,48,0,0.00023871855403125402,3.7618595977394164e-12,3.7618595977394164e-12,0,6.409313096190414e-08,6.219137159730061e-08,6.219137159730061e-08,0,2.6903615253269098e-05,6.81179739078991e-05,6.81179739078991e-05,0,0,0
70,49,0,0.00023914717523929277,3.778761744480435e-12,3.778761744480435e-12,0,9.294463176044238e-08,9.013021587601308e-08,9.013021587601308e-08,0,1.4867298719420429e-05,4.085540847739563e-05,4.085540847739563e-05,0,0,0
70,50,0,0.00023785955937317472,3.728122944000554e-12,3.728122944000554e-12,0,4.905172687465524e-08,4.761777316002284e-08,4.761777316002284e-08,0,1.2367055455990035e-05,3.4859796589426007e-05,3.4859796589426007e-05,0,0,0
70,51,0,0.00028059000891459714,5.633801421742241e-12,5.633801421742241e-12,0,3.5577376045165996e-08,3.4556059173938425e-08,3.4556059173938425e-08,0,1.5198159691461895e-05,4.1637884168314906e-05,4.1637884168314906e-05,0,0,0
70,52,0,0.00030611731084913166,7.003390617080467e-12,7.003390617080467e-12,0,6.958501852407418e-08,6.751093264623162e-08,6.751093264623162e-08,0,2.684755952376779e-05,6.79956258430139e-05,6.79956258430139e-05,0,0,0
70,53,0,0.00018128516700470515,1.8911260399756033e-12,1.8911260399756033e-12,0,1.6674117004371082e-08,1.6216192144697936e-08,1.6216192144697936e-08,0,8.498955917663726e-06,2.5229899533517557e-05,2.5229899533517557e-05,0,0,0
70,54,0,0.00022214488621824377,3.142748512622811e-12,3.142748512622811e-12,0,2.8719262738376942e-08,2.7904909243714273e-08,2.7904909243714273e-08,0,6.813654189141468e-06,2.0853657238397598e-05,2.0853657238397598e-05,0,0,0
70,55,0,0.00020769988653851382,2.6566859191136957e-12,2.6566859191136957e-12,0,4.9988359335550404e-08,4.852547475165309e-08,4.852547475165309e-08,0,9.05828876071706e-06,2.665473403328204e-05,2.665473403328204e-05,0,0,0
70,56,0,0.0002762958306513183,5.420793230815472e-12,5.420793230815472e-12,0,8.829508030729913e-08,8.562887519823426e-08,8.562887519823426e-08,0,2.0345369725925164e-05,5.353926359642161e-05,5.353926359642161e-05,0,0,0
70,57,0,0.00029876155685992664,6.5903611942039706e-12,6.5903611942039706e-12,0,1.3429320386164047e-07,1.3014583106417635e-07,1.3014583106417635e-07,0,3.8220316258190185e-05,9.219100736924726e-05,9.219100736924726e-05,0,0,0
70,58,0,0.00043977576375578393,1.7320556310158676e-11,1.7320556310158676e-11,0,4.971779473426019e-07,4.807599032367191e-07,4.807599032367191e-07,0,0.00017220299476492244,0.00033738676536601277,0.00033738676536601277,0,0,0
70,59,0,0.00023896615807678738,3.77161801148871e-12,3.77161801148871e-12,0,1.4018477042833794e-07,1.3584559973048538e-07,1.3584559973048538e-07,0,5.625780588052596e-05,0.00012864436086059151,0.00012864436086059151,0,0,0
70,60,0,0.00029895994166102044,6.601303343693196e-12,6.601303343693196e-12,0,6.148805207536137e-08,5.966777051855328e-08,5.966777051855328e-08,0,4.01164340990282e-05,9.611975588346413e-05,9.611975588346413e-05,0,0,0
70,61,0,0.00021797642563029817,2.9974448303877276e-12,2.9974448303877276e-12,0,4.9561525027920325e-08,4.811182817193899e-08,4.811182817193899e-08,0,9.637647710986557e-06,2.811783017577702e-05,2.811783017577702e-05,0,0,0
70,62,0,0.0002930971546126574,6.28251456644739e-12,6.28251456644739e-12,0,3.6708081121798384e-08,3.565242167752981e-08,3.565242167752981e-08,0,1.3809482414386557e-05,3.833723430857419e-05,3.833723430857419e-05,0,0,0
70,63,0,0.00022717352876687122,3.3235571008713002e-12,3.3235571008713002e-12,0,3.5430615185082523e-08,3.4413751563576174e-08,3.4413751563576174e-08,0,1.0125520338582069e-05,2.9340470013552283e-05,2.9340470013552283e-05,0,0,0
70,64,0,0.000373100957684693,1.1483932766332955e-11,1.1483932766332955e-11,0,1.462972566736664e-07,1.4175866871401813e-07,1.4175866871401813e-07,0,3.695037049416295e-05,8.954466695971961e-05,8.954466695971961e-05,0,0,0
70,65,0,0.00023966679870015257,3.799313443528768e-12,3.799313443528768e-12,0,6.839706473962754e-08,6.636031701355943e-08,6.636031701355943e-08,0,1.6048156161873817e-05,4.363746519952752e-05,4.363746519952752e-05,0,0,0
70,66,0,0.00031901605948746615,7.764357088664791e-12,7.764357088664791e-12,0,5.6968724872132006e-08,5.5289359126103e-08,5.5289359126103e-08,0,8.954292833845049e-06,2.6390758382572144e-05,2.6390758382572144e-05,0,0,0
70,67,0,0.00028811134151574344,6.018826401868914e-12,6.018826401868914e-12,0,7.362126449670122e-08,7.14200723031712e-08,7.14200723031712e-08,0,9.238462468146066e-06,2.711108713186653e-05,2.711108713186653e-05,0,0,0
70,68,0,0.00035597467857837866,1.0211424859013103e-11,1.0211424859013103e-11,0,9.93715036166985e-08,9.635160007736483e-08,9.635160007736483e-08,0,1.3459790787715081e-05,3.7499000088284856e-05,3.7499000088284856e-05,0,0,0
70,69,0,0.0003073066010520795,7.071588211420422e-12,7.071588211420422e-12,0,1.0541367122961923e-07,1.0219995946485075e-07,1.0219995946485075e-07,0,1.4855196830489496e-05,4.082674260501046e-05,4.082674260501046e-05,0,0,0
70,70,0,0.0004388691876156405,1.7231448055543382e-11,1.7231448055543382e-11,0,1.3322441022681333e-07,1.291117869182286e-07,1.291117869182286e-07,0,3.469785928531439e-05,8.481952695022825e-05,8.481952695022825e-05,0,0,0
70,71,0,0.0003504106519962709,9.817177975160242e-12,9.817177975160242e-12,0,2.836079288480936e-07,2.745025581408467e-07,2.745025581408467e-07,0,5.7457451508700533e-05,0.0001310052508348974,0.0001310052508348974,0,0,0
70,72,0,0.00045765236562039736,1.9134397296291253e-11,1.9134397296291253e-11,0,2.70681992588635e-07,2.6201225207929067e-07,2.6201225207929067e-07,0,7.208770219852642e-05,0.00015929297000524817,0.00015929297000524817,0,0,0
70,73,0,0.0006179203011799498,4.0529700384661644e-11,4.0529700384661644e-11,0,7.12619686512023e-07,6.886684842829783e-07,6.886684842829783e-07,0,0.00010531315111948041,0.00022083989149640474,0.00022083989149640474,0,0,0
70,74,0,0.000617748251482532,4.0501494719283366e-11,4.0501494719283366e-11,0,6.556463296054749e-07,6.336991588169823e-07,6.336991588169823e-07,0,9.212877493073109e-05,0.00019679531512286534,0.00019679531512286534,0,0,0
70,75,0,0.000618083351464537,4.055644157312212e-11,4.055644157312212e-11,0,5.597904052120512e-07,5.411963413778337e-07,5.411963413778337e-07,0,7.238094665744839e-05,0.00015985129471425978,0.00015985129471425978,0,0,0
70,76,0,0.0005528168247818005,3.0683262601353216e-11,3.0683262601353216e-11,0,3.2827053562929116e-07,3.1765280063469193e-07,3.1765280063469193e-07,0,7.31678167079357e-05,0.00016134792074769987,0.00016134792074769987,0,0,0
70,77,0,0.000572551621684091,3.349517421465465e-11,3.349517421465465e-11,0,3.574866875587665e-07,3.458741754815322e-07,3.458741754815322e-07,0,3.959287587032047e-05,9.503756056461104e-05,9.503756056461104e-05,0,0,0
70,78,0,0.0005782534045895813,3.433526978249355e-11,3.433526978249355e-11,0,3.2231507351658677e-07,3.118996066732215e-07,3.118996066732215e-07,0,3.7336369198001946e-05,9.035032933928234e-05,9.035032933928234e-05,0,0,0
70,79,0,0.0005305003843309312,2.7680050701765393e-11,2.7680050701765393e-11,0,2.112737698971881e-07,2.0459241254559708e-07,2.0459241254559708e-07,0,2.1282316491880335e-05,5.565776637526272e-05,5.565776637526272e-05,0,0,0
70,80,0,0.00048028759473095625,2.158838620047165e-11,2.158838620047165e-11,0,1.1745378633745147e-07,1.1385221833259518e-07,1.1385221833259518e-07,0,2.8785753494380903e-05,7.22060288312329e-05,7.22060288312329e-05,0,0,0
70,81,0,0.0006315750565416547,4.2805975125779386e-11,4.2805975125779386e-11,0,3.1175966880106727e-07,3.0170225695878146e-07,3.0170225695878146e-07,0,6.06221520321071e-05,0.00013720112164983437,0.00013720112164983437,0,0,0
70,82,0,0.0008035654080311115,7.816557884730811e-11,7.816557884730811e-11,0,4.6309516924443784e-07,4.4785632164002655e-07,4.4785632164002655e-07,0,0.00015755218812024875,0.0003124986435796247,0.0003124986435796247,0,0,0
70,83,0,0.0005678714824647592,3.2814920192568995e-11,3.2814920192568995e-11,0,1.923928604665636e-07,1.863380483506779e-07,1.863380483506779e-07,0,7.857081023757102e-05,0.00017156576333324515,0.00017156576333324515,0,0,0
70,84,0,0.0007120503772440275,5.7772792561311006e-11,5.7772792561311006e-11,0,3.056217090366035e-07,2.9577223906724333e-07,2.9577223906724333e-07,0,0.00019658532198648686,0.00037817294193546325,0.00037817294193546325,0,0,0
70,85,0,0.0006060006312697068,3.860338873135561e-11,3.860338873135561e-11,0,9.167209345869226e-08,8.88982800779845e-08,8.88982800779845e-08,0,5.978595289746733e-05,0.00013556844569439434,0.00013556844569439434,0,0,0
70,86,0,0.0005951188879506659,3.6893747249855015e-11,3.6893747249855015e-11,0,4.3727850719209155e-08,4.2457768276832106e-08,4.2457768276832106e-08,0,3.9396961843705343e-05,9.463209894651276e-05,9.463209894651276e-05,0,0,0
70,87,0,0.0008032255949533028,7.808295423046684e-11,7.808295423046684e-11,0,9.987805759927388e-08,9.684192843105822e-08,9.684192843105822e-08,0,7.565173169647976e-05,0.00016605786831055673,0.00016605786831055673,0,0,0
70,88,0,0.000941623123321884,1.1619721963349581e-10,1.1619721963349581e-10,0,2.9141553333573987e-07,2.8204656200752005e-07,2.8204656200752005e-07,0,0.0003577251906407835,0.0006334978451323173,0.0006334978451323173,0,0,0
70,89,0,0.0007879779718656172,7.442935471061383e-11,7.442935471061383e-11,0,2.033147968051125e-07,1.9689790130874246e-07,1.9689790130874246e-07,0,0.00011237370598870333,0.00023354263151497957,0.00023354263151497957,0,0,0
70,90,0,0.0013483877422354046,2.8525544265449926e-10,2.8525544265449926e-10,0,1.1335413777304322e-06,1.094584784995113e-06,1.094584784995113e-06,0,0.00027285926120883513,0.0005016446327376372,0.0005016446327376372,0,0,0
70,91,0,0.0015210458400943233,3.8561786246233526e-10,3.8561786246233526e-10,0,2.0811278375074417e-06,2.0075449049534835e-06,2.0075449049534835e-06,0,0.0009315446500224036,0.0014450397522387368,0.0014450397522387368,0,0,0
70,92,0,0.002518704675502812,1.3629535232735587e-09,1.3629535232735587e-09,0,1.0823033844743188e-05,1.041133944276746e-05,1.041133944276746e-05,0,0.0014928416030262428,0.0021692560479533514,0.0021692560479533514,0,0,0
70,93,0,0.0035776976408332206,3.2844094915347214e-09,3.2844094915347214e-09,0,2.2687100159474825e-05,2.1796865186449498e-05,2.1796865186449498e-05,0,0.003961097923780888,0.005026749644437199,0.005026749644437199,0,0,0
70,94,0,0.0038833140455736127,4.0339523197275616e-09,4.0339523197275616e-09,0,2.48722256832244e-05,2.3892539064271924e-05,2.3892539064271924e-05,0,0.0044955702814070565,0.005605522699938461,0.005605522699938461,0,0,0
70,95,0,0.0036392146805699216,3.427856424083556e-09,3.427856424083556e-09,0,1.6130755597177586e-05,1.5506713389827484e-05,1.5506713389827484e-05,0,0.0018946755880489639,0.002663643876743728,0.002663643876743728,0,0,0
70,96,0,0.005348995026757533,9.011178960700078e-09,9.011178960700078e-09,0,6.634570026408507e-05,6.36270355723184e-05,6.36270355723184e-05,0,0.004353332778445413,0.005452480798795487,0.005452480798795487,0,0,0
70,97,0,0.0062428131330571745,1.3286811844246772e-08,1.3286811844246772e-08,0,0.0001261610110793347,0.00012086035364963873,0.00012086035364963873,0,0.01210098175186782,0.013147682265236663,0.013147682265236663,0,0,0
70,98,0,0.010461923981354126,4.8781922231282235e-08,4.8781922231282235e-08,0,0.0006171286359363021,0.0005896299554518979,0.0005896299554518979,0,0.03746384127301482,0.03483160592642429,0.03483160592642429,0,0,0
70,99,0,0.009261770716327894,3.587021662699308e-08,3.587021662699308e-08,0,0.0004195374427791857,0.00040110102854851,0.00040110102854851,0,0.019465773973317016,0.019799906889162014,0.019799906889162014,0,0,0
70,100,0,0.013832437689584321,9.885215554165247e-08,9.885215554165247e-08,0,0.0006213203133561797,0.0005936281811742307,0.0005936281811742307,0,0.040077570366720244,0.03692283682051623,0.03692283682051623,0,0,0
70,101,0,0.01647523516553675,1.5403143282264043e-07,1.5403143282264043e-07,0,0.003957854041001342,0.003770233389257376,0.003770233389257376,0,0.08216592175549411,0.06889145823363867,0.06889145823363867,0,0,0
70,102,0,0.01700419668613388,1.6691005371174343e-07,1.6691005371174343e-07,0,0.0022528599028775404,0.0021479343020430635,0.0021479343020430635,0,0.08214030732016199,0.0688726787879814,0.0688726787879814,0,0,0
70,103,0,0.02623400559986327,5.048825813577799e-07,5.048825813577799e-07,0,0.006618650769867294,0.006300228396570712,0.006300228396570712,0,0.18380049022974457,0.1407924617861956,0.1407924617861956,0,0,1
70,104,0,0.031510854393977585,8.090000217651535e-07,8.090000217651535e-07,0,0.018547459241918477,0.017634827820189842,0.017634827820189842,0,0.38049536151641233,0.28011780839162687,0.28011780839162687,0,0,1
70,105,0,0.03229264230884571,8.618195263211819e-07,8.618195263211819e-07,0,0.009186640171251294,0.008740924060792658,0.008740924060792658,0,0.3388113571427048,0.24973635637512812,0.24973635637512812,0,0,1
70,106,0,0.02737889676096425,5.633985116173967e-07,5.633985116173967e-07,0,0.006931607992597971,0.006597714499836196,0.006597714499836196,0,0.20602927569822682,0.15623445942802353,0.15623445942802353,0,0,1
70,107,0,0.04440506918465924,1.9709936070966753e-06,1.9709936070966753e-06,0,0.025542193587229086,0.024280813813908998,0.024280813813908998,1,0.4388920074563578,0.32399551593756615,0.32399551593756615,0,0,1
70,108,0,0.052208330414228656,3.0146566684217776e-06,3.0146566684217776e-06,0,0.10306156473933921,0.09813728047933486,0.09813728047933486,1,0.6378616125307889,0.4910562070263653,0.4910562070263653,0,0,1
70,109,0,0.05644543972898192,3.704826816926769e-06,3.704826816926769e-06,0,0.09622060299166782,0.09160052001416494,0.09160052001416494,1,0.5842582239930098,0.4426482865582361,0.4426482865582361,0,0,1
70,110,0,0.08784185415277301,1.2171927309829626e-05,1.2171927309829626e-05,0,0.19387516911649186,0.18532086548243476,0.18532086548243476,1,0.8051571157912598,0.6680207649082172,0.6680207649082172,0,0,1
70,111,0,0.07070100836248186,6.754938163835065e-06,6.754938163835065e-06,0,0.07180919937246528,0.06830700065078298,0.06830700065078298,1,0.6880971660160354,0.5394883593687,0.5394883593687,0,0,1
70,112,0,0.1108536644054584,2.3202776009775037e-05,2.3202776009775037e-05,0,0.18390393894499935,0.1757096238530816,0.1757096238530816,1,0.8728079547534872,0.7570188620343185,0.7570188620343185,0,0,1
70,113,0,0.1436028390093635,4.865212328219834e-05,4.865212328219834e-05,0,0.41386489498919665,0.39998903855853607,0.39998903855853607,1,0.9605574937255678,0.9027528889553568,0.9027528889553568,0,1,1
70,114,0,0.14794395548301148,5.307976013227119e-05,5.307976013227119e-05,0,0.42272938170326435,0.40874872099364407,0.40874872099364407,1,0.954651044556925,0.8911554499245001,0.8911554499245001,0,1,1
70,115,0,0.19587826362467411,0.0001236667731531565,0.0001236667731531565,0,0.5646784597314414,0.550241022862616,0.550241022862616,1,0.9474514970870566,0.8775106955774646,0.8775106955774646,0,1,1
70,116,0,0.1477580753054404,5.2884477822715975e-05,5.2884477822715975e-05,0,0.3473915039456806,0.33457875030643386,0.33457875030643386,1,0.9028062127318386,0.8017691309437696,0.8017691309437696,0,1,1
70,117,0,0.22929834472959407,0.00020380068206907236,0.00020380068206907236,1,0.4455688214600129,0.43135877306999176,0.43135877306999176,1,0.9574009582081292,0.8965065244919074,0.8965065244919074,0,1,1
70,118,0,0.1918795006385629,0.0001160096316724598,0.0001160096316724598,1,0.3457609182069202,0.3329803201289502,0.3329803201289502,1,0.9605646200317253,0.9027671224928671,0.9027671224928671,0,1,1
70,119,0,0.25141012289087433,0.0002758361298568857,0.0002758361298568857,1,0.5922272493978128,0.5779741578197073,0.5779741578197073,1,0.9591941921290195,0.900040985492419,0.900040985492419,0,1,1
70,120,0,0.310003374352529,0.0005705239005300449,0.0005705239005300449,1,0.7233637483683748,0.7112572559921908,0.7112572559921908,1,0.9777961070347687,0.9392765912270601,0.9392765912270601,0,1,1
70,121,0,0.40324219337992606,0.0015800622948394473,0.0015800622948394473,1,0.8692311730011515,0.8621058879817303,0.8621058879817303,1,0.993562917176837,0.9785390709409008,0.9785390709409008,0,1,1
70,122,0,0.3885175688795086,0.0013550696567170035,0.0013550696567170035,1,0.8925910500409887,0.8865345734984836,0.8865345734984836,1,0.9949255057488186,0.9824676769685639,0.9824676769685639,0,1,1
70,123,0,0.430738075202684,0.002095102081773645,0.002095102081773645,1,0.8547010685659541,0.8469502498447248,0.8469502498447248,1,0.9951656735746606,0.9831766483863569,0.9831766483863569,0,1,1
70,124,0,0.6129509126064226,0.013115022225738921,0.013115022225738921,1,0.9699257339258963,0.9680031179456394,0.9680031179456394,1,0.9992624908584048,0.9966392136958381,0.9966392136958381,0,1,1
70,125,0,0.6514370031045732,0.019704877346430696,0.019704877346430696,1,0.9856392167089774,0.9846860885625801,0.9846860885625801,1,0.9995895552944433,0.9979698835763571,0.9979698835763571,0,1,1
70,126,0,0.657590740971267,0.02106206188385447,0.02106206188385447,1,0.9903361022516066,0.9896845392748179,0.9896845392748179,1,0.9996770664068688,0.9983484629282227,0.9983484629282227,0,1,1
70,127,1,0.7218961493671419,0.04368020857736391,0.04368020857736391,1,0.9899812086731894,0.989306626960301,0.989306626960301,1,0.9998010722806315,0.9989117781631339,0.9989117781631339,0,1,1
70,128,1,0.8213362780337106,0.15999646767842246,0.15999646767842246,1,0.9984191080847952,0.9983064078282612,0.9983064078282612,1,0.9998869368434833,0.9993310901343231,0.9993310901343231,1,1,1
70,129,1,0.8791507487844034,0.3748370791025227,0.3748370791025227,1,0.9993704868647288,0.9993245138748676,0.9993245138748676,1,0.9999488795882739,0.9996624394952096,0.9996624394952096,1,1,1
70,130,1,0.9346062077941965,0.7641592615973443,0.7641592615973443,1,0.9999326969950937,0.9999275057227074,0.9999275057227074,1,0.9999939666513433,0.9999464771977742,0.9999464771977742,1,1,1
70,131,1,0.929222827940272,0.7238299487333135,0.7238299487333135,1,0.9998757787810115,0.999866336216231,0.999866336216231,1,0.9999925269515739,0.9999356359092153,0.9999356359092153,1,1,1
70,132,1,0.9582163342785249,0.9134924335865906,0.9134924335865906,1,0.9999296088495125,0.9999241851409735,0.9999241851409735,1,0.9999967288537629,0.9999684215359449,0.9999684215359449,1,1,1
70,133,1,0.9766325589196176,0.9792976031588567,0.9792976031588567,1,0.9999950763139378,0.9999946730395903,0.9999946730395903,1,0.9999997012035674,0.9999959861837043,0.9999959861837043,1,1,1
70,134,1,0.9872140599707855,0.995458948553588,0.995458948553588,1,0.9999982133945483,0.9999980637507158,0.9999980637507158,1,0.999999814964602,0.999997344362559,0.9999980637507158,1,1,1
70,135,1,0.9829743795459401,0.9906576837070175,0.9906576837070175,1,0.9999988261359535,0.9999987269119487,0.9999987269119487,1,0.999999588198607,0.9999947077894594,0.9999987269119487,1,1,1
70,136,1,0.9931629501064773,0.999060323587635,0.999060323587635,1,0.9999994444212708,0.9999993966979166,0.9999993966979166,1,0.9999998650450004,0.999997976862846,0.9999993966979166,1,1,1
70,137,1,0.9932350993148796,0.999085045991548,0.999085045991548,1,0.9999994383694181,0.999999390137376,0.999999390137376,1,0.9999999186696537,0.9999986924696588,0.999999390137376,1,1,1
71,1,0,6.875312098925876e-08,5.361508464385954e-21,5.361508464385954e-21,0,3.424042062876781e-19,3.4712918344128163e-19,3.4712918344128163e-19,0,8.133659724549828e-17,8.017570587001982e-15,8.017570587001982e-15,0,0,0
71,2,0,0.00024000301903540698,3.812646990683174e-12,3.812646990683174e-12,0,0.8776926707535385,0.870945455397373,0.870945455397373,0,3.743009780215437e-05,9.05457871035357e-05,0.870945455397373,0,1,1
71,3,0,2.839077038756707e-05,1.840228150520551e-14,1.840228150520551e-14,0,8.21266944803897e-10,8.027830806200544e-10,8.027830806200544e-10,0,1.3428013816861414e-10,1.8340154345670488e-09,1.8340154345670488e-09,0,0,0
71,4,0,5.708427539173817e-05,1.053826061280901e-13,1.053826061280901e-13,0,1.9340406915313872e-09,1.8877799937712058e-09,1.8877799937712058e-09,0,1.2624500721535006e-09,1.265474742125543e-08,1.265474742125543e-08,0,0,0
71,5,0,3.278891652978347e-05,2.6372526727690635e-14,2.6372526727690635e-14,0,4.880109718795099e-13,4.8304844915983e-13,4.8304844915983e-13,0,8.398179607504404e-12,1.6817687743748226e-10,1.6817687743748226e-10,0,0,0
71,6,0,5.457122051020103e-05,9.417057517220158e-14,9.417057517220158e-14,0,4.63061560309783e-12,4.566146123207874e-12,4.566146123207874e-12,0,4.038681777465216e-11,6.511217511096985e-10,6.511217511096985e-10,0,0,0
71,7,0,0.00010906309375383382,5.312289479170376e-13,5.312289479170376e-13,0,1.5798672252722646e-11,1.5546467273392993e-11,1.5546467273392993e-11,0,3.2459269039917036e-09,2.856010142513165e-08,2.856010142513165e-08,0,0,0
71,8,0,0.00019975706085034365,2.4100342292436183e-12,2.4100342292436183e-12,0,3.073828859503539e-10,3.009637689544483e-10,3.009637689544483e-10,0,7.084409920264616e-08,4.072664199119333e-07,4.072664199119333e-07,0,0,0
71,9,0,0.00010832041179134181,5.222360730367515e-13,5.222360730367515e-13,0,5.1203229686735566e-11,5.0285896577482617e-11,5.0285896577482617e-11,0,9.189623920341535e-09,7.00366188205304e-08,7.00366188205304e-08,0,0,0
71,10,0,0.00016722326610240536,1.5455997096392765e-12,1.5455997096392765e-12,0,5.765577249093867e-10,5.63918170682492e-10,5.63918170682492e-10,0,5.547192890924063e-08,3.298477080407472e-07,3.298477080407472e-07,0,0,0
71,11,0,0.00018234552773522988,1.918888377358876e-12,1.918888377358876e-12,0,2.4527287188529083e-09,2.3931011791673387e-09,2.3931011791673387e-09,0,2.9611052160742385e-07,1.3972617863382218e-06,1.3972617863382218e-06,0,0,0
71,12,0,0.000265249143756333,4.895287097160846e-12,4.895287097160846e-12,0,1.2269712263608167e-08,1.1938928175675406e-08,1.1938928175675406e-08,0,1.498354358226175e-06,5.65231983759014e-06,5.65231983759014e-06,0,0,0
71,13,0,0.0002123843689766666,2.808960482456703e-12,2.808960482456703e-12,0,1.304269342467974e-08,1.268976110351716e-08,1.268976110351716e-08,0,3.325732779897494e-07,1.5443610065971286e-06,1.5443610065971286e-06,0,0,0
71,14,0,0.00023523826566250588,3.6262974755534434e-12,3.6262974755534434e-12,0,1.3881231403679767e-08,1.3504187577216589e-08,1.3504187577216589e-08,0,6.581378509339976e-07,2.7813486213464674e-06,2.7813486213464674e-06,0,0,0
71,15,0,0.00022183589801050854,3.1318360553477334e-12,3.1318360553477334e-12,0,1.5345129223914762e-08,1.4925795794613154e-08,1.4925795794613154e-08,0,9.58380924267272e-07,3.845417042132001e-06,3.845417042132001e-06,0,0,0
71,16,0,0.00016752625829488917,1.5526071231536969e-12,1.5526071231536969e-12,0,3.965876703569725e-09,3.866325174478558e-09,3.866325174478558e-09,0,6.910002113425925e-07,2.90065015254241e-06,2.90065015254241e-06,0,0,0
71,17,0,0.00032995905450925085,8.447201547158755e-12,8.447201547158755e-12,0,2.40024822101585e-08,2.332894225695028e-08,2.332894225695028e-08,0,3.150645073313651e-06,1.0726281355237216e-05,1.0726281355237216e-05,0,0,0
71,18,0,0.0003182063746859482,7.715200195287139e-12,7.715200195287139e-12,0,4.353604522034745e-08,4.227184756922961e-08,4.227184756922961e-08,0,4.787140741930447e-06,1.538309665764961e-05,1.538309665764961e-05,0,0,0
71,19,0,0.00018299096454514133,1.9359061483168342e-12,1.9359061483168342e-12,0,6.557166901360431e-09,6.387143513662321e-09,6.387143513662321e-09,0,1.4081806090307198e-06,5.3578676812545e-06,5.3578676812545e-06,0,0,0
71,20,0,0.0001577468801576651,1.3359407829235614e-12,1.3359407829235614e-12,0,1.6417514839868606e-09,1.6029255118262556e-09,1.6029255118262556e-09,0,4.5401629100103484e-07,2.0196234441795947e-06,2.0196234441795947e-06,0,0,0
71,21,0,0.00017976109830212506,1.851647245403632e-12,1.851647245403632e-12,0,2.9283885870680862e-09,2.856342419922666e-09,2.856342419922666e-09,0,1.1261818091801665e-06,4.4191658398030205e-06,4.4191658398030205e-06,0,0,0
71,22,0,0.00018145150004168222,1.8954649222182535e-12,1.8954649222182535e-12,0,3.5320358092162173e-09,3.444048218261117e-09,3.444048218261117e-09,0,1.2122455721444938e-06,4.708766251022154e-06,4.708766251022154e-06,0,0,0
71,23,0,0.00021492157456277602,2.8935690009253505e-12,2.8935690009253505e-12,0,5.312763429558709e-09,5.176845897384124e-09,5.176845897384124e-09,0,1.7855803342724726e-06,6.574710442574447e-06,6.574710442574447e-06,0,0,0
71,24,0,0.0002484092435394512,4.15517743302129e-12,4.15517743302129e-12,0,1.40634203228796e-08,1.3681126632406997e-08,1.3681126632406997e-08,0,6.237063447235687e-06,1.932341655484908e-05,1.932341655484908e-05,0,0,0
71,25,0,0.0002758386625122601,5.398405536805579e-12,5.398405536805579e-12,0,1.877794843610948e-08,1.825858185770862e-08,1.825858185770862e-08,0,8.791201401908259e-06,2.5975923649621534e-05,2.5975923649621534e-05,0,0,0
71,26,0,0.0002407867526034397,3.843836516547284e-12,3.843836516547284e-12,0,3.254444211855928e-08,3.161494761558398e-08,3.161494761558398e-08,0,6.7993753164726074e-06,2.0815983889688814e-05,2.0815983889688814e-05,0,0,0
71,27,0,0.00026766762743114005,5.0075947270083145e-12,5.0075947270083145e-12,0,2.2306781670062577e-08,2.168350754744246e-08,2.168350754744246e-08,0,9.0273627170855e-06,2.6576277559455164e-05,2.6576277559455164e-05,0,0,0
71,28,0,0.00042031980294166823,1.5468327336258338e-11,1.5468327336258338e-11,0,1.228886688971362e-07,1.1911134945266093e-07,1.1911134945266093e-07,0,3.966268137097497e-05,9.518196227055306e-05,9.518196227055306e-05,0,0,0
71,29,0,0.00037248822879316684,1.1436854170843478e-11,1.1436854170843478e-11,0,9.672175374218984e-08,9.378665609653772e-08,9.378665609653772e-08,0,3.475374728334835e-05,8.493726668251571e-05,8.493726668251571e-05,0,0,0
71,30,0,0.0002434092185738006,3.949311210789596e-12,3.949311210789596e-12,0,2.684803387777117e-08,2.6089708213126404e-08,2.6089708213126404e-08,0,1.420672054410882e-05,3.928589497195089e-05,3.928589497195089e-05,0,0,0
71,31,0,0.00037442803552891537,1.1586296004099523e-11,1.1586296004099523e-11,0,5.890790936574786e-08,5.716814771649115e-08,5.716814771649115e-08,0,3.5860331865712806e-05,8.726319371964518e-05,8.726319371964518e-05,0,0,0
71,32,0,0.0005070850074851708,2.4726365929496192e-11,2.4726365929496192e-11,0,4.1998685120664433e-07,4.06233563721329e-07,4.06233563721329e-07,0,0.0001422492106176212,0.0002861575753102712,0.0002861575753102712,0,0,0
71,33,0,0.0003874825392023331,1.2622476653792726e-11,1.2622476653792726e-11,0,7.976977595170169e-08,7.737427021275542e-08,7.737427021275542e-08,0,8.296141699116158e-05,0.0001797974595463835,0.0001797974595463835,0,0,0
71,34,0,0.0003684882952279991,1.1132368040658538e-11,1.1132368040658538e-11,0,5.508056341439937e-08,5.345990070690737e-08,5.345990070690737e-08,0,2.7768025161195802e-05,7.000024058306143e-05,7.000024058306143e-05,0,0,0
71,35,0,0.0003499190288492538,9.782790468711308e-12,9.782790468711308e-12,0,5.108674151961595e-08,4.9589893365172796e-08,4.9589893365172796e-08,0,2.6057396620527567e-05,6.626721049732466e-05,6.626721049732466e-05,0,0,0
71,36,0,0.00037381661684996224,1.1539066929472205e-11,1.1539066929472205e-11,0,3.3024204894341574e-08,3.208021528304566e-08,3.208021528304566e-08,0,2.3004320089764344e-05,5.951828660758642e-05,5.951828660758642e-05,0,0,0
71,37,0,0.0003119890874889214,7.343961528797054e-12,7.343961528797054e-12,0,3.245016136691318e-08,3.152351401903062e-08,3.152351401903062e-08,0,1.2323897922360855e-05,3.4754916864819764e-05,3.4754916864819764e-05,0,0,0
71,38,0,0.0002508926984329778,4.259769281291042e-12,4.259769281291042e-12,0,2.5299466121948306e-08,2.4587346239776467e-08,2.4587346239776467e-08,0,9.739439640020921e-06,2.837361920548955e-05,2.837361920548955e-05,0,0,0
71,39,0,0.0002589674767246676,4.610690609137203e-12,4.610690609137203e-12,0,9.018788827695354e-09,8.780210143653562e-09,8.780210143653562e-09,0,4.8075741476967564e-06,1.543967592614552e-05,1.543967592614552e-05,0,0,0
71,40,0,0.00032871429756320956,8.36778424939525e-12,8.36778424939525e-12,0,3.2381880321854765e-08,3.145729469202203e-08,3.145729469202203e-08,0,1.536280247925689e-05,4.202638022528699e-05,4.202638022528699e-05,0,0,0
71,41,0,0.0003692212090113007,1.1187790789048723e-11,1.1187790789048723e-11,0,4.153008689999899e-08,4.032735007626517e-08,4.032735007626517e-08,0,3.397156578933143e-05,8.328703793570336e-05,8.328703793570336e-05,0,0,0
71,42,0,0.00031332779348817286,7.422969594237947e-12,7.422969594237947e-12,0,4.383442359278399e-08,4.256107078882736e-08,4.256107078882736e-08,0,2.7019990339054836e-05,6.837186357878997e-05,6.837186357878997e-05,0,0,0
71,43,0,0.0003269658471493439,8.256989842280673e-12,8.256989842280673e-12,0,2.7188140473447858e-08,2.6419646892783222e-08,2.6419646892783222e-08,0,3.238859299389658e-05,7.993108435087366e-05,7.993108435087366e-05,0,0,0
71,44,0,0.00022172058000490674,3.1277692328495777e-12,3.1277692328495777e-12,0,1.1489607043990967e-08,1.1181094263427867e-08,1.1181094263427867e-08,0,1.7418771618679543e-05,4.6831433030258345e-05,4.6831433030258345e-05,0,0,0
71,45,0,0.00035329501460071414,1.002039080500546e-11,1.002039080500546e-11,0,1.8354661335140314e-08,1.7847689247192903e-08,1.7847689247192903e-08,0,2.225936443708943e-05,5.7853267665768954e-05,5.7853267665768954e-05,0,0,0
71,46,0,0.00024934063961953146,4.194220834994025e-12,4.194220834994025e-12,0,9.164305580318354e-09,8.921636342937386e-09,8.921636342937386e-09,0,9.905140370828235e-06,2.8789215161495776e-05,2.8789215161495776e-05,0,0,0
71,47,0,0.00030186216012203387,6.762625837983356e-12,6.762625837983356e-12,0,7.758207429888127e-09,7.554895922644487e-09,7.554895922644487e-09,0,1.0361925934439832e-05,2.9929973005616217e-05,2.9929973005616217e-05,0,0,0
71,48,0,0.0002818763759636807,5.698571012418714e-12,5.698571012418714e-12,0,1.1568900335058532e-08,1.1258127672949361e-08,1.1258127672949361e-08,0,2.5865910926974158e-05,6.584726892065435e-05,6.584726892065435e-05,0,0,0
71,49,0,0.0002859714171067779,5.90772571058502e-12,5.90772571058502e-12,0,1.6522815484041874e-08,1.606929318026166e-08,1.606929318026166e-08,0,9.600753430172985e-06,2.8025028013286305e-05,2.8025028013286305e-05,0,0,0
71,50,0,0.000310290521927816,7.244444393096598e-12,7.244444393096598e-12,0,1.8471104427803195e-08,1.7960724288798864e-08,1.7960724288798864e-08,0,1.5349289696908106e-05,4.199451679665732e-05,4.199451679665732e-05,0,0,0
71,51,0,0.0003502334943150523,9.804778003195368e-12,9.804778003195368e-12,0,2.3896546557549898e-08,2.322615276324962e-08,2.322615276324962e-08,0,1.1737238394810931e-05,3.3324122033656795e-05,3.3324122033656795e-05,0,0,0
71,52,0,0.00044826015818774694,1.816791030608928e-11,1.816791030608928e-11,0,7.050606342483607e-08,6.840300565650437e-08,6.840300565650437e-08,0,2.723114389942543e-05,6.883214167443155e-05,6.883214167443155e-05,0,0,0
71,53,0,0.00035758572050058606,1.032731991228928e-11,1.032731991228928e-11,0,7.615493435479538e-08,7.387376760150012e-08,7.387376760150012e-08,0,3.0597642459190454e-05,7.610672184575936e-05,7.610672184575936e-05,0,0,0
71,54,0,0.00030975647261332235,7.213323224953194e-12,7.213323224953194e-12,0,2.6215400699499007e-08,2.5475969559739878e-08,2.5475969559739878e-08,0,1.4196051742488345e-05,3.926046467286804e-05,3.926046467286804e-05,0,0,0
71,55,0,0.00039274614122736175,1.3055408030236959e-11,1.3055408030236959e-11,0,5.521005384597886e-08,5.358536861567899e-08,5.358536861567899e-08,0,2.3858856598333556e-05,6.141908962803552e-05,6.141908962803552e-05,0,0,0
71,56,0,0.0003511478781114507,9.868880398039809e-12,9.868880398039809e-12,0,4.6828911561393906e-08,4.5463498360268723e-08,4.5463498360268723e-08,0,1.9845919457431427e-05,5.240449181159824e-05,5.240449181159824e-05,0,0,0
71,57,0,0.0003973105464766491,1.3437944544541366e-11,1.3437944544541366e-11,0,3.849644198353763e-08,3.7386349428027364e-08,3.7386349428027364e-08,0,2.322121984227817e-05,6.0001661116047476e-05,6.0001661116047476e-05,0,0,0
71,58,0,0.00028856177417170103,6.0423703416932964e-12,6.0423703416932964e-12,0,3.4530403487806934e-08,3.3540833577343724e-08,3.3540833577343724e-08,0,1.2240346771961582e-05,3.455172982549179e-05,3.455172982549179e-05,0,0,0
71,59,0,0.00031888486782749803,7.75637957368447e-12,7.75637957368447e-12,0,2.2174782214270684e-08,2.155541230448572e-08,2.155541230448572e-08,0,6.6685575380543405e-06,2.0470322627115743e-05,2.0470322627115743e-05,0,0,0
71,60,0,0.00032792436944229674,8.317618981531066e-12,8.317618981531066e-12,0,4.2908810048763266e-08,4.166384693278942e-08,4.166384693278942e-08,0,1.0337668422045835e-05,2.986957046056582e-05,2.986957046056582e-05,0,0,0
71,61,0,0.00023256996122045107,3.5243784394628623e-12,3.5243784394628623e-12,0,1.3337483092146741e-08,1.2976084119482443e-08,1.2976084119482443e-08,0,3.2935028598346732e-06,1.1144201307451452e-05,1.1144201307451452e-05,0,0,0
71,62,0,0.000231332700445089,3.477710231106677e-12,3.477710231106677e-12,0,1.0528480422227987e-08,1.0247286731075282e-08,1.0247286731075282e-08,0,4.0321385217814025e-06,1.3267653043225306e-05,1.3267653043225306e-05,0,0,0
71,63,0,0.0002552311114147503,4.446240230728445e-12,4.446240230728445e-12,0,1.4822766802300823e-08,1.4418551038917502e-08,1.4418551038917502e-08,0,9.690164047565116e-06,2.8249842797314925e-05,2.8249842797314925e-05,0,0,0
71,64,0,0.00021447251003673683,2.8784842120783977e-12,2.8784842120783977e-12,0,5.70889496309536e-09,5.562167678828348e-09,5.562167678828348e-09,0,4.196632643143283e-06,1.3732896395696726e-05,1.3732896395696726e-05,0,0,0
71,65,0,0.00029375325412806744,6.3177201249364835e-12,6.3177201249364835e-12,0,9.941300157856264e-09,9.676726427364347e-09,9.676726427364347e-09,0,4.065160557819113e-06,1.3361257178721935e-05,1.3361257178721935e-05,0,0,0
71,66,0,0.00027798197250667014,5.503845374397387e-12,5.503845374397387e-12,0,1.1998929933877021e-08,1.16758859310756e-08,1.16758859310756e-08,0,5.596522985161316e-06,1.76002772956495e-05,1.76002772956495e-05,0,0,0
71,67,0,0.0002504534764249891,4.241157636189612e-12,4.241157636189612e-12,0,8.15332591259574e-09,7.938994013044081e-09,7.938994013044081e-09,0,2.9389111798490234e-06,1.0101998614580874e-05,1.0101998614580874e-05,0,0,0
71,68,0,0.00023413447743234997,3.5839255575376093e-12,3.5839255575376093e-12,0,5.156574145720212e-09,5.024905608579099e-09,5.024905608579099e-09,0,2.216235535908847e-06,7.920607033152272e-06,7.920607033152272e-06,0,0,0
71,69,0,0.0003020619930970916,6.7738198114173714e-12,6.7738198114173714e-12,0,1.2185748665104092e-08,1.1857365664705193e-08,1.1857365664705193e-08,0,5.230860435685365e-06,1.660449938295466e-05,1.660449938295466e-05,0,0,0
71,70,0,0.00018049213332755245,1.8705213014210227e-12,1.8705213014210227e-12,0,7.659622379163619e-09,7.459055458118901e-09,7.459055458118901e-09,0,2.6540637293712657e-06,9.252193208586304e-06,9.252193208586304e-06,0,0,0
71,71,0,0.00022855180214390302,3.374176371280624e-12,3.374176371280624e-12,0,5.087914047857222e-09,4.95811090433167e-09,4.95811090433167e-09,0,3.080003157333472e-06,1.0518662055841414e-05,1.0518662055841414e-05,0,0,0
71,72,0,0.0003162929879705273,7.599779765259129e-12,7.599779765259129e-12,0,2.214989170639155e-08,2.1531257851353575e-08,2.1531257851353575e-08,0,1.2529084718250935e-05,3.5253104344694366e-05,3.5253104344694366e-05,0,0,0
71,73,0,0.0002916839938269732,6.207086470905105e-12,6.207086470905105e-12,0,4.2826082685367096e-08,4.1583655337131166e-08,4.1583655337131166e-08,0,2.6378857879605597e-05,6.697124151132711e-05,6.697124151132711e-05,0,0,0
71,74,0,0.00029785292783712184,6.5403837796838555e-12,6.5403837796838555e-12,0,1.6215062725878238e-08,1.577048834869955e-08,1.577048834869955e-08,0,1.2155766013182762e-05,3.434584372071083e-05,3.434584372071083e-05,0,0,0
71,75,0,0.0003051211458349912,6.946572322244067e-12,6.946572322244067e-12,0,2.6238317489657447e-08,2.549820233904395e-08,2.549820233904395e-08,0,1.860725932261625e-05,4.957290390551128e-05,4.957290390551128e-05,0,0,0
71,76,0,0.0003728109033582265,1.146163218041779e-11,1.146163218041779e-11,0,7.367799312682922e-08,7.147501185292127e-08,7.147501185292127e-08,0,1.95094603362338e-05,5.1637822187787966e-05,5.1637822187787966e-05,0,0,0
71,77,0,0.0002634100234665343,4.810904546666511e-12,4.810904546666511e-12,0,2.7187877306127215e-08,2.6419391595887307e-08,2.6419391595887307e-08,0,6.039239513414848e-06,1.8793972812816323e-05,1.8793972812816323e-05,0,0,0
71,78,0,0.00029851613063695316,6.576839487497525e-12,6.576839487497525e-12,0,2.613931581755799e-08,2.5402155392318964e-08,2.5402155392318964e-08,0,4.074715538981777e-06,1.3388322076331074e-05,1.3388322076331074e-05,0,0,0
71,79,0,0.0003452390376092753,9.45905627364125e-12,9.45905627364125e-12,0,5.2129689934165944e-08,5.060055652074249e-08,5.060055652074249e-08,0,7.775762084223737e-06,2.336820484630659e-05,2.336820484630659e-05,0,0,0
71,80,0,0.00037852115604662277,1.1905456520344396e-11,1.1905456520344396e-11,0,3.176200307447782e-08,3.0856123535249574e-08,3.0856123535249574e-08,0,7.598733301109021e-06,2.2908912804376432e-05,2.2908912804376432e-05,0,0,0
71,81,0,0.0004623988332321372,1.963429726777781e-11,1.963429726777781e-11,0,8.679032502949153e-08,8.417200130084305e-08,8.417200130084305e-08,0,2.6844867236041893e-05,6.798974872852367e-05,6.798974872852367e-05,0,0,0
71,82,0,0.0004493197022549432,1.8275438385523884e-11,1.8275438385523884e-11,0,1.1623199605305251e-07,1.1266988198889979e-07,1.1266988198889979e-07,0,6.318432778626636e-05,0.00014218460836758665,0.00014218460836758665,0,0,0
71,83,0,0.0005414276038798769,2.912737834820259e-11,2.912737834820259e-11,0,1.8415322134650546e-07,1.7837090219753848e-07,1.7837090219753848e-07,0,5.7724360569263335e-05,0.00013152959440324618,0.00013152959440324618,0,0,0
71,84,0,0.0006182146250091884,4.0577978886196976e-11,4.0577978886196976e-11,0,2.7848589432903893e-07,2.69553264026571e-07,2.69553264026571e-07,0,7.169061203124631e-05,0.00015853642690195284,0.00015853642690195284,0,0,0
71,85,0,0.0007205444408491432,5.951131201492617e-11,5.951131201492617e-11,0,5.02492008475243e-07,4.858897583406478e-07,4.858897583406478e-07,0,0.00014672453961539052,0.000293899779239353,0.000293899779239353,0,0,0
71,86,0,0.0006439406955672172,4.493209748275786e-11,4.493209748275786e-11,0,3.5317716851649506e-07,3.4171164355090016e-07,3.4171164355090016e-07,0,0.00010032139863360702,0.00021178828241031475,0.00021178828241031475,0,0,0
71,87,0,0.00043796865601376437,1.714320684475831e-11,1.714320684475831e-11,0,9.165656459396512e-08,8.888324651063304e-08,8.888324651063304e-08,0,3.9361103688171355e-05,9.455785716397585e-05,9.455785716397585e-05,0,0,0
71,88,0,0.0004357340489732595,1.6925415486110006e-11,1.6925415486110006e-11,0,6.063030396757678e-08,5.8836810646089956e-08,5.8836810646089956e-08,0,1.421398360705587e-05,3.930320579766455e-05,3.930320579766455e-05,0,0,0
71,89,0,0.00045551969680192273,1.8912298736830092e-11,1.8912298736830092e-11,0,6.831594094776593e-08,6.628174177040177e-08,6.628174177040177e-08,0,1.3427349827267532e-05,3.7421085576118565e-05,3.7421085576118565e-05,0,0,0
71,90,0,0.0004021513752676021,1.3850912995341814e-11,1.3850912995341814e-11,0,6.983869952637097e-08,6.775663597437117e-08,6.775663597437117e-08,0,9.51806237537759e-06,2.7816851527154018e-05,2.7816851527154018e-05,0,0,0
71,91,0,0.0005406912069213524,2.9028448177466034e-11,2.9028448177466034e-11,0,9.310182871397615e-08,9.028239520847187e-08,9.028239520847187e-08,0,1.7684874273141613e-05,4.74474348729056e-05,4.74474348729056e-05,0,0,0
71,92,0,0.0005082892108516201,2.487340632297804e-11,2.487340632297804e-11,0,1.0138300692810746e-07,9.829864745204546e-08,9.829864745204546e-08,0,2.3370716180060892e-05,6.033445976580109e-05,6.033445976580109e-05,0,0,0
71,93,0,0.0007298439979804153,6.145029087483647e-11,6.145029087483647e-11,0,1.923428113340342e-07,1.8628965615682104e-07,1.8628965615682104e-07,0,7.687720773272375e-05,0.0001683736845725837,0.0001683736845725837,0,0,0
71,94,0,0.00045196043906065665,1.854509333782516e-11,1.854509333782516e-11,0,1.237111689558224e-07,1.1990721712350776e-07,1.1990721712350776e-07,0,4.081439698323445e-05,9.755941914161171e-05,9.755941914161171e-05,0,0,0
71,95,0,0.0003902600609451266,1.2849836089784245e-11,1.2849836089784245e-11,0,6.217928421690639e-08,6.033740061114584e-08,6.033740061114584e-08,0,8.11881736615708e-06,2.425417271861082e-05,2.425417271861082e-05,0,0,0
71,96,0,0.000414696649807728,1.4956267877554677e-11,1.4956267877554677e-11,0,5.528943433071952e-08,5.366228295966113e-08,5.366228295966113e-08,0,7.478477950357798e-06,2.259607478207433e-05,2.259607478207433e-05,0,0,0
71,97,0,0.0004087870023302086,1.4429228394827474e-11,1.4429228394827474e-11,0,8.026979696186002e-08,7.785845397662671e-08,7.785845397662671e-08,0,3.963019915796295e-06,1.3071385720941197e-05,1.3071385720941197e-05,0,0,0
71,98,0,0.0004179643180003452,1.5252571339471763e-11,1.5252571339471763e-11,0,9.102179964244629e-08,8.826872387113675e-08,8.826872387113675e-08,0,2.9808513467671933e-06,1.0226136265838247e-05,1.0226136265838247e-05,0,0,0
71,99,0,0.00039809429046121664,1.3504296775132606e-11,1.3504296775132606e-11,0,5.857648066594071e-08,5.6847048859499024e-08,5.6847048859499024e-08,0,2.2967966513597336e-06,8.168161386205757e-06,8.168161386205757e-06,0,0,0
71,100,0,0.0003008757632236754,6.707533831653022e-12,6.707533831653022e-12,0,1.395798331074027e-08,1.3578728315085359e-08,1.3578728315085359e-08,0,1.0112724773209397e-06,4.027658794207772e-06,4.027658794207772e-06,0,0,0
71,101,0,0.00034958052069892777,9.759154956109064e-12,9.759154956109064e-12,0,8.406352716776875e-09,8.184946946827882e-09,8.184946946827882e-09,0,1.1183959285613023e-06,4.392819078434192e-06,4.392819078434192e-06,0,0,0
71,102,0,0.00032696586227013336,8.25699079661306e-12,8.25699079661306e-12,0,1.2879116782625758e-08,1.2530877846285224e-08,1.2530877846285224e-08,0,1.4586597266270597e-06,5.523011922139263e-06,5.523011922139263e-06,0,0,0
71,103,0,0.0003783088274651606,1.1888772148104234e-11,1.1888772148104234e-11,0,1.5925757363766523e-08,1.5489585824906913e-08,1.5489585824906913e-08,0,1.9358411756951745e-06,7.048919355644778e-06,7.048919355644778e-06,0,0,0
71,104,0,0.0003482352219895173,9.665561565591174e-12,9.665561565591174e-12,0,2.1170180417356626e-08,2.058048135446848e-08,2.058048135446848e-08,0,2.699421159021907e-06,9.388322298531732e-06,9.388322298531732e-06,0,0,0
71,105,0,0.0004026729658364136,1.3895857784882837e-11,1.3895857784882837e-11,0,2.5598802816858526e-08,2.4877763220872606e-08,2.4877763220872606e-08,0,2.6595423422898345e-06,9.268652860191931e-06,9.268652860191931e-06,0,0,0
71,106,0,0.0003528241772591122,9.987048071651641e-12,9.987048071651641e-12,0,2.1725221846926458e-08,2.1119139098918126e-08,2.1119139098918126e-08,0,2.236782903211041e-06,7.983862865822468e-06,7.983862865822468e-06,0,0,0
71,107,0,0.0004905081901212611,2.2755111746369502e-11,2.2755111746369502e-11,0,3.696014733231785e-08,3.5896824119267246e-08,3.5896824119267246e-08,0,4.443397933183342e-06,1.4426153445557564e-05,1.4426153445557564e-05,0,0,0
71,108,0,0.00039712461941811896,1.3422232622726135e-11,1.3422232622726135e-11,0,3.832633919676757e-08,3.722143008789908e-08,3.722143008789908e-08,0,5.303412379352414e-06,1.6802818362111603e-05,1.6802818362111603e-05,0,0,0
71,109,0,0.0003364889545568966,8.871219437221254e-12,8.871219437221254e-12,0,1.0033509414975314e-08,9.766329412263749e-09,9.766329412263749e-09,0,2.4855381918314957e-06,8.743537030388149e-06,8.743537030388149e-06,0,0,0
71,110,0,0.0003919233981872327,1.2987159295888053e-11,1.2987159295888053e-11,0,2.99356820386825e-08,2.9084798870701225e-08,2.9084798870701225e-08,0,3.7275281387128965e-06,1.2399078554247104e-05,1.2399078554247104e-05,0,0,0
71,111,0,0.0003557757688220233,1.0197170103864803e-11,1.0197170103864803e-11,0,1.6551861283876823e-08,1.6097493983962563e-08,1.6097493983962563e-08,0,2.0316197163572418e-06,7.348519213249255e-06,7.348519213249255e-06,0,0,0
71,112,0,0.0003191101090914179,7.770079094290376e-12,7.770079094290376e-12,0,1.1038481157318523e-08,1.0742808323812736e-08,1.0742808323812736e-08,0,1.3052856234138868e-06,5.018668011841199e-06,5.018668011841199e-06,0,0,0
71,113,0,0.0003495854751212102,9.759500639304272e-12,9.759500639304272e-12,0,1.901386865616233e-08,1.8487587164334275e-08,1.8487587164334275e-08,0,2.6270318651044212e-06,9.170911226339845e-06,9.170911226339845e-06,0,0,0
71,114,0,0.0003361120882076673,8.846408393468425e-12,8.846408393468425e-12,0,1.2861932082971638e-08,1.2514186017594908e-08,1.2514186017594908e-08,0,1.645669959336633e-06,6.128189667193195e-06,6.128189667193195e-06,0,0,0
71,115,0,0.0003810196477000152,1.2102839027866241e-11,1.2102839027866241e-11,0,1.9261202580893204e-08,1.872766648484464e-08,1.872766648484464e-08,0,2.3337845099998936e-06,8.281416976737785e-06,8.281416976737785e-06,0,0,0
71,116,0,0.00037710098261912914,1.179412896211096e-11,1.179412896211096e-11,0,2.061895864560759e-08,2.0045506917033465e-08,2.0045506917033465e-08,0,1.4465716649625583e-06,5.483538259642262e-06,5.483538259642262e-06,0,0,0
71,117,0,0.0003556736580151988,1.0189857031483246e-11,1.0189857031483246e-11,0,1.1857252216206251e-08,1.1538253971701343e-08,1.1538253971701343e-08,0,9.387317711352432e-07,3.7773638852603515e-06,3.7773638852603515e-06,0,0,0
71,118,0,0.00041705343661462,1.516962429354304e-11,1.516962429354304e-11,0,1.1737276533038467e-08,1.1421702152014654e-08,1.1421702152014654e-08,0,1.2466680116825916e-06,4.823791977597971e-06,4.823791977597971e-06,0,0,0
71,119,0,0.00047784803024272527,2.1315333024069978e-11,2.1315333024069978e-11,0,3.050414129771904e-08,2.963615905585431e-08,2.963615905585431e-08,0,1.7385804465230843e-06,6.425269454334442e-06,6.425269454334442e-06,0,0,0
71,120,0,0.0004210064607762448,1.5531565922378146e-11,1.5531565922378146e-11,0,1.1781048171379293e-08,1.1464224868278017e-08,1.1464224868278017e-08,0,2.322447723269839e-06,8.246730630814668e-06,8.246730630814668e-06,0,0,0
71,121,0,0.0007044452227535099,5.6242392112119746e-11,5.6242392112119746e-11,0,4.999159706687576e-08,4.8528612425240853e-08,4.8528612425240853e-08,0,9.827149071771455e-06,2.8593724840483617e-05,2.8593724840483617e-05,0,0,0
71,122,0,0.0006413037095872383,4.447350534200216e-11,4.447350534200216e-11,0,5.5824380391299476e-08,5.4180604818509755e-08,5.4180604818509755e-08,0,1.0504611165121236e-05,3.0284873661708953e-05,3.0284873661708953e-05,0,0,0
71,123,0,0.0009520125814673217,1.1942998500438225e-10,1.1942998500438225e-10,0,1.5609931723997395e-07,1.5124007725529286e-07,1.5124007725529286e-07,0,3.124726078208913e-05,7.749738756451293e-05,7.749738756451293e-05,0,0,0
71,124,0,0.0009883639464259265,1.3116335242043914e-10,1.3116335242043914e-10,0,2.9226556732775693e-07,2.828678763551286e-07,2.828678763551286e-07,0,0.00013793467624906576,0.0002786615922159169,0.0002786615922159169,0,0,0
71,125,0,0.001072034660758099,1.6072266409753982e-10,1.6072266409753982e-10,0,1.9096227427199867e-07,1.8495481508706434e-07,1.8495481508706434e-07,0,6.303586625381515e-05,0.00014189662010765674,0.00014189662010765674,0,0,0
71,126,0,0.0012277440124042777,2.256317142301976e-10,2.256317142301976e-10,0,1.0871084089178551e-07,1.0539112842284202e-07,1.0539112842284202e-07,0,7.090914023535306e-05,0.00015704585789509643,0.00015704585789509643,0,0,0
71,127,0,0.0015890517732187498,4.302196227377443e-10,4.302196227377443e-10,0,3.567671194388026e-07,3.451791559833626e-07,3.451791559833626e-07,0,0.00011962961579911144,0.00024648236961902144,0.00024648236961902144,0,0,0
71,128,0,0.0020079869104860787,7.727537894031532e-10,7.727537894031532e-10,0,5.824188868865442e-07,5.630355183223055e-07,5.630355183223055e-07,0,0.00018826911934034535,0.0003643450293540547,0.0003643450293540547,0,0,0
71,129,0,0.0015586829686108565,4.099396149499842e-10,4.099396149499842e-10,0,4.6604328132166653e-07,4.507025922826848e-07,4.507025922826848e-07,0,0.00012348305288793055,0.0002533099249994792,0.0002533099249994792,0,0,0
71,130,0,0.001224758958864004,2.2426194311956123e-10,2.2426194311956123e-10,0,1.0297241729261577e-07,9.983708108552687e-08,9.983708108552687e-08,0,2.5138292109682728e-05,6.424760072990223e-05,6.424760072990223e-05,0,0,0
71,131,0,0.0011823476068563892,2.0533841931092973e-10,2.0533841931092973e-10,0,7.100544389053584e-08,6.888666963719348e-08,6.888666963719348e-08,0,9.412871472688217e-06,2.755166974343031e-05,2.755166974343031e-05,0,0,0
71,132,0,0.0013845534218222106,3.0478407197305054e-10,3.0478407197305054e-10,0,9.892321935418781e-08,9.591767146407986e-08,9.591767146407986e-08,0,1.6648126053377663e-05,4.504004090780405e-05,4.504004090780405e-05,0,0,0
71,133,0,0.0029162848635386927,1.967633358925078e-09,1.967633358925078e-09,0,6.511757955389056e-07,6.293855427502e-07,6.293855427502e-07,0,0.00017980279207239062,0.00035018037770981466,0.00035018037770981466,0,0,0
71,134,0,0.0026639182121822877,1.5684093457410083e-09,1.5684093457410083e-09,0,1.5367955936074237e-06,1.4832178939058317e-06,1.4832178939058317e-06,0,0.0002374198265513087,0.0004449662915521797,0.0004449662915521797,0,0,0
71,135,0,0.003191880633280616,2.467308964278313e-09,2.467308964278313e-09,0,1.0242545255083898e-06,9.892231322957448e-07,9.892231322957448e-07,0,0.00021735009649434525,0.000412355581132658,0.000412355581132658,0,0,0
71,136,0,0.0032220077768355367,2.526095136165342e-09,2.526095136165342e-09,0,1.8460857604508344e-06,1.781173645730406e-06,1.781173645730406e-06,0,0.00030743865972206685,0.0005559701819321749,0.0005559701819321749,0,0,0
71,137,0,0.0034184027820611533,2.9299775139476187e-09,2.9299775139476187e-09,0,2.4963806934399435e-06,2.40737595551683e-06,2.40737595551683e-06,0,0.0004398844935238984,0.0007570347885217191,0.0007570347885217191,0,0,0
71,138,0,0.004449955820752047,5.67723805165477e-09,5.67723805165477e-09,0,4.9871929730082375e-06,4.803765962030191e-06,4.803765962030191e-06,0,0.0012793933259983902,0.0018992818433712897,0.0018992818433712897,0,0,0
71,139,0,0.0038352430035487454,3.909875511332406e-09,3.909875511332406e-09,0,1.951764518054829e-06,1.8829595373643157e-06,1.8829595373643157e-06,0,0.0006918505357486281,0.0011183447763741118,0.0011183447763741118,0,0,0
71,140,0,0.00323244964132162,2.546664850167721e-09,2.546664850167721e-09,0,8.980759072597196e-07,8.675526111623204e-07,8.675526111623204e-07,0,0.00017524669248103624,0.00034251976027224344,0.00034251976027224344,0,0,0
71,141,0,0.004557035314718421,6.02634706142832e-09,6.02634706142832e-09,0,1.5896724810285999e-06,1.5341636897586844e-06,1.5341636897586844e-06,0,0.0005005722862627187,0.0008462124024283911,0.0008462124024283911,0,0,0
71,142,0,0.0031799992641733054,2.444354114532951e-09,2.444354114532951e-09,0,6.599221929729884e-07,6.378248907544335e-07,6.378248907544335e-07,0,0.0003111192554891065,0.0005617011254645514,0.0005617011254645514,0,0,0
71,143,0,0.006970335816110892,1.7531648323642728e-08,1.7531648323642728e-08,0,6.208724324941841e-06,5.9781582675095845e-06,5.9781582675095845e-06,0,0.001437533272746791,0.002099848354536466,0.002099848354536466,0,0,0
71,144,0,0.005580068901300796,1.0021274106481158e-08,1.0021274106481158e-08,0,7.979613202387192e-06,7.680029478050364e-06,7.680029478050364e-06,0,0.0029614027841445272,0.003913072143087436,0.003913072143087436,0,0,0
71,145,0,0.0052496079200911976,8.596523075746033e-09,8.596523075746033e-09,0,3.4424502445376423e-06,3.3179141631862056e-06,3.3179141631862056e-06,0,0.0007953208379621638,0.001261032420807624,0.001261032420807624,0,0,0
71,146,0,0.006824942584526235,1.6626150161388322e-08,1.6626150161388322e-08,0,5.301913198488814e-06,5.10638330098912e-06,5.10638330098912e-06,0,0.0016374041698834281,0.0023490228992706077,0.0023490228992706077,0,0,0
71,147,0,0.009957733749210138,4.306383179828975e-08,4.306383179828975e-08,0,2.655597932652732e-05,2.55071520729304e-05,2.55071520729304e-05,0,0.005215674859364076,0.0063704577621025,0.0063704577621025,0,0,0
71,148,0,0.010099766083883795,4.463089332440968e-08,4.463089332440968e-08,0,6.226525883622248e-05,5.972018988398146e-05,5.972018988398146e-05,0,0.010389995330260469,0.011530470236890128,0.011530470236890128,0,0,0
71,149,0,0.007949103727086505,2.440412205712718e-08,2.440412205712718e-08,0,1.51167176106209e-05,1.4533497607820767e-05,1.4533497607820767e-05,0,0.005647921387988168,0.006822449109713095,0.006822449109713095,0,0,0
71,150,0,0.007546410488544352,2.1409887099223204e-08,2.1409887099223204e-08,0,9.198277605931824e-06,8.850816895894775e-06,8.850816895894775e-06,0,0.0018564209478398473,0.002617257943383092,0.002617257943383092,0,0,0
71,151,0,0.007899810328226202,2.4024802158337872e-08,2.4024802158337872e-08,0,2.0522676704528097e-05,1.9720709832372017e-05,1.9720709832372017e-05,0,0.0017480380963569304,0.00248510375365937,0.00248510375365937,0,0,0
71,152,0,0.011458139313415638,6.138261387411749e-08,6.138261387411749e-08,0,5.830582425857575e-05,5.5928790967232335e-05,5.5928790967232335e-05,0,0.010117651680392447,0.011269779449301884,0.011269779449301884,0,0,0
71,153,0,0.010810281392407197,5.298853842041723e-08,5.298853842041723e-08,0,3.019525204868856e-05,2.8996407338891534e-05,2.8996407338891534e-05,0,0.021694432372459105,0.021738657978677717,0.021738657978677717,0,0,0
71,154,0,0.011258676483393262,5.8718059313239844e-08,5.8718059313239844e-08,0,3.182618495425265e-05,3.0559874588960556e-05,3.0559874588960556e-05,0,0.01405130157601616,0.014953080829500002,0.014953080829500002,0,0,0
71,155,0,0.01698203340750321,1.6635768240471377e-07,1.6635768240471377e-07,0,0.00015795906974015145,0.00015126519704061517,0.00015126519704061517,0,0.026872392670517664,0.026144713312550204,0.026144713312550204,0,0,0
71,156,0,0.012971560048003287,8.400738129526414e-08,8.400738129526414e-08,0,0.00017439908071243158,0.0001669807235628202,0.0001669807235628202,0,0.026329438344457008,0.025688429966444486,0.025688429966444486,0,0,0
71,157,0,0.010210230877263455,4.587327821916144e-08,4.587327821916144e-08,0,3.147856879150342e-05,3.0226649588127034e-05,3.0226649588127034e-05,0,0.006562874142427498,0.007763843965674106,0.007763843965674106,0,0,0
71,158,0,0.013808940626066819,9.842729827533926e-08,9.842729827533926e-08,0,5.3090626152199346e-05,5.0934255186081275e-05,5.0934255186081275e-05,0,0.012543672415443621,0.013560792630548763,0.013560792630548763,0,0,0
71,159,0,0.013757068099880077,9.749332992267269e-08,9.749332992267269e-08,0,8.212973040439953e-05,7.87359518070963e-05,7.87359518070963e-05,0,0.022007343116477927,0.022008646833352345,0.022008646833352345,0,0,0
71,160,0,0.0297733736013032,6.989764816355583e-07,6.989764816355583e-07,0,0.0006411971363289328,0.0006125870671259649,0.0006125870671259649,0,0.12689402381999396,0.10099949616699082,0.10099949616699082,0,0,0
71,161,0,0.021854387313611813,3.1632423031037517e-07,3.1632423031037517e-07,0,0.0002875565297151756,0.00027509378574343556,0.00027509378574343556,0,0.06487709308121552,0.05606419848081339,0.05606419848081339,0,0,0
71,162,0,0.018381678680387203,2.0348054295407708e-07,2.0348054295407708e-07,0,0.00011526945871499813,0.00011044319548496564,0.00011044319548496564,0,0.014811436362411093,0.01564714846794683,0.01564714846794683,0,0,0
71,163,0,0.02652730564782663,5.19494446732717e-07,5.19494446732717e-07,0,0.00022307749865602865,0.00021350020383131444,0.00021350020383131444,0,0.050932560062210745,0.045437991562041445,0.045437991562041445,0,0,0
71,164,0,0.01653954195743772,1.555633373975961e-07,1.555633373975961e-07,0,7.622087862129975e-05,7.3080461650074e-05,7.3080461650074e-05,0,0.016443775350482512,0.017121476699382614,0.017121476699382614,0,0,0
71,165,0,0.024706936229666472,4.3292961010696397e-07,4.3292961010696397e-07,0,0.00032043380693677544,0.0003064905646216688,0.0003064905646216688,0,0.03280629186025776,0.031057440020290525,0.031057440020290525,0,0,0
71,166,0,0.027700913350224034,5.805802733917898e-07,5.805802733917898e-07,0,0.0006810645077336574,0.0006506104542086981,0.0006506104542086981,0,0.07183576601142452,0.061266382558581196,0.061266382558581196,0,0,0
71,167,0,0.033094555779922985,9.181873996947001e-07,9.181873996947001e-07,0,0.0009195485483244263,0.0008779948037815289,0.0008779948037815289,0,0.08727358855192506,0.07262479450944279,0.07262479450944279,0,0,0
71,168,0,0.0377467623084097,1.2908669362789471e-06,1.2908669362789471e-06,0,0.001587924597826528,0.001514815696427627,0.001514815696427627,0,0.14141220878043215,0.11121967907063117,0.11121967907063117,0,0,0
71,169,0,0.033515818453370656,9.486993526333162e-07,9.486993526333162e-07,0,0.001033117897636798,0.0009862431565539774,0.0009862431565539774,0,0.08897633292472565,0.07386456260213387,0.07386456260213387,0,0,0
71,170,0,0.03237281946092903,8.67354979316768e-07,8.67354979316768e-07,0,0.0005851004178022589,0.0005590783967524198,0.0005590783967524198,0,0.020541193390992783,0.02073899012688122,0.02073899012688122,0,0,0
71,171,0,0.046323126320941314,2.201655067026129e-06,2.201655067026129e-06,0,0.0022235446457244522,0.002120028375839494,0.002120028375839494,0,0.07205319009447775,0.06142801084867454,0.06142801084867454,0,0,0
71,172,0,0.03900509828769062,1.4056681539371157e-06,1.4056681539371157e-06,0,0.001993414876582786,0.001900942520483034,0.001900942520483034,0,0.05592665635568211,0.04927861576521452,0.04927861576521452,0,0,0
71,173,0,0.06770104523666567,6.012830230172845e-06,6.012830230172845e-06,0,0.012643999441771072,0.012026096451120894,0.012026096451120894,0,0.2175785646201288,0.1642589772718808,0.1642589772718808,0,0,1
71,174,0,0.05630870351971494,3.681112034211314e-06,3.681112034211314e-06,0,0.008352469480020209,0.00794817943176722,0.00794817943176722,0,0.20970091086012368,0.15878500761986372,0.15878500761986372,0,0,1
71,175,0,0.08107175605265649,9.779404859784035e-06,9.779404859784035e-06,0,0.008216040785378931,0.007818519835310627,0.007818519835310627,0,0.3734449078490263,0.2749297319873297,0.2749297319873297,0,0,1
71,176,0,0.09028816221030421,1.3124330407187709e-05,1.3124330407187709e-05,0,0.017376789526782184,0.016522612986343523,0.016522612986343523,0,0.5141935854547974,0.38348692233787585,0.38348692233787585,0,0,1
71,177,0,0.10544219073786854,2.0167543348274632e-05,2.0167543348274632e-05,0,0.02346272901350319,0.02230489674862801,0.02230489674862801,0,0.5310409307020904,0.3973394452566754,0.3973394452566754,0,0,1
71,178,0,0.11860843237542912,2.808081866692361e-05,2.808081866692361e-05,0,0.042089681942863624,0.040011181906403966,0.040011181906403966,1,0.6943239991049552,0.5457293808924527,0.5457293808924527,0,0,1
71,179,0,0.1292782605211972,3.589939190563842e-05,3.589939190563842e-05,0,0.03974320071015453,0.037779677570604825,0.037779677570604825,1,0.7010978237516893,0.5525834089985193,0.5525834089985193,0,0,1
71,180,0,0.2310977008510883,0.00020903593099611575,0.00020903593099611575,0,0.22077439677009733,0.21129827637419002,0.21129827637419002,1,0.898475614434204,0.7950549799057229,0.7950549799057229,0,0,1
71,181,0,0.18528564085540283,0.00010416906908149129,0.00010416906908149129,0,0.14793250301337643,0.14111730407264278,0.14111730407264278,1,0.8199554783850521,0.6863327660012568,0.6863327660012568,0,0,1
71,182,0,0.25666414181312946,0.0002956151448006948,0.0002956151448006948,0,0.17420312367998841,0.16636840196343153,0.16636840196343153,1,0.8831173590611013,0.7719551980944226,0.7719551980944226,0,0,1
71,183,0,0.29698609870648346,0.000489196771390717,0.000489196771390717,0,0.301996995015918,0.29018631096896536,0.29018631096896536,1,0.9752423110891458,0.9335588570217176,0.9335588570217176,0,1,1
71,184,0,0.23616325551206052,0.00022434327282215007,0.00022434327282215007,0,0.1591927245077307,0.15193242624931083,0.15193242624931083,1,0.9499237822626705,0.8821395877667076,0.8821395877667076,0,0,1
71,185,0,0.2945480745651384,0.0004751045354931168,0.0004751045354931168,0,0.2674429793193408,0.25654177538214273,0.25654177538214273,1,0.9614803952715472,0.9046013124284829,0.9046013124284829,0,1,1
71,186,0,0.2743487091885458,0.0003707818713083297,0.0003707818713083297,0,0.27965428812696924,0.2684173554124044,0.2684173554124044,1,0.9740054209440029,0.9308340280992046,0.9308340280992046,0,1,1
71,187,0,0.2974028036954295,0.000491640030305969,0.000491640030305969,0,0.15630193693251063,0.14915475413788332,0.14915475413788332,1,0.9756727120050648,0.9345136308259814,0.9345136308259814,0,0,1
71,188,0,0.4747315326121274,0.003262033657219721,0.003262033657219721,1,0.5500925396629386,0.5355940565774178,0.5355940565774178,1,0.9941927055485199,0.980336267280556,0.980336267280556,0,1,1
71,189,0,0.45355098159252927,0.0026384152536297572,0.0026384152536297572,1,0.6429430824393365,0.629268561701472,0.629268561701472,1,0.9956883235510366,0.9847392593962321,0.9847392593962321,0,1,1
71,190,0,0.468748652294817,0.003072703060926046,0.003072703060926046,1,0.602432145051983,0.5882704250450339,0.5882704250450339,1,0.9962886336814402,0.9865713077716969,0.9865713077716969,0,1,1
71,191,0,0.6854674287865132,0.02866199052023132,0.02866199052023132,1,0.9322776481477514,0.9282224113918263,0.9282224113918263,1,0.9996705623249177,0.9983198702070408,0.9983198702070408,0,1,1
71,192,0,0.6443091426640877,0.018252171232961557,0.018252171232961557,1,0.9200585299586046,0.9153614827439348,0.9153614827439348,1,0.9995157500724297,0.997659469855052,0.997659469855052,0,1,1
71,193,0,0.6038166673677515,0.011931339487581941,0.011931339487581941,1,0.7850791909362629,0.774734346375657,0.774734346375657,1,0.9985188376385942,0.9938829043389154,0.9938829043389154,0,1,1
71,194,0,0.6382288273582648,0.01710573732822015,0.01710573732822015,1,0.8217597932224527,0.8126995947477358,0.8126995947477358,1,0.9985919801043683,0.9941430177541746,0.9941430177541746,0,1,1
71,195,0,0.682159168658784,0.027616658126780824,0.027616658126780824,1,0.8808318055845912,0.8742274593677056,0.8742274593677056,1,0.9994310409786467,0.9973113106236096,0.9973113106236096,0,1,1
71,196,0,0.8184314565053354,0.15350123584318187,0.15350123584318187,1,0.9624845046336347,0.960120539294047,0.960120539294047,1,0.9998476438905597,0.9991351258757828,0.9991351258757828,1,1,1
71,197,0,0.7994124373938591,0.11763386547320266,0.11763386547320266,1,0.9651491232793112,0.9629419941033643,0.9629419941033643,1,0.9998350582621659,0.999073931778504,0.999073931778504,1,1,1
71,198,1,0.8124964075302534,0.14112895340918696,0.14112895340918696,1,0.9631362185476142,0.9608104904193302,0.9608104904193302,1,0.9996415690966187,0.9981933513244474,0.9981933513244474,1,1,1
71,199,1,0.8735062820312951,0.3448708234818497,0.3448708234818497,1,0.9919168087185917,0.9913682887233035,0.9913682887233035,1,0.9998680427571384,0.9992358467102488,0.9992358467102488,1,1,1
71,200,1,0.8998940657503158,0.5043078485353117,0.5043078485353117,1,0.9959834856042802,0.9957046568656899,0.9957046568656899,1,0.9999665752303369,0.9997659341257913,0.9997659341257913,1,1,1
71,201,1,0.9379197013889057,0.7882444131659185,0.7882444131659185,1,0.9993867555806383,0.9993419408121723,0.9993419408121723,1,0.9999920548119164,0.9999321459713856,0.9999321459713856,1,1,1
71,202,1,0.9434773460693219,0.8268485639590645,0.8268485639590645,1,0.9994474703026521,0.9994069854384904,0.9994069854384904,1,0.9999924370689678,0.9999349692270327,0.9999349692270327,1,1,1
71,203,1,0.9676070134453156,0.9533546222957815,0.9533546222957815,1,0.9998770663532329,0.9998677193219753,0.9998677193219753,1,0.9999963181753433,0.9999650327020416,0.9999650327020416,1,1,1
71,204,1,0.9661686306441651,0.9481003898488894,0.9481003898488894,1,0.9998193671755093,0.9998057601952565,0.9998057601952565,1,0.9999950605779768,0.9999549542268519,0.9999549542268519,1,1,1
71,205,1,0.9697043730093099,0.9604586028314585,0.9604586028314585,1,0.9999089830335627,0.9999020127673468,0.9999020127673468,1,0.9999926706276207,0.9999367038999736,0.9999367038999736,1,1,1
71,206,1,0.9853230353817436,0.9935719896635132,0.9935719896635132,1,0.9999908459571621,0.99999010656394,0.99999010656394,1,0.9999992670295007,0.999991301055583,0.999991301055583,1,1,1
71,207,1,0.9909762375370089,0.9981117342120105,0.9981117342120105,1,0.9999991800953097,0.9999991102516586,0.9999991102516586,1,0.9999999299319215,0.9999988501112504,0.9999991102516586,1,1,1
71,208,1,0.9952769931884233,0.9996288511353555,0.9996288511353555,1,0.9999998043598778,0.999999787179952,0.999999787179952,1,0.9999999845310412,0.9999996872719018,0.999999787179952,1,1,1
73,1,0,7.673944691702177e-07,2.2229925559733245e-18,2.2229925559733245e-18,0,3.714214238815739e-19,3.764951053882302e-19,2.2229925559733245e-18,0,1.7786404859351584e-17,2.162649718438625e-15,2.162649718438625e-15,0,0,0
73,2,0,0.0003778160556425483,1.1850105172293536e-11,1.1850105172293536e-11,0,1.0049391866849019e-10,9.858121250118731e-11,9.858121250118731e-11,0,7.588010437864478e-07,3.1443672067702623e-06,3.1443672067702623e-06,0,0,0
73,3,0,4.272856656773123e-05,5.110435262825804e-14,5.110435262825804e-14,0,1.413919749763111e-16,1.418926295107467e-16,5.110435262825804e-14,0,8.308578745993414e-13,2.2898252564341164e-11,2.2898252564341164e-11,0,0,0
73,4,0,0.00015821918454985573,1.3459581749684183e-12,1.3459581749684183e-12,0,1.387726718483533e-12,1.3711933005606506e-12,1.3711933005606506e-12,0,2.426902611526228e-10,3.0546309768499267e-09,3.0546309768499267e-09,0,0,0
73,5,0,0.00041587737118251006,1.5062930147800007e-11,1.5062930147800007e-11,0,9.679562829772664e-10,9.459084368232958e-10,9.459084368232958e-10,0,1.4624012830997903e-08,1.0452965486009278e-07,1.0452965486009278e-07,0,0,0
73,6,0,0.0007138759657075115,5.8143835204059075e-11,5.8143835204059075e-11,0,1.3894583685410045e-08,1.3517155238868929e-08,1.3517155238868929e-08,0,3.6566224395644466e-07,1.6759259805929725e-06,1.6759259805929725e-06,0,0,0
73,7,0,0.00045031261022027386,1.837654969913975e-11,1.837654969913975e-11,0,9.740742435640202e-10,9.51876917416929e-10,9.51876917416929e-10,0,2.8366981969296034e-08,1.8503856429290905e-07,1.8503856429290905e-07,0,0,0
73,8,0,0.0005364211256272785,2.8458766541236676e-11,2.8458766541236676e-11,0,4.039953741662638e-10,3.953761830662827e-10,3.953761830662827e-10,0,5.2669462330943725e-09,4.334696635545139e-08,4.334696635545139e-08,0,0,0
73,9,0,0.00038209010730486196,1.2188002602182488e-11,1.2188002602182488e-11,0,8.276845087975827e-11,8.121972231060801e-11,8.121972231060801e-11,0,1.432443577457303e-09,1.4110514136019181e-08,1.4110514136019181e-08,0,0,0
73,10,0,0.0005311369563032968,2.7763153139130057e-11,2.7763153139130057e-11,0,2.2355493004869435e-10,2.1900412686420422e-10,2.1900412686420422e-10,0,4.910113676164696e-09,4.080350115102926e-08,4.080350115102926e-08,0,0,0
73,11,0,0.0006630749600331437,4.8344730411495925e-11,4.8344730411495925e-11,0,6.461701553926573e-10,6.318828968098993e-10,6.318828968098993e-10,0,5.6111264885976164e-08,3.3312191759183963e-07,3.3312191759183963e-07,0,0,0
73,12,0,0.0006808326731750084,5.1646938616660265e-11,5.1646938616660265e-11,0,1.3262296445532003e-09,1.2953321982078363e-09,1.2953321982078363e-09,0,1.2111388942716346e-07,6.46573595351951e-07,6.46573595351951e-07,0,0,0
73,13,0,0.0007836210917406888,7.340462934871221e-11,7.340462934871221e-11,0,3.5282611915525925e-09,3.440373842622673e-09,3.440373842622673e-09,0,3.046242750502672e-07,1.431821681276718e-06,1.431821681276718e-06,0,0,0
73,14,0,0.0005571137409583608,3.128292851625634e-11,3.128292851625634e-11,0,3.329493698497573e-09,3.246875436193971e-09,3.246875436193971e-09,0,2.9283617971443574e-07,1.383933889194773e-06,1.383933889194773e-06,0,0,0
73,15,0,0.0005486105034378503,3.010297430874148e-11,3.010297430874148e-11,0,2.1209717191637446e-09,2.0699172898488492e-09,2.0699172898488492e-09,0,2.663430004236802e-07,1.2753147069909835e-06,1.2753147069909835e-06,0,0,0
73,16,0,0.0005714436839488516,3.3333379346371595e-11,3.3333379346371595e-11,0,2.683685779422367e-09,2.61804567261719e-09,2.61804567261719e-09,0,3.4189761369065963e-07,1.581611133298785e-06,1.581611133298785e-06,0,0,0
73,17,0,0.0004916621884266953,2.288916604779088e-11,2.288916604779088e-11,0,1.8298300598179104e-09,1.7862290439814478e-09,1.7862290439814478e-09,0,1.706798927717044e-07,8.690369501765511e-07,8.690369501765511e-07,0,0,0
73,18,0,0.0008420305116449657,8.786006725958156e-11,8.786006725958156e-11,0,8.923983590983284e-09,8.688067863526028e-09,8.688067863526028e-09,0,6.784186165061729e-07,2.855069284925063e-06,2.855069284925063e-06,0,0,0
73,19,0,0.0012018499203725976,2.1391575071462518e-10,2.1391575071462518e-10,0,5.998073640969628e-08,5.820751646679237e-08,5.820751646679237e-08,0,7.2041914018373726e-06,2.1879909993218815e-05,2.1879909993218815e-05,0,0,0
73,20,0,0.0009151372575527123,1.0819556814683044e-10,1.0819556814683044e-10,0,2.00246271902944e-08,1.946866638095925e-08,1.946866638095925e-08,0,4.988901114542743e-06,1.594032679406884e-05,1.594032679406884e-05,0,0,0
73,21,0,0.0007487759805546036,6.551360247506783e-11,6.551360247506783e-11,0,6.008679969892456e-09,5.8537418675263e-09,5.8537418675263e-09,0,7.101928979924465e-07,2.9699621756600225e-06,2.9699621756600225e-06,0,0,0
73,22,0,0.0007762650621128032,7.169382986311827e-11,7.169382986311827e-11,0,7.383521883889017e-09,7.190630367221308e-09,7.190630367221308e-09,0,5.972911660449341e-07,2.55823794593542e-06,2.55823794593542e-06,0,0,0
73,23,0,0.0007744671488277945,7.127936644767173e-11,7.127936644767173e-11,0,1.2270820512726966e-08,1.1940004726135431e-08,1.1940004726135431e-08,0,9.049896906526359e-07,3.660038907638178e-06,3.660038907638178e-06,0,0,0
73,24,0,0.0011036868656858624,1.7285583145735658e-10,1.7285583145735658e-10,0,3.521656652070639e-08,3.4206196116118455e-08,3.4206196116118455e-08,0,4.925919230685367e-06,1.5766720785123025e-05,1.5766720785123025e-05,0,0,0
73,25,0,0.001004484348833403,1.365791946363771e-10,1.365791946363771e-10,0,2.833953197742975e-08,2.753656486632539e-08,2.753656486632539e-08,0,6.577006148150859e-06,2.0227858942678595e-05,2.0227858942678595e-05,0,0,0
73,26,0,0.0008712927215969153,9.569524762085701e-11,9.569524762085701e-11,0,2.1402827597206817e-08,2.0806264133873236e-08,2.0806264133873236e-08,0,3.3466952866107566e-06,1.1299167567206956e-05,1.1299167567206956e-05,0,0,0
73,27,0,0.0009626374780136518,1.2279125857194391e-10,1.2279125857194391e-10,0,3.296722263192768e-08,3.202495523048213e-08,3.202495523048213e-08,0,5.845966269705279e-06,1.8274390691998855e-05,1.8274390691998855e-05,0,0,0
73,28,0,0.0010641445703102898,1.5778044172738017e-10,1.5778044172738017e-10,0,5.2662194619672636e-08,5.111656391022956e-08,5.111656391022956e-08,0,1.4910605831762611e-05,4.095796411756709e-05,4.095796411756709e-05,0,0,0
73,29,0,0.001090225077026541,1.6763072251188951e-10,1.6763072251188951e-10,0,6.031708998442646e-08,5.8533373680977526e-08,5.8533373680977526e-08,0,2.234745551724168e-05,5.805055284840511e-05,5.805055284840511e-05,0,0,0
73,30,0,0.0009693222414387239,1.2493481093673944e-10,1.2493481093673944e-10,0,9.810278163457453e-08,9.512349845500613e-08,9.512349845500613e-08,0,3.0750824075120265e-05,7.64350086410748e-05,7.64350086410748e-05,0,0,0
73,31,0,0.0011247764696922942,1.8123611665800514e-10,1.8123611665800514e-10,0,1.0394131610104959e-07,1.0077488495222374e-07,1.0077488495222374e-07,0,3.4227724858539703e-05,8.382804877213757e-05,8.382804877213757e-05,0,0,0
73,32,0,0.0009684741144525469,1.2466161404810528e-10,1.2466161404810528e-10,0,6.729635603485693e-08,6.529417418490818e-08,6.529417418490818e-08,0,1.6193914257546445e-05,4.397886632354872e-05,4.397886632354872e-05,0,0,0
73,33,0,0.00110703630285811,1.74170882919111e-10,1.74170882919111e-10,0,7.184690966839956e-08,6.970163986049668e-08,6.970163986049668e-08,0,2.3475145675618864e-05,6.056675917835699e-05,6.056675917835699e-05,0,0,0
73,34,0,0.0011240267701694382,1.8093412090081056e-10,1.8093412090081056e-10,0,1.2750022892407091e-07,1.2357347361089166e-07,1.2357347361089166e-07,0,2.0987821806889444e-05,5.499330802010044e-05,5.499330802010044e-05,0,0,0
73,35,0,0.0011164492031434767,1.778986680431333e-10,1.778986680431333e-10,0,1.5414285281481504e-07,1.4934769648061502e-07,1.4934769648061502e-07,0,1.5884065265031253e-05,4.3252611233720964e-05,4.3252611233720964e-05,0,0,0
73,36,0,0.0011953138400003633,2.110176098221314e-10,2.110176098221314e-10,0,3.419858526913194e-07,3.3090163282819496e-07,3.3090163282819496e-07,0,3.345990555248223e-05,8.220471312730984e-05,8.220471312730984e-05,0,0,0
73,37,0,0.0016698739404889043,4.870885348107411e-10,4.870885348107411e-10,0,5.186733261422118e-07,5.015096084778183e-07,5.015096084778183e-07,0,0.00011606202889103495,0.00024013413991734616,0.00024013413991734616,0,0,0
73,38,0,0.001590923329737083,4.3148871772165664e-10,4.3148871772165664e-10,0,6.235864741985224e-07,6.027635005861928e-07,6.027635005861928e-07,0,0.00011927470647185942,0.0002458520221656934,0.0002458520221656934,0,0,0
73,39,0,0.0016614656886917117,4.809738639587787e-10,4.809738639587787e-10,0,7.929174372503896e-07,7.661292897041021e-07,7.661292897041021e-07,0,0.00016028536177207438,0.0003171650989451215,0.0003171650989451215,0,0,0
73,40,0,0.0015212267415108873,3.8573263038548674e-10,3.8573263038548674e-10,0,5.783342610144127e-07,5.590934760218793e-07,5.590934760218793e-07,0,7.753006732441796e-05,0.0001696053250117357,0.0001696053250117357,0,0,0
73,41,0,0.0014591769787260808,3.4756236538259065e-10,3.4756236538259065e-10,0,5.215510279290441e-07,5.04287371392339e-07,5.04287371392339e-07,0,2.6325319234801445e-05,6.685406936046219e-05,6.685406936046219e-05,0,0,0
73,42,0,0.0016014030030356097,4.386365040883655e-10,4.386365040883655e-10,0,7.778407556342294e-07,7.515863247779408e-07,7.515863247779408e-07,0,7.1639441545491e-05,0.00015843889394249515,0.00015843889394249515,0,0,0
73,43,0,0.0016067851721206523,4.423349408308268e-10,4.423349408308268e-10,0,5.5337864698914e-07,5.350079634179371e-07,5.350079634179371e-07,0,9.828008228380747e-05,0.0002080689352324,0.0002080689352324,0,0,0
73,44,0,0.0017698919086327812,5.634223928706145e-10,5.634223928706145e-10,0,1.1431425744796508e-06,1.1038402956848537e-06,1.1038402956848537e-06,0,7.848951640957707e-05,0.00017141276065954633,0.00017141276065954633,0,0,0
73,45,0,0.0018869008336169094,6.613371748149293e-10,6.613371748149293e-10,0,1.272129422685154e-06,1.2281707340220924e-06,1.2281707340220924e-06,0,0.00013435988153886048,0.00027242625096384913,0.00027242625096384913,0,0,0
73,46,0,0.001634357876971094,4.6157558660504865e-10,4.6157558660504865e-10,0,1.1054247600647492e-06,1.06747972582035e-06,1.06747972582035e-06,0,7.388865102359267e-05,0.00016271699554115508,0.00016271699554115508,0,0,0
73,47,0,0.0017468868626645618,5.452720252717546e-10,5.452720252717546e-10,0,9.113319071471095e-07,8.803362932882362e-07,8.803362932882362e-07,0,7.3840619417496e-05,0.00016262582708530726,0.00016262582708530726,0,0,0
73,48,0,0.0019467517956876564,7.151056584078107e-10,7.151056584078107e-10,0,1.8925078801348846e-06,1.8258869029853364e-06,1.8258869029853364e-06,0,9.782454233380704e-05,0.0002072374754529842,0.0002072374754529842,0,0,0
73,49,0,0.0012465933155730569,2.343972572010687e-10,2.343972572010687e-10,0,3.638554440048625e-07,3.520255544495131e-07,3.520255544495131e-07,0,3.5505706770485154e-05,8.6518902379066e-05,8.6518902379066e-05,0,0,0
73,50,0,0.0013406911548927228,2.81199406354362e-10,2.81199406354362e-10,0,7.135999058127691e-07,6.896141577775355e-07,6.896141577775355e-07,0,3.8787623463841074e-05,9.336923050087391e-05,9.336923050087391e-05,0,0,0
73,51,0,0.0014822244681205992,3.6146145536651394e-10,3.6146145536651394e-10,0,1.0944268116158537e-06,1.056877138170704e-06,1.056877138170704e-06,0,0.00010713474690833651,0.00022412811997762742,0.00022412811997762742,0,0,0
73,52,0,0.001394287942067364,3.101736447503325e-10,3.101736447503325e-10,0,1.0081219108855795e-06,9.736683828483572e-07,9.736683828483572e-07,0,7.228676151137632e-05,0.00015967200442420774,0.00015967200442420774,0,0,0
73,53,0,0.002884603687939272,1.9145105698942343e-09,1.9145105698942343e-09,0,8.013066669402967e-06,7.712172510279238e-06,7.712172510279238e-06,0,0.00036847460289431556,0.0006498678011282402,0.0006498678011282402,0,0,0
73,54,0,0.0026036902500039495,1.4810876468848258e-09,1.4810876468848258e-09,0,9.107827225021414e-06,8.76392944051283e-06,8.76392944051283e-06,0,0.00040512137024588667,0.0007051924757827021,0.0007051924757827021,0,0,0
73,55,0,0.002743430434783821,1.6883337033161971e-09,1.6883337033161971e-09,0,8.17037457965555e-06,7.86331535467881e-06,7.86331535467881e-06,0,0.00023641194247144982,0.00044333797186189215,0.00044333797186189215,0,0,0
73,56,0,0.0026242825163644884,1.5106049356465735e-09,1.5106049356465735e-09,0,6.173434587853126e-06,5.944236247206399e-06,5.944236247206399e-06,0,0.0002868669104325994,0.0005237597050821197,0.0005237597050821197,0,0,0
73,57,0,0.0037765865156258066,3.761629871479712e-09,3.761629871479712e-09,0,2.0429049814716256e-05,1.9630893105160427e-05,1.9630893105160427e-05,0,0.0010166477873849043,0.0015580736684996544,0.0015580736684996544,0,0,0
73,58,0,0.0028678044172240143,1.886696123602597e-09,1.886696123602597e-09,0,1.1874202910714798e-05,1.1420736223850505e-05,1.1420736223850505e-05,0,0.0005910242908787707,0.000976419335017446,0.000976419335017446,0,0,0
73,59,0,0.003040975683238897,2.1852870063943227e-09,2.1852870063943227e-09,0,1.060727630412306e-05,1.0204135901263788e-05,1.0204135901263788e-05,0,0.0003406755171239914,0.0006073924345610656,0.0006073924345610656,0,0,0
73,60,0,0.0034107079297919936,2.9134710654039954e-09,2.9134710654039954e-09,0,1.9303942379465473e-05,1.855151686165402e-05,1.855151686165402e-05,0,0.0006819324405628166,0.0011045179796879438,0.0011045179796879438,0,0,0
73,61,0,0.0027386211012303554,1.6809285874206327e-09,1.6809285874206327e-09,0,4.619258493900008e-06,4.4499397213752686e-06,4.4499397213752686e-06,0,0.00041503100156033645,0.000720031365032196,0.000720031365032196,0,0,0
73,62,0,0.004467373676132367,5.733170344500298e-09,5.733170344500298e-09,0,7.36967703961229e-06,7.093944774252594e-06,7.093944774252594e-06,0,0.0005677409333006,0.0009431845494128161,0.0009431845494128161,0,0,0
73,63,0,0.003107091042067142,2.3063126120520204e-09,2.3063126120520204e-09,0,6.092774895696878e-06,5.866701433325861e-06,5.866701433325861e-06,0,0.0003356761931661931,0.0005997038091801365,0.0005997038091801365,0,0,0
73,64,0,0.0031826757543299096,2.449513828824214e-09,2.449513828824214e-09,0,4.860187706188414e-06,4.6816357919313e-06,4.6816357919313e-06,0,0.00017286607161222755,0.00033850606235797954,0.00033850606235797954,0,0,0
73,65,0,0.004574126901453975,6.083236807392183e-09,6.083236807392183e-09,0,1.300092036024529e-05,1.250251186880897e-05,1.250251186880897e-05,0,0.0005672737016886143,0.0009425157102820599,0.0009425157102820599,0,0,0
73,66,0,0.00350140100643829,3.111606312619132e-09,3.111606312619132e-09,0,7.50712908825607e-06,7.226028696744979e-06,7.226028696744979e-06,0,0.0007039199747664723,0.0011351337537840785,0.0011351337537840785,0,0,0
73,67,0,0.0031229429325440104,2.3359152827062885e-09,2.3359152827062885e-09,0,2.888340082453127e-06,2.7846748362553643e-06,2.7846748362553643e-06,0,0.00020738330101624142,0.00039600759607501295,0.00039600759607501295,0,0,0
73,68,0,0.0031102687792956985,2.312228672327436e-09,2.312228672327436e-09,0,2.4982122864236253e-06,2.409139262438292e-06,2.409139262438292e-06,0,0.00014018042681244585,0.00028256729580911067,0.00028256729580911067,0,0,0
73,69,0,0.001931855611848447,7.014868306065064e-10,7.014868306065064e-10,0,2.8964179146208276e-07,2.803327355620665e-07,2.803327355620665e-07,0,2.6879233985237434e-05,6.806476332239413e-05,6.806476332239413e-05,0,0,0
73,70,0,0.0022197867771076556,9.932948317592033e-10,9.932948317592033e-10,0,3.871270078971852e-07,3.7450129401328577e-07,3.7450129401328577e-07,0,2.46910349331955e-05,6.326114008204272e-05,6.326114008204272e-05,0,0,0
73,71,0,0.0025236603803926515,1.3696803769277892e-09,1.3696803769277892e-09,0,4.2732698208473894e-07,4.1332123578981744e-07,4.1332123578981744e-07,0,6.914887543692442e-05,0.0001536799857844899,0.0001536799857844899,0,0,0
73,72,0,0.002071974419382028,8.358875172864995e-10,8.358875172864995e-10,0,4.0034121006888505e-07,3.8726258163038016e-07,3.8726258163038016e-07,0,3.215847499948171e-05,7.944136353224679e-05,7.944136353224679e-05,0,0,0
73,73,0,0.003402940160920487,2.896865152734812e-09,2.896865152734812e-09,0,1.4282644855018289e-06,1.3786410086514201e-06,1.3786410086514201e-06,0,0.00011027638177949314,0.00022978114333419,0.00022978114333419,0,0,0
73,74,0,0.004462233884104094,5.716631009417186e-09,5.716631009417186e-09,0,5.629936195081058e-06,5.421759574530062e-06,5.421759574530062e-06,0,0.0007158674993622113,0.0011517138631163006,0.0011517138631163006,0,0,0
73,75,0,0.003624762333221133,3.39382373476377e-09,3.39382373476377e-09,0,2.7455363733674687e-06,2.6472231107861076e-06,2.6472231107861076e-06,0,0.0003957522390306299,0.0006911166452020574,0.0006911166452020574,0,0,0
73,76,0,0.004640234334392554,6.306321958867084e-09,6.306321958867084e-09,0,3.3727320398348134e-06,3.25083042321766e-06,3.25083042321766e-06,0,0.00035555070020672273,0.0006301781527285859,0.0006301781527285859,0,0,0
73,77,0,0.0051910501445192325,8.357715724732614e-09,8.357715724732614e-09,0,6.6377552487711605e-06,6.390535833698648e-06,6.390535833698648e-06,0,0.0003933976097552687,0.0006875719176386902,0.0006875719176386902,0,0,0
73,78,0,0.004151087842704453,4.76842518866334e-09,4.76842518866334e-09,0,3.606976029406878e-06,3.4762139461680554e-06,3.4762139461680554e-06,0,0.0003628775488133012,0.0006413525930060896,0.0006413525930060896,0,0,0
73,79,0,0.003619068543471523,3.3804720388366098e-09,3.3804720388366098e-09,0,1.2202837150828948e-06,1.1781993371244529e-06,1.1781993371244529e-06,0,0.00012566307711024192,0.00025715942497986187,0.00025715942497986187,0,0,0
73,80,0,0.002424574436432662,1.2389410276043186e-09,1.2389410276043186e-09,0,1.8125762997894398e-07,1.755709292971201e-07,1.755709292971201e-07,0,2.6993041958436668e-05,6.831308511304733e-05,6.831308511304733e-05,0,0,0
73,81,0,0.0027543849240454677,1.7052739548780936e-09,1.7052739548780936e-09,0,1.7461303409001792e-07,1.6914546429270294e-07,1.6914546429270294e-07,0,3.66036159429062e-05,8.881992393334855e-05,8.881992393334855e-05,0,0,0
73,82,0,0.0027218508956968705,1.655259955486791e-09,1.655259955486791e-09,0,3.1596881568332687e-07,3.0576869212949745e-07,3.0576869212949745e-07,0,2.1013619861588084e-05,5.505156650704877e-05,5.505156650704877e-05,0,0,0
73,83,0,0.0023330915676498067,1.1251705103754523e-09,1.1251705103754523e-09,0,1.3199388952943438e-07,1.279212565574273e-07,1.279212565574273e-07,0,1.708263725926543e-05,4.605145205142546e-05,4.605145205142546e-05,0,0,0
73,84,0,0.0020419241365836494,8.058668392690636e-10,8.058668392690636e-10,0,1.0172664139933538e-07,9.863126405612088e-08,9.863126405612088e-08,0,2.1235515130117506e-05,5.555225535617166e-05,5.555225535617166e-05,0,0,0
73,85,0,0.0026744658137339327,1.584012406375722e-09,1.584012406375722e-09,0,2.6751247214776104e-07,2.589493989351116e-07,2.589493989351116e-07,0,3.896784399286128e-05,9.374302541855586e-05,9.374302541855586e-05,0,0,0
73,86,0,0.001823878153299509,6.074279044406961e-10,6.074279044406961e-10,0,1.5226270116297008e-07,1.4752909065825734e-07,1.4752909065825734e-07,0,1.9011941052755488e-05,5.050079308217086e-05,5.050079308217086e-05,0,0,0
73,87,0,0.0024614808566145994,1.2867159994251465e-09,1.2867159994251465e-09,0,1.9196771167105722e-07,1.8592697395672e-07,1.8592697395672e-07,0,2.305569348765838e-05,5.9632832075311485e-05,5.9632832075311485e-05,0,0,0
73,88,0,0.0023569593129524665,1.1542184905988615e-09,1.1542184905988615e-09,0,3.9265805524155136e-07,3.798428537222083e-07,3.798428537222083e-07,0,5.431670514863413e-05,0.00012480946369557695,0.00012480946369557695,0,0,0
73,89,0,0.0027646086075526453,1.7211760068617978e-09,1.7211760068617978e-09,0,7.636096812457245e-07,7.378585959337229e-07,7.378585959337229e-07,0,8.735991439067272e-05,0.00018798376969746808,0.00018798376969746808,0,0,0
73,90,0,0.002611105075826699,1.4916757983691812e-09,1.4916757983691812e-09,0,4.363145883779185e-07,4.219994398762201e-07,4.219994398762201e-07,0,7.372837472780064e-05,0.00016241274425886059,0.00016241274425886059,0,0,0
73,91,0,0.0026622836470387534,1.565999650539396e-09,1.565999650539396e-09,0,3.098879573159666e-07,2.998939764094606e-07,2.998939764094606e-07,0,3.9586046923983034e-05,9.50234321182542e-05,9.50234321182542e-05,0,0,0
73,92,0,0.003130203305390696,2.3495496747281722e-09,2.3495496747281722e-09,0,1.1023291102026803e-06,1.0644953783103816e-06,1.0644953783103816e-06,0,6.894553524641067e-05,0.0001532904131777964,0.0001532904131777964,0,0,0
73,93,0,0.002781650047615178,1.7478802406109149e-09,1.7478802406109149e-09,0,3.9031991464894796e-07,3.775848308760135e-07,3.775848308760135e-07,0,4.720633061432529e-05,0.00011059354113932731,0.00011059354113932731,0,0,0
73,94,0,0.004575435019018013,6.087604199687348e-09,6.087604199687348e-09,0,1.3671286055874446e-06,1.3197267069301478e-06,1.3197267069301478e-06,0,0.0001375833896352231,0.00027804985902642524,0.00027804985902642524,0,0,0
73,95,0,0.0027615802318817864,1.71645636894867e-09,1.71645636894867e-09,0,7.035063730706014e-07,6.798762452278764e-07,6.798762452278764e-07,0,0.00011714428440383725,0.00024206273921977535,0.00024206273921977535,0,0,0
73,96,0,0.0035454022351009366,3.210576997756874e-09,3.210576997756874e-09,0,6.008717655891265e-07,5.808436783715183e-07,5.808436783715183e-07,0,0.000151240111627507,0.00030167857249263814,0.00030167857249263814,0,0,0
73,97,0,0.003489246609674809,3.0845963643625173e-09,3.0845963643625173e-09,0,4.739424531596793e-07,4.583287408398162e-07,4.583287408398162e-07,0,0.00015612700024729352,0.00031006093159497745,0.00031006093159497745,0,0,0
73,98,0,0.0034319627771705243,2.959202309865773e-09,2.959202309865773e-09,0,7.943915617275061e-07,7.67551204761705e-07,7.67551204761705e-07,0,0.0001542851439579991,0.00030690596322566595,0.00030690596322566595,0,0,0
73,99,0,0.0035326531405733045,3.181708607194059e-09,3.181708607194059e-09,0,6.484841996244295e-07,6.267883991154892e-07,6.267883991154892e-07,0,0.00016572614051913975,0.0003264218406699932,0.0003264218406699932,0,0,0
73,100,0,0.004949013473388067,7.413360631940672e-09,7.413360631940672e-09,0,2.6396254273016828e-06,2.5452737211808164e-06,2.5452737211808164e-06,0,0.00023394991070092435,0.00043935630695312607,0.00043935630695312607,0,0,0
73,101,0,0.005872517189550592,1.1393801873203946e-08,1.1393801873203946e-08,0,6.3741320100896385e-06,6.137150974453492e-06,6.137150974453492e-06,0,0.0002761212500207116,0.0005068083694320334,0.0005068083694320334,0,0,0
73,102,0,0.00402645207676502,4.417349415634601e-09,4.417349415634601e-09,0,1.8075081461985212e-06,1.7440146844164034e-06,1.7440146844164034e-06,0,7.472782909477708e-05,0.0001643085174247995,0.0001643085174247995,0,0,0
73,103,0,0.00460468754291562,6.185763768522818e-09,6.185763768522818e-09,0,1.219197774597308e-06,1.1771526174299775e-06,1.1771526174299775e-06,0,5.5951689781120284e-05,0.00012804081866540497,0.00012804081866540497,0,0,0
73,104,0,0.004067761535805217,4.531918483433747e-09,4.531918483433747e-09,0,1.8750439576155714e-06,1.8090660713690267e-06,1.8090660713690267e-06,0,6.080308935827493e-05,0.00013755399035208918,0.00013755399035208918,0,0,0
73,105,0,0.004772319269446212,6.766665408119286e-09,6.766665408119286e-09,0,1.6328880588882144e-06,1.5757988827768694e-06,1.5757988827768694e-06,0,6.0187430761016604e-05,0.00013635272094863915,0.00013635272094863915,0,0,0
73,106,0,0.005190707832741836,8.35633165936039e-09,8.35633165936039e-09,0,3.7306525829882205e-06,3.5952022604842916e-06,3.5952022604842916e-06,0,0.00013832693390765228,0.00027934441819167037,0.00027934441819167037,0,0,0
73,107,0,0.004078063772808162,4.560767010013035e-09,4.560767010013035e-09,0,1.2914768834906865e-06,1.2468178624331448e-06,1.2468178624331448e-06,0,9.654047318420023e-05,0.00020489087839151122,0.00020489087839151122,0,0,0
73,108,0,0.0036834380208653,3.533268755067677e-09,3.533268755067677e-09,0,9.305381126845697e-07,8.988576165279853e-07,8.988576165279853e-07,0,5.261447098418899e-05,0.00012143087961617742,0.00012143087961617742,0,0,0
73,109,0,0.004030194115801194,4.427654907181138e-09,4.427654907181138e-09,0,9.584663135919086e-07,9.257887655751856e-07,9.257887655751856e-07,0,4.2190233391464576e-05,0.00010038742106890285,0.00010038742106890285,0,0,0
73,110,0,0.004687009508680102,6.4671064528420074e-09,6.4671064528420074e-09,0,1.8697788723459571e-06,1.8039948156419592e-06,1.8039948156419592e-06,0,9.467362336469979e-05,0.000201471546745188,0.000201471546745188,0,0,0
73,111,0,0.004181853623435766,4.8575877723773785e-09,4.8575877723773785e-09,0,1.972050882285641e-06,1.9024975365941802e-06,1.9024975365941802e-06,0,7.704638225428444e-05,0.00016869297597490627,0.00016869297597490627,0,0,0
73,112,0,0.003409022231557014,2.909862525813432e-09,2.909862525813432e-09,0,8.484795616540771e-07,8.197205422784976e-07,8.197205422784976e-07,0,3.136488355247091e-05,7.774875849406145e-05,7.774875849406145e-05,0,0,0
73,113,0,0.004761123941889064,6.726886656074662e-09,6.726886656074662e-09,0,3.547299193093026e-06,3.4187968457481347e-06,3.4187968457481347e-06,0,5.054378864511066e-05,0.0001173005378199402,0.0001173005378199402,0,0,0
73,114,0,0.006419100406933544,1.4250452137510671e-08,1.4250452137510671e-08,0,7.780945442868818e-06,7.489139186663455e-06,7.489139186663455e-06,0,0.00020560074415260042,0.0003930724375861597,0.0003930724375861597,0,0,0
73,115,0,0.006388543322140785,1.4080489611061933e-08,1.4080489611061933e-08,0,8.675208588877105e-06,8.348331658230573e-06,8.348331658230573e-06,0,0.00033717311581535136,0.0006020076284956419,0.0006020076284956419,0,0,0
73,116,0,0.006116590986504067,1.2621757730558943e-08,1.2621757730558943e-08,0,5.636087399910327e-06,5.427673321369632e-06,5.427673321369632e-06,0,0.00022427733843021318,0.00042365671080991544,0.00042365671080991544,0,0,0
73,117,0,0.008256704618927736,2.6853130747639323e-08,2.6853130747639323e-08,0,1.4138957555533494e-05,1.3594995001800488e-05,1.3594995001800488e-05,0,0.0005444693545625976,0.0009097771909199279,0.0009097771909199279,0,0,0
73,118,0,0.005734829943460876,1.0734341086721375e-08,1.0734341086721375e-08,0,8.816558055149795e-06,8.484123666595287e-06,8.484123666595287e-06,0,0.00032520125993154244,0.0005835422718966641,0.0005835422718966641,0,0,0
73,119,0,0.008806361305468286,3.158830684886812e-08,3.158830684886812e-08,0,2.184366847417721e-05,2.0987871364457085e-05,2.0987871364457085e-05,0,0.000749422333620481,0.001198076637196371,0.001198076637196371,0,0,0
73,120,0,0.010879087868013636,5.384454992969433e-08,5.384454992969433e-08,0,5.8903057320104556e-05,5.650070493230307e-05,5.650070493230307e-05,0,0.002291783764629044,0.0031379708897631376,0.0031379708897631376,0,0,0
73,121,0,0.00884831490571218,3.196900880513764e-08,3.196900880513764e-08,0,3.660799786308217e-05,3.5143126711436935e-05,3.5143126711436935e-05,0,0.0011096791179533007,0.0016801458283351445,0.0016801458283351445,0,0,0
73,122,0,0.009714337405102493,4.045709722922164e-08,4.045709722922164e-08,0,2.5558013794174124e-05,2.4550187958566463e-05,2.4550187958566463e-05,0,0.000835415452415081,0.0013156152032358006,0.0013156152032358006,0,0,0
73,123,0,0.011789599269616282,6.5970827627085e-08,6.5970827627085e-08,0,3.253154754026655e-05,3.123601667458723e-05,3.123601667458723e-05,0,0.0011876572436477946,0.0017813703760432371,0.0017813703760432371,0,0,0
73,124,0,0.008189936691344027,2.6309462522556713e-08,2.6309462522556713e-08,0,1.1170225492877717e-05,1.0744751632244325e-05,1.0744751632244325e-05,0,0.0005761092928516499,0.0009551509505855852,0.0009551509505855852,0,0,0
73,125,0,0.010146506212819015,4.515404397262452e-08,4.515404397262452e-08,0,1.0695055121680475e-05,1.0288435459198254e-05,1.0288435459198254e-05,0,0.0003065736729845698,0.0005546219626623238,0.0005546219626623238,0,0,0
73,126,0,0.010438087441659227,4.8501790797218965e-08,4.8501790797218965e-08,0,8.274821364642832e-06,7.963666038800048e-06,7.963666038800048e-06,0,0.000795029060253555,0.0012606338311989026,0.0012606338311989026,0,0,0
73,127,0,0.012009174132497141,6.912188242188764e-08,6.912188242188764e-08,0,1.8497968549302564e-05,1.7778237782792674e-05,1.7778237782792674e-05,0,0.0014783291296070723,0.0021510791385674845,0.0021510791385674845,0,0,0
73,128,0,0.010770880101508416,5.250210600226558e-08,5.250210600226558e-08,0,8.195093580563973e-06,7.887065142416371e-06,7.887065142416371e-06,0,0.001202876969530509,0.0018010179180217895,0.0018010179180217895,0,0,0
73,129,0,0.015348844504659499,1.286845669439328e-07,1.286845669439328e-07,0,1.6167355554354784e-05,1.5541837969378917e-05,1.5541837969378917e-05,0,0.0017435114682814098,0.0024795599566259036,0.0024795599566259036,0,0,0
73,130,0,0.01005813113191237,4.416800066648824e-08,4.416800066648824e-08,0,9.426743287739977e-06,9.07027671007733e-06,9.07027671007733e-06,0,0.0009128949076697055,0.00142008146894044,0.00142008146894044,0,0,0
73,131,0,0.01257051263350918,7.758902442572562e-08,7.758902442572562e-08,0,9.991238163322373e-06,9.612481764343566e-06,9.612481764343566e-06,0,0.0011710299545779537,0.0017598657421088243,0.0017598657421088243,0,0,0
73,132,0,0.01978297516208481,2.453512601588612e-07,2.453512601588612e-07,0,6.990538469925685e-05,6.703494772024349e-05,6.703494772024349e-05,0,0.007834246574500959,0.009042380563679231,0.009042380563679231,0,0,0
73,133,0,0.022018129511615848,3.2241365204744914e-07,3.2241365204744914e-07,0,8.594487909750196e-05,8.238714649645625e-05,8.238714649645625e-05,0,0.01053370468636233,0.011667647791390942,0.011667647791390942,0,0,0
73,134,0,0.01849628482014227,2.0672529496219584e-07,2.0672529496219584e-07,0,4.345907585008316e-05,4.1707986590882225e-05,4.1707986590882225e-05,0,0.0026580106203463764,0.003565291455459558,0.003565291455459558,0,0,0
73,135,0,0.019781214990011797,2.45295623255914e-07,2.45295623255914e-07,0,2.6863509217848176e-05,2.580203476546905e-05,2.580203476546905e-05,0,0.0026711800988022593,0.0035804984525685344,0.0035804984525685344,0,0,0
73,136,0,0.020255739694118254,2.605773647978771e-07,2.605773647978771e-07,0,3.639293619485427e-05,3.493701802768493e-05,3.493701802768493e-05,0,0.004671030814989613,0.005793386124438502,0.005793386124438502,0,0,0
73,137,0,0.03095572427104999,7.727535951947437e-07,7.727535951947437e-07,0,0.00010869969997456369,0.00010415880040019232,0.00010415880040019232,0,0.008051107511590699,0.009257456173178183,0.009257456173178183,0,0,0
73,138,0,0.01869712061054209,2.1248768789942905e-07,2.1248768789942905e-07,0,3.220801322785541e-05,3.092588826450737e-05,3.092588826450737e-05,0,0.0034150844387427644,0.0044240844497711665,0.0044240844497711665,0,0,0
73,139,0,0.01965547165944653,2.413411001637823e-07,2.413411001637823e-07,0,2.930549547545722e-05,2.814339714170605e-05,2.814339714170605e-05,0,0.0024813386031429896,0.0033602462157807872,0.0033602462157807872,0,0,0
73,140,0,0.027200913803053048,5.540392580302813e-07,5.540392580302813e-07,0,0.00012247740832751933,0.00011733737021028969,0.00011733737021028969,0,0.011202998549994235,0.012303171764785592,0.012303171764785592,0,0,0
73,141,0,0.02132355930423403,2.9707316121104766e-07,2.9707316121104766e-07,0,6.175230253716286e-05,5.922902654581227e-05,5.922902654581227e-05,0,0.004079717859297953,0.005156094429498153,0.005156094429498153,0,0,0
73,142,0,0.03398163439399709,9.831691224527363e-07,9.831691224527363e-07,0,0.000141333264150134,0.0001353692709473696,0.0001353692709473696,0,0.0071535287679750275,0.008361749630889991,0.008361749630889991,0,0,0
73,143,0,0.022725971889337105,3.495685020768345e-07,3.495685020768345e-07,0,6.947223272665419e-05,6.662027971756676e-05,6.662027971756676e-05,0,0.004533402018410436,0.005646113778113778,0.005646113778113778,0,0,0
73,144,0,0.033446751729341036,9.436540036176543e-07,9.436540036176543e-07,0,0.00010713786693251953,0.00010266471460899228,0.00010266471460899228,0,0.008860358777869061,0.010053136858177134,0.010053136858177134,0,0,0
73,145,0,0.03313787235571676,9.212960229017831e-07,9.212960229017831e-07,0,0.00011468633838045725,0.00010988542836711185,0.00010988542836711185,0,0.021269765337228234,0.021371398504651407,0.021371398504651407,0,0,0
73,146,0,0.031035647420102314,7.779081932818312e-07,7.779081932818312e-07,0,9.607482814824618e-05,9.20804744204468e-05,9.20804744204468e-05,0,0.012976006094432198,0.013962298796538207,0.013962298796538207,0,0,0
73,147,0,0.03161731537358129,8.160701876404692e-07,8.160701876404692e-07,0,8.635324954783668e-05,8.277795107798816e-05,8.277795107798816e-05,0,0.009846857584813963,0.011009605421004041,0.011009605421004041,0,0,0
73,148,0,0.03391289780061897,9.780341572838042e-07,9.780341572838042e-07,0,7.710750632221746e-05,7.392911792495545e-05,7.392911792495545e-05,0,0.014441971592579806,0.015310423729569035,0.015310423729569035,0,0,0
73,149,0,0.03681321132360302,1.2096413464093281e-06,1.2096413464093281e-06,0,8.593411231122877e-05,8.237684279641142e-05,8.237684279641142e-05,0,0.016007934443719937,0.01672987426188056,0.01672987426188056,0,0,0
73,150,0,0.03453622346945655,1.0252188802851388e-06,1.0252188802851388e-06,0,0.00012669395018689977,0.00012137004014145731,0.00012137004014145731,0,0.016085648654303,0.01679980630246354,0.01679980630246354,0,0,0
73,151,0,0.03954067592241265,1.456414628539723e-06,1.456414628539723e-06,0,0.00017072818222001394,0.00016347181932111624,0.00016347181932111624,0,0.02216540540375825,0.02214483045460379,0.02214483045460379,0,0,0
73,152,0,0.03826646054040926,1.33753347902488e-06,1.33753347902488e-06,0,0.00018734081343736066,0.0001793503774622268,0.0001793503774622268,0,0.02924958979321115,0.028128411794978075,0.028128411794978075,0,0,0
73,153,0,0.057338680069439256,3.862173276699998e-06,3.862173276699998e-06,0,0.000905738791184018,0.000864830657101345,0.000864830657101345,0,0.15226287734781752,0.11881950920719435,0.11881950920719435,0,0,1
73,154,0,0.04373810176717862,1.8945544450207276e-06,1.8945544450207276e-06,0,0.0004594779436895138,0.0004392196830894321,0.0004392196830894321,0,0.12999228999616788,0.10318637123093473,0.10318637123093473,0,0,0
73,155,0,0.05330832447784417,3.1850883299856886e-06,3.1850883299856886e-06,0,0.0004176747363562776,0.000399323145728799,0.000399323145728799,0,0.09060160298705618,0.07504579836214867,0.07504579836214867,0,0,0
73,156,0,0.0645680060948323,5.296960389534121e-06,5.296960389534121e-06,0,0.0011995986068338163,0.0011448900904221441,0.0011448900904221441,0,0.17588449838719325,0.13528820859849125,0.13528820859849125,0,0,1
73,157,0,0.07123981180779838,6.8942694454439895e-06,6.8942694454439895e-06,0,0.001484664079139907,0.0014164634310809042,0.0014164634310809042,0,0.20112188520199492,0.15282586616462066,0.15282586616462066,0,0,1
73,158,0,0.07036385421079287,6.6686996385094115e-06,6.6686996385094115e-06,0,0.0012750684530104966,0.0012167969113636773,0.0012167969113636773,0,0.12219046667180876,0.09767263737205537,0.09767263737205537,0,0,0
73,159,0,0.06452572275542867,5.287701040171609e-06,5.287701040171609e-06,0,0.0011386535496448213,0.001086817137278788,0.001086817137278788,0,0.07058821536444428,0.06033795422856125,0.06033795422856125,0,0,0
73,160,0,0.06416499098668006,5.209135067411559e-06,5.209135067411559e-06,0,0.0013022197098759712,0.0012426646663542893,0.0012426646663542893,0,0.09096475269598467,0.07530945657076042,0.07530945657076042,0,0,0
73,161,0,0.08476607191266952,1.1041631617585467e-05,1.1041631617585467e-05,0,0.004457091766340837,0.004245054264957218,0.004245054264957218,0,0.21885082492018254,0.16514332789548306,0.16514332789548306,0,0,1
73,162,0,0.07458705102268565,7.80234949058998e-06,7.80234949058998e-06,0,0.0036858092630321928,0.0035114616689928334,0.0035114616689928334,0,0.20492091238113683,0.15546458079924202,0.15546458079924202,0,0,1
73,163,0,0.0961004750632567,1.558563918344366e-05,1.558563918344366e-05,0,0.0065794886499196655,0.0062630012615970945,0.0062630012615970945,0,0.19253493107329,0.1468614397471733,0.1468614397471733,0,0,1
73,164,0,0.08338211062790052,1.0556802362195087e-05,1.0556802362195087e-05,0,0.003357734406522284,0.003199359443556309,0.003199359443556309,0,0.0957385683195641,0.07876640726706158,0.07876640726706158,0,0,0
73,165,0,0.06579933167455802,5.571255034772071e-06,5.571255034772071e-06,0,0.0012256704270466247,0.0011697318106198631,0.0011697318106198631,0,0.056021743625965646,0.049351334698438484,0.049351334698438484,0,0,0
73,166,0,0.08602108951022765,1.149394214991156e-05,1.149394214991156e-05,0,0.0015756774052054895,0.0015031511750687304,0.0015031511750687304,0,0.03533282541701231,0.03311277845073174,0.03311277845073174,0,0,0
73,167,0,0.104676495162064,1.9761355965510624e-05,1.9761355965510624e-05,0,0.0060553962588544225,0.005764780931619226,0.005764780931619226,0,0.1363004914180825,0.10762881520069291,0.10762881520069291,0,0,0
73,168,0,0.10481520613616105,1.9834520797472978e-05,1.9834520797472978e-05,0,0.004824118558106102,0.004594087148158943,0.004594087148158943,0,0.18575123157825849,0.14214821287068696,0.14214821287068696,0,0,1
73,169,0,0.18592141176155685,0.00010526939071378797,0.00010526939071378797,0,0.011075222571262661,0.010535526147621509,0.010535526147621509,0,0.33634857898185677,0.2479619222740747,0.2479619222740747,0,0,1
73,170,0,0.20422669323415388,0.00014088224756286728,0.00014088224756286728,0,0.030835435589418998,0.029311207920962274,0.029311207920962274,0,0.4020189536089487,0.2960937814550246,0.2960937814550246,0,0,1
73,171,0,0.2280067196745746,0.00020010642787286298,0.00020010642787286298,0,0.03915178572149676,0.03721729350943919,0.03721729350943919,0,0.5004894137468932,0.37237619403277156,0.37237619403277156,0,0,1
73,172,0,0.3731609385746798,0.001151804007750137,0.001151804007750137,0,0.12677825300342457,0.12083153170688467,0.12083153170688467,0,0.8368416207828175,0.7079581088792223,0.7079581088792223,0,0,1
73,173,0,0.24195064662420934,0.0002428996224304287,0.0002428996224304287,0,0.03654708250442549,0.034740687324273205,0.034740687324273205,0,0.5149973073812759,0.38414284168567653,0.38414284168567653,0,0,1
73,174,0,0.3749138210695617,0.0011735255402186902,0.0011735255402186902,0,0.19151607979441992,0.18304605974885677,0.18304605974885677,0,0.7686586082506711,0.6251025438925961,0.6251025438925961,0,0,1
73,175,0,0.4150641097749841,0.0017850439383444833,0.0017850439383444833,0,0.35143690802615973,0.33854562295145046,0.33854562295145046,0,0.8972517002848777,0.7931741363588418,0.7931741363588418,0,1,1
73,176,0,0.40581559019791125,0.001622733909591124,0.001622733909591124,0,0.2955864066532489,0.2839349559170142,0.2839349559170142,0,0.777104765865847,0.6347712681309763,0.6347712681309763,0,1,1
73,177,0,0.4452020087624518,0.0024256242522189358,0.0024256242522189358,0,0.1985621942648796,0.18984207248804733,0.18984207248804733,0,0.7159273846949447,0.5678335436439477,0.5678335436439477,0,0,1
73,178,0,0.4839316064066609,0.0035756193262538975,0.0035756193262538975,0,0.258727337735184,0.2480752526204191,0.2480752526204191,0,0.8324449615230501,0.702248380770851,0.702248380770851,0,1,1
73,179,0,0.5329869697123832,0.005827873022348618,0.005827873022348618,0,0.48916259945816476,0.47467896738380816,0.47467896738380816,0,0.8978511615334608,0.7940944497531358,0.7940944497531358,0,1,1
73,180,0,0.48730805935469024,0.0036979799707505087,0.0036979799707505087,0,0.36005425493914167,0.34700161483468017,0.34700161483468017,0,0.8641448739868944,0.7447892645485065,0.7447892645485065,0,1,1
73,181,0,0.4807317114544745,0.003463336335546127,0.003463336335546127,0,0.3398778107292273,0.3272156214078155,0.3272156214078155,0,0.779046008627714,0.6370148828676049,0.6370148828676049,0,1,1
73,182,0,0.4205171410025166,0.0018876838836806298,0.0018876838836806298,0,0.07888304824933332,0.0750518415518812,0.0750518415518812,0,0.5303725989185055,0.3967857053953847,0.3967857053953847,0,0,1
73,183,0,0.49893822609438915,0.0041519823093890285,0.0041519823093890285,0,0.09820905579131782,0.09350013136604834,0.09350013136604834,1,0.5819176002661556,0.44060177434207787,0.44060177434207787,0,0,1
73,184,0,0.565549808186453,0.008077806715264674,0.008077806715264674,0,0.2428516617368191,0.23267353441277122,0.23267353441277122,1,0.875303275836896,0.7605948198728577,0.7605948198728577,0,1,1
73,185,0,0.5194535137704895,0.005092463386135435,0.005092463386135435,0,0.162024368556711,0.15465404536177374,0.15465404536177374,1,0.830270799490076,0.6994459279114998,0.6994459279114998,0,0,1
73,186,0,0.5455720395180657,0.00660894956415869,0.00660894956415869,0,0.25672337849581034,0.24612968613159647,0.24612968613159647,1,0.8244959098258966,0.6920680479242373,0.6920680479242373,0,1,1
73,187,0,0.6202473334211968,0.01415149853322021,0.01415149853322021,0,0.5333777017989599,0.5188401322077215,0.5188401322077215,1,0.931193333046508,0.8483599967544735,0.8483599967544735,0,1,1
73,188,0,0.5730262940970133,0.008711665274736179,0.008711665274736179,0,0.5661462307326358,0.5517163334651344,0.5517163334651344,1,0.9042695174827025,0.8040591603239098,0.8040591603239098,0,1,1
73,189,0,0.5792687715149115,0.00928087567478842,0.00928087567478842,0,0.36479891894046423,0.35166089167219294,0.35166089167219294,1,0.8424987674265367,0.7153906993831589,0.7153906993831589,0,1,1
73,190,0,0.631256766992433,0.01588727553906191,0.01588727553906191,0,0.3845706616913277,0.37110335332488636,0.37110335332488636,1,0.8733297952441608,0.7577646732372542,0.7577646732372542,0,1,1
73,191,0,0.6648710047747388,0.022803073116962815,0.022803073116962815,0,0.4818034692327803,0.4673507752332945,0.4673507752332945,1,0.931827598209831,0.8494591037677469,0.8494591037677469,0,1,1
73,192,0,0.6675366043352657,0.02348003757307348,0.02348003757307348,0,0.3881156383117599,0.37459383594474016,0.37459383594474016,1,0.9255682056344647,0.8387340776329887,0.8387340776329887,0,1,1
73,193,0,0.7925671531276994,0.10713415613487504,0.10713415613487504,1,0.7928925593021602,0.7828062862331148,0.7828062862331148,1,0.9875447832585849,0.9625164340359869,0.9625164340359869,0,1,1
73,194,0,0.7816574526748847,0.09253682640551478,0.09253682640551478,1,0.8485324251841493,0.840524999079778,0.840524999079778,1,0.9931044797871682,0.9772489434975036,0.9772489434975036,0,1,1
73,195,0,0.7711717125739674,0.0806179099376748,0.0806179099376748,1,0.6610424113909011,0.6476504759098067,0.6476504759098067,1,0.9890091451711552,0.9662595415676328,0.9662595415676328,0,1,1
73,196,0,0.8189071584677701,0.1545444211024564,0.1545444211024564,1,0.729076200268592,0.7171120986003364,0.7171120986003364,1,0.9917688745702027,0.9735671990663753,0.9735671990663753,1,1,1
73,197,0,0.8290935807871892,0.17889297637395568,0.17889297637395568,1,0.8396263667807744,0.8312577868434573,0.8312577868434573,1,0.9952828282868164,0.9835244987698775,0.9835244987698775,1,1,1
73,198,0,0.8686378869255337,0.32082592656292575,0.32082592656292575,1,0.8563763249727314,0.8486961125154235,0.8486961125154235,1,0.984735968861736,0.9555493969511767,0.9555493969511767,1,1,1
73,199,0,0.8797824730231568,0.3783325307000809,0.3783325307000809,1,0.882547934254683,0.8760222932554721,0.8760222932554721,1,0.9835023132235481,0.9525667126213941,0.9525667126213941,1,1,1
73,200,0,0.9246051557015341,0.6885153762259714,0.6885153762259714,1,0.9564701206974334,0.953756925403515,0.953756925403515,1,0.9964369439707051,0.9870307729783232,0.9870307729783232,1,1,1
73,201,0,0.8996267433022304,0.502456650357735,0.502456650357735,1,0.9240306279859903,0.9195396528438853,0.9195396528438853,1,0.9938581936633225,0.9793779545929006,0.9793779545929006,1,1,1
73,202,0,0.9427122053279599,0.8216892088640071,0.8216892088640071,1,0.9885971792453514,0.9878332087540928,0.9878332087540928,1,0.9985039900231839,0.9938303337039093,0.9938303337039093,1,1,1
73,203,1,0.9230961852705691,0.6769077096393235,0.6769077096393235,1,0.9673232856780011,0.9652451138995665,0.9652451138995665,1,0.9957551432032367,0.984941115471532,0.984941115471532,1,1,1
73,204,1,0.9479540470329824,0.855874176648284,0.855874176648284,1,0.9878697455959232,0.9870590260417422,0.9870590260417422,1,0.9983899964651932,0.9934291940450558,0.9934291940450558,1,1,1
73,205,1,0.947757475884942,0.8546441286219513,0.8546441286219513,1,0.9900673463902694,0.9893983478900934,0.9893983478900934,1,0.9992640700288425,0.9966454011010147,0.9966454011010147,1,1,1
73,206,1,0.9568644163407833,0.9066972883999891,0.9066972883999891,1,0.9860628981328292,0.9851367147864066,0.9851367147864066,1,0.9981903792436136,0.9927365369455661,0.9927365369455661,1,1,1
73,207,1,0.9680411025274409,0.9548791581704774,0.9548791581704774,1,0.9964478580395467,0.9962003551791225,0.9962003551791225,1,0.9995497317965962,0.9978014961242733,0.9978014961242733,1,1,1
73,208,1,0.9821170624798132,0.9894277443270184,0.9894277443270184,1,0.9992317452345028,0.9991759255343176,0.9991759255343176,1,0.9999235937384948,0.9995227562269137,0.9995227562269137,1,1,1
73,209,1,0.9809670289581821,0.9876326511221789,0.9876326511221789,1,0.9996055311472972,0.9995763818151279,0.9995763818151279,1,0.9999285073892356,0.9995493209001203,0.9995763818151279,1,1,1
73,210,1,0.9851049571082071,0.993328646418619,0.993328646418619,1,0.9994530983368313,0.9994130154599579,0.9994130154599579,1,0.9999245096586361,0.9995276895414319,0.9995276895414319,1,1,1
73,211,1,0.9904705630549089,0.9978340052111005,0.9978340052111005,1,0.9999058926569631,0.9998986914591991,0.9998986914591991,1,0.9999800951875131,0.9998502605869034,0.9998986914591991,1,1,1
73,212,1,0.9885415238535641,0.996554618530229,0.996554618530229,1,0.999763641948327,0.9997459536420865,0.9997459536420865,1,0.9999611093605113,0.9997333005789388,0.9997459536420865,1,1,1
73,213,1,0.987534447627336,0.9957401756049353,0.9957401756049353,1,0.9995521576442669,0.9995191692015407,0.9995191692015407,1,0.9998690368720313,0.999240808275599,0.9995191692015407,1,1,1
84,1,0,2.0552123901036833e-06,2.6052803718563902e-17,2.6052803718563902e-17,0,3.6911769959999976e-17,3.712656668120881e-17,3.712656668120881e-17,0,8.339775599574402e-17,8.19239275733992e-15,8.19239275733992e-15,0,0,0
84,2,0,5.120900362785443e-05,8.033635431322482e-14,8.033635431322482e-14,0,5.736525121289472e-22,5.878791594265335e-22,8.033635431322482e-14,0,6.482988333146946e-18,9.061142325376153e-16,8.033635431322482e-14,0,0,0
84,3,0,5.8782187950339625e-05,1.13389719197227e-13,1.13389719197227e-13,0,8.368207026311997e-17,8.405278786191842e-17,1.13389719197227e-13,0,2.0266839415341992e-17,2.4202309995671726e-15,1.13389719197227e-13,0,0,0
84,4,0,0.00024460567693745987,3.99800236582729e-12,3.99800236582729e-12,0,2.1853092194973692e-13,2.1660234519200496e-13,3.99800236582729e-12,0,1.3828071320091299e-13,4.881427097592203e-12,4.881427097592203e-12,0,0,0
84,5,0,0.00038687018890766207,1.2572678912502832e-11,1.2572678912502832e-11,0,4.553711604761238e-12,4.4904397945532304e-12,1.2572678912502832e-11,0,1.1334112338777592e-12,2.9925774488227766e-11,2.9925774488227766e-11,0,0,0
84,6,0,0.000298593414398745,6.581095622970651e-12,6.581095622970651e-12,0,8.629846170623734e-13,8.533872086391405e-13,6.581095622970651e-12,0,3.2106485866556395e-12,7.342147451882043e-11,7.342147451882043e-11,0,0,0
84,7,0,0.00044805113040693697,1.8146742031322958e-11,1.8146742031322958e-11,0,1.676976724369394e-10,1.6436369838950836e-10,1.6436369838950836e-10,0,4.1144136321525475e-10,4.814656427859266e-09,4.814656427859266e-09,0,0,0
84,8,0,0.00035839539142931654,1.0385862529868106e-11,1.0385862529868106e-11,0,7.727988328939576e-11,7.584264069773052e-11,7.584264069773052e-11,0,4.951391032468847e-10,5.647842604788489e-09,5.647842604788489e-09,0,0,0
84,9,0,0.0004266265752141947,1.6054990444320348e-11,1.6054990444320348e-11,0,3.3664753342601234e-11,3.308504995266907e-11,3.308504995266907e-11,0,4.1772195820147564e-10,4.877939026870168e-09,4.877939026870168e-09,0,0,0
84,10,0,0.0006120958978289445,3.9581397166540666e-11,3.9581397166540666e-11,0,1.2105214808681822e-10,1.187108425175358e-10,1.187108425175358e-10,0,2.633517361308532e-09,2.3850232340366524e-08,2.3850232340366524e-08,0,0,0
84,11,0,0.0009931318430346978,1.3275148723668808e-10,1.3275148723668808e-10,0,2.4219483469126912e-09,2.363119490051857e-09,2.363119490051857e-09,0,9.158823928446259e-08,5.081792087029791e-07,5.081792087029791e-07,0,0,0
84,12,0,0.0011041690658652962,1.7304478342758026e-10,1.7304478342758026e-10,0,7.548603733777377e-09,7.351125052578095e-09,7.351125052578095e-09,0,1.6815888807629774e-07,8.579616458416786e-07,8.579616458416786e-07,0,0,0
84,13,0,0.0011044528591202085,1.7315604685639713e-10,1.7315604685639713e-10,0,7.799948620747027e-09,7.5954744267172e-09,7.5954744267172e-09,0,1.6141324639005508e-07,8.282126758720504e-07,8.282126758720504e-07,0,0,0
84,14,0,0.0008993499205550589,1.035882504666659e-10,1.035882504666659e-10,0,5.090649360219764e-09,4.960771931264596e-09,4.960771931264596e-09,0,8.058984885331525e-08,4.551217491908462e-07,4.551217491908462e-07,0,0,0
84,15,0,0.0009843842427520655,1.2984653570429688e-10,1.2984653570429688e-10,0,1.1937987590786857e-08,1.1616684199784224e-08,1.1616684199784224e-08,0,1.8087093743487782e-07,9.135822099210021e-07,9.135822099210021e-07,0,0,0
84,16,0,0.000972177343449462,1.2585713141963505e-10,1.2585713141963505e-10,0,8.15945531884051e-09,7.944952210210814e-09,7.944952210210814e-09,0,2.3951393403282293e-07,1.163784372325102e-06,1.163784372325102e-06,0,0,0
84,17,0,0.0005900035773735859,3.6106089187871196e-11,3.6106089187871196e-11,0,1.7070999377546236e-09,1.6666186875313725e-09,1.6666186875313725e-09,0,6.303047126149828e-08,3.6824090376206825e-07,3.6824090376206825e-07,0,0,0
84,18,0,0.0008608048477911706,9.284080248087542e-11,9.284080248087542e-11,0,1.0688310528091943e-08,1.040258346123471e-08,1.040258346123471e-08,0,1.3292629911124778e-07,7.005760575456548e-07,7.005760575456548e-07,0,0,0
84,19,0,0.0010591586774666305,1.5593800793300643e-10,1.5593800793300643e-10,0,2.9147228593711194e-08,2.8320032514776662e-08,2.8320032514776662e-08,0,7.492465851882393e-07,3.110210901215778e-06,3.110210901215778e-06,0,0,0
84,20,0,0.0008748029204319809,9.666221713322889e-11,9.666221713322889e-11,0,1.7440378078904647e-08,1.6960122486491355e-08,1.6960122486491355e-08,0,6.921270416528407e-07,2.904726838480385e-06,2.904726838480385e-06,0,0,0
84,21,0,0.0008542579648749079,9.10852128761803e-11,9.10852128761803e-11,0,1.2355687171494907e-08,1.202244350256259e-08,1.202244350256259e-08,0,3.5064170593366077e-07,1.6164159379431716e-06,1.6164159379431716e-06,0,0,0
84,22,0,0.001089234695623368,1.6725011174234374e-10,1.6725011174234374e-10,0,3.730077880712888e-08,3.622709463746345e-08,3.622709463746345e-08,0,1.1187405346090915e-06,4.393985730509901e-06,4.393985730509901e-06,0,0,0
84,23,0,0.001021888716404966,1.4257476567786087e-10,1.4257476567786087e-10,0,4.021248134539272e-08,3.905002896930471e-08,3.905002896930471e-08,0,2.2158387491445113e-06,7.919384715730071e-06,7.919384715730071e-06,0,0,0
84,24,0,0.0012856505634803827,2.53203111621554e-10,2.53203111621554e-10,0,5.866764178421211e-08,5.6935369008054484e-08,5.6935369008054484e-08,0,3.540995213774474e-06,1.1862382423095906e-05,1.1862382423095906e-05,0,0,0
84,25,0,0.0013008889009387468,2.6077780160489626e-10,2.6077780160489626e-10,0,1.0026943499638452e-07,9.722076658903901e-08,9.722076658903901e-08,0,5.0410043842355585e-06,1.60837178057316e-05,1.60837178057316e-05,0,0,0
84,26,0,0.0011589594936956885,1.9532880872036618e-10,1.9532880872036618e-10,0,1.6147602719511116e-07,1.564404692348207e-07,1.564404692348207e-07,0,4.597110185450169e-06,1.4855290363951512e-05,1.4855290363951512e-05,0,0,0
84,27,0,0.0011032170321703303,1.7267184465969878e-10,1.7267184465969878e-10,0,5.164094461263452e-08,5.0126944974273454e-08,5.0126944974273454e-08,0,5.5715927999499415e-06,1.7532678858677745e-05,1.7532678858677745e-05,0,0,0
84,28,0,0.0015495394499463104,4.039486233724635e-10,4.039486233724635e-10,0,1.673467573673959e-07,1.6211834744295862e-07,1.6211834744295862e-07,0,2.1198364734504266e-05,5.5468479029773176e-05,5.5468479029773176e-05,0,0,0
84,29,0,0.0012513528000738692,2.3664236960044223e-10,2.3664236960044223e-10,0,1.261550311876676e-07,1.222718951000521e-07,1.222718951000521e-07,0,2.8278740793370686e-05,7.11085182098304e-05,7.11085182098304e-05,0,0,0
84,30,0,0.0012004654387807905,2.132998796303192e-10,2.132998796303192e-10,0,6.288871442381248e-08,6.102464698298406e-08,6.102464698298406e-08,0,1.3080496507322398e-05,3.6586396974916865e-05,3.6586396974916865e-05,0,0,0
84,31,0,0.001147627316480595,1.9058658284169188e-10,1.9058658284169188e-10,0,6.299442620922747e-08,6.112705204372013e-08,6.112705204372013e-08,0,1.1238167279738343e-05,3.2099163675960994e-05,3.2099163675960994e-05,0,0,0
84,32,0,0.0009689356869754105,1.248102502801776e-10,1.248102502801776e-10,0,1.1039877975606856e-07,1.0702473817690529e-07,1.0702473817690529e-07,0,1.3286414957035726e-05,3.708229495322207e-05,3.708229495322207e-05,0,0,0
84,33,0,0.001322145719788215,2.7156907539862225e-10,2.7156907539862225e-10,0,1.9350849806359266e-07,1.8741674587227177e-07,1.8741674587227177e-07,0,2.3716827450806798e-05,6.11038250360892e-05,6.11038250360892e-05,0,0,0
84,34,0,0.0011694548324359408,1.9978343131950092e-10,1.9978343131950092e-10,0,2.708740353363787e-07,2.6219782985200505e-07,2.6219782985200505e-07,0,3.1275102841784115e-05,7.755690045562219e-05,7.755690045562219e-05,0,0,0
84,35,0,0.001313625488579403,2.6721210454457676e-10,2.6721210454457676e-10,0,3.386241319552311e-07,3.276543352285851e-07,3.276543352285851e-07,0,2.906565217384014e-05,7.281076865389779e-05,7.281076865389779e-05,0,0,0
84,36,0,0.0008827546780977854,9.887435201790984e-11,9.887435201790984e-11,0,1.9922053745745732e-07,1.9293948967935659e-07,1.9293948967935659e-07,0,1.7943359958859416e-05,4.8044579591549365e-05,4.8044579591549365e-05,0,0,0
84,37,0,0.0010467538142569816,1.5141031017676013e-10,1.5141031017676013e-10,0,1.8868997711859142e-07,1.827576957866181e-07,1.827576957866181e-07,0,1.2681454361040941e-05,3.562232402250482e-05,3.562232402250482e-05,0,0,0
84,38,0,0.0009244923258254488,1.1098270216052441e-10,1.1098270216052441e-10,0,1.6376236053120688e-07,1.5865173786904088e-07,1.5865173786904088e-07,0,1.469326048293414e-05,4.0442850763259656e-05,4.0442850763259656e-05,0,0,0
84,39,0,0.0009576342170996757,1.2120145618892132e-10,1.2120145618892132e-10,0,1.470401270937388e-07,1.4247727451804972e-07,1.4247727451804972e-07,0,8.992443102597072e-06,2.648764514154066e-05,2.648764514154066e-05,0,0,0
84,40,0,0.0010115233208832176,1.3898540167415435e-10,1.3898540167415435e-10,0,1.9702939139870587e-07,1.908209896991717e-07,1.908209896991717e-07,0,9.151104572281065e-06,2.6889977596526902e-05,2.6889977596526902e-05,0,0,0
84,41,0,0.0011409915397657463,1.8784212216132534e-10,1.8784212216132534e-10,0,3.0058847020141165e-07,2.909093664665158e-07,2.909093664665158e-07,0,1.199665636698464e-05,3.3958002127875644e-05,3.3958002127875644e-05,0,0,0
84,42,0,0.0012025266491476302,2.1421717409592518e-10,2.1421717409592518e-10,0,5.515930620238717e-07,5.332845652380049e-07,5.332845652380049e-07,0,2.4892546185540533e-05,6.37058917354995e-05,6.37058917354995e-05,0,0,0
84,43,0,0.001329028161475275,2.751194899040867e-10,2.751194899040867e-10,0,8.631059651991936e-07,8.338271237324318e-07,8.338271237324318e-07,0,3.870770029493643e-05,9.320338532901291e-05,9.320338532901291e-05,0,0,0
84,44,0,0.001409965423781562,3.189731940259002e-10,3.189731940259002e-10,0,7.985044624394244e-07,7.715184143549502e-07,7.715184143549502e-07,0,5.8601249697258526e-05,0.00013324989741032416,0.00013324989741032416,0,0,0
84,45,0,0.0011982739307079544,2.123271915207171e-10,2.123271915207171e-10,0,5.932671596840753e-07,5.735048806286577e-07,5.735048806286577e-07,0,4.435919784335235e-05,0.00010482003962585143,0.00010482003962585143,0,0,0
84,46,0,0.0012949766674804246,2.578230126391592e-10,2.578230126391592e-10,0,4.208484512805083e-07,4.070655404113679e-07,4.070655404113679e-07,0,2.1488671769092788e-05,5.6122601665646276e-05,5.6122601665646276e-05,0,0,0
84,47,0,0.0012098738751199717,2.1750614771752098e-10,2.1750614771752098e-10,0,3.6086101355870456e-07,3.491333523127364e-07,3.491333523127364e-07,0,1.9742181477723157e-05,5.216830298001512e-05,5.216830298001512e-05,0,0,0
84,48,0,0.0014699213434583005,3.5400114923267983e-10,3.5400114923267983e-10,0,7.182603798774878e-07,6.941103530994889e-07,6.941103530994889e-07,0,4.1110179945534145e-05,9.816849145779278e-05,9.816849145779278e-05,0,0,0
84,49,0,0.001597684081794951,4.3609188877132663e-10,4.3609188877132663e-10,0,9.007820549505786e-07,8.701623632162006e-07,8.701623632162006e-07,0,0.00013978448056526301,0.00028187931682237223,0.00028187931682237223,0,0,0
84,50,0,0.0012702234939890953,2.456708356301592e-10,2.456708356301592e-10,0,6.234766396817675e-07,6.026575129405854e-07,6.026575129405854e-07,0,5.2075837008289324e-05,0.00012035867567941391,0.00012035867567941391,0,0,0
84,51,0,0.0015046912801082231,3.7532680937881594e-10,3.7532680937881594e-10,0,4.6098570584495167e-07,4.458197101020695e-07,4.458197101020695e-07,0,3.642311725196845e-05,8.844229319842144e-05,8.844229319842144e-05,0,0,0
84,52,0,0.001587413309336611,4.2911043083800704e-10,4.2911043083800704e-10,0,8.26799786993234e-07,7.988105088739438e-07,7.988105088739438e-07,0,5.3612702984115534e-05,0.00012341396489426234,0.00012341396489426234,0,0,0
84,53,0,0.0020615569769995064,8.254055312239604e-10,8.254055312239604e-10,0,1.1930889839791523e-06,1.1519863179138888e-06,1.1519863179138888e-06,0,0.00010798103016161124,0.00022565314101164716,0.00022565314101164716,0,0,0
84,54,0,0.0014500207234199535,3.4213124666523214e-10,3.4213124666523214e-10,0,7.723182385660743e-07,7.462591869882731e-07,7.462591869882731e-07,0,5.1507873010145735e-05,0.00011922642622257515,0.00011922642622257515,0,0,0
84,55,0,0.0012840874382204473,2.52433688040049e-10,2.52433688040049e-10,0,3.5835841226435935e-07,3.4671615746223123e-07,3.4671615746223123e-07,0,1.8841705390510917e-05,5.0110797806807014e-05,5.0110797806807014e-05,0,0,0
84,56,0,0.0012008993920874765,2.1349280411818306e-10,2.1349280411818306e-10,0,2.4684017093654303e-07,2.3897126769901295e-07,2.3897126769901295e-07,0,2.0046124561916138e-05,5.2859834318881414e-05,5.2859834318881414e-05,0,0,0
84,57,0,0.0013141793740507478,2.6749405760206727e-10,2.6749405760206727e-10,0,3.1540362792437797e-07,3.0522267248353345e-07,3.0522267248353345e-07,0,3.7045819542926275e-05,8.974399741368501e-05,8.974399741368501e-05,0,0,0
84,58,0,0.0015932013430153087,4.330364620264289e-10,4.330364620264289e-10,0,8.258227923664101e-07,7.978681808597384e-07,7.978681808597384e-07,0,6.248875078270937e-05,0.00014083450481831264,0.00014083450481831264,0,0,0
84,59,0,0.0014976491760855235,3.7094702473368665e-10,3.7094702473368665e-10,0,1.0122161567432635e-06,9.77616013641239e-07,9.77616013641239e-07,0,5.6479843539492176e-05,0.00012908184900730515,0.00012908184900730515,0,0,0
84,60,0,0.0012046764678250782,2.1517642204381024e-10,2.1517642204381024e-10,0,4.78159989857784e-07,4.624004164586394e-07,4.624004164586394e-07,0,1.8361421964692594e-05,4.9007868339680223e-05,4.9007868339680223e-05,0,0,0
84,61,0,0.0018622232932161123,6.398996794675312e-10,6.398996794675312e-10,0,1.45783671568307e-06,1.4071370927294632e-06,1.4071370927294632e-06,0,9.758992672416314e-05,0.00020680904209698618,0.00020680904209698618,0,0,0
84,62,0,0.0014995149537408818,3.7210442362217156e-10,3.7210442362217156e-10,0,1.7803326706770155e-06,1.717837757423856e-06,1.717837757423856e-06,0,5.8170017174560446e-05,0.00013240434248461128,0.00013240434248461128,0,0,0
84,63,0,0.0014720660307905406,3.552949083807284e-10,3.552949083807284e-10,0,1.6590990099188508e-06,1.6010503950840673e-06,1.6010503950840673e-06,0,4.5698060075178835e-05,0.00010754120847841073,0.00010754120847841073,0,0,0
84,64,0,0.0013098353083160175,2.6528752063258083e-10,2.6528752063258083e-10,0,1.494341351739935e-06,1.4423119655332469e-06,1.4423119655332469e-06,0,4.480979174341721e-05,0.00010573709889323192,0.00010573709889323192,0,0,0
84,65,0,0.0015980328226545544,4.363301313796691e-10,4.363301313796691e-10,0,1.449354041332804e-06,1.3989632072296733e-06,1.3989632072296733e-06,0,4.049129253888607e-05,9.689338941495689e-05,9.689338941495689e-05,0,0,0
84,66,0,0.0017763982194643328,5.686206224234559e-10,5.686206224234559e-10,0,1.1397529435615578e-06,1.1005727216987075e-06,1.1005727216987075e-06,0,4.9316683135909853e-05,0.00011484186329486374,0.00011484186329486374,0,0,0
84,67,0,0.0015303726187121506,3.915617569831975e-10,3.915617569831975e-10,0,7.640371604781507e-07,7.382709617058293e-07,7.382709617058293e-07,0,3.040497831108346e-05,7.569349660123757e-05,7.569349660123757e-05,0,0,0
84,68,0,0.001662369982485145,4.816292593357908e-10,4.816292593357908e-10,0,6.328546134139143e-07,6.117069172158743e-07,6.117069172158743e-07,0,3.575490285276603e-05,8.704202471030932e-05,8.704202471030932e-05,0,0,0
84,69,0,0.0014534453412126578,3.4415657444706127e-10,3.4415657444706127e-10,0,7.006724879640887e-07,6.771421626525941e-07,6.771421626525941e-07,0,7.229264556740841e-05,0.00015968320622363993,0.00015968320622363993,0,0,0
84,70,0,0.0012970991065030283,2.5888142824669195e-10,2.5888142824669195e-10,0,5.420313186894416e-07,5.240556688619305e-07,5.240556688619305e-07,0,6.101210335245437e-05,0.00013796143436293755,0.00013796143436293755,0,0,0
84,71,0,0.0012489248145640215,2.3549544994948326e-10,2.3549544994948326e-10,0,4.006413170831051e-07,3.875523941773495e-07,3.875523941773495e-07,0,2.1081816428127632e-05,5.52055239540039e-05,5.52055239540039e-05,0,0,0
84,72,0,0.001200220960921776,2.1319123719432763e-10,2.1319123719432763e-10,0,4.0002714004166917e-07,3.869592846459977e-07,3.869592846459977e-07,0,1.7917754672815228e-05,4.7985480421379317e-05,4.7985480421379317e-05,0,0,0
84,73,0,0.0011380729298344095,1.8664259175083163e-10,1.8664259175083163e-10,0,3.3812492850521084e-07,3.271721185744506e-07,3.271721185744506e-07,0,1.4806825259172744e-05,4.071213211465027e-05,4.071213211465027e-05,0,0,0
84,74,0,0.0015717834833438708,4.1861585686557465e-10,4.1861585686557465e-10,0,6.230354272753123e-07,6.022317533483085e-07,6.022317533483085e-07,0,4.1266910697027577e-05,9.849098375135745e-05,9.849098375135745e-05,0,0,0
84,75,0,0.0011815905091777886,2.0500968458271084e-10,2.0500968458271084e-10,0,5.317818325224207e-07,5.14162664764574e-07,5.14162664764574e-07,0,2.8815272922755506e-05,7.226984571289854e-05,7.226984571289854e-05,0,0,0
84,76,0,0.0012620088969353485,2.417156923108877e-10,2.417156923108877e-10,0,3.1905290078543287e-07,3.0874815276482313e-07,3.0874815276482313e-07,0,2.2645831443125894e-05,5.871798841433122e-05,5.871798841433122e-05,0,0,0
84,77,0,0.0012412542852818286,2.3189405007636163e-10,2.3189405007636163e-10,0,2.9842884246644414e-07,2.8882279629155154e-07,2.8882279629155154e-07,0,2.2371887101825503e-05,5.810524978642922e-05,5.810524978642922e-05,0,0,0
84,78,0,0.001310963972981767,2.658597620123428e-10,2.658597620123428e-10,0,5.982498788061223e-07,5.783134537195361e-07,5.783134537195361e-07,0,2.539986254912264e-05,6.48233895779434e-05,6.48233895779434e-05,0,0,0
84,79,0,0.0017539316690534505,5.507922537711148e-10,5.507922537711148e-10,0,6.885325024085423e-07,6.654295055591904e-07,6.654295055591904e-07,0,5.712764102302373e-05,0.00013035687203931224,0.00013035687203931224,0,0,0
84,80,0,0.0018534380142183054,6.323701851894212e-10,6.323701851894212e-10,0,5.853085059805892e-07,5.658242401837639e-07,5.658242401837639e-07,0,4.681117970659548e-05,0.0001097951821810889,0.0001097951821810889,0,0,0
84,81,0,0.0024992863707262495,1.3367869519904449e-09,1.3367869519904449e-09,0,3.5516144435585915e-06,3.4229487483837585e-06,3.4229487483837585e-06,0,0.0001952359474296299,0.0003759348338282451,0.0003759348338282451,0,0,0
84,82,0,0.001907379650132037,6.794506492361998e-10,6.794506492361998e-10,0,1.9258576010486873e-06,1.8580078288201607e-06,1.8580078288201607e-06,0,0.00010764208200564389,0.00022504254805613108,0.00022504254805613108,0,0,0
84,83,0,0.0019166800516346332,6.877741770128502e-10,6.877741770128502e-10,0,9.677688572902982e-07,9.347589073351795e-07,9.347589073351795e-07,0,3.489285336933579e-05,8.523020923770432e-05,8.523020923770432e-05,0,0,0
84,84,0,0.003029144614298056,2.1640433101564173e-09,2.1640433101564173e-09,0,4.10440344118923e-06,3.95474563350154e-06,3.95474563350154e-06,0,0.00011792137035752606,0.0002434460008425725,0.0002434460008425725,0,0,0
84,85,0,0.002876668269282906,1.9013414066395625e-09,1.9013414066395625e-09,0,1.901153115383898e-06,1.8342136892485086e-06,1.8342136892485086e-06,0,0.00026319440179308536,0.00048629447693741997,0.00048629447693741997,0,0,0
84,86,0,0.002284633817790276,1.0675597021464827e-09,1.0675597021464827e-09,0,1.088838241435162e-06,1.051489400418193e-06,1.051489400418193e-06,0,8.046617777457525e-05,0.00017512687699459687,0.00017512687699459687,0,0,0
84,87,0,0.0022276948144696143,1.0021792472407177e-09,1.0021792472407177e-09,0,9.233031855394351e-07,8.918807592457148e-07,8.918807592457148e-07,0,6.110832087278568e-05,0.00013814893231644583,0.00013814893231644583,0,0,0
84,88,0,0.00218880490351764,9.58944935322372e-10,9.58944935322372e-10,0,7.52894418624066e-07,7.275220418057591e-07,7.275220418057591e-07,0,5.144382464836253e-05,0.00011909863641178623,0.00011909863641178623,0,0,0
84,89,0,0.0031260613762663634,2.3417656126654323e-09,2.3417656126654323e-09,0,1.7311083712790188e-06,1.6704204539517835e-06,1.6704204539517835e-06,0,0.0001530623307762771,0.00030480849653332276,0.00030480849653332276,0,0,0
84,90,0,0.002688941257217184,1.6055774530496792e-09,1.6055774530496792e-09,0,3.099476985938014e-06,2.9878779017860415e-06,2.9878779017860415e-06,0,0.00022688660474698004,0.00042790088998038506,0.00042790088998038506,0,0,0
84,91,0,0.002295689082839596,1.080542945200021e-09,1.080542945200021e-09,0,8.936697966808052e-07,8.633034221399262e-07,8.633034221399262e-07,0,5.406908264769812e-05,0.00012431890389018684,0.00012431890389018684,0,0,0
84,92,0,0.003572138485398012,3.2716282555022533e-09,3.2716282555022533e-09,0,3.051966710307086e-06,2.942155004191021e-06,2.942155004191021e-06,0,0.0003040638775621921,0.000550707060312915,0.000550707060312915,0,0,0
84,93,0,0.0035200612439026785,3.1533502514313287e-09,3.1533502514313287e-09,0,6.155641726408744e-06,5.927132855875507e-06,5.927132855875507e-06,0,0.000594831946678716,0.000981836961783861,0.000981836961783861,0,0,0
84,94,0,0.002731011283100632,1.6692514619747834e-09,1.6692514619747834e-09,0,1.8925854586012698e-06,1.8259616241183746e-06,1.8259616241183746e-06,0,0.00012350545031776305,0.0002533495220261375,0.0002533495220261375,0,0,0
84,95,0,0.004303830341619513,5.220949747697821e-09,5.220949747697821e-09,0,5.758575821474324e-06,5.5454310089297865e-06,5.5454310089297865e-06,0,0.0003689461614738917,0.0006505843960981714,0.0006505843960981714,0,0,0
84,96,0,0.003874541945336602,4.011136116242887e-09,4.011136116242887e-09,0,9.877397689519495e-06,9.50314069014259e-06,9.50314069014259e-06,0,0.0005825334134666495,0.0009643208183532652,0.0009643208183532652,0,0,0
84,97,0,0.003793122061259851,3.8030716288066135e-09,3.8030716288066135e-09,0,7.3234388639383695e-06,7.0495114782513896e-06,7.0495114782513896e-06,0,0.00042076529542282897,0.0007285955500181993,0.0007285955500181993,0,0,0
84,98,0,0.00478539609551304,6.81330878235835e-09,6.81330878235835e-09,0,9.9186265909207e-06,9.542740316154482e-06,9.542740316154482e-06,0,0.0006127781568450684,0.0010073071431829404,0.0010073071431829404,0,0,0
84,99,0,0.0035849484561928137,3.301125229196176e-09,3.301125229196176e-09,0,9.999693913894871e-06,9.620603227968027e-06,9.620603227968027e-06,0,0.00029950881911931803,0.0005435903931217203,0.0005435903931217203,0,0,0
84,100,0,0.0027357187358333953,1.6764691807530505e-09,1.6764691807530505e-09,0,2.889464127623794e-06,2.7857567082967446e-06,2.7857567082967446e-06,0,0.0001119627128732045,0.00023280629778732286,0.00023280629778732286,0,0,0
84,101,0,0.002980846658280551,2.078612574650602e-09,2.078612574650602e-09,0,2.9720432757921203e-06,2.8652356380733226e-06,2.8652356380733226e-06,0,8.412262609336799e-05,0.00018196436063138427,0.00018196436063138427,0,0,0
84,102,0,0.0034628696385141525,3.0264677759953364e-09,3.0264677759953364e-09,0,3.9929224846413456e-06,3.847508454696273e-06,3.847508454696273e-06,0,9.67114663201564e-05,0.00020520361092746207,0.00020520361092746207,0,0,0
84,103,0,0.0027812060226959884,1.7471813040153396e-09,1.7471813040153396e-09,0,2.806325334580455e-06,2.705735269191406e-06,2.705735269191406e-06,0,9.568999848826985e-05,0.00020333428872971378,0.00020333428872971378,0,0,0
84,104,0,0.0032115530507923415,2.5056006667647866e-09,2.5056006667647866e-09,0,6.439138592466219e-06,6.199634501002e-06,6.199634501002e-06,0,0.00014041691669184966,0.0002829780821379261,0.0002829780821379261,0,0,0
84,105,0,0.002934673793930745,1.9988701132857004e-09,1.9988701132857004e-09,0,4.411565550265061e-06,4.2501898628529624e-06,4.2501898628529624e-06,0,0.0001098430086000183,0.000229002673995784,0.000229002673995784,0,0,0
84,106,0,0.0028878912721870286,1.919982494765099e-09,1.919982494765099e-09,0,4.312955061040623e-06,4.155345155285622e-06,4.155345155285622e-06,0,5.98525498796486e-05,0.00013569859116803183,0.00013569859116803183,0,0,0
84,107,0,0.004232695284522358,5.007121801691505e-09,5.007121801691505e-09,0,1.09173058231457e-05,1.0501871684577555e-05,1.0501871684577555e-05,0,0.00029380845823554733,0.0005346631833529024,0.0005346631833529024,0,0,0
84,108,0,0.003569323401617536,3.265167455256977e-09,3.265167455256977e-09,0,8.549006483278477e-06,8.22708830562148e-06,8.22708830562148e-06,0,0.0002910590238263221,0.0005303488044400078,0.0005303488044400078,0,0,0
84,109,0,0.0035848319796968147,3.3008563047791888e-09,3.3008563047791888e-09,0,9.89289590417492e-06,9.518026482145754e-06,9.518026482145754e-06,0,0.0002446651777128161,0.0004566438833905796,0.0004566438833905796,0,0,0
84,110,0,0.0025396708084836515,1.3915492383552946e-09,1.3915492383552946e-09,0,4.46647101185118e-06,4.302997013649675e-06,4.302997013649675e-06,0,0.00011602745317950601,0.0002400724844904991,0.0002400724844904991,0,0,0
84,111,0,0.005269491734366294,8.67853782866841e-09,8.67853782866841e-09,0,1.344387883185648e-05,1.2927757762476026e-05,1.2927757762476026e-05,0,0.0003187611615303279,0.0005735702959918467,0.0005735702959918467,0,0,0
84,112,0,0.0035380864649315934,3.1939923348999937e-09,3.1939923348999937e-09,0,3.0844521525646485e-05,2.9618835582877714e-05,2.9618835582877714e-05,0,0.00029856419906039124,0.0005421126819238702,0.0005421126819238702,0,0,0
84,113,0,0.003461501602774099,3.0234711118680806e-09,3.0234711118680806e-09,0,1.0410342099702192e-05,1.001500321333001e-05,1.001500321333001e-05,0,0.00013429404713971894,0.00027231120580705463,0.00027231120580705463,0,0,0
84,114,0,0.0023892084260435913,1.1941767228978986e-09,1.1941767228978986e-09,0,6.601094122179511e-06,6.355299553911507e-06,6.355299553911507e-06,0,7.567867566235539e-05,0.00016610884052861136,0.00016610884052861136,0,0,0
84,115,0,0.002914258641384654,1.964209579177932e-09,1.964209579177932e-09,0,5.524639063951146e-06,5.3205255789395226e-06,5.3205255789395226e-06,0,6.93695938702888e-05,0.00015410267365565552,0.00015410267365565552,0,0,0
84,116,0,0.0050769381444144245,7.90396673559812e-09,7.90396673559812e-09,0,2.0657588367864804e-05,1.9850130027283955e-05,1.9850130027283955e-05,0,0.0005418996546816701,0.0009060762776607477,0.0009060762776607477,0,0,0
84,117,0,0.003378468584912399,2.844923221667495e-09,2.844923221667495e-09,0,1.7992071363564878e-05,1.729283369494154e-05,1.729283369494154e-05,0,0.00030478839096574823,0.000551837649663852,0.000551837649663852,0,0,0
84,118,0,0.0036005045353292003,3.337160287960082e-09,3.337160287960082e-09,0,5.852245967024356e-06,5.635480578697269e-06,5.635480578697269e-06,0,0.00010763418914300052,0.00022502832641614845,0.00022502832641614845,0,0,0
84,119,0,0.0032837529048927315,2.6491925678865383e-09,2.6491925678865383e-09,0,3.9736911813011675e-06,3.829008727622113e-06,3.829008727622113e-06,0,0.00012479434041706472,0.0002556265199989505,0.0002556265199989505,0,0,0
84,120,0,0.0029500187052664702,2.025163134630423e-09,2.025163134630423e-09,0,4.040166879624417e-06,3.892954992751805e-06,3.892954992751805e-06,0,9.975358887288904e-05,0.0002107547731082111,0.0002107547731082111,0,0,0
84,121,0,0.002349065757073492,1.1445624121872302e-09,1.1445624121872302e-09,0,7.134863862513332e-07,6.895046390911037e-07,6.895046390911037e-07,0,3.054269341422888e-05,7.598890409887647e-05,7.598890409887647e-05,0,0,0
84,122,0,0.0024539809003184523,1.2769192644797703e-09,1.2769192644797703e-09,0,7.169167790844896e-07,6.928141184464237e-07,6.928141184464237e-07,0,4.228917020294188e-05,0.00010059028792357677,0.00010059028792357677,0,0,0
84,123,0,0.0046785527850935794,6.437856397849391e-09,6.437856397849391e-09,0,6.793325238616821e-06,6.540055911326458e-06,6.540055911326458e-06,0,0.0003149060956020621,0.0005675877115468669,0.0005675877115468669,0,0,0
84,124,0,0.0042989468532635714,5.206097626894852e-09,5.206097626894852e-09,0,6.425864952324372e-06,6.18687612840357e-06,6.18687612840357e-06,0,0.000419838580274302,0.000727212599055912,0.000727212599055912,0,0,0
84,125,0,0.0045971974947609205,6.160539950627727e-09,6.160539950627727e-09,0,7.74890778591612e-06,7.458354978677805e-06,7.458354978677805e-06,0,0.00039049652779755436,0.0006832004997664391,0.0006832004997664391,0,0,0
84,126,0,0.0050887945296149,7.95040097957107e-09,7.95040097957107e-09,0,1.1083073221637523e-05,1.0661059955330168e-05,1.0661059955330168e-05,0,0.0006415888517518312,0.001047982288031079,0.001047982288031079,0,0,0
84,127,0,0.005383876039477563,9.159511750293679e-09,9.159511750293679e-09,0,2.35934058880099e-05,2.2666109361752838e-05,2.2666109361752838e-05,0,0.001105783594269676,0.0016750635938798998,0.0016750635938798998,0,0,0
84,128,0,0.0071567690565905355,1.8735552696871247e-08,1.8735552696871247e-08,0,4.117809295157199e-05,3.952250503566205e-05,3.952250503566205e-05,0,0.001727186883024057,0.0024595504354860027,0.0024595504354860027,0,0,0
84,129,0,0.005703931699439491,1.0589606742494056e-08,1.0589606742494056e-08,0,3.105525140450246e-05,2.9820848976962718e-05,2.9820848976962718e-05,0,0.0011920871157208644,0.0017870926029362375,0.0017870926029362375,0,0,0
84,130,0,0.008256058701727534,2.6847838945593686e-08,2.6847838945593686e-08,0,2.215922346168516e-05,2.1290548098846363e-05,2.1290548098846363e-05,0,0.002300453620191597,0.003148191711739638,0.003148191711739638,0,0,0
84,131,0,0.006651130211074178,1.5581553436906718e-08,1.5581553436906718e-08,0,1.4439869821970175e-05,1.3883836849179115e-05,1.3883836849179115e-05,0,0.0010336224887616725,0.0015804590764423485,0.0015804590764423485,0,0,0
84,132,0,0.006019233271100798,1.2122828705332705e-08,1.2122828705332705e-08,0,7.027396326509949e-06,6.765013432730751e-06,6.765013432730751e-06,0,0.0005103571909204118,0.0008604460448542423,0.0008604460448542423,0,0,0
84,133,0,0.0068936535812729625,1.705045552387853e-08,1.705045552387853e-08,0,1.1659889472027477e-05,1.1214952056082692e-05,1.1214952056082692e-05,0,0.00043738094413286403,0.0007533207324036213,0.0007533207324036213,0,0,0
84,134,0,0.0076481429838920565,2.2143960406723086e-08,2.2143960406723086e-08,0,9.141601395572737e-06,8.796373384344578e-06,8.796373384344578e-06,0,0.0008768759301191212,0.0013716764507106052,0.0013716764507106052,0,0,0
84,135,0,0.007636230275564162,2.2057225918188614e-08,2.2057225918188614e-08,0,7.090462430656764e-06,6.8256218749687015e-06,6.8256218749687015e-06,0,0.001649505978019316,0.002363969097280337,0.002363969097280337,0,0,0
84,136,0,0.008757831583088944,3.1151378059852116e-08,3.1151378059852116e-08,0,1.4560909736134574e-05,1.4000018642891782e-05,1.4000018642891782e-05,0,0.0011339211550419467,0.001711717532513182,0.001711717532513182,0,0,0
84,137,0,0.007962699651862068,2.4509378900058695e-08,2.4509378900058695e-08,0,9.463177956274283e-06,9.10527432811323e-06,9.10527432811323e-06,0,0.0004579559107947846,0.0007837583412826639,0.0007837583412826639,0,0,0
84,138,0,0.008054085640914397,2.5224011624628057e-08,2.5224011624628057e-08,0,1.2953456548474393e-05,1.2456944556395741e-05,1.2456944556395741e-05,0,0.0005385318256417525,0.000901222202637793,0.000901222202637793,0,0,0
84,139,0,0.00806265117112567,2.5291632451978955e-08,2.5291632451978955e-08,0,1.370778856490781e-05,1.3181103247650553e-05,1.3181103247650553e-05,0,0.0010092717555027111,0.001548330381700329,0.001548330381700329,0,0,0
84,140,0,0.009248811860306346,3.574378778099498e-08,3.574378778099498e-08,0,1.5287208537456693e-05,1.4697132577095386e-05,1.4697132577095386e-05,0,0.0019864909230429485,0.0027744498242544416,0.0027744498242544416,0,0,0
84,141,0,0.008050506156852152,2.5195785790940503e-08,2.5195785790940503e-08,0,2.4456447574941977e-05,2.3493806299736654e-05,2.3493806299736654e-05,0,0.0020531975908746657,0.002854506000925174,0.002854506000925174,0,0,0
84,142,0,0.008448455937507851,2.8452168827900028e-08,2.8452168827900028e-08,0,1.9212045652439696e-05,1.846335076819088e-05,1.846335076819088e-05,0,0.0016345467452847473,0.0023454916321147784,0.0023454916321147784,0,0,0
84,143,0,0.008528955383639243,2.914024317875481e-08,2.914024317875481e-08,0,2.9284081069950828e-05,2.8122866604505515e-05,2.8122866604505515e-05,0,0.001309768080535391,0.0019380610851451254,0.0019380610851451254,0,0,0
84,144,0,0.01173309628414193,6.517442205466407e-08,6.517442205466407e-08,0,7.081775921575424e-05,6.790837420726969e-05,6.790837420726969e-05,0,0.004097320883836745,0.005175244016329703,0.005175244016329703,0,0,0
84,145,0,0.00989334295234128,4.236458606729571e-08,4.236458606729571e-08,0,3.720714939729182e-05,3.571732493292721e-05,3.571732493292721e-05,0,0.003488091448435055,0.004505402307476687,0.004505402307476687,0,0,0
84,146,0,0.009537563830307993,3.862552633389991e-08,3.862552633389991e-08,0,5.7363483334602166e-05,5.502637954164915e-05,5.502637954164915e-05,0,0.0023657071808822062,0.003224948177529839,0.003224948177529839,0,0,0
84,147,0,0.007196231243123668,1.899661012015224e-08,1.899661012015224e-08,0,2.8363355339610153e-05,2.7240119151083104e-05,2.7240119151083104e-05,0,0.0014857978018790088,0.002160436752010924,0.002160436752010924,0,0,0
84,148,0,0.007705590594181812,2.256512669772945e-08,2.256512669772945e-08,0,2.0860766764480793e-05,2.0045035526627618e-05,2.0045035526627618e-05,0,0.0008003549779229738,0.0012679062352866138,0.0012679062352866138,0,0,0
84,149,0,0.008425720860094164,2.8259642793823153e-08,2.8259642793823153e-08,0,1.4422057188903451e-05,1.3866739014762487e-05,1.3866739014762487e-05,0,0.0010150296478866913,0.001555937048044767,0.001555937048044767,0,0,0
84,150,0,0.006201846476451413,1.3068697059093254e-08,1.3068697059093254e-08,0,1.4548730465951437e-05,1.3988328280145405e-05,1.3988328280145405e-05,0,0.0006074304931153362,0.0009997284179542394,0.0009997284179542394,0,0,0
84,151,0,0.00969865697437508,4.0292544380984067e-08,4.0292544380984067e-08,0,3.557489955222818e-05,3.4153017264457316e-05,3.4153017264457316e-05,0,0.0012100061762032135,0.001810209300286726,0.001810209300286726,0,0,0
84,152,0,0.008256695407593159,2.685305527754777e-08,2.685305527754777e-08,0,2.924157239909918e-05,2.8082112381630782e-05,2.8082112381630782e-05,0,0.0017294577071016652,0.0024623354204654237,0.0024623354204654237,0,0,0
84,153,0,0.007760241631643579,2.2970261634074154e-08,2.2970261634074154e-08,0,2.0015262744077015e-05,1.9233936811629224e-05,1.9233936811629224e-05,0,0.002151818417148956,0.00297220516965117,0.00297220516965117,0,0,0
84,154,0,0.006950447938545275,1.740606992833961e-08,1.740606992833961e-08,0,1.4859534148097355e-05,1.4286650369517633e-05,1.4286650369517633e-05,0,0.0009374627604040416,0.0014529451952672754,0.0014529451952672754,0,0,0
84,155,0,0.010326822166009678,4.720712989553596e-08,4.720712989553596e-08,0,3.4969237621816155e-05,3.357253544218738e-05,3.357253544218738e-05,0,0.0024907560555289276,0.0033712262190032636,0.0033712262190032636,0,0,0
84,156,0,0.013038799620906637,8.511405832823337e-08,8.511405832823337e-08,0,9.961907402873581e-05,9.547154071699537e-05,9.547154071699537e-05,0,0.010298231498692018,0.011442739775644889,0.011442739775644889,0,0,0
84,157,0,0.01478928921858241,1.171155907719111e-07,1.171155907719111e-07,0,0.00015987715242053195,0.00015309888887462514,0.00015309888887462514,0,0.011927713349313786,0.012985426253496577,0.012985426253496577,0,0,0
84,158,0,0.01860179707994829,2.0974051831820336e-07,2.0974051831820336e-07,0,0.00027633686841465786,0.00026437802383388854,0.00026437802383388854,0,0.016582204587183392,0.01724555618437027,0.01724555618437027,0,0,0
84,159,0,0.013970759522565726,1.0137589751271237e-07,1.0137589751271237e-07,0,0.0001688663326943828,0.0001616920838504479,0.0001616920838504479,0,0.005918229263851468,0.00710264006808113,0.00710264006808113,0,0,0
84,160,0,0.011390877241113002,6.047603364750631e-08,6.047603364750631e-08,0,0.00010155482801127635,9.732354683975217e-05,9.732354683975217e-05,0,0.0021634866973925713,0.0029860804135680677,0.0029860804135680677,0,0,0
84,161,0,0.01288972749925758,8.267242466804126e-08,8.267242466804126e-08,0,0.00011335954373433716,0.00010861630302677269,0.00010861630302677269,0,0.0028041788604301616,0.003733498906573016,0.003733498906573016,0,0,0
84,162,0,0.01171454658479516,6.491424912183601e-08,6.491424912183601e-08,0,7.366304993815131e-05,7.0632082828418e-05,7.0632082828418e-05,0,0.0018743709892582042,0.0026390397864287526,0.0026390397864287526,0,0,0
84,163,0,0.011261788361411276,5.875907786496008e-08,5.875907786496008e-08,0,6.188747088734868e-05,5.935845292945884e-05,5.935845292945884e-05,0,0.0017249933028528914,0.002456859700421368,0.002456859700421368,0,0,0
84,164,0,0.011412165350025405,6.076207352476375e-08,6.076207352476375e-08,0,6.105297588810791e-05,5.8559399730700674e-05,5.8559399730700674e-05,0,0.002353507551413302,0.0032106206342933465,0.0032106206342933465,0,0,0
84,165,0,0.016003864880005922,1.430845134953798e-07,1.430845134953798e-07,0,0.00015542387032316802,0.00014884148276524267,0.00014884148276524267,0,0.0034269059556382747,0.004437267989230307,0.004437267989230307,0,0,0
84,166,0,0.01173782759966431,6.524088365797905e-08,6.524088365797905e-08,0,0.00010227974461781604,9.801708555516616e-05,9.801708555516616e-05,0,0.004042956682611805,0.005116066290946457,0.005116066290946457,0,0,0
84,167,0,0.018130935039202812,1.964910727695266e-07,1.964910727695266e-07,0,0.00020704266063396997,0.00019817860666033834,0.00019817860666033834,0,0.007598579773223388,0.00880771238858949,0.00880771238858949,0,0,0
84,168,0,0.01724577241937228,1.7300385131215893e-07,1.7300385131215893e-07,0,0.00013936760162045834,0.00013348970137966928,0.00013348970137966928,0,0.008133509057209429,0.009338967207808446,0.009338967207808446,0,0,0
84,169,0,0.014107173530023975,1.03903004200656e-07,1.03903004200656e-07,0,6.769320727391654e-05,6.491712500102918e-05,6.491712500102918e-05,0,0.003312831104304533,0.004309781817376938,0.004309781817376938,0,0,0
84,170,0,0.013071226428177296,8.565092359124184e-08,8.565092359124184e-08,0,3.8418365530569006e-05,3.6878049299986885e-05,3.6878049299986885e-05,0,0.0016997426479714677,0.0024258517704274793,0.0024258517704274793,0,0,0
84,171,0,0.014026402158026785,1.0240210241712697e-07,1.0240210241712697e-07,0,3.394694913780289e-05,3.259270951615442e-05,3.259270951615442e-05,0,0.001199957894988533,0.0017972522979861258,0.0017972522979861258,0,0,0
84,172,0,0.01638879552096738,1.519869029398123e-07,1.519869029398123e-07,0,3.433474977069657e-05,3.296440794044883e-05,3.296440794044883e-05,0,0.0023173828018452965,0.0031681339538899775,0.0031681339538899775,0,0,0
84,173,0,0.0127299273069584,8.010306176264854e-08,8.010306176264854e-08,0,1.683679810083459e-05,1.6184271311020206e-05,1.6184271311020206e-05,0,0.0009054525807441681,0.0014101019758157873,0.0014101019758157873,0,0,0
84,174,0,0.010701514690071069,5.165237016332215e-08,5.165237016332215e-08,0,6.857299505238474e-06,6.6015406181538356e-06,6.6015406181538356e-06,0,0.0005028482174494197,0.0008495265075399959,0.0008495265075399959,0,0,0
84,175,0,0.013209029629678981,8.795545202394493e-08,8.795545202394493e-08,0,2.6837257567270345e-05,2.5776862939912807e-05,2.5776862939912807e-05,0,0.001027171870232038,0.0015719583738660083,0.0015719583738660083,0,0,0
84,176,0,0.01528347248513671,1.2729849231862004e-07,1.2729849231862004e-07,0,5.121212323473927e-05,4.9135035947657065e-05,4.9135035947657065e-05,0,0.0020790611921781056,0.002885447599228395,0.002885447599228395,0,0,0
84,177,0,0.01452878189921507,1.119553550929724e-07,1.119553550929724e-07,0,3.6203285715786275e-05,3.475526096610088e-05,3.475526096610088e-05,0,0.0016362552185550845,0.002347603103443856,0.002347603103443856,0,0,0
84,178,0,0.01359754121038033,9.465503147091796e-08,9.465503147091796e-08,0,2.525911450402208e-05,2.4263556792698154e-05,2.4263556792698154e-05,0,0.0006356178923786235,0.0010395736218200195,0.0010395736218200195,0,0,0
84,179,0,0.014799805893878276,1.1732690072234526e-07,1.1732690072234526e-07,0,2.1411475298762742e-05,2.05733046238822e-05,2.05733046238822e-05,0,0.0011477974309118725,0.0017297470755655128,0.0017297470755655128,0,0,0
84,180,0,0.014220104780516081,1.0602392203262159e-07,1.0602392203262159e-07,0,1.5783602439877397e-05,1.5173547562685054e-05,1.5173547562685054e-05,0,0.0015828826567676983,0.0022814942429543747,0.0022814942429543747,0,0,0
84,181,0,0.02503758949333013,4.479299302287882e-07,4.479299302287882e-07,0,8.821949347611906e-05,8.456388005005094e-05,8.456388005005094e-05,0,0.009994864728028737,0.011151929212781308,0.011151929212781308,0,0,0
84,182,0,0.027828872692516396,5.874970781427716e-07,5.874970781427716e-07,0,0.00023705870899671402,0.00022685801430019913,0.00022685801430019913,0,0.01880628394286053,0.019220551136672235,0.019220551136672235,0,0,0
84,183,0,0.016522385712179594,1.551537354473979e-07,1.551537354473979e-07,0,2.484438058330847e-05,2.3865835862386165e-05,2.3865835862386165e-05,0,0.0022531138270952167,0.0030923173317851218,0.0030923173317851218,0,0,0
84,184,0,0.017098125096143887,1.6926349492588535e-07,1.6926349492588535e-07,0,1.3101671565200546e-05,1.2599236454564278e-05,1.2599236454564278e-05,0,0.0007150446229936265,0.0011505731587770054,0.0011505731587770054,0,0,0
84,185,0,0.02331528516518542,3.7321988597300417e-07,3.7321988597300417e-07,0,2.3237640159169995e-05,2.2324898795170165e-05,2.2324898795170165e-05,0,0.002706882037808408,0.003621671692741105,0.003621671692741105,0,0,0
84,186,0,0.018656186323548873,2.1130529299516427e-07,2.1130529299516427e-07,0,2.129036444338615e-05,2.045713059693407e-05,2.045713059693407e-05,0,0.00248123155211145,0.003360121369448457,0.003360121369448457,0,0,0
84,187,0,0.01724801322589419,1.7306100447757222e-07,1.7306100447757222e-07,0,1.5980265293422985e-05,1.5362288070867436e-05,1.5362288070867436e-05,0,0.001385245934994547,0.0020338897264419744,0.0020338897264419744,0,0,0
84,188,0,0.022275164710331086,3.3211758677757457e-07,3.3211758677757457e-07,0,5.684122589934077e-05,5.452624082266816e-05,5.452624082266816e-05,0,0.0032396872220776386,0.004227717600725332,0.004227717600725332,0,0,0
84,189,0,0.015753464054856243,1.3746920324354206e-07,1.3746920324354206e-07,0,2.3125941460358043e-05,2.2217768125864527e-05,2.2217768125864527e-05,0,0.0012571862868692853,0.001870849373588183,0.001870849373588183,0,0,0
84,190,0,0.020848869504595826,2.8048513044940165e-07,2.8048513044940165e-07,0,1.6438900348398552e-05,1.5802432375316684e-05,1.5802432375316684e-05,0,0.0019425342266766123,0.002721492333854132,0.002721492333854132,0,0,0
84,191,0,0.02082512856278327,2.7967089462259233e-07,2.7967089462259233e-07,0,1.7606190434731285e-05,1.6922568746769825e-05,1.6922568746769825e-05,0,0.002665820013363314,0.003574310343162223,0.003574310343162223,0,0,0
84,192,0,0.018006445116346994,1.930765223810924e-07,1.930765223810924e-07,0,1.1456136832193027e-05,1.1019302469537637e-05,1.1019302469537637e-05,0,0.0020697087650298636,0.002874265156157738,0.002874265156157738,0,0,0
84,193,0,0.0248633836379035,4.3998750042563855e-07,4.3998750042563855e-07,0,1.561251179640099e-05,1.5009345890476918e-05,1.5009345890476918e-05,0,0.002331632719135388,0.0031849043573378704,0.0031849043573378704,0,0,0
84,194,0,0.029579519684071992,6.873184160695936e-07,6.873184160695936e-07,0,4.06426000867244e-05,3.900940329416262e-05,3.900940329416262e-05,0,0.005964909891169747,0.007150844883193821,0.007150844883193821,0,0,0
84,195,0,0.03238730223599259,8.683572393645014e-07,8.683572393645014e-07,0,4.536751202032267e-05,4.3536370411457425e-05,4.3536370411457425e-05,0,0.010524072189109418,0.011658461251263635,0.011658461251263635,0,0,0
84,196,0,0.03267220713758188,8.88221237427535e-07,8.88221237427535e-07,0,5.2441379383558994e-05,5.031242270388446e-05,5.031242270388446e-05,0,0.010367287339501196,0.011508770383997394,0.011508770383997394,0,0,0
84,197,0,0.03068416749291745,7.553992345523124e-07,7.553992345523124e-07,0,2.9437270911951248e-05,2.826973306041127e-05,2.826973306041127e-05,0,0.007021455225591792,0.008228671494154391,0.008228671494154391,0,0,0
84,198,0,0.03023531503968959,7.272517626158129e-07,7.272517626158129e-07,0,3.02717738013589e-05,2.90697667950493e-05,2.90697667950493e-05,0,0.00556406995830017,0.006735155662789534,0.006735155662789534,0,0,0
84,199,0,0.03155055917906482,8.116323553293015e-07,8.116323553293015e-07,0,3.961947820721487e-05,3.802903047247102e-05,3.802903047247102e-05,0,0.005615246577406124,0.006788454646883002,0.006788454646883002,0,0,0
84,200,0,0.027849753616447058,5.88630629109534e-07,5.88630629109534e-07,0,3.278565338296059e-05,3.14795897906382e-05,3.14795897906382e-05,0,0.002610338736613795,0.003510155809281042,0.003510155809281042,0,0,0
84,201,0,0.03789339860382239,1.303928523781411e-06,1.303928523781411e-06,0,5.500784613972226e-05,5.27704468659173e-05,5.27704468659173e-05,0,0.0041293855163886135,0.005210096362717591,0.005210096362717591,0,0,0
84,202,0,0.04043971450828218,1.5441716961400152e-06,1.5441716961400152e-06,0,0.0001518770523746762,0.00014545052439462545,0.00014545052439462545,0,0.00687534900507416,0.008081047210643654,0.008081047210643654,0,0,0
84,203,0,0.045041313314496574,2.045710961435949e-06,2.045710961435949e-06,0,0.0001130058516300292,0.0001082779799988144,0.0001082779799988144,0,0.011831544650915878,0.012895229338508432,0.012895229338508432,0,0,0
84,204,0,0.060934355509599275,4.539128738457888e-06,4.539128738457888e-06,0,0.0002807404812817032,0.00026858394557476196,0.00026858394557476196,0,0.03245928515371704,0.030773574448255653,0.030773574448255653,0,0,0
84,205,0,0.09023443521390051,1.3102893868423315e-05,1.3102893868423315e-05,0,0.0007621087458141272,0.0007278952108655308,0.0007278952108655308,0,0.08935845669129502,0.07414247160487447,0.07414247160487447,0,0,0
84,206,0,0.08350684617696812,1.0599905673285123e-05,1.0599905673285123e-05,0,0.0016730346955739002,0.001595872841180927,0.001595872841180927,0,0.1335841367032565,0.10571745546746754,0.10571745546746754,0,0,0
84,207,0,0.08099943935253232,9.755706987959553e-06,9.755706987959553e-06,0,0.0007406972605803199,0.0007074783193006352,0.0007074783193006352,0,0.09659546148428459,0.07938522372235352,0.07938522372235352,0,0,0
84,208,0,0.09805802514169162,1.6479981916086085e-05,1.6479981916086085e-05,0,0.002037964907807614,0.0019433574148688365,0.0019433574148688365,0,0.11365614231431848,0.09161247555073393,0.09161247555073393,0,0,0
84,209,0,0.10027506702267795,1.7534193461669263e-05,1.7534193461669263e-05,0,0.002986831654157137,0.002846463902762663,0.002846463902762663,0,0.142472773899249,0.11196378509542161,0.11196378509542161,0,0,0
84,210,0,0.10988706312522363,2.2639070625673486e-05,2.2639070625673486e-05,0,0.004274753924363863,0.004071642561842485,0.004071642561842485,0,0.1292108324342972,0.10263511307768386,0.10263511307768386,0,0,0
84,211,0,0.0891986221282761,1.2694198895187815e-05,1.2694198895187815e-05,0,0.002022608009693549,0.0019287366808971292,0.0019287366808971292,0,0.06973767544732105,0.05970396238963241,0.05970396238963241,0,0,0
84,212,0,0.09262880642596365,1.4081294347056695e-05,1.4081294347056695e-05,0,0.0017219785434674237,0.0016424830936694857,0.0016424830936694857,0,0.04171451439961009,0.03822369130664888,0.03822369130664888,0,0,0
84,213,0,0.10106765962059361,1.7921921849902247e-05,1.7921921849902247e-05,0,0.001999245343902597,0.0019064936327455458,0.0019064936327455458,0,0.04159008317199592,0.03812503680128744,0.03812503680128744,0,0,0
84,214,0,0.11670658124360947,2.6824531892466004e-05,2.6824531892466004e-05,0,0.004073947600031706,0.0038806555499330876,0.0038806555499330876,0,0.08139152454568536,0.06832344011735271,0.06832344011735271,0,0,0
84,215,0,0.11331880316464621,2.468404777040313e-05,2.468404777040313e-05,0,0.003339623716305923,0.003182129320671754,0.003182129320671754,0,0.08082159297782554,0.06790504755924577,0.06790504755924577,0,0,0
84,216,0,0.11251584145765049,2.4194607486617104e-05,2.4194607486617104e-05,0,0.0019270949532567301,0.0018377984480760156,0.0018377984480760156,0,0.04001543454666912,0.0368733277591709,0.0368733277591709,0,0,0
84,217,0,0.10734147184484479,2.119967513432442e-05,2.119967513432442e-05,0,0.0012280219951178073,0.0011719723876698273,0.0011719723876698273,0,0.031896848491491395,0.0303126348810702,0.0303126348810702,0,0,0
84,218,0,0.1127581769381224,2.4341609263777233e-05,2.4341609263777233e-05,0,0.0012740930029476315,0.0012158675570774742,0.0012158675570774742,0,0.044635737044816395,0.0405294311124756,0.0405294311124756,0,0,0
84,219,0,0.1226456555190953,3.088221420122534e-05,3.088221420122534e-05,0,0.0010035244041652345,0.0009580381106690614,0.0009580381106690614,0,0.023162564814311323,0.023000991217740963,0.023000991217740963,0,0,0
84,220,0,0.1123976534791868,2.4123136802835173e-05,2.4123136802835173e-05,0,0.000847103986281464,0.0008089333947118846,0.0008089333947118846,0,0.024620281188482026,0.02424375722072592,0.02424375722072592,0,0,0
84,221,0,0.15615544306045487,6.223648021364316e-05,6.223648021364316e-05,0,0.0018022621281326761,0.0017189344832531828,0.0017189344832531828,0,0.02871258976433721,0.027682229894569237,0.027682229894569237,0,0,0
84,222,0,0.14853856934277648,5.370792929966578e-05,5.370792929966578e-05,0,0.001288903762146689,0.0012299783006808392,0.0012299783006808392,0,0.031287596234644964,0.02981212740687537,0.02981212740687537,0,0,0
84,223,0,0.1766801386090549,9.010353703347378e-05,9.010353703347378e-05,0,0.002165724307679139,0.0020649861489364604,0.0020649861489364604,0,0.033737782656258736,0.03181751876196891,0.03181751876196891,0,0,0
84,224,0,0.13055583781256344,3.692751335674927e-05,3.692751335674927e-05,0,0.0005274451902657227,0.0005040743533496267,0.0005040743533496267,0,0.018160289455154032,0.018650363401977416,0.018650363401977416,0,0,0
84,225,0,0.16965739907342567,7.971151796852126e-05,7.971151796852126e-05,0,0.0012495528589733303,0.0011924867098245522,0.0011924867098245522,0,0.02544867077039984,0.024945574722342264,0.024945574722342264,0,0,0
84,226,0,0.20371674281753727,0.00013978125030134037,0.00013978125030134037,0,0.003695767725228315,0.003520934692880081,0.003520934692880081,0,0.07763294848596625,0.06555859373136254,0.06555859373136254,0,0,0
84,227,0,0.25960039892889486,0.0003071558161729323,0.0003071558161729323,0,0.009247765353314301,0.00879901134658456,0.00879901134658456,0,0.14127287465316418,0.11112189794083956,0.11112189794083956,0,0,0
84,228,0,0.20797052082663234,0.00014916952740399325,0.00014916952740399325,0,0.0027708447275158294,0.0026409352880042373,0.0026409352880042373,0,0.09583695029509448,0.07883748056629507,0.07883748056629507,0,0,0
84,229,0,0.1964894187401456,0.00012486986456457718,0.00012486986456457718,0,0.0015038383051536033,0.001434727032161585,0.001434727032161585,0,0.03576395076613403,0.033461565425895186,0.033461565425895186,0,0,0
84,230,0,0.23529615150609923,0.00022166236214875556,0.00022166236214875556,0,0.002358158460712201,0.0022481662712666274,0.0022481662712666274,0,0.059874629074611295,0.052286020385156666,0.052286020385156666,0,0,0
84,231,0,0.2443887847565576,0.0002510718784044773,0.0002510718784044773,0,0.004182936137598923,0.0039843160741302895,0.0039843160741302895,0,0.13666655761269814,0.1078862223886454,0.1078862223886454,0,0,0
84,232,0,0.24714800710329243,0.0002605824990677121,0.0002605824990677121,0,0.003451095760517715,0.00328817944183075,0.00328817944183075,0,0.09828343181882757,0.08060276918431183,0.08060276918431183,0,0,0
84,233,0,0.14172973556019636,4.682587723468055e-05,4.682587723468055e-05,0,0.00023156661601984524,0.0002216109661706659,0.0002216109661706659,0,0.0109958804479287,0.012107080591828589,0.012107080591828589,0,0,0
84,234,0,0.23582014825891826,0.00022327941641106893,0.00022327941641106893,0,0.0005801252519555829,0.0005543323690402101,0.0005543323690402101,0,0.03089522708233373,0.029489117120720363,0.029489117120720363,0,0,0
84,235,0,0.1819676746372334,9.856550747997075e-05,9.856550747997075e-05,0,0.0007329511759369185,0.0007000918170447154,0.0007000918170447154,0,0.03148069851198952,0.029970899956430482,0.029970899956430482,0,0,0
84,236,0,0.23930360125909847,0.00023426748287723676,0.00023426748287723676,0,0.0007988222886601786,0.0007629012112295424,0.0007629012112295424,0,0.028139878036106063,0.027205158566250085,0.027205158566250085,0,0,0
84,237,0,0.2844111807748449,0.0004200809555081771,0.0004200809555081771,0,0.002720985669474196,0.002593487291104218,0.002593487291104218,1,0.11056854113149837,0.08941158049852069,0.08941158049852069,0,0,0
84,238,0,0.42797864234172067,0.002037089101884736,0.002037089101884736,0,0.036111349072266,0.034326419998709445,0.034326419998709445,1,0.390419492559799,0.28745754993482847,0.28745754993482847,0,0,1
84,239,0,0.30480420681526066,0.0005367737678033782,0.0005367737678033782,0,0.010501273610343418,0.009990161569556535,0.009990161569556535,1,0.21821568666934615,0.16470183014195774,0.16470183014195774,0,0,1
84,240,0,0.34745180441285783,0.0008718302968145218,0.0008718302968145218,0,0.009478038688209015,0.009017837578455102,0.009017837578455102,1,0.1618708612018269,0.1255282601933995,0.1255282601933995,0,0,1
84,241,0,0.5180088688805012,0.00501973534820513,0.00501973534820513,0,0.052536217293973925,0.04995010360544457,0.04995010360544457,1,0.5333818342079528,0.39928178616699495,0.39928178616699495,0,0,1
84,242,0,0.44013298687579827,0.0023045303618732427,0.0023045303618732427,0,0.06250867285486551,0.05944506058118703,0.05944506058118703,1,0.4844948379687974,0.35957724495177606,0.35957724495177606,0,0,1
84,243,0,0.6006430953699654,0.011547369800787483,0.011547369800787483,0,0.1598379871462807,0.15255254921512593,0.15255254921512593,1,0.6151108979894732,0.47013523579105604,0.47013523579105604,0,0,1
84,244,0,0.6090734146213859,0.01259780311387212,0.01259780311387212,0,0.31996235686946706,0.30772869191814783,0.30772869191814783,1,0.8624600075875464,0.7424430646935605,0.7424430646935605,0,1,1
84,245,0,0.6326778075269363,0.016127710003509495,0.016127710003509495,0,0.3369603404399975,0.3243582581191686,0.3243582581191686,1,0.8625062904670594,0.7425073773138796,0.7425073773138796,0,1,1
84,246,0,0.5514614599232334,0.007010697066981976,0.007010697066981976,0,0.06879144631696148,0.06543081975267545,0.06543081975267545,1,0.5921407574785602,0.44957943190460403,0.44957943190460403,0,0,1
84,247,0,0.6180942562939464,0.01383673063485236,0.01383673063485236,1,0.035414462825011116,0.0336638868541912,0.0336638868541912,1,0.47845661675200907,0.3547906576887277,0.3547906576887277,0,0,1
84,248,0,0.603956555527558,0.011948576257721064,0.011948576257721064,1,0.059113022757055274,0.05621118390570363,0.05621118390570363,1,0.5587577135195732,0.42062728703933255,0.42062728703933255,0,0,1
84,249,0,0.7453027442391955,0.05804072094105106,0.05804072094105106,1,0.23276828675031774,0.22290462955112206,0.22290462955112206,1,0.8964410737429416,0.7919323818994549,0.7919323818994549,0,1,1
84,250,0,0.8347972440477507,0.19435850082148534,0.19435850082148534,1,0.7408176588424271,0.7291593602874371,0.7291593602874371,1,0.9845524532032122,0.9551029090481508,0.9551029090481508,1,1,1
84,251,0,0.8061502440253663,0.1291273885292741,0.1291273885292741,1,0.44942427451191924,0.43518130917636216,0.43518130917636216,1,0.9716674858766582,0.9257569642141109,0.9257569642141109,1,1,1
84,252,0,0.8220622043330525,0.16166720612935664,0.16166720612935664,1,0.44080866234980715,0.4266415741228777,0.4266415741228777,1,0.9259477772514624,0.8393769061933084,0.8393769061933084,1,1,1
84,253,0,0.8629954411303794,0.2949765795591653,0.2949765795591653,1,0.7668009432360156,0.7558826838366215,0.7558826838366215,1,0.9733486074595268,0.9293982238079208,0.9293982238079208,1,1,1
84,254,0,0.8219788683027356,0.16147442109960658,0.16147442109960658,1,0.6631287614630906,0.649772000741909,0.649772000741909,1,0.9536592718251803,0.8892452484429926,0.8892452484429926,1,1,1
84,255,0,0.8262970464305063,0.1718093948580246,0.1718093948580246,1,0.4246451759399421,0.410643020710129,0.410643020710129,1,0.8703631653772814,0.7535388276743493,0.7535388276743493,1,1,1
84,256,0,0.8634581143066415,0.2970167795451361,0.2970167795451361,1,0.5852509821907441,0.5709426296063664,0.5709426296063664,1,0.9228603191523392,0.8341752699581351,0.8341752699581351,1,1,1
84,257,1,0.8801932204673163,0.38062065332208744,0.38062065332208744,1,0.7040114700468136,0.6914534755265761,0.6914534755265761,1,0.9525877259794916,0.8871927492519833,0.8871927492519833,1,1,1
84,258,1,0.9231080723219833,0.6769992047262482,0.6769992047262482,1,0.9150786066533577,0.9101266398703292,0.9101266398703292,1,0.979797546058873,0.9438513455411597,0.9438513455411597,1,1,1
84,259,1,0.9466009617011781,0.8473213354329566,0.8473213354329566,1,0.9593905037064744,0.9568460686018864,0.9568460686018864,1,0.9949677232434765,0.9825919097234413,0.9825919097234413,1,1,1
84,260,1,0.9541414283624111,0.8922470683927087,0.8922470683927087,1,0.9663525590106967,0.9642166988898608,0.9642166988898608,1,0.9970202979297073,0.9888680180049062,0.9888680180049062,1,1,1
84,261,1,0.9547597449481152,0.8956160801280464,0.8956160801280464,1,0.9711746485252745,0.9693271557408916,0.9693271557408916,1,0.9969394967053686,0.9886104763254897,0.9886104763254897,1,1,1
84,262,1,0.9675459112557407,0.9531377538529832,0.9531377538529832,1,0.9895708257676872,0.9888696767818055,0.9888696767818055,1,0.9960661620368524,0.9858873530949414,0.9888696767818055,1,1,1
84,263,1,0.9571192318870937,0.9079976261653158,0.9079976261653158,1,0.9786854934239214,0.9772965475177072,0.9772965475177072,1,0.9903156484419086,0.9696739914965041,0.9772965475177072,1,1,1
84,264,1,0.9727275608777997,0.9695424252281064,0.9695424252281064,1,0.9905872417010158,0.9899519928562147,0.9899519928562147,1,0.9939906281246259,0.9797563179068395,0.9899519928562147,1,1,1
84,265,1,0.974008398967271,0.9729845330526351,0.9729845330526351,1,0.9912209417092308,0.9906269527490933,0.9906269527490933,1,0.9968494484668202,0.9883246755223222,0.9906269527490933,1,1,1
84,266,1,0.9764341034098333,0.9788543656549941,0.9788543656549941,1,0.992275465249924,0.9917504491023628,0.9917504491023628,1,0.9953968259650025,0.9838642861582125,0.9917504491023628,1,1,1
84,267,1,0.9849748604113457,0.9931808767150555,0.9931808767150555,1,0.9983111230302696,0.9981909403824555,0.9981909403824555,1,0.9988218935861933,0.9949740878840437,0.9981909403824555,1,1,1
97,1,0,1.404141652861914e-09,3.215653590605072e-25,3.215653590605072e-25,0,4.688435583646509e-23,4.8250695889799727e-23,4.8250695889799727e-23,0,9.123436626714998e-20,2.297123854262648e-17,2.297123854262648e-17,0,0,0
97,2,0,1.781963750234348e-07,5.789563282312407e-20,5.789563282312407e-20,0,9.322679559131639e-17,9.362272080951837e-17,9.362272080951837e-17,0,2.1426848029437182e-13,7.12010787346186e-12,7.12010787346186e-12,0,0,0
97,3,0,2.6957243036502177e-06,5.131151064725428e-17,5.131151064725428e-17,0,9.840829539078327e-09,9.57909398815169e-09,9.57909398815169e-09,0,1.3186488428630378e-05,3.684178295361524e-05,3.684178295361524e-05,0,0,0
97,4,0,7.479860163411714e-06,6.569926441236287e-16,6.569926441236287e-16,0,3.084857216734282e-06,2.973808267941971e-06,2.973808267941971e-06,0,7.324586888328563e-06,2.219471910742324e-05,2.219471910742324e-05,0,0,0
97,5,0,1.542739610818003e-05,4.009288159499144e-15,4.009288159499144e-15,0,6.758943108244022e-08,6.557804856790639e-08,6.557804856790639e-08,0,5.465214634496799e-07,2.369670686571079e-06,2.369670686571079e-06,0,0,0
97,6,0,7.374072762358191e-06,6.340230904167176e-16,6.340230904167176e-16,0,1.2575399501407489e-09,1.2283530825722346e-09,1.2283530825722346e-09,0,1.1220972281780796e-08,8.319253192066214e-08,8.319253192066214e-08,0,0,0
97,7,0,4.2032819560573384e-05,4.90505598480912e-14,4.90505598480912e-14,0,1.341049224076563e-07,1.2996367218162156e-07,1.2996367218162156e-07,0,4.363436354987157e-06,1.4202107727212114e-05,1.4202107727212114e-05,0,0,0
97,8,0,2.4250017289048607e-05,1.2411183323580191e-14,1.2411183323580191e-14,0,1.0209738470167717e-08,9.937573538735332e-09,9.937573538735332e-09,0,1.0615863533792822e-06,4.19980036331227e-06,4.19980036331227e-06,0,0,0
97,9,0,1.729150002323686e-05,5.331392391872214e-15,5.331392391872214e-15,0,4.332072606965261e-10,4.2391486361354334e-10,4.2391486361354334e-10,0,4.697643487741196e-08,2.8581607144857964e-07,2.8581607144857964e-07,0,0,0
97,10,0,1.8568567506953244e-05,6.370260223397378e-15,6.370260223397378e-15,0,4.0470898042531554e-10,3.960733843584076e-10,3.960733843584076e-10,0,1.5067383099781727e-08,1.072556267039675e-07,1.072556267039675e-07,0,0,0
97,11,0,1.4237088381697576e-05,3.2805207167325758e-15,3.2805207167325758e-15,0,9.893240395954013e-11,9.705198447615335e-11,9.705198447615335e-11,0,1.3448990997030293e-08,9.724886416201543e-08,9.724886416201543e-08,0,0,0
97,12,0,9.580428339164805e-06,1.2193280040379906e-15,1.2193280040379906e-15,0,4.3192741550937374e-12,4.259639892148381e-12,4.259639892148381e-12,0,2.636106710298671e-09,2.387044385798383e-08,2.387044385798383e-08,0,0,0
97,13,0,1.3293497508969465e-05,2.7639761605853816e-15,2.7639761605853816e-15,0,1.1482972210840771e-11,1.1305750895417564e-11,1.1305750895417564e-11,0,4.22228992635323e-09,3.5826328625281764e-08,3.5826328625281764e-08,0,0,0
97,14,0,1.6204088383084867e-05,4.532774762286272e-15,4.532774762286272e-15,0,2.6247876719475068e-11,2.5806733215734394e-11,2.5806733215734394e-11,0,1.4920321800462646e-08,1.063526936072857e-07,1.063526936072857e-07,0,0,0
97,15,0,1.4770917169818669e-05,3.596529757082463e-15,3.596529757082463e-15,0,3.667349840471867e-11,3.603677555419093e-11,3.603677555419093e-11,0,1.318595869631004e-08,9.56072331350882e-08,9.56072331350882e-08,0,0,0
97,16,0,2.2020361567444976e-05,9.753451628614317e-15,9.753451628614317e-15,0,3.712533407009297e-11,3.648001220221842e-11,3.648001220221842e-11,0,2.3572164350842278e-08,1.5774289458653212e-07,1.5774289458653212e-07,0,0,0
97,17,0,1.914640447171055e-05,6.877153482541293e-15,6.877153482541293e-15,0,3.4048153873335056e-11,3.3461208535465637e-11,3.3461208535465637e-11,0,3.3841381926160526e-08,2.1543568136079128e-07,2.1543568136079128e-07,0,0,0
97,18,0,1.4800987979629591e-05,3.614850946951069e-15,3.614850946951069e-15,0,1.8812218256013594e-11,1.8506449816479737e-11,1.8506449816479737e-11,0,2.8270260379185652e-08,1.8449461778564987e-07,1.8449461778564987e-07,0,0,0
97,19,0,1.3335966645658006e-05,2.7860906473340073e-15,2.7860906473340073e-15,0,7.392062445866581e-12,7.283392574407683e-12,7.283392574407683e-12,0,1.0524629886560346e-08,7.872302619077899e-08,7.872302619077899e-08,0,0,0
97,20,0,1.4378804058469285e-05,3.3627150091847975e-15,3.3627150091847975e-15,0,4.517132275270934e-12,4.4544293803217675e-12,4.4544293803217675e-12,0,6.22430829159314e-09,5.00584900080021e-08,5.00584900080021e-08,0,0,0
97,21,0,1.7836450951623445e-05,5.7611509593699604e-15,5.7611509593699604e-15,0,1.777575758997148e-11,1.7488508877490934e-11,1.7488508877490934e-11,0,2.67040132489557e-08,1.7564979776537613e-07,1.7564979776537613e-07,0,0,0
97,22,0,1.8720900556982973e-05,6.501634292034819e-15,6.501634292034819e-15,0,4.2537472720097575e-11,4.1788472326561014e-11,4.1788472326561014e-11,0,6.316613867624139e-08,3.6892398726340703e-07,3.6892398726340703e-07,0,0,0
97,23,0,1.91739375740787e-05,6.9018887453475375e-15,6.9018887453475375e-15,0,4.526292195849873e-11,4.446126930082529e-11,4.446126930082529e-11,0,7.53322437863607e-08,4.294108253498794e-07,4.294108253498794e-07,0,0,0
97,24,0,1.585956917768257e-05,4.295814862080994e-15,4.295814862080994e-15,0,1.5754414773492076e-11,1.5502989739976322e-11,1.5502989739976322e-11,0,9.618562193519239e-08,5.300915944205717e-07,5.300915944205717e-07,0,0,0
97,25,0,1.632459187065118e-05,4.617463570974135e-15,4.617463570974135e-15,0,1.559835627596075e-11,1.5349679798513582e-11,1.5349679798513582e-11,0,7.450266777529219e-08,4.253317579655307e-07,4.253317579655307e-07,0,0,0
97,26,0,1.6098391161686738e-05,4.459264396281833e-15,4.459264396281833e-15,0,1.3060970335685038e-11,1.285659957733524e-11,1.285659957733524e-11,0,7.978312923967704e-08,4.511921142505131e-07,4.511921142505131e-07,0,0,0
97,27,0,9.801437865369046e-06,1.2908245161734668e-15,1.2908245161734668e-15,0,6.359078667919231e-12,6.2671872437764325e-12,6.2671872437764325e-12,0,4.092319838006045e-08,2.5377386647539425e-07,2.5377386647539425e-07,0,0,0
97,28,0,1.0386805682565592e-05,1.4921357531162082e-15,1.4921357531162082e-15,0,3.2087857726039697e-12,3.166071911754072e-12,3.166071911754072e-12,0,2.2979094074328518e-08,1.5431601625502753e-07,1.5431601625502753e-07,0,0,0
97,29,0,1.2221026545184786e-05,2.2400735007202145e-15,2.2400735007202145e-15,0,1.333718764613657e-11,1.3128030882437017e-11,1.3128030882437017e-11,0,9.47015132744677e-08,5.230340653149989e-07,5.230340653149989e-07,0,0,0
97,30,0,1.101192374768169e-05,1.7267189009682325e-15,1.7267189009682325e-15,0,1.1782999291989016e-11,1.1600642307897906e-11,1.1600642307897906e-11,0,8.90057361982751e-08,4.958039909588662e-07,4.958039909588662e-07,0,0,0
97,31,0,1.8801212510510584e-05,6.571544819775305e-15,6.571544819775305e-15,0,4.327538370332964e-11,4.251215559133354e-11,4.251215559133354e-11,0,3.616378822629446e-07,1.6600154845526132e-06,1.6600154845526132e-06,0,0,0
97,32,0,1.9786633899247387e-05,7.466179532959552e-15,7.466179532959552e-15,0,6.021185352286577e-11,5.911694645373529e-11,5.911694645373529e-11,0,1.0984466162707942e-06,4.325196194168872e-06,4.325196194168872e-06,0,0,0
97,33,0,2.098167660039021e-05,8.644301773064356e-15,8.644301773064356e-15,0,1.4625061397470801e-10,1.4337615030191388e-10,1.4337615030191388e-10,0,1.4766378650460854e-06,5.581636319533969e-06,5.581636319533969e-06,0,0,0
97,34,0,1.4005477373959395e-05,3.148804473680141e-15,3.148804473680141e-15,0,3.8017148710572435e-11,3.735482782899101e-11,3.735482782899101e-11,0,4.4687188215238406e-07,1.9922001082011734e-06,1.9922001082011734e-06,0,0,0
97,35,0,1.7641005433141566e-05,5.604719387949898e-15,5.604719387949898e-15,0,4.579457451537403e-11,4.49826187935916e-11,4.49826187935916e-11,0,5.146160895571686e-07,2.249938302672783e-06,2.249938302672783e-06,0,0,0
97,36,0,1.8742602869184063e-05,6.52048166623242e-15,6.52048166623242e-15,0,7.379614441560026e-11,7.242933304916427e-11,7.242933304916427e-11,0,8.320892927186538e-07,3.4044529118503907e-06,3.4044529118503907e-06,0,0,0
97,37,0,1.7987078045163244e-05,5.883476882355248e-15,5.883476882355248e-15,0,8.98440510748771e-11,8.815071657675685e-11,8.815071657675685e-11,0,1.1289893463942974e-06,4.428660131996652e-06,4.428660131996652e-06,0,0,0
97,38,0,2.1811802934952333e-05,9.52428705817701e-15,9.52428705817701e-15,0,2.8328031801819685e-10,2.774027835814913e-10,2.774027835814913e-10,0,3.0637286037429505e-06,1.0470737810869554e-05,1.0470737810869554e-05,0,0,0
97,39,0,1.3867801211839341e-05,3.0720380624542588e-15,3.0720380624542588e-15,0,8.11749338152916e-11,7.965863726009594e-11,7.965863726009594e-11,0,9.806042260452507e-07,3.922153957363333e-06,3.922153957363333e-06,0,0,0
97,40,0,1.912696777452383e-05,6.8597239526366566e-15,6.8597239526366566e-15,0,1.4070928269236306e-10,1.3795272739346927e-10,1.3795272739346927e-10,0,1.303524217495284e-06,5.0128300317841965e-06,5.0128300317841965e-06,0,0,0
97,41,0,1.820070871969919e-05,6.059619206695735e-15,6.059619206695735e-15,0,1.2620880838225658e-10,1.2375904859514558e-10,1.2375904859514558e-10,0,1.6102678573652553e-06,6.014388243012528e-06,6.014388243012528e-06,0,0,0
97,42,0,2.3353893790520953e-05,1.129682318851231e-14,1.129682318851231e-14,0,1.7231868082052865e-10,1.6888508540254744e-10,1.6888508540254744e-10,0,7.809861890228597e-07,3.2234496696356194e-06,3.2234496696356194e-06,0,0,0
97,43,0,2.24935632060856e-05,1.0285577959976849e-14,1.0285577959976849e-14,0,6.719009649804628e-11,6.595608200826519e-11,6.595608200826519e-11,0,4.7336309091423785e-07,2.0935890358672227e-06,2.0935890358672227e-06,0,0,0
97,44,0,1.815304693829557e-05,6.020050992547275e-15,6.020050992547275e-15,0,3.340666434051216e-11,3.2831831854641905e-11,3.2831831854641905e-11,0,6.914424953339028e-07,2.902250372306802e-06,2.902250372306802e-06,0,0,0
97,45,0,1.6830122529894495e-05,4.983051058606479e-15,4.983051058606479e-15,0,4.2532038787466005e-11,4.1783143087825936e-11,4.1783143087825936e-11,0,4.567666524941224e-07,2.0301645997674627e-06,2.0301645997674627e-06,0,0,0
97,46,0,1.5150245691459296e-05,3.831749401678626e-15,3.831749401678626e-15,0,2.4024924073700274e-11,2.3624671134895755e-11,2.3624671134895755e-11,0,2.8184256948162e-07,1.339033289791894e-06,1.339033289791894e-06,0,0,0
97,47,0,1.1801468160317705e-05,2.052848065070287e-15,2.052848065070287e-15,0,1.3329436898597099e-11,1.3120414562126627e-11,1.3120414562126627e-11,0,1.9107019111574457e-07,9.578175949722268e-07,9.578175949722268e-07,0,0,0
97,48,0,1.3228077453471016e-05,2.7301172814922164e-15,2.7301172814922164e-15,0,2.2033108811655086e-11,2.1669205686466396e-11,2.1669205686466396e-11,0,2.087893952301835e-07,1.0339062607421228e-06,1.0339062607421228e-06,0,0,0
97,49,0,1.2584595470121115e-05,2.4103014222461346e-15,2.4103014222461346e-15,0,2.9206624617594776e-11,2.8710575505766612e-11,2.8710575505766612e-11,0,2.3087992321981985e-07,1.1275325672325183e-06,1.1275325672325183e-06,0,0,0
97,50,0,1.6973046496582587e-05,5.089451294581185e-15,5.089451294581185e-15,0,3.546636164255325e-11,3.485256662425165e-11,3.485256662425165e-11,0,3.059752172206759e-07,1.4372932181985923e-06,1.4372932181985923e-06,0,0,0
97,51,0,1.5269570062719e-05,3.9075958980311244e-15,3.9075958980311244e-15,0,3.623499113589497e-11,3.56066048300312e-11,3.56066048300312e-11,0,4.1415876431060684e-07,1.8658415375095397e-06,1.8658415375095397e-06,0,0,0
97,52,0,1.1033500242442868e-05,1.735184256592382e-15,1.735184256592382e-15,0,1.0186056634769751e-11,1.003088078872756e-11,1.003088078872756e-11,0,1.1897159341570125e-07,6.36703572363896e-07,6.36703572363896e-07,0,0,0
97,53,0,1.3819223451930137e-05,3.045222577627622e-15,3.045222577627622e-15,0,2.1219499556885583e-11,2.0870360045127697e-11,2.0870360045127697e-11,0,1.1106203083640695e-07,6.000456406209586e-07,6.000456406209586e-07,0,0,0
97,54,0,1.5061230209831487e-05,3.775747963207179e-15,3.775747963207179e-15,0,6.910990558032171e-11,6.783740479774479e-11,6.783740479774479e-11,0,2.2300382754996027e-07,1.09429954856585e-06,1.09429954856585e-06,0,0,0
97,55,0,1.7204205076131373e-05,5.2644002356304995e-15,5.2644002356304995e-15,0,9.04650229250145e-11,8.875895236992413e-11,8.875895236992413e-11,0,4.3107364043737814e-07,1.931342851861144e-06,1.931342851861144e-06,0,0,0
97,56,0,2.831386578516849e-05,1.8277990122523472e-14,1.8277990122523472e-14,0,4.394510176415305e-10,4.3001430011861074e-10,4.3001430011861074e-10,0,1.2816600747084359e-06,4.940272604919475e-06,4.940272604919475e-06,0,0,0
97,57,0,2.1111349949913687e-05,8.77839961947842e-15,8.77839961947842e-15,0,2.891283923205051e-10,2.831197526890862e-10,2.831197526890862e-10,0,5.497724802140394e-07,2.381815828953585e-06,2.381815828953585e-06,0,0,0
97,58,0,1.7210129423507874e-05,5.268930651954591e-15,5.268930651954591e-15,0,2.38399586868062e-10,2.335212463610221e-10,2.335212463610221e-10,0,1.3061391181151874e-07,6.900586007363792e-07,6.900586007363792e-07,0,0,0
97,59,0,2.2857011819066533e-05,1.0705846649105448e-14,1.0705846649105448e-14,0,1.63962853698806e-10,1.6070924275231484e-10,1.6070924275231484e-10,0,2.7350168516328734e-07,1.3048058694398005e-06,1.3048058694398005e-06,0,0,0
97,60,0,1.580764992829339e-05,4.260764919192601e-15,4.260764919192601e-15,0,8.25743355420786e-11,8.102956043438432e-11,8.102956043438432e-11,0,2.2741083140890772e-07,1.1129144144721984e-06,1.1129144144721984e-06,0,0,0
97,61,0,1.31357922643797e-05,2.6827789687296077e-15,2.6827789687296077e-15,0,2.755903681468324e-11,2.709362677645217e-11,2.709362677645217e-11,0,8.17823080004627e-08,4.609204493848458e-07,4.609204493848458e-07,0,0,0
97,62,0,1.608402047244494e-05,4.4493254896241126e-15,4.4493254896241126e-15,0,5.2394201262524335e-11,5.145353356575261e-11,5.145353356575261e-11,0,2.0505460351398295e-07,1.0179452747812057e-06,1.0179452747812057e-06,0,0,0
97,63,0,1.2267770267688604e-05,2.261541449000357e-15,2.261541449000357e-15,0,3.816585988387385e-11,3.750070100312586e-11,3.750070100312586e-11,0,1.1243140706770761e-07,6.064173296435903e-07,6.064173296435903e-07,0,0,0
97,64,0,1.9361457219385074e-05,7.071772307459893e-15,7.071772307459893e-15,0,1.7279839249783068e-10,1.6935444345704616e-10,1.6935444345704616e-10,0,2.8260331699449425e-07,1.3421480556651383e-06,1.3421480556651383e-06,0,0,0
97,65,0,1.3460824234919452e-05,2.8517196426147605e-15,2.8517196426147605e-15,0,6.323993705218022e-11,6.208482263451934e-11,6.208482263451934e-11,0,1.349930726774235e-07,7.099550198298028e-07,7.099550198298028e-07,0,0,0
97,66,0,1.2361519234190506e-05,2.3049681793172574e-15,2.3049681793172574e-15,0,2.7488883817718036e-11,2.7024774811332437e-11,2.7024774811332437e-11,0,4.66215734694394e-08,2.8395409714003015e-07,2.8395409714003015e-07,0,0,0
97,67,0,1.2804954194060918e-05,2.517135165018808e-15,2.517135165018808e-15,0,3.6141148330306655e-11,3.5514544949519677e-11,3.5514544949519677e-11,0,5.4748911255881014e-08,3.2613865656350617e-07,3.2613865656350617e-07,0,0,0
97,68,0,1.871077576740339e-05,6.4928526094855105e-15,6.4928526094855105e-15,0,1.1156139861063497e-10,1.094187399803978e-10,1.094187399803978e-10,0,3.012557554215506e-07,1.4181639939569405e-06,1.4181639939569405e-06,0,0,0
97,69,0,2.1717572371843032e-05,9.421816535527874e-15,9.421816535527874e-15,0,3.1005701996815435e-10,3.035776185205785e-10,3.035776185205785e-10,0,1.4544843665081713e-06,5.509382374488656e-06,5.509382374488656e-06,0,0,0
97,70,0,3.0350556778117462e-05,2.1742097087307542e-14,2.1742097087307542e-14,0,8.285936481700637e-10,8.099327388639245e-10,8.099327388639245e-10,0,2.0728335775823843e-06,7.476833742208365e-06,7.476833742208365e-06,0,0,0
97,71,0,2.263288539720881e-05,1.0445488520371439e-14,1.0445488520371439e-14,0,2.875603754649794e-10,2.815869077801767e-10,2.815869077801767e-10,0,6.526014306980571e-07,2.7611695588441965e-06,2.7611695588441965e-06,0,0,0
97,72,0,1.7313213205792636e-05,5.348134542929728e-15,5.348134542929728e-15,0,1.3460357067691954e-10,1.3197651434102856e-10,1.3197651434102856e-10,0,2.84817206265349e-07,1.3512059192720901e-06,1.3512059192720901e-06,0,0,0
97,73,0,2.1274040583282066e-05,8.948395503095874e-15,8.948395503095874e-15,0,9.725604291704936e-10,9.504000959251358e-10,9.504000959251358e-10,0,5.421171598796423e-07,2.353201169263404e-06,2.353201169263404e-06,0,0,0
97,74,0,2.180830383400234e-05,9.52047009078283e-15,9.52047009078283e-15,0,1.1512183407872618e-09,1.1246668841562814e-09,1.1246668841562814e-09,0,8.942096520083512e-07,3.622429097045809e-06,3.622429097045809e-06,0,0,0
97,75,0,1.5015453528678076e-05,3.747141274489762e-15,3.747141274489762e-15,0,3.8697604653752357e-10,3.787474850390999e-10,3.787474850390999e-10,0,2.8060567819982774e-07,1.3339665453955027e-06,1.3339665453955027e-06,0,0,0
97,76,0,2.0012902086476238e-05,7.681326150719119e-15,7.681326150719119e-15,0,5.66033446581731e-10,5.53641831735236e-10,5.53641831735236e-10,0,2.9301567553385336e-07,1.3846650408820644e-06,1.3846650408820644e-06,0,0,0
97,77,0,1.6074073577378157e-05,4.442453909397452e-15,4.442453909397452e-15,0,2.8153865089646823e-10,2.7570012373706724e-10,2.7570012373706724e-10,0,2.009447244358577e-07,1.0003348425146576e-06,1.0003348425146576e-06,0,0,0
97,78,0,2.270659449695819e-05,1.0530689102201862e-14,1.0530689102201862e-14,0,4.4072803745239874e-10,4.312617843420158e-10,4.312617843420158e-10,0,4.479111053075424e-07,1.9961928368522103e-06,1.9961928368522103e-06,0,0,0
97,79,0,2.5418878096824707e-05,1.3960236541053006e-14,1.3960236541053006e-14,0,1.2844265147637067e-09,1.25457080902709e-09,1.25457080902709e-09,0,1.2651342209225847e-06,4.885317247449319e-06,4.885317247449319e-06,0,0,0
97,80,0,2.6202465254032787e-05,1.5060420812532827e-14,1.5060420812532827e-14,0,1.356812413152841e-09,1.325151461218189e-09,1.325151461218189e-09,0,1.4372023066631951e-06,5.452911220969126e-06,5.452911220969126e-06,0,0,0
97,81,0,2.925393814546431e-05,1.9832151676959064e-14,1.9832151676959064e-14,0,1.3455683228303088e-09,1.314188215397172e-09,1.314188215397172e-09,0,1.1620557704967062e-06,4.540238599987242e-06,4.540238599987242e-06,0,0,0
97,82,0,2.6232989773291087e-05,1.5104293873805612e-14,1.5104293873805612e-14,0,8.263142296753078e-10,8.077084125494048e-10,8.077084125494048e-10,0,6.245846985237179e-07,2.6586871139016537e-06,2.6586871139016537e-06,0,0,0
97,83,0,2.0526873903977225e-05,8.183726716915946e-15,8.183726716915946e-15,0,3.864032417051872e-10,3.7818780610800616e-10,3.7818780610800616e-10,0,4.035937477442627e-07,1.8247426204883688e-06,1.8247426204883688e-06,0,0,0
97,84,0,2.6072377364913637e-05,1.4874302192397835e-14,1.4874302192397835e-14,0,8.812758526750237e-10,8.61338823783813e-10,8.61338823783813e-10,0,3.7607601031276056e-07,1.7169858790453592e-06,1.7169858790453592e-06,0,0,0
97,85,0,2.2548314388465204e-05,1.0348243551170361e-14,1.0348243551170361e-14,0,4.3789198182477243e-10,4.2849131420439365e-10,4.2849131420439365e-10,0,5.081639102890576e-07,2.2256021568496237e-06,2.2256021568496237e-06,0,0,0
97,86,0,3.7689570157741106e-05,3.735048098269819e-14,3.735048098269819e-14,0,1.724114298041681e-09,1.6832013916302404e-09,1.6832013916302404e-09,0,2.8209032707740367e-06,9.751383155999021e-06,9.751383155999021e-06,0,0,0
97,87,0,1.7499574577600562e-05,5.493127377751405e-15,5.493127377751405e-15,0,2.1108646995861694e-10,2.06809520800768e-10,2.06809520800768e-10,0,3.343305710893418e-07,1.5513921899389845e-06,1.5513921899389845e-06,0,0,0
97,88,0,2.0067971519101498e-05,7.734244231919734e-15,7.734244231919734e-15,0,6.662259945849826e-11,6.539994428026742e-11,6.539994428026742e-11,0,3.7657227659812746e-08,2.3621760544190696e-07,2.3621760544190696e-07,0,0,0
97,89,0,2.167768782590983e-05,9.378644410031852e-15,9.378644410031852e-15,0,2.1142563979861614e-11,2.0794817881675344e-11,2.0794817881675344e-11,0,5.4481520584122156e-08,3.2476524416683195e-07,3.2476524416683195e-07,0,0,0
97,90,0,2.687356599225592e-05,1.604272875169752e-14,1.604272875169752e-14,0,6.25506693214022e-11,6.140928112286468e-11,6.140928112286468e-11,0,1.1753408256242447e-07,6.300669053088674e-07,6.300669053088674e-07,0,0,0
97,91,0,3.068987010891324e-05,2.2354506848697356e-14,2.2354506848697356e-14,0,2.102931001221687e-10,2.0603353591270345e-10,2.0603353591270345e-10,0,5.109339613324412e-07,2.2360553509770856e-06,2.2360553509770856e-06,0,0,0
97,92,0,2.7388973299742654e-05,1.68225496874503e-14,1.68225496874503e-14,0,1.2676832514061988e-10,1.2430677646481048e-10,1.2430677646481048e-10,0,2.0256816549892062e-07,1.0072970158054624e-06,1.0072970158054624e-06,0,0,0
97,93,0,2.7229051381141e-05,1.6578208054804595e-14,1.6578208054804595e-14,0,7.01259005051652e-11,6.883299626979388e-11,6.883299626979388e-11,0,1.1488206242967395e-07,6.177935711318222e-07,6.177935711318222e-07,0,0,0
97,94,0,3.524769901938563e-05,3.1594665071320315e-14,3.1594665071320315e-14,0,2.6940587780174824e-10,2.6383858279321245e-10,2.6383858279321245e-10,0,5.439224424454483e-07,2.3599540949409236e-06,2.3599540949409236e-06,0,0,0
97,95,0,3.5708687057073666e-05,3.263721283131804e-14,3.263721283131804e-14,0,3.9785600077879275e-10,3.893778603479354e-10,3.893778603479354e-10,0,6.676473403299633e-07,2.8159541271466065e-06,2.8159541271466065e-06,0,0,0
97,96,0,3.7566022690755375e-05,3.7045325195302844e-14,3.7045325195302844e-14,0,2.600645548912084e-10,2.547054756055258e-10,2.547054756055258e-10,0,3.525451352529241e-07,1.623976336859642e-06,1.623976336859642e-06,0,0,0
97,97,0,3.943879945011367e-05,4.183338756394981e-14,4.183338756394981e-14,0,2.370210408433999e-10,2.321731828177827e-10,2.321731828177827e-10,0,3.6172990097600965e-07,1.6603795567941264e-06,1.6603795567941264e-06,0,0,0
97,98,0,4.025997726817814e-05,4.4043750851058076e-14,4.4043750851058076e-14,0,1.571458533694349e-10,1.5403856088114824e-10,1.5403856088114824e-10,0,5.502259130166713e-07,2.3835089732961663e-06,2.3835089732961663e-06,0,0,0
97,99,0,2.243110925461774e-05,1.0214374689075087e-14,1.0214374689075087e-14,0,1.6613881404072503e-10,1.628383992566946e-10,1.628383992566946e-10,0,1.250537438104803e-07,6.646628602505702e-07,6.646628602505702e-07,0,0,0
97,100,0,2.841236384802821e-05,1.8437271213026315e-14,1.8437271213026315e-14,0,1.7530706434001458e-10,1.718089349071145e-10,1.718089349071145e-10,0,1.2440869921660912e-07,6.617066827573315e-07,6.617066827573315e-07,0,0,0
97,101,0,2.875616130091483e-05,1.899973628322708e-14,1.899973628322708e-14,0,3.770761407276011e-10,3.6907423829192577e-10,3.6907423829192577e-10,0,3.784794620222316e-07,1.726439890590474e-06,1.726439890590474e-06,0,0,0
97,102,0,3.3798383510743755e-05,2.8448152219680905e-14,2.8448152219680905e-14,0,3.69225606251513e-10,3.6140313803409406e-10,3.6140313803409406e-10,0,7.856491560616626e-07,3.240031848086494e-06,3.240031848086494e-06,0,0,0
97,103,0,3.529052945641502e-05,3.169067361887918e-14,3.169067361887918e-14,0,4.294659977572396e-10,4.202600065839546e-10,4.202600065839546e-10,0,8.417205284064833e-07,3.438391522319043e-06,3.438391522319043e-06,0,0,0
97,104,0,3.484095523471637e-05,3.0691600192938334e-14,3.0691600192938334e-14,0,5.375065990929124e-10,5.257854023451853e-10,5.257854023451853e-10,0,9.226835568183564e-07,3.7216363646079196e-06,3.7216363646079196e-06,0,0,0
97,105,0,3.6857476015990246e-05,3.5324150387348355e-14,3.5324150387348355e-14,0,3.77929738277582e-10,3.6990830939876567e-10,3.6990830939876567e-10,0,7.279340694399698e-07,3.03380245437056e-06,3.03380245437056e-06,0,0,0
97,106,0,3.2541802727080586e-05,2.5878735382307557e-14,2.5878735382307557e-14,0,3.094418361263382e-10,3.029763064844829e-10,3.029763064844829e-10,0,7.553463801965261e-07,3.132023995935292e-06,3.132023995935292e-06,0,0,0
97,107,0,2.6554145023297414e-05,1.5570541185676697e-14,1.5570541185676697e-14,0,2.76274368005449e-10,2.705536338702007e-10,2.705536338702007e-10,0,2.8229242950515276e-07,1.3408753138007539e-06,1.3408753138007539e-06,0,0,0
97,108,0,5.0959825619900434e-05,7.936321168675548e-14,7.936321168675548e-14,0,6.425773341695426e-10,6.28375431188886e-10,6.28375431188886e-10,0,1.2169702197669835e-06,4.724580520267121e-06,4.724580520267121e-06,0,0,0
97,109,0,3.071341444388693e-05,2.2397379781383406e-14,2.2397379781383406e-14,0,1.565910682629772e-10,1.5349566232783815e-10,1.5349566232783815e-10,0,7.290899771809729e-07,3.0379543958867264e-06,3.0379543958867264e-06,0,0,0
97,110,0,3.4120402916178535e-05,2.913019689014029e-14,2.913019689014029e-14,0,1.8678512501377308e-10,1.8303835718383867e-10,1.8303835718383867e-10,0,4.2634356671345337e-07,1.913062407711467e-06,1.913062407711467e-06,0,0,0
97,111,0,3.574453470200031e-05,3.2719135806389675e-14,3.2719135806389675e-14,0,2.7809305515045674e-10,2.7233164483116103e-10,2.7233164483116103e-10,0,8.988085711484169e-07,3.638481594309387e-06,3.638481594309387e-06,0,0,0
97,112,0,3.8627472782537215e-05,3.971623075376654e-14,3.971623075376654e-14,0,6.296694597363688e-10,6.157739380075408e-10,6.157739380075408e-10,0,1.23326449106702e-06,4.779055685273631e-06,4.779055685273631e-06,0,0,0
97,113,0,5.0031566233034665e-05,7.580037100052079e-14,7.580037100052079e-14,0,1.1520731758135105e-09,1.1255005928150212e-09,1.1255005928150212e-09,0,3.4879457888058593e-06,1.1709042048188518e-05,1.1709042048188518e-05,0,0,0
97,114,0,4.415096856892948e-05,5.5461499633069787e-14,5.5461499633069787e-14,0,1.1705588116814634e-09,1.1435291209993428e-09,1.1435291209993428e-09,0,2.7944502805043367e-06,9.67251290525492e-06,9.67251290525492e-06,0,0,0
97,115,0,4.449803654349572e-05,5.65572275386969e-14,5.65572275386969e-14,0,6.927987608843978e-10,6.774008113928472e-10,6.774008113928472e-10,0,1.1352097079513553e-06,4.449684029304741e-06,4.449684029304741e-06,0,0,0
97,116,0,4.865464288324785e-05,7.069514314506033e-14,7.069514314506033e-14,0,4.6020528893498957e-10,4.5028780944611585e-10,4.5028780944611585e-10,0,1.7555377813413089e-06,6.479250596717451e-06,6.479250596717451e-06,0,0,0
97,117,0,4.7655135720995976e-05,6.712222991260867e-14,6.712222991260867e-14,0,5.199405837114118e-10,5.086309773348064e-10,5.086309773348064e-10,0,1.7298428342469718e-06,6.39742622536731e-06,6.39742622536731e-06,0,0,0
97,118,0,7.009020115039811e-05,1.7599218861668536e-13,1.7599218861668536e-13,0,1.8383470113608489e-09,1.7945289835298756e-09,1.7945289835298756e-09,0,5.182355854296209e-06,1.6471701619067412e-05,1.6471701619067412e-05,0,0,0
97,119,0,4.9901700206623635e-05,7.530973074008284e-14,7.530973074008284e-14,0,6.07738916386567e-09,5.920565678352676e-09,5.920565678352676e-09,0,4.0345975464752936e-06,1.3274627022350386e-05,1.3274627022350386e-05,0,0,0
97,120,0,5.920260199030537e-05,1.1542684773525203e-13,1.1542684773525203e-13,0,7.0946202436101924e-09,6.909741833423084e-09,6.909741833423084e-09,0,3.432778015963069e-06,1.15492365558767e-05,1.15492365558767e-05,0,0,0
97,121,0,5.272964976102658e-05,8.643009119874957e-14,8.643009119874957e-14,0,4.346354914517019e-09,4.236597220565485e-09,4.236597220565485e-09,0,2.876011207608353e-06,9.9153623625951e-06,9.9153623625951e-06,0,0,0
97,122,0,4.807634061560864e-05,6.861435580159462e-14,6.861435580159462e-14,0,1.8296252027071437e-09,1.786029405829385e-09,1.786029405829385e-09,0,2.144879725551214e-06,7.700300718731225e-06,7.700300718731225e-06,0,0,0
97,123,0,8.538076399594249e-05,2.881579363314475e-13,2.881579363314475e-13,0,8.760631907217346e-09,8.52930062983452e-09,8.52930062983452e-09,0,6.670988494122324e-06,2.0476754454116157e-05,2.0476754454116157e-05,0,0,0
97,124,0,5.277667290426788e-05,8.662279868304476e-14,8.662279868304476e-14,0,4.156256923525247e-09,4.0516056835593375e-09,4.0516056835593375e-09,0,2.4223781612929605e-06,8.551689466859591e-06,8.551689466859591e-06,0,0,0
97,125,0,5.048049355005999e-05,7.751118674534628e-14,7.751118674534628e-14,0,2.0273048312409455e-09,1.9786559774957766e-09,1.9786559774957766e-09,0,1.0116413976573877e-06,4.028925238867564e-06,4.028925238867564e-06,0,0,0
97,126,0,5.7684870941759005e-05,1.0817476065794792e-13,1.0817476065794792e-13,0,4.497409253115837e-09,4.383584131819781e-09,4.383584131819781e-09,0,1.6626871542362555e-06,6.182771480894126e-06,6.182771480894126e-06,0,0,0
97,127,0,6.510387801295066e-05,1.4635676675514394e-13,1.4635676675514394e-13,0,7.2679761880902395e-09,7.078291767464363e-09,7.078291767464363e-09,0,2.0476305740653637e-06,7.3984094382381966e-06,7.3984094382381966e-06,0,0,0
97,128,0,0.00010376024493729375,4.69022118698118e-13,4.69022118698118e-13,0,2.064289754639932e-08,2.006874071257792e-08,2.006874071257792e-08,0,6.470431138217281e-06,1.994501877813505e-05,1.994501877813505e-05,0,0,0
97,129,0,7.610463322957544e-05,2.1618599957498355e-13,2.1618599957498355e-13,0,4.2335296773118865e-09,4.126804407002387e-09,4.126804407002387e-09,0,1.7090237631956138e-06,6.331005799662488e-06,6.331005799662488e-06,0,0,0
97,130,0,0.00010746555390208991,5.119986981783074e-13,5.119986981783074e-13,0,4.603114423747745e-09,4.486438013303208e-09,4.486438013303208e-09,0,2.9545216808912435e-06,1.0148232139297289e-05,1.0148232139297289e-05,0,0,0
97,131,0,6.948990715810966e-05,1.722502025144723e-13,1.722502025144723e-13,0,2.1296241629744412e-09,2.0783471714769806e-09,2.0783471714769806e-09,0,2.5949994357972735e-06,9.074443361139333e-06,9.074443361139333e-06,0,0,0
97,132,0,7.338847326626961e-05,1.974202031485668e-13,1.974202031485668e-13,0,1.5683496144386797e-09,1.5313777988470116e-09,1.5313777988470116e-09,0,1.3020124686074494e-06,5.007818643128421e-06,5.007818643128421e-06,0,0,0
97,133,0,9.142088682928055e-05,3.4182469719193557e-13,3.4182469719193557e-13,0,4.432872705184717e-09,4.320786390570472e-09,4.320786390570472e-09,0,1.609056848122478e-06,6.010489336569582e-06,6.010489336569582e-06,0,0,0
97,134,0,7.747241050953661e-05,2.2602510635679685e-13,2.2602510635679685e-13,0,3.3348130622579193e-09,3.2520540390082224e-09,3.2520540390082224e-09,0,1.9122639873182402e-06,6.974858169397614e-06,6.974858169397614e-06,0,0,0
97,135,0,0.00010718307939454039,5.086426099600482e-13,5.086426099600482e-13,0,4.689172407675342e-09,4.5701717214166e-09,4.5701717214166e-09,0,6.228148130923234e-06,1.9299606571762432e-05,1.9299606571762432e-05,0,0,0
97,136,0,0.0001055626663072006,4.896455351368419e-13,4.896455351368419e-13,0,9.32634113292811e-09,9.079112530572337e-09,9.079112530572337e-09,0,6.644567204351376e-06,2.040683158458448e-05,2.040683158458448e-05,0,0,0
97,137,0,0.00012412233744460836,7.339037725430805e-13,7.339037725430805e-13,0,1.2824917058470228e-08,1.2478232485696501e-08,1.2478232485696501e-08,0,3.94498522303762e-06,1.3020097433357495e-05,1.3020097433357495e-05,0,0,0
97,138,0,0.00011398083888484015,5.931188326279805e-13,5.931188326279805e-13,0,1.4057860595875558e-08,1.3675727169201978e-08,1.3675727169201978e-08,0,5.994291178530144e-06,1.8673344427763026e-05,1.8673344427763026e-05,0,0,0
97,139,0,0.00010212688452192706,4.5079100641772184e-13,4.5079100641772184e-13,0,1.0360568749655497e-08,1.0084133368433093e-08,1.0084133368433093e-08,0,4.2305510417841555e-06,1.3828512738311695e-05,1.3828512738311695e-05,0,0,0
97,140,0,0.00013213278537506457,8.580374674838581e-13,8.580374674838581e-13,0,2.3897075124364054e-08,2.322666563418498e-08,2.322666563418498e-08,0,8.834401278166124e-06,2.608590830553956e-05,2.608590830553956e-05,0,0,0
97,141,0,0.00012566756649590527,7.569468837851518e-13,7.569468837851518e-13,0,2.262398467170814e-08,2.199132326095101e-08,2.199132326095101e-08,0,1.3450488210968724e-05,3.74766604410684e-05,3.74766604410684e-05,0,0,0
97,142,0,0.00010609165005275842,4.957994658961314e-13,4.957994658961314e-13,0,4.923765573863108e-09,4.798415893867996e-09,4.798415893867996e-09,0,3.6200818025997253e-06,1.209039704078012e-05,1.209039704078012e-05,0,0,0
97,143,0,0.00017686631112570682,1.778033058400964e-12,1.778033058400964e-12,0,2.016806544789108e-08,1.960788592682412e-08,1.960788592682412e-08,0,1.3641812390490642e-05,3.793568845116406e-05,3.793568845116406e-05,0,0,0
97,144,0,0.00017733795796927418,1.7899049469745753e-12,1.7899049469745753e-12,0,6.800132687467972e-08,6.597700998008684e-08,6.597700998008684e-08,0,5.278206227946645e-05,0.00012176417663138532,0.00012176417663138532,0,0,0
97,145,0,0.000205086078423399,2.5739252084683057e-12,2.5739252084683057e-12,0,1.3892797010314578e-07,1.3462974863074067e-07,1.3462974863074067e-07,0,9.485060223017983e-05,0.0002017960993132117,0.0002017960993132117,0,0,0
97,146,0,0.00020228727721059952,2.487043271719037e-12,2.487043271719037e-12,0,2.402181393789156e-07,2.325710154362728e-07,2.325710154362728e-07,0,0.00010950206091189456,0.00022838993039663626,0.00022838993039663626,0,0,0
97,147,0,0.0002445611294286578,3.9961830391686484e-12,3.9961830391686484e-12,0,2.3070118826243184e-07,2.233722737816116e-07,2.233722737816116e-07,0,4.98810061978341e-05,0.00011597359933475809,0.00011597359933475809,0,0,0
97,148,0,0.0004260093336981402,1.599699484647109e-11,1.599699484647109e-11,0,2.594762538816835e-06,2.5020868443620577e-06,2.5020868443620577e-06,0,0.00045506167621488686,0.0007794883932568052,0.0007794883932568052,0,0,0
97,149,0,0.0003319000024999001,8.571936148363427e-12,8.571936148363427e-12,0,2.152539765757265e-06,2.076313623394445e-06,2.076313623394445e-06,0,0.0003747141284902489,0.0006593393688207398,0.0006593393688207398,0,0,0
97,150,0,0.00035269098473247537,9.977628031122557e-12,9.977628031122557e-12,0,1.3533927191362332e-06,1.30648935511061e-06,1.30648935511061e-06,0,0.0003184927102696308,0.0005731540187242239,0.0005731540187242239,0,0,0
97,151,0,0.0004072610226164922,1.4294976803887276e-11,1.4294976803887276e-11,0,1.5070654074536494e-06,1.4545721761668245e-06,1.4545721761668245e-06,0,0.0005426695588446579,0.0009071853577810303,0.0009071853577810303,0,0,0
97,152,0,0.0003566676471297438,1.0261179415398367e-11,1.0261179415398367e-11,0,1.2934008947688396e-06,1.2486722031451955e-06,1.2486722031451955e-06,0,0.00033521180763185785,0.0005989888138158749,0.0005989888138158749,0,0,0
97,153,0,0.0003876408709647736,1.263537178181184e-11,1.263537178181184e-11,0,6.42179770734955e-07,6.207051310470508e-07,6.207051310470508e-07,0,0.00028332066638348544,0.0005181753648654439,0.0005181753648654439,0,0,0
97,154,0,0.0005317486164578769,2.7843144312015723e-11,2.7843144312015723e-11,0,1.5410031490014123e-06,1.4872718942412647e-06,1.4872718942412647e-06,0,0.0003822232466476205,0.0006707092794670526,0.0006707092794670526,0,0,0
97,155,0,0.0005329235007530878,2.799717997158189e-11,2.799717997158189e-11,0,3.8445932948048524e-06,3.7048178923823564e-06,3.7048178923823564e-06,0,0.00037982786591540113,0.0006670857092731482,0.0006670857092731482,0,0,0
97,156,0,0.00056277436256119,3.2083567653225155e-11,3.2083567653225155e-11,0,3.660147655872341e-06,3.5273708125042835e-06,3.5273708125042835e-06,0,0.00036790818495969336,0.000649006887031612,0.000649006887031612,0,0,0
97,157,0,0.0007409233757550034,6.38092606699811e-11,6.38092606699811e-11,0,4.225266643476761e-06,4.071002349599279e-06,4.071002349599279e-06,0,0.0009010311744578179,0.001404167879143817,0.001404167879143817,0,0,0
97,158,0,0.001072445309049903,1.6087668968700494e-10,1.6087668968700494e-10,0,2.3483404497314176e-05,2.2560609303994077e-05,2.2560609303994077e-05,0,0.004152027797791835,0.005234684449456414,0.005234684449456414,0,0,0
97,159,0,0.0010470223005573265,1.5150745850188043e-10,1.5150745850188043e-10,0,2.3826101430524185e-05,2.2889280112869962e-05,2.2889280112869962e-05,0,0.00338691847798439,0.004392647658130192,0.004392647658130192,0,0,0
97,160,0,0.0029909305978409397,2.0962783243830813e-09,2.0962783243830813e-09,0,0.00048169729922972396,0.00046042312845542024,0.00046042312845542024,0,0.022317964515230725,0.0222761484548903,0.0222761484548903,0,0,0
97,161,0,0.0022011679696019495,9.725648165500031e-10,9.725648165500031e-10,0,0.0004021425143658756,0.0003844977118445073,0.0003844977118445073,0,0.03888370215747459,0.035969853419573226,0.035969853419573226,0,0,0
97,162,0,0.0032483184352229914,2.578117820501273e-09,2.578117820501273e-09,0,0.00037440804622583887,0.00035802291119861677,0.00035802291119861677,0,0.04594787314768039,0.04155893350479873,0.04155893350479873,0,0,0
97,163,0,0.004064290664166471,4.522224130368616e-09,4.522224130368616e-09,0,0.0012524842088735128,0.0011952796180014769,0.0011952796180014769,0,0.09113139879516206,0.07543041357582038,0.07543041357582038,0,0,0
97,164,0,0.004718976321318391,6.578396949637964e-09,6.578396949637964e-09,0,0.0008727290935857494,0.0008333628576841598,0.0008333628576841598,0,0.05319434597463352,0.04718269445001225,0.04718269445001225,0,0,0
97,165,0,0.003991071804172413,4.320627442371486e-09,4.320627442371486e-09,0,0.00042856712052189935,0.0004097193307416236,0.0004097193307416236,0,0.03948546577155034,0.0364506573884177,0.0364506573884177,0,0,0
97,166,0,0.0034656499791933166,3.0325635878717943e-09,3.0325635878717943e-09,0,0.00027411697859443593,0.00026225774921832384,0.00026225774921832384,0,0.01973594207476422,0.020036472371756358,0.020036472371756358,0,0,0
97,167,0,0.0034850073657501993,3.0752091173893944e-09,3.0752091173893944e-09,0,0.00013313065377637336,0.00012752562479935163,0.00012752562479935163,0,0.014577230769139724,0.015433832826980761,0.015433832826980761,0,0,0
97,168,0,0.004265581339174557,5.1053051691038294e-09,5.1053051691038294e-09,0,0.00024783816266202237,0.00023715592782362095,0.00023715592782362095,0,0.029636944773702278,0.028449585394152432,0.028449585394152432,0,0,0
97,169,0,0.003750705589337246,3.6973150899014146e-09,3.6973150899014146e-09,0,0.0002554474356290754,0.0002444248275374259,0.0002444248275374259,0,0.027337539602366682,0.02653463483269573,0.02653463483269573,0,0,0
97,170,0,0.005772445903144714,1.0912147998875242e-08,1.0912147998875242e-08,0,0.00027841088958160075,0.00026635894988020885,0.00026635894988020885,0,0.04445018296259874,0.04038354476296238,0.04038354476296238,0,0,0
97,171,0,0.005125242885047049,8.09417698903871e-09,8.09417698903871e-09,0,0.0003785200826020101,0.0003619483828736762,0.0003619483828736762,0,0.06541248670073878,0.056466565363986594,0.056466565363986594,0,0,0
97,172,0,0.006992827658404879,1.7674327988098306e-08,1.7674327988098306e-08,0,0.0011243692034299737,0.0010732052551971362,0.0010732052551971362,1,0.09071025759024764,0.07512469552473533,0.07512469552473533,0,0,0
97,173,0,0.009058405366509353,3.391727412519013e-08,3.391727412519013e-08,0,0.0012664393528404874,0.0012085755483009785,0.0012085755483009785,1,0.24057954234462983,0.1802672606214101,0.1802672606214101,0,0,1
97,174,0,0.01121480234722909,5.814159643144387e-08,5.814159643144387e-08,0,0.0014054603326588342,0.001341017307466193,0.001341017307466193,1,0.3297304311198908,0.24320384241417403,0.24320384241417403,0,0,1
97,175,0,0.013661527499522744,9.578732446221179e-08,9.578732446221179e-08,0,0.003023239110362703,0.0028811063675879198,0.0028811063675879198,1,0.45931292019334163,0.33977090789039915,0.33977090789039915,0,0,1
97,176,0,0.024979395748159664,4.45266951677686e-07,4.45266951677686e-07,0,0.027597077270230832,0.0262335222004168,0.0262335222004168,1,0.8811590909658722,0.7690845683574342,0.7690845683574342,0,0,1
97,177,0,0.033648600445973446,9.584465344382187e-07,9.584465344382187e-07,0,0.07593745825277734,0.07224276200007633,0.07224276200007633,1,0.8710030118703593,0.7544473942982514,0.7544473942982514,0,0,1
97,178,0,0.0564041085817894,3.6976482107784023e-06,3.6976482107784023e-06,0,0.3026448526185412,0.29081831856601437,0.29081831856601437,1,0.9821738427590572,0.9494017828331635,0.9494017828331635,0,1,1
97,179,0,0.06443947219248493,5.268846300058114e-06,5.268846300058114e-06,0,0.46499819688746735,0.45063943248315125,0.45063943248315125,1,0.9932390415803916,0.9776261244062336,0.9776261244062336,0,1,1
97,180,0,0.12123583346801926,2.9882833003332402e-05,2.9882833003332402e-05,0,0.8279225960922004,0.8190960298675175,0.8190960298675175,1,0.9987855876788432,0.9948413926363023,0.9948413926363023,0,1,1
97,181,0,0.09097629420811226,1.3400976246141842e-05,1.3400976246141842e-05,0,0.5958740847048012,0.5816522065266031,0.5816522065266031,1,0.9985410105044119,0.9939615547964218,0.9939615547964218,0,1,1
97,182,0,0.0909798327315757,1.3402408858368705e-05,1.3402408858368705e-05,1,0.5660418935618445,0.5516114518884123,0.5516114518884123,1,0.9956098070184131,0.984502692045714,0.984502692045714,0,1,1
97,183,0,0.11971849582300234,2.8832655169865308e-05,2.8832655169865308e-05,1,0.7746372456037554,0.7639594427476613,0.7639594427476613,1,0.9987075386219519,0.9945580450734288,0.9945580450734288,0,1,1
97,184,0,0.20234464633884477,0.00013685141208958404,0.00013685141208958404,1,0.977064091047853,0.9755751414289615,0.9755751414289615,1,0.9998525530261299,0.9991591836331416,0.9991591836331416,0,1,1
97,185,0,0.2719585946665085,0.00035979984618107584,0.00035979984618107584,1,0.9894518900846242,0.988743051435985,0.988743051435985,1,0.999966193872287,0.9997636345099352,0.9997636345099352,0,1,1
97,186,0,0.3129775999461437,0.0005906263176577141,0.0005906263176577141,1,0.9921511467963297,0.9916179782655002,0.9916179782655002,1,0.9999764847426726,0.9998271277402871,0.9998271277402871,0,1,1
97,187,0,0.4292563729058071,0.0020637609361359227,0.0020637609361359227,1,0.9976268979996256,0.9974596076413527,0.9974596076413527,1,0.9999936504972358,0.9999440684247716,0.9999440684247716,0,1,1
97,188,0,0.49185730442146536,0.0038693952736749914,0.0038693952736749914,1,0.9991981556815476,0.9991399596803519,0.9991399596803519,1,0.9999974751330657,0.9999747385973343,0.9999747385973343,0,1,1
97,189,0,0.5918197170887373,0.010547577396888191,0.010547577396888191,1,0.9994853672416432,0.9994475913511054,0.9994475913511054,1,0.9999987415606927,0.9999861387207533,0.9999861387207533,0,1,1
97,190,0,0.7096605920916985,0.037815838480334645,0.037815838480334645,1,0.9999301403159159,0.999924756591437,0.999924756591437,1,0.9999998138824002,0.9999973309803617,0.9999973309803617,0,1,1
97,191,0,0.8419864849375727,0.2159630794581314,0.2159630794581314,1,0.999994290787929,0.9999938247191369,0.9999938247191369,1,0.9999999776735812,0.9999995709328616,0.9999995709328616,1,1,1
97,192,1,0.912127601593997,0.5930572300746584,0.5930572300746584,1,0.9999992681482197,0.9999992056529907,0.9999992056529907,1,0.9999999956934561,0.999999896127839,0.999999896127839,1,1,1
97,193,1,0.9314056643308636,0.7403269203407017,0.7403269203407017,1,0.9999995393545995,0.9999994996275763,0.9999994996275763,1,0.999999994701489,0.999999875807306,0.999999875807306,1,1,1
97,194,1,0.9521419637884138,0.881010742718855,0.881010742718855,1,0.9999998306580788,0.999999815742594,0.999999815742594,1,0.9999999977295326,0.9999999401773407,0.9999999401773407,1,1,1
97,195,1,0.9777942484893023,0.9817819412827525,0.9817819412827525,1,0.9999999660054972,0.9999999629108688,0.9999999629108688,1,0.9999999998624718,0.9999999946635688,0.9999999946635688,1,1,1
97,196,1,0.9755518356325158,0.9768166136716737,0.9768166136716737,1,0.9999999616110028,0.9999999581249259,0.9999999581249259,1,0.9999999998865217,0.9999999954783572,0.9999999954783572,1,1,1
97,197,1,0.9894736532922898,0.9972174752977423,0.9972174752977423,1,0.9999999919783716,0.9999999912267713,0.9999999912267713,1,0.9999999999683538,0.9999999984959285,0.9999999984959285,1,1,1
97,198,1,0.9966586045594685,0.9998441708725463,0.9998441708725463,1,0.9999999998256341,0.9999999998080598,0.9999999998080598,1,0.9999999999990619,0.9999999999275244,0.9999999999275244,1,1,1
97,199,1,0.9984544075608864,0.9999773950687426,0.9999773950687426,1,0.9999999999698226,0.9999999999666824,0.9999999999666824,1,0.9999999999998113,0.9999999999818001,0.9999999999818001,1,1,1
97,200,1,0.998887226413884,0.999990063239974,0.999990063239974,1,0.9999999999899276,0.9999999999888589,0.9999999999888589,1,0.9999999999999376,0.999999999992996,0.999999999992996,1,1,1
97,201,1,0.9994993829166612,0.9999986514025903,0.9999986514025903,1,0.9999999999982538,0.9999999999980629,0.9999999999980629,1,0.9999999999999958,0.9999999999993214,0.9999999999993214,1,1,1
97,202,1,0.9996624466166437,0.9999994964185244,0.9999994964185244,1,0.9999999999994895,0.9999999999994325,0.9999999999994325,1,0.999999999999998,0.9999999999996332,0.9999999999996332,1,1,1
